as_of_date,security_id,issuer_id,ticker,stock_code,stock_name,exchange,country,universe,native_taxonomy_label,taxonomy_source,taxonomy_version,icb_proxy_level1,icb_proxy_level3,mapping_version,mapping_method,confidence_score,confidence_band,mapping_effective_date,source_url,source_ts,run_id,effective_from,effective_to,is_current
2026-01-31,JP:1332:TYO,JP:1332,1332:TYO,1332,Nissui Corp,TSE,jp,topix500,Food Producers,ft_icb_native,2026-01-31,Consumer Staples,Food Producers,ft_native_v2,ft_index_membership_filtered,0.95,high,2026-01-31,https://markets.ft.com/data/equities/tearsheet/summary?s=1332:TYO,2026-01-31T00:00:00+00:00,ft-jp-2026-01-31,2026-01-31,,True
2026-01-31,JP:1333:TYO,JP:1333,1333:TYO,1333,Maruha Nichiro Corp,TSE,jp,topix500,Food Producers,ft_icb_native,2026-01-31,Consumer Staples,Food Producers,ft_native_v2,ft_index_membership_filtered,0.95,high,2026-01-31,https://markets.ft.com/data/equities/tearsheet/summary?s=1333:TYO,2026-01-31T00:00:00+00:00,ft-jp-2026-01-31,2026-01-31,,True
2026-01-31,JP:1414:TYO,JP:1414,1414:TYO,1414,Sho-Bond Holdings Co Ltd,TSE,jp,topix500,Construction and Materials,ft_icb_native,2026-01-31,Industrials,Construction and Materials,ft_native_v2,ft_index_membership_filtered,0.95,high,2026-01-31,https://markets.ft.com/data/equities/tearsheet/summary?s=1414:TYO,2026-01-31T00:00:00+00:00,ft-jp-2026-01-31,2026-01-31,,True
2026-01-31,JP:1417:TYO,JP:1417,1417:TYO,1417,Mirait One Corp,TSE,jp,topix500,Construction and Materials,ft_icb_native,2026-01-31,Industrials,Construction and Materials,ft_native_v2,ft_index_membership_filtered,0.95,high,2026-01-31,https://markets.ft.com/data/equities/tearsheet/summary?s=1417:TYO,2026-01-31T00:00:00+00:00,ft-jp-2026-01-31,2026-01-31,,True
2026-01-31,JP:1605:TYO,JP:1605,1605:TYO,1605,Inpex Corp,TSE,jp,topix500,"Oil, Gas and Coal",ft_icb_native,2026-01-31,Energy,"Oil, Gas and Coal",ft_native_v2,ft_index_membership_filtered,0.95,high,2026-01-31,https://markets.ft.com/data/equities/tearsheet/summary?s=1605:TYO,2026-01-31T00:00:00+00:00,ft-jp-2026-01-31,2026-01-31,,True
2026-01-31,JP:1719:TYO,JP:1719,1719:TYO,1719,Hazama Ando Corp,TSE,jp,topix500,Construction and Materials,ft_icb_native,2026-01-31,Industrials,Construction and Materials,ft_native_v2,ft_index_membership_filtered,0.95,high,2026-01-31,https://markets.ft.com/data/equities/tearsheet/summary?s=1719:TYO,2026-01-31T00:00:00+00:00,ft-jp-2026-01-31,2026-01-31,,True
2026-01-31,JP:1721:TYO,JP:1721,1721:TYO,1721,Comsys Holdings Corp,TSE,jp,topix500,Construction and Materials,ft_icb_native,2026-01-31,Industrials,Construction and Materials,ft_native_v2,ft_index_membership_filtered,0.95,high,2026-01-31,https://markets.ft.com/data/equities/tearsheet/summary?s=1721:TYO,2026-01-31T00:00:00+00:00,ft-jp-2026-01-31,2026-01-31,,True
2026-01-31,JP:1801:TYO,JP:1801,1801:TYO,1801,Taisei Corp,TSE,jp,topix500,Construction and Materials,ft_icb_native,2026-01-31,Industrials,Construction and Materials,ft_native_v2,ft_index_membership_filtered,0.95,high,2026-01-31,https://markets.ft.com/data/equities/tearsheet/summary?s=1801:TYO,2026-01-31T00:00:00+00:00,ft-jp-2026-01-31,2026-01-31,,True
2026-01-31,JP:1802:TYO,JP:1802,1802:TYO,1802,Obayashi Corp,TSE,jp,topix500,Construction and Materials,ft_icb_native,2026-01-31,Industrials,Construction and Materials,ft_native_v2,ft_index_membership_filtered,0.95,high,2026-01-31,https://markets.ft.com/data/equities/tearsheet/summary?s=1802:TYO,2026-01-31T00:00:00+00:00,ft-jp-2026-01-31,2026-01-31,,True
2026-01-31,JP:1803:TYO,JP:1803,1803:TYO,1803,Shimizu Corp,TSE,jp,topix500,Construction and Materials,ft_icb_native,2026-01-31,Industrials,Construction and Materials,ft_native_v2,ft_index_membership_filtered,0.95,high,2026-01-31,https://markets.ft.com/data/equities/tearsheet/summary?s=1803:TYO,2026-01-31T00:00:00+00:00,ft-jp-2026-01-31,2026-01-31,,True
2026-01-31,JP:1808:TYO,JP:1808,1808:TYO,1808,Haseko Corp,TSE,jp,topix500,Household Goods and Home Construction,ft_icb_native,2026-01-31,Consumer Discretionary,Household Goods and Home Construction,ft_native_v2,ft_index_membership_filtered,0.95,high,2026-01-31,https://markets.ft.com/data/equities/tearsheet/summary?s=1808:TYO,2026-01-31T00:00:00+00:00,ft-jp-2026-01-31,2026-01-31,,True
2026-01-31,JP:1812:TYO,JP:1812,1812:TYO,1812,Kajima Corp,TSE,jp,topix500,Construction and Materials,ft_icb_native,2026-01-31,Industrials,Construction and Materials,ft_native_v2,ft_index_membership_filtered,0.95,high,2026-01-31,https://markets.ft.com/data/equities/tearsheet/summary?s=1812:TYO,2026-01-31T00:00:00+00:00,ft-jp-2026-01-31,2026-01-31,,True
2026-01-31,JP:1820:TYO,JP:1820,1820:TYO,1820,Nishimatsu Construction Co Ltd,TSE,jp,topix500,Construction and Materials,ft_icb_native,2026-01-31,Industrials,Construction and Materials,ft_native_v2,ft_index_membership_filtered,0.95,high,2026-01-31,https://markets.ft.com/data/equities/tearsheet/summary?s=1820:TYO,2026-01-31T00:00:00+00:00,ft-jp-2026-01-31,2026-01-31,,True
2026-01-31,JP:1860:TYO,JP:1860,1860:TYO,1860,Toda Corp,TSE,jp,topix500,Construction and Materials,ft_icb_native,2026-01-31,Industrials,Construction and Materials,ft_native_v2,ft_index_membership_filtered,0.95,high,2026-01-31,https://markets.ft.com/data/equities/tearsheet/summary?s=1860:TYO,2026-01-31T00:00:00+00:00,ft-jp-2026-01-31,2026-01-31,,True
2026-01-31,JP:1878:TYO,JP:1878,1878:TYO,1878,Daito Trust Construction Co Ltd,TSE,jp,topix500,Real Estate Investment and Services,ft_icb_native,2026-01-31,Real Estate,Real Estate Investment and Services,ft_native_v2,ft_index_membership_filtered,0.95,high,2026-01-31,https://markets.ft.com/data/equities/tearsheet/summary?s=1878:TYO,2026-01-31T00:00:00+00:00,ft-jp-2026-01-31,2026-01-31,,True
2026-01-31,JP:1893:TYO,JP:1893,1893:TYO,1893,Penta-Ocean Construction Co Ltd,TSE,jp,topix500,Construction and Materials,ft_icb_native,2026-01-31,Industrials,Construction and Materials,ft_native_v2,ft_index_membership_filtered,0.95,high,2026-01-31,https://markets.ft.com/data/equities/tearsheet/summary?s=1893:TYO,2026-01-31T00:00:00+00:00,ft-jp-2026-01-31,2026-01-31,,True
2026-01-31,JP:1911:TYO,JP:1911,1911:TYO,1911,Sumitomo Forestry Co Ltd,TSE,jp,topix500,Household Goods and Home Construction,ft_icb_native,2026-01-31,Consumer Discretionary,Household Goods and Home Construction,ft_native_v2,ft_index_membership_filtered,0.95,high,2026-01-31,https://markets.ft.com/data/equities/tearsheet/summary?s=1911:TYO,2026-01-31T00:00:00+00:00,ft-jp-2026-01-31,2026-01-31,,True
2026-01-31,JP:1925:TYO,JP:1925,1925:TYO,1925,Daiwa House Industry Co Ltd,TSE,jp,topix500,Household Goods and Home Construction,ft_icb_native,2026-01-31,Consumer Discretionary,Household Goods and Home Construction,ft_native_v2,ft_index_membership_filtered,0.95,high,2026-01-31,https://markets.ft.com/data/equities/tearsheet/summary?s=1925:TYO,2026-01-31T00:00:00+00:00,ft-jp-2026-01-31,2026-01-31,,True
2026-01-31,JP:1928:TYO,JP:1928,1928:TYO,1928,Sekisui House Ltd,TSE,jp,topix500,Household Goods and Home Construction,ft_icb_native,2026-01-31,Consumer Discretionary,Household Goods and Home Construction,ft_native_v2,ft_index_membership_filtered,0.95,high,2026-01-31,https://markets.ft.com/data/equities/tearsheet/summary?s=1928:TYO,2026-01-31T00:00:00+00:00,ft-jp-2026-01-31,2026-01-31,,True
2026-01-31,JP:1942:TYO,JP:1942,1942:TYO,1942,Kandenko Co Ltd,TSE,jp,topix500,Construction and Materials,ft_icb_native,2026-01-31,Industrials,Construction and Materials,ft_native_v2,ft_index_membership_filtered,0.95,high,2026-01-31,https://markets.ft.com/data/equities/tearsheet/summary?s=1942:TYO,2026-01-31T00:00:00+00:00,ft-jp-2026-01-31,2026-01-31,,True
2026-01-31,JP:1944:TYO,JP:1944,1944:TYO,1944,Kinden Corp,TSE,jp,topix500,Construction and Materials,ft_icb_native,2026-01-31,Industrials,Construction and Materials,ft_native_v2,ft_index_membership_filtered,0.95,high,2026-01-31,https://markets.ft.com/data/equities/tearsheet/summary?s=1944:TYO,2026-01-31T00:00:00+00:00,ft-jp-2026-01-31,2026-01-31,,True
2026-01-31,JP:1951:TYO,JP:1951,1951:TYO,1951,EXEO Group Inc,TSE,jp,topix500,Construction and Materials,ft_icb_native,2026-01-31,Industrials,Construction and Materials,ft_native_v2,ft_index_membership_filtered,0.95,high,2026-01-31,https://markets.ft.com/data/equities/tearsheet/summary?s=1951:TYO,2026-01-31T00:00:00+00:00,ft-jp-2026-01-31,2026-01-31,,True
2026-01-31,JP:1959:TYO,JP:1959,1959:TYO,1959,Kraftia Corp,TSE,jp,topix500,Construction and Materials,ft_icb_native,2026-01-31,Industrials,Construction and Materials,ft_native_v2,ft_index_membership_filtered,0.95,high,2026-01-31,https://markets.ft.com/data/equities/tearsheet/summary?s=1959:TYO,2026-01-31T00:00:00+00:00,ft-jp-2026-01-31,2026-01-31,,True
2026-01-31,JP:1963:TYO,JP:1963,1963:TYO,1963,JGC Holdings Corp,TSE,jp,topix500,Construction and Materials,ft_icb_native,2026-01-31,Industrials,Construction and Materials,ft_native_v2,ft_index_membership_filtered,0.95,high,2026-01-31,https://markets.ft.com/data/equities/tearsheet/summary?s=1963:TYO,2026-01-31T00:00:00+00:00,ft-jp-2026-01-31,2026-01-31,,True
2026-01-31,JP:1969:TYO,JP:1969,1969:TYO,1969,Takasago Thermal Engineering Co Ltd,TSE,jp,topix500,Construction and Materials,ft_icb_native,2026-01-31,Industrials,Construction and Materials,ft_native_v2,ft_index_membership_filtered,0.95,high,2026-01-31,https://markets.ft.com/data/equities/tearsheet/summary?s=1969:TYO,2026-01-31T00:00:00+00:00,ft-jp-2026-01-31,2026-01-31,,True
2026-01-31,JP:2002:TYO,JP:2002,2002:TYO,2002,Nisshin Seifun Group Inc,TSE,jp,topix500,Food Producers,ft_icb_native,2026-01-31,Consumer Staples,Food Producers,ft_native_v2,ft_index_membership_filtered,0.95,high,2026-01-31,https://markets.ft.com/data/equities/tearsheet/summary?s=2002:TYO,2026-01-31T00:00:00+00:00,ft-jp-2026-01-31,2026-01-31,,True
2026-01-31,JP:2127:TYO,JP:2127,2127:TYO,2127,Nihon M&A Center Holdings Inc,TSE,jp,topix500,Investment Banking and Brokerage Services,ft_icb_native,2026-01-31,Financials,Investment Banking and Brokerage Services,ft_native_v2,ft_index_membership_filtered,0.95,high,2026-01-31,https://markets.ft.com/data/equities/tearsheet/summary?s=2127:TYO,2026-01-31T00:00:00+00:00,ft-jp-2026-01-31,2026-01-31,,True
2026-01-31,JP:2181:TYO,JP:2181,2181:TYO,2181,Persol Holdings Co Ltd,TSE,jp,topix500,Industrial Support Services,ft_icb_native,2026-01-31,Industrials,Industrial Support Services,ft_native_v2,ft_index_membership_filtered,0.95,high,2026-01-31,https://markets.ft.com/data/equities/tearsheet/summary?s=2181:TYO,2026-01-31T00:00:00+00:00,ft-jp-2026-01-31,2026-01-31,,True
2026-01-31,JP:2201:TYO,JP:2201,2201:TYO,2201,Morinaga & Co Ltd,TSE,jp,topix500,Food Producers,ft_icb_native,2026-01-31,Consumer Staples,Food Producers,ft_native_v2,ft_index_membership_filtered,0.95,high,2026-01-31,https://markets.ft.com/data/equities/tearsheet/summary?s=2201:TYO,2026-01-31T00:00:00+00:00,ft-jp-2026-01-31,2026-01-31,,True
2026-01-31,JP:2206:TYO,JP:2206,2206:TYO,2206,Ezaki Glico Co Ltd,TSE,jp,topix500,Food Producers,ft_icb_native,2026-01-31,Consumer Staples,Food Producers,ft_native_v2,ft_index_membership_filtered,0.95,high,2026-01-31,https://markets.ft.com/data/equities/tearsheet/summary?s=2206:TYO,2026-01-31T00:00:00+00:00,ft-jp-2026-01-31,2026-01-31,,True
2026-01-31,JP:2212:TYO,JP:2212,2212:TYO,2212,Yamazaki Baking Co Ltd,TSE,jp,topix500,Food Producers,ft_icb_native,2026-01-31,Consumer Staples,Food Producers,ft_native_v2,ft_index_membership_filtered,0.95,high,2026-01-31,https://markets.ft.com/data/equities/tearsheet/summary?s=2212:TYO,2026-01-31T00:00:00+00:00,ft-jp-2026-01-31,2026-01-31,,True
2026-01-31,JP:2222:TYO,JP:2222,2222:TYO,2222,Kotobuki Spirits Co Ltd,TSE,jp,topix500,Food Producers,ft_icb_native,2026-01-31,Consumer Staples,Food Producers,ft_native_v2,ft_index_membership_filtered,0.95,high,2026-01-31,https://markets.ft.com/data/equities/tearsheet/summary?s=2222:TYO,2026-01-31T00:00:00+00:00,ft-jp-2026-01-31,2026-01-31,,True
2026-01-31,JP:2229:TYO,JP:2229,2229:TYO,2229,Calbee Inc,TSE,jp,topix500,Food Producers,ft_icb_native,2026-01-31,Consumer Staples,Food Producers,ft_native_v2,ft_index_membership_filtered,0.95,high,2026-01-31,https://markets.ft.com/data/equities/tearsheet/summary?s=2229:TYO,2026-01-31T00:00:00+00:00,ft-jp-2026-01-31,2026-01-31,,True
2026-01-31,JP:2264:TYO,JP:2264,2264:TYO,2264,Morinaga Milk Industry Co Ltd,TSE,jp,topix500,Food Producers,ft_icb_native,2026-01-31,Consumer Staples,Food Producers,ft_native_v2,ft_index_membership_filtered,0.95,high,2026-01-31,https://markets.ft.com/data/equities/tearsheet/summary?s=2264:TYO,2026-01-31T00:00:00+00:00,ft-jp-2026-01-31,2026-01-31,,True
2026-01-31,JP:2267:TYO,JP:2267,2267:TYO,2267,Yakult Honsha Co Ltd,TSE,jp,topix500,Food Producers,ft_icb_native,2026-01-31,Consumer Staples,Food Producers,ft_native_v2,ft_index_membership_filtered,0.95,high,2026-01-31,https://markets.ft.com/data/equities/tearsheet/summary?s=2267:TYO,2026-01-31T00:00:00+00:00,ft-jp-2026-01-31,2026-01-31,,True
2026-01-31,JP:2269:TYO,JP:2269,2269:TYO,2269,Meiji Holdings Co Ltd,TSE,jp,topix500,Food Producers,ft_icb_native,2026-01-31,Consumer Staples,Food Producers,ft_native_v2,ft_index_membership_filtered,0.95,high,2026-01-31,https://markets.ft.com/data/equities/tearsheet/summary?s=2269:TYO,2026-01-31T00:00:00+00:00,ft-jp-2026-01-31,2026-01-31,,True
2026-01-31,JP:2282:TYO,JP:2282,2282:TYO,2282,NH Foods Ltd,TSE,jp,topix500,Food Producers,ft_icb_native,2026-01-31,Consumer Staples,Food Producers,ft_native_v2,ft_index_membership_filtered,0.95,high,2026-01-31,https://markets.ft.com/data/equities/tearsheet/summary?s=2282:TYO,2026-01-31T00:00:00+00:00,ft-jp-2026-01-31,2026-01-31,,True
2026-01-31,JP:2327:TYO,JP:2327,2327:TYO,2327,NS Solutions Corp,TSE,jp,topix500,Technology,ft_icb_native,2026-01-31,Technology,Technology,ft_native_v2,ft_index_membership_filtered,0.95,high,2026-01-31,https://markets.ft.com/data/equities/tearsheet/summary?s=2327:TYO,2026-01-31T00:00:00+00:00,ft-jp-2026-01-31,2026-01-31,,True
2026-01-31,JP:2331:TYO,JP:2331,2331:TYO,2331,ALSOK Co Ltd,TSE,jp,topix500,Industrial Support Services,ft_icb_native,2026-01-31,Industrials,Industrial Support Services,ft_native_v2,ft_index_membership_filtered,0.95,high,2026-01-31,https://markets.ft.com/data/equities/tearsheet/summary?s=2331:TYO,2026-01-31T00:00:00+00:00,ft-jp-2026-01-31,2026-01-31,,True
2026-01-31,JP:2371:TYO,JP:2371,2371:TYO,2371,Kakaku.com Inc,TSE,jp,topix500,Technology,ft_icb_native,2026-01-31,Technology,Technology,ft_native_v2,ft_index_membership_filtered,0.95,high,2026-01-31,https://markets.ft.com/data/equities/tearsheet/summary?s=2371:TYO,2026-01-31T00:00:00+00:00,ft-jp-2026-01-31,2026-01-31,,True
2026-01-31,JP:2413:TYO,JP:2413,2413:TYO,2413,M3 Inc,TSE,jp,topix500,Health Care Providers,ft_icb_native,2026-01-31,Health Care,Health Care Providers,ft_native_v2,ft_index_membership_filtered,0.95,high,2026-01-31,https://markets.ft.com/data/equities/tearsheet/summary?s=2413:TYO,2026-01-31T00:00:00+00:00,ft-jp-2026-01-31,2026-01-31,,True
2026-01-31,JP:2432:TYO,JP:2432,2432:TYO,2432,DeNA Co Ltd,TSE,jp,topix500,Leisure Goods,ft_icb_native,2026-01-31,Consumer Discretionary,Leisure Goods,ft_native_v2,ft_index_membership_filtered,0.95,high,2026-01-31,https://markets.ft.com/data/equities/tearsheet/summary?s=2432:TYO,2026-01-31T00:00:00+00:00,ft-jp-2026-01-31,2026-01-31,,True
2026-01-31,JP:2433:TYO,JP:2433,2433:TYO,2433,Hakuhodo DY Holdings Inc,TSE,jp,topix500,Media,ft_icb_native,2026-01-31,Consumer Discretionary,Media,ft_native_v2,ft_index_membership_filtered,0.95,high,2026-01-31,https://markets.ft.com/data/equities/tearsheet/summary?s=2433:TYO,2026-01-31T00:00:00+00:00,ft-jp-2026-01-31,2026-01-31,,True
2026-01-31,JP:2501:TYO,JP:2501,2501:TYO,2501,Sapporo Holdings Ltd,TSE,jp,topix500,Beverages,ft_icb_native,2026-01-31,Consumer Staples,Beverages,ft_native_v2,ft_index_membership_filtered,0.95,high,2026-01-31,https://markets.ft.com/data/equities/tearsheet/summary?s=2501:TYO,2026-01-31T00:00:00+00:00,ft-jp-2026-01-31,2026-01-31,,True
2026-01-31,JP:2502:TYO,JP:2502,2502:TYO,2502,Asahi Group Holdings Ltd,TSE,jp,topix500,Beverages,ft_icb_native,2026-01-31,Consumer Staples,Beverages,ft_native_v2,ft_index_membership_filtered,0.95,high,2026-01-31,https://markets.ft.com/data/equities/tearsheet/summary?s=2502:TYO,2026-01-31T00:00:00+00:00,ft-jp-2026-01-31,2026-01-31,,True
2026-01-31,JP:2503:TYO,JP:2503,2503:TYO,2503,Kirin Holdings Co Ltd,TSE,jp,topix500,Beverages,ft_icb_native,2026-01-31,Consumer Staples,Beverages,ft_native_v2,ft_index_membership_filtered,0.95,high,2026-01-31,https://markets.ft.com/data/equities/tearsheet/summary?s=2503:TYO,2026-01-31T00:00:00+00:00,ft-jp-2026-01-31,2026-01-31,,True
2026-01-31,JP:2531:TYO,JP:2531,2531:TYO,2531,Takara Holdings Inc,TSE,jp,topix500,Beverages,ft_icb_native,2026-01-31,Consumer Staples,Beverages,ft_native_v2,ft_index_membership_filtered,0.95,high,2026-01-31,https://markets.ft.com/data/equities/tearsheet/summary?s=2531:TYO,2026-01-31T00:00:00+00:00,ft-jp-2026-01-31,2026-01-31,,True
2026-01-31,JP:2579:TYO,JP:2579,2579:TYO,2579,Coca-Cola Bottlers Japan Holdings Inc,TSE,jp,topix500,Beverages,ft_icb_native,2026-01-31,Consumer Staples,Beverages,ft_native_v2,ft_index_membership_filtered,0.95,high,2026-01-31,https://markets.ft.com/data/equities/tearsheet/summary?s=2579:TYO,2026-01-31T00:00:00+00:00,ft-jp-2026-01-31,2026-01-31,,True
2026-01-31,JP:2587:TYO,JP:2587,2587:TYO,2587,Suntory Beverage & Food Ltd,TSE,jp,topix500,Beverages,ft_icb_native,2026-01-31,Consumer Staples,Beverages,ft_native_v2,ft_index_membership_filtered,0.95,high,2026-01-31,https://markets.ft.com/data/equities/tearsheet/summary?s=2587:TYO,2026-01-31T00:00:00+00:00,ft-jp-2026-01-31,2026-01-31,,True
2026-01-31,JP:2593:TYO,JP:2593,2593:TYO,2593,Ito En Ltd,TSE,jp,topix500,Beverages,ft_icb_native,2026-01-31,Consumer Staples,Beverages,ft_native_v2,ft_index_membership_filtered,0.95,high,2026-01-31,https://markets.ft.com/data/equities/tearsheet/summary?s=2593:TYO,2026-01-31T00:00:00+00:00,ft-jp-2026-01-31,2026-01-31,,True
2026-01-31,JP:2607:TYO,JP:2607,2607:TYO,2607,Fuji Oil Co Ltd,TSE,jp,topix500,Food Producers,ft_icb_native,2026-01-31,Consumer Staples,Food Producers,ft_native_v2,ft_index_membership_filtered,0.95,high,2026-01-31,https://markets.ft.com/data/equities/tearsheet/summary?s=2607:TYO,2026-01-31T00:00:00+00:00,ft-jp-2026-01-31,2026-01-31,,True
2026-01-31,JP:2670:TYO,JP:2670,2670:TYO,2670,ABC-Mart Inc,TSE,jp,topix500,Consumer Discretionary,ft_icb_native,2026-01-31,Consumer Discretionary,Consumer Discretionary,ft_native_v2,ft_index_membership_filtered,0.95,high,2026-01-31,https://markets.ft.com/data/equities/tearsheet/summary?s=2670:TYO,2026-01-31T00:00:00+00:00,ft-jp-2026-01-31,2026-01-31,,True
2026-01-31,JP:2768:TYO,JP:2768,2768:TYO,2768,Sojitz Corp,TSE,jp,topix500,General Industrials,ft_icb_native,2026-01-31,Industrials,General Industrials,ft_native_v2,ft_index_membership_filtered,0.95,high,2026-01-31,https://markets.ft.com/data/equities/tearsheet/summary?s=2768:TYO,2026-01-31T00:00:00+00:00,ft-jp-2026-01-31,2026-01-31,,True
2026-01-31,JP:2784:TYO,JP:2784,2784:TYO,2784,Alfresa Holdings Corp,TSE,jp,topix500,Pharmaceuticals and Biotechnology,ft_icb_native,2026-01-31,Health Care,Pharmaceuticals and Biotechnology,ft_native_v2,ft_index_membership_filtered,0.95,high,2026-01-31,https://markets.ft.com/data/equities/tearsheet/summary?s=2784:TYO,2026-01-31T00:00:00+00:00,ft-jp-2026-01-31,2026-01-31,,True
2026-01-31,JP:2801:TYO,JP:2801,2801:TYO,2801,Kikkoman Corp,TSE,jp,topix500,Food Producers,ft_icb_native,2026-01-31,Consumer Staples,Food Producers,ft_native_v2,ft_index_membership_filtered,0.95,high,2026-01-31,https://markets.ft.com/data/equities/tearsheet/summary?s=2801:TYO,2026-01-31T00:00:00+00:00,ft-jp-2026-01-31,2026-01-31,,True
2026-01-31,JP:2802:TYO,JP:2802,2802:TYO,2802,Ajinomoto Co Inc,TSE,jp,topix500,Food Producers,ft_icb_native,2026-01-31,Consumer Staples,Food Producers,ft_native_v2,ft_index_membership_filtered,0.95,high,2026-01-31,https://markets.ft.com/data/equities/tearsheet/summary?s=2802:TYO,2026-01-31T00:00:00+00:00,ft-jp-2026-01-31,2026-01-31,,True
2026-01-31,JP:2809:TYO,JP:2809,2809:TYO,2809,Kewpie Corp,TSE,jp,topix500,Food Producers,ft_icb_native,2026-01-31,Consumer Staples,Food Producers,ft_native_v2,ft_index_membership_filtered,0.95,high,2026-01-31,https://markets.ft.com/data/equities/tearsheet/summary?s=2809:TYO,2026-01-31T00:00:00+00:00,ft-jp-2026-01-31,2026-01-31,,True
2026-01-31,JP:2810:TYO,JP:2810,2810:TYO,2810,House Foods Group Inc,TSE,jp,topix500,Food Producers,ft_icb_native,2026-01-31,Consumer Staples,Food Producers,ft_native_v2,ft_index_membership_filtered,0.95,high,2026-01-31,https://markets.ft.com/data/equities/tearsheet/summary?s=2810:TYO,2026-01-31T00:00:00+00:00,ft-jp-2026-01-31,2026-01-31,,True
2026-01-31,JP:2811:TYO,JP:2811,2811:TYO,2811,Kagome Co Ltd,TSE,jp,topix500,Beverages,ft_icb_native,2026-01-31,Consumer Staples,Beverages,ft_native_v2,ft_index_membership_filtered,0.95,high,2026-01-31,https://markets.ft.com/data/equities/tearsheet/summary?s=2811:TYO,2026-01-31T00:00:00+00:00,ft-jp-2026-01-31,2026-01-31,,True
2026-01-31,JP:285A:TYO,JP:285A,285A:TYO,285A,Kioxia Holdings Corp,TSE,jp,topix500,Technology Hardware and Equipment,ft_icb_native,2026-01-31,Technology,Technology Hardware and Equipment,ft_native_v2,ft_index_membership_filtered,0.95,high,2026-01-31,https://markets.ft.com/data/equities/tearsheet/summary?s=285A:TYO,2026-01-31T00:00:00+00:00,ft-jp-2026-01-31,2026-01-31,,True
2026-01-31,JP:2871:TYO,JP:2871,2871:TYO,2871,Nichirei Corp,TSE,jp,topix500,Food Producers,ft_icb_native,2026-01-31,Consumer Staples,Food Producers,ft_native_v2,ft_index_membership_filtered,0.95,high,2026-01-31,https://markets.ft.com/data/equities/tearsheet/summary?s=2871:TYO,2026-01-31T00:00:00+00:00,ft-jp-2026-01-31,2026-01-31,,True
2026-01-31,JP:2875:TYO,JP:2875,2875:TYO,2875,Toyo Suisan Kaisha Ltd,TSE,jp,topix500,Food Producers,ft_icb_native,2026-01-31,Consumer Staples,Food Producers,ft_native_v2,ft_index_membership_filtered,0.95,high,2026-01-31,https://markets.ft.com/data/equities/tearsheet/summary?s=2875:TYO,2026-01-31T00:00:00+00:00,ft-jp-2026-01-31,2026-01-31,,True
2026-01-31,JP:2897:TYO,JP:2897,2897:TYO,2897,Nissin Foods Holdings Co Ltd,TSE,jp,topix500,Food Producers,ft_icb_native,2026-01-31,Consumer Staples,Food Producers,ft_native_v2,ft_index_membership_filtered,0.95,high,2026-01-31,https://markets.ft.com/data/equities/tearsheet/summary?s=2897:TYO,2026-01-31T00:00:00+00:00,ft-jp-2026-01-31,2026-01-31,,True
2026-01-31,JP:2914:TYO,JP:2914,2914:TYO,2914,Japan Tobacco Inc,TSE,jp,topix500,Tobacco,ft_icb_native,2026-01-31,Consumer Staples,Tobacco,ft_native_v2,ft_index_membership_filtered,0.95,high,2026-01-31,https://markets.ft.com/data/equities/tearsheet/summary?s=2914:TYO,2026-01-31T00:00:00+00:00,ft-jp-2026-01-31,2026-01-31,,True
2026-01-31,JP:3003:TYO,JP:3003,3003:TYO,3003,Hulic Co Ltd,TSE,jp,topix500,Real Estate Investment and Services,ft_icb_native,2026-01-31,Real Estate,Real Estate Investment and Services,ft_native_v2,ft_index_membership_filtered,0.95,high,2026-01-31,https://markets.ft.com/data/equities/tearsheet/summary?s=3003:TYO,2026-01-31T00:00:00+00:00,ft-jp-2026-01-31,2026-01-31,,True
2026-01-31,JP:3038:TYO,JP:3038,3038:TYO,3038,Kobe Bussan Co Ltd,TSE,jp,topix500,"Personal Care, Drug and Grocery Stores",ft_icb_native,2026-01-31,Consumer Staples,"Personal Care, Drug and Grocery Stores",ft_native_v2,ft_index_membership_filtered,0.95,high,2026-01-31,https://markets.ft.com/data/equities/tearsheet/summary?s=3038:TYO,2026-01-31T00:00:00+00:00,ft-jp-2026-01-31,2026-01-31,,True
2026-01-31,JP:3048:TYO,JP:3048,3048:TYO,3048,Bic Camera Inc,TSE,jp,topix500,Consumer Discretionary,ft_icb_native,2026-01-31,Consumer Discretionary,Consumer Discretionary,ft_native_v2,ft_index_membership_filtered,0.95,high,2026-01-31,https://markets.ft.com/data/equities/tearsheet/summary?s=3048:TYO,2026-01-31T00:00:00+00:00,ft-jp-2026-01-31,2026-01-31,,True
2026-01-31,JP:3064:TYO,JP:3064,3064:TYO,3064,MonotaRO Co Ltd,TSE,jp,topix500,Consumer Discretionary,ft_icb_native,2026-01-31,Consumer Discretionary,Consumer Discretionary,ft_native_v2,ft_index_membership_filtered,0.95,high,2026-01-31,https://markets.ft.com/data/equities/tearsheet/summary?s=3064:TYO,2026-01-31T00:00:00+00:00,ft-jp-2026-01-31,2026-01-31,,True
2026-01-31,JP:3086:TYO,JP:3086,3086:TYO,3086,J.Front Retailing Co Ltd,TSE,jp,topix500,Consumer Discretionary,ft_icb_native,2026-01-31,Consumer Discretionary,Consumer Discretionary,ft_native_v2,ft_index_membership_filtered,0.95,high,2026-01-31,https://markets.ft.com/data/equities/tearsheet/summary?s=3086:TYO,2026-01-31T00:00:00+00:00,ft-jp-2026-01-31,2026-01-31,,True
2026-01-31,JP:3088:TYO,JP:3088,3088:TYO,3088,MatsukiyoCocokara & Co,TSE,jp,topix500,"Personal Care, Drug and Grocery Stores",ft_icb_native,2026-01-31,Consumer Staples,"Personal Care, Drug and Grocery Stores",ft_native_v2,ft_index_membership_filtered,0.95,high,2026-01-31,https://markets.ft.com/data/equities/tearsheet/summary?s=3088:TYO,2026-01-31T00:00:00+00:00,ft-jp-2026-01-31,2026-01-31,,True
2026-01-31,JP:3092:TYO,JP:3092,3092:TYO,3092,ZOZO Inc,TSE,jp,topix500,Consumer Discretionary,ft_icb_native,2026-01-31,Consumer Discretionary,Consumer Discretionary,ft_native_v2,ft_index_membership_filtered,0.95,high,2026-01-31,https://markets.ft.com/data/equities/tearsheet/summary?s=3092:TYO,2026-01-31T00:00:00+00:00,ft-jp-2026-01-31,2026-01-31,,True
2026-01-31,JP:3099:TYO,JP:3099,3099:TYO,3099,Isetan Mitsukoshi Holdings Ltd,TSE,jp,topix500,Consumer Discretionary,ft_icb_native,2026-01-31,Consumer Discretionary,Consumer Discretionary,ft_native_v2,ft_index_membership_filtered,0.95,high,2026-01-31,https://markets.ft.com/data/equities/tearsheet/summary?s=3099:TYO,2026-01-31T00:00:00+00:00,ft-jp-2026-01-31,2026-01-31,,True
2026-01-31,JP:3105:TYO,JP:3105,3105:TYO,3105,Nisshinbo Holdings Inc,TSE,jp,topix500,General Industrials,ft_icb_native,2026-01-31,Industrials,General Industrials,ft_native_v2,ft_index_membership_filtered,0.95,high,2026-01-31,https://markets.ft.com/data/equities/tearsheet/summary?s=3105:TYO,2026-01-31T00:00:00+00:00,ft-jp-2026-01-31,2026-01-31,,True
2026-01-31,JP:3107:TYO,JP:3107,3107:TYO,3107,Daiwabo Holdings Co Ltd,TSE,jp,topix500,Technology Hardware and Equipment,ft_icb_native,2026-01-31,Technology,Technology Hardware and Equipment,ft_native_v2,ft_index_membership_filtered,0.95,high,2026-01-31,https://markets.ft.com/data/equities/tearsheet/summary?s=3107:TYO,2026-01-31T00:00:00+00:00,ft-jp-2026-01-31,2026-01-31,,True
2026-01-31,JP:3116:TYO,JP:3116,3116:TYO,3116,Toyota Boshoku Corp,TSE,jp,topix500,Automobiles and Parts,ft_icb_native,2026-01-31,Consumer Discretionary,Automobiles and Parts,ft_native_v2,ft_index_membership_filtered,0.95,high,2026-01-31,https://markets.ft.com/data/equities/tearsheet/summary?s=3116:TYO,2026-01-31T00:00:00+00:00,ft-jp-2026-01-31,2026-01-31,,True
2026-01-31,JP:3132:TYO,JP:3132,3132:TYO,3132,Macnica Holdings Inc,TSE,jp,topix500,Technology Hardware and Equipment,ft_icb_native,2026-01-31,Technology,Technology Hardware and Equipment,ft_native_v2,ft_index_membership_filtered,0.95,high,2026-01-31,https://markets.ft.com/data/equities/tearsheet/summary?s=3132:TYO,2026-01-31T00:00:00+00:00,ft-jp-2026-01-31,2026-01-31,,True
2026-01-31,JP:3197:TYO,JP:3197,3197:TYO,3197,Skylark Holdings Co Ltd,TSE,jp,topix500,Travel and Leisure,ft_icb_native,2026-01-31,Consumer Discretionary,Travel and Leisure,ft_native_v2,ft_index_membership_filtered,0.95,high,2026-01-31,https://markets.ft.com/data/equities/tearsheet/summary?s=3197:TYO,2026-01-31T00:00:00+00:00,ft-jp-2026-01-31,2026-01-31,,True
2026-01-31,JP:3231:TYO,JP:3231,3231:TYO,3231,Nomura Real Estate Holdings Inc,TSE,jp,topix500,Real Estate Investment and Services,ft_icb_native,2026-01-31,Real Estate,Real Estate Investment and Services,ft_native_v2,ft_index_membership_filtered,0.95,high,2026-01-31,https://markets.ft.com/data/equities/tearsheet/summary?s=3231:TYO,2026-01-31T00:00:00+00:00,ft-jp-2026-01-31,2026-01-31,,True
2026-01-31,JP:3288:TYO,JP:3288,3288:TYO,3288,Open House Group Co Ltd,TSE,jp,topix500,Real Estate Investment and Services,ft_icb_native,2026-01-31,Real Estate,Real Estate Investment and Services,ft_native_v2,ft_index_membership_filtered,0.95,high,2026-01-31,https://markets.ft.com/data/equities/tearsheet/summary?s=3288:TYO,2026-01-31T00:00:00+00:00,ft-jp-2026-01-31,2026-01-31,,True
2026-01-31,JP:3289:TYO,JP:3289,3289:TYO,3289,Tokyu Fudosan Holdings Corp,TSE,jp,topix500,Real Estate Investment and Services,ft_icb_native,2026-01-31,Real Estate,Real Estate Investment and Services,ft_native_v2,ft_index_membership_filtered,0.95,high,2026-01-31,https://markets.ft.com/data/equities/tearsheet/summary?s=3289:TYO,2026-01-31T00:00:00+00:00,ft-jp-2026-01-31,2026-01-31,,True
2026-01-31,JP:3291:TYO,JP:3291,3291:TYO,3291,Iida Group Holdings Co Ltd,TSE,jp,topix500,Household Goods and Home Construction,ft_icb_native,2026-01-31,Consumer Discretionary,Household Goods and Home Construction,ft_native_v2,ft_index_membership_filtered,0.95,high,2026-01-31,https://markets.ft.com/data/equities/tearsheet/summary?s=3291:TYO,2026-01-31T00:00:00+00:00,ft-jp-2026-01-31,2026-01-31,,True
2026-01-31,JP:3349:TYO,JP:3349,3349:TYO,3349,Cosmos Pharmaceutical Corp,TSE,jp,topix500,"Personal Care, Drug and Grocery Stores",ft_icb_native,2026-01-31,Consumer Staples,"Personal Care, Drug and Grocery Stores",ft_native_v2,ft_index_membership_filtered,0.95,high,2026-01-31,https://markets.ft.com/data/equities/tearsheet/summary?s=3349:TYO,2026-01-31T00:00:00+00:00,ft-jp-2026-01-31,2026-01-31,,True
2026-01-31,JP:3360:TYO,JP:3360,3360:TYO,3360,Ship Healthcare Holdings Inc,TSE,jp,topix500,Medical Equipment and Services,ft_icb_native,2026-01-31,Health Care,Medical Equipment and Services,ft_native_v2,ft_index_membership_filtered,0.95,high,2026-01-31,https://markets.ft.com/data/equities/tearsheet/summary?s=3360:TYO,2026-01-31T00:00:00+00:00,ft-jp-2026-01-31,2026-01-31,,True
2026-01-31,JP:3382:TYO,JP:3382,3382:TYO,3382,Seven & i Holdings Co Ltd,TSE,jp,topix500,"Personal Care, Drug and Grocery Stores",ft_icb_native,2026-01-31,Consumer Staples,"Personal Care, Drug and Grocery Stores",ft_native_v2,ft_index_membership_filtered,0.95,high,2026-01-31,https://markets.ft.com/data/equities/tearsheet/summary?s=3382:TYO,2026-01-31T00:00:00+00:00,ft-jp-2026-01-31,2026-01-31,,True
2026-01-31,JP:3391:TYO,JP:3391,3391:TYO,3391,Tsuruha Holdings Inc,TSE,jp,topix500,"Personal Care, Drug and Grocery Stores",ft_icb_native,2026-01-31,Consumer Staples,"Personal Care, Drug and Grocery Stores",ft_native_v2,ft_index_membership_filtered,0.95,high,2026-01-31,https://markets.ft.com/data/equities/tearsheet/summary?s=3391:TYO,2026-01-31T00:00:00+00:00,ft-jp-2026-01-31,2026-01-31,,True
2026-01-31,JP:3397:TYO,JP:3397,3397:TYO,3397,TORIDOLL Holdings Corp,TSE,jp,topix500,Travel and Leisure,ft_icb_native,2026-01-31,Consumer Discretionary,Travel and Leisure,ft_native_v2,ft_index_membership_filtered,0.95,high,2026-01-31,https://markets.ft.com/data/equities/tearsheet/summary?s=3397:TYO,2026-01-31T00:00:00+00:00,ft-jp-2026-01-31,2026-01-31,,True
2026-01-31,JP:3401:TYO,JP:3401,3401:TYO,3401,Teijin Ltd,TSE,jp,topix500,Chemicals,ft_icb_native,2026-01-31,Basic Materials,Chemicals,ft_native_v2,ft_index_membership_filtered,0.95,high,2026-01-31,https://markets.ft.com/data/equities/tearsheet/summary?s=3401:TYO,2026-01-31T00:00:00+00:00,ft-jp-2026-01-31,2026-01-31,,True
2026-01-31,JP:3402:TYO,JP:3402,3402:TYO,3402,Toray Industries Inc,TSE,jp,topix500,Chemicals,ft_icb_native,2026-01-31,Basic Materials,Chemicals,ft_native_v2,ft_index_membership_filtered,0.95,high,2026-01-31,https://markets.ft.com/data/equities/tearsheet/summary?s=3402:TYO,2026-01-31T00:00:00+00:00,ft-jp-2026-01-31,2026-01-31,,True
2026-01-31,JP:3405:TYO,JP:3405,3405:TYO,3405,Kuraray Co Ltd,TSE,jp,topix500,Chemicals,ft_icb_native,2026-01-31,Basic Materials,Chemicals,ft_native_v2,ft_index_membership_filtered,0.95,high,2026-01-31,https://markets.ft.com/data/equities/tearsheet/summary?s=3405:TYO,2026-01-31T00:00:00+00:00,ft-jp-2026-01-31,2026-01-31,,True
2026-01-31,JP:3407:TYO,JP:3407,3407:TYO,3407,Asahi Kasei Corp,TSE,jp,topix500,Chemicals,ft_icb_native,2026-01-31,Basic Materials,Chemicals,ft_native_v2,ft_index_membership_filtered,0.95,high,2026-01-31,https://markets.ft.com/data/equities/tearsheet/summary?s=3407:TYO,2026-01-31T00:00:00+00:00,ft-jp-2026-01-31,2026-01-31,,True
2026-01-31,JP:3436:TYO,JP:3436,3436:TYO,3436,Sumco Corp,TSE,jp,topix500,Technology Hardware and Equipment,ft_icb_native,2026-01-31,Technology,Technology Hardware and Equipment,ft_native_v2,ft_index_membership_filtered,0.95,high,2026-01-31,https://markets.ft.com/data/equities/tearsheet/summary?s=3436:TYO,2026-01-31T00:00:00+00:00,ft-jp-2026-01-31,2026-01-31,,True
2026-01-31,JP:3549:TYO,JP:3549,3549:TYO,3549,Kusuri No Aoki Holdings Co Ltd,TSE,jp,topix500,"Personal Care, Drug and Grocery Stores",ft_icb_native,2026-01-31,Consumer Staples,"Personal Care, Drug and Grocery Stores",ft_native_v2,ft_index_membership_filtered,0.95,high,2026-01-31,https://markets.ft.com/data/equities/tearsheet/summary?s=3549:TYO,2026-01-31T00:00:00+00:00,ft-jp-2026-01-31,2026-01-31,,True
2026-01-31,JP:3563:TYO,JP:3563,3563:TYO,3563,Food & Life Companies Ltd,TSE,jp,topix500,Travel and Leisure,ft_icb_native,2026-01-31,Consumer Discretionary,Travel and Leisure,ft_native_v2,ft_index_membership_filtered,0.95,high,2026-01-31,https://markets.ft.com/data/equities/tearsheet/summary?s=3563:TYO,2026-01-31T00:00:00+00:00,ft-jp-2026-01-31,2026-01-31,,True
2026-01-31,JP:3591:TYO,JP:3591,3591:TYO,3591,Wacoal Holdings Corp,TSE,jp,topix500,Personal Goods,ft_icb_native,2026-01-31,Consumer Discretionary,Personal Goods,ft_native_v2,ft_index_membership_filtered,0.95,high,2026-01-31,https://markets.ft.com/data/equities/tearsheet/summary?s=3591:TYO,2026-01-31T00:00:00+00:00,ft-jp-2026-01-31,2026-01-31,,True
2026-01-31,JP:3626:TYO,JP:3626,3626:TYO,3626,TIS Inc,TSE,jp,topix500,Technology,ft_icb_native,2026-01-31,Technology,Technology,ft_native_v2,ft_index_membership_filtered,0.95,high,2026-01-31,https://markets.ft.com/data/equities/tearsheet/summary?s=3626:TYO,2026-01-31T00:00:00+00:00,ft-jp-2026-01-31,2026-01-31,,True
2026-01-31,JP:3635:TYO,JP:3635,3635:TYO,3635,Koei Tecmo Holdings Co Ltd,TSE,jp,topix500,Leisure Goods,ft_icb_native,2026-01-31,Consumer Discretionary,Leisure Goods,ft_native_v2,ft_index_membership_filtered,0.95,high,2026-01-31,https://markets.ft.com/data/equities/tearsheet/summary?s=3635:TYO,2026-01-31T00:00:00+00:00,ft-jp-2026-01-31,2026-01-31,,True
2026-01-31,JP:3659:TYO,JP:3659,3659:TYO,3659,Nexon Co Ltd,TSE,jp,topix500,Leisure Goods,ft_icb_native,2026-01-31,Consumer Discretionary,Leisure Goods,ft_native_v2,ft_index_membership_filtered,0.95,high,2026-01-31,https://markets.ft.com/data/equities/tearsheet/summary?s=3659:TYO,2026-01-31T00:00:00+00:00,ft-jp-2026-01-31,2026-01-31,,True
2026-01-31,JP:3697:TYO,JP:3697,3697:TYO,3697,SHIFT Inc,TSE,jp,topix500,Technology,ft_icb_native,2026-01-31,Technology,Technology,ft_native_v2,ft_index_membership_filtered,0.95,high,2026-01-31,https://markets.ft.com/data/equities/tearsheet/summary?s=3697:TYO,2026-01-31T00:00:00+00:00,ft-jp-2026-01-31,2026-01-31,,True
2026-01-31,JP:3769:TYO,JP:3769,3769:TYO,3769,GMO Payment Gateway Inc,TSE,jp,topix500,Industrial Support Services,ft_icb_native,2026-01-31,Industrials,Industrial Support Services,ft_native_v2,ft_index_membership_filtered,0.95,high,2026-01-31,https://markets.ft.com/data/equities/tearsheet/summary?s=3769:TYO,2026-01-31T00:00:00+00:00,ft-jp-2026-01-31,2026-01-31,,True
2026-01-31,JP:3774:TYO,JP:3774,3774:TYO,3774,Internet Initiative Japan Inc,TSE,jp,topix500,Telecommunications Service Providers,ft_icb_native,2026-01-31,Telecommunications,Telecommunications Service Providers,ft_native_v2,ft_index_membership_filtered,0.95,high,2026-01-31,https://markets.ft.com/data/equities/tearsheet/summary?s=3774:TYO,2026-01-31T00:00:00+00:00,ft-jp-2026-01-31,2026-01-31,,True
2026-01-31,JP:3861:TYO,JP:3861,3861:TYO,3861,Oji Holdings Corp,TSE,jp,topix500,Industrial Materials,ft_icb_native,2026-01-31,Industrials,Industrial Materials,ft_native_v2,ft_index_membership_filtered,0.95,high,2026-01-31,https://markets.ft.com/data/equities/tearsheet/summary?s=3861:TYO,2026-01-31T00:00:00+00:00,ft-jp-2026-01-31,2026-01-31,,True
2026-01-31,JP:3923:TYO,JP:3923,3923:TYO,3923,Rakus Co Ltd,TSE,jp,topix500,Technology,ft_icb_native,2026-01-31,Technology,Technology,ft_native_v2,ft_index_membership_filtered,0.95,high,2026-01-31,https://markets.ft.com/data/equities/tearsheet/summary?s=3923:TYO,2026-01-31T00:00:00+00:00,ft-jp-2026-01-31,2026-01-31,,True
2026-01-31,JP:3941:TYO,JP:3941,3941:TYO,3941,Rengo Co Ltd,TSE,jp,topix500,General Industrials,ft_icb_native,2026-01-31,Industrials,General Industrials,ft_native_v2,ft_index_membership_filtered,0.95,high,2026-01-31,https://markets.ft.com/data/equities/tearsheet/summary?s=3941:TYO,2026-01-31T00:00:00+00:00,ft-jp-2026-01-31,2026-01-31,,True
2026-01-31,JP:3994:TYO,JP:3994,3994:TYO,3994,Money Forward Inc,TSE,jp,topix500,Technology,ft_icb_native,2026-01-31,Technology,Technology,ft_native_v2,ft_index_membership_filtered,0.95,high,2026-01-31,https://markets.ft.com/data/equities/tearsheet/summary?s=3994:TYO,2026-01-31T00:00:00+00:00,ft-jp-2026-01-31,2026-01-31,,True
2026-01-31,JP:4004:TYO,JP:4004,4004:TYO,4004,Resonac Holdings Corp,TSE,jp,topix500,Chemicals,ft_icb_native,2026-01-31,Basic Materials,Chemicals,ft_native_v2,ft_index_membership_filtered,0.95,high,2026-01-31,https://markets.ft.com/data/equities/tearsheet/summary?s=4004:TYO,2026-01-31T00:00:00+00:00,ft-jp-2026-01-31,2026-01-31,,True
2026-01-31,JP:4005:TYO,JP:4005,4005:TYO,4005,Sumitomo Chemical Co Ltd,TSE,jp,topix500,Chemicals,ft_icb_native,2026-01-31,Basic Materials,Chemicals,ft_native_v2,ft_index_membership_filtered,0.95,high,2026-01-31,https://markets.ft.com/data/equities/tearsheet/summary?s=4005:TYO,2026-01-31T00:00:00+00:00,ft-jp-2026-01-31,2026-01-31,,True
2026-01-31,JP:4021:TYO,JP:4021,4021:TYO,4021,Nissan Chemical Corp,TSE,jp,topix500,Chemicals,ft_icb_native,2026-01-31,Basic Materials,Chemicals,ft_native_v2,ft_index_membership_filtered,0.95,high,2026-01-31,https://markets.ft.com/data/equities/tearsheet/summary?s=4021:TYO,2026-01-31T00:00:00+00:00,ft-jp-2026-01-31,2026-01-31,,True
2026-01-31,JP:4042:TYO,JP:4042,4042:TYO,4042,Tosoh Corp,TSE,jp,topix500,Chemicals,ft_icb_native,2026-01-31,Basic Materials,Chemicals,ft_native_v2,ft_index_membership_filtered,0.95,high,2026-01-31,https://markets.ft.com/data/equities/tearsheet/summary?s=4042:TYO,2026-01-31T00:00:00+00:00,ft-jp-2026-01-31,2026-01-31,,True
2026-01-31,JP:4043:TYO,JP:4043,4043:TYO,4043,Tokuyama Corp,TSE,jp,topix500,Chemicals,ft_icb_native,2026-01-31,Basic Materials,Chemicals,ft_native_v2,ft_index_membership_filtered,0.95,high,2026-01-31,https://markets.ft.com/data/equities/tearsheet/summary?s=4043:TYO,2026-01-31T00:00:00+00:00,ft-jp-2026-01-31,2026-01-31,,True
2026-01-31,JP:4045:TYO,JP:4045,4045:TYO,4045,Toagosei Co Ltd,TSE,jp,topix500,Chemicals,ft_icb_native,2026-01-31,Basic Materials,Chemicals,ft_native_v2,ft_index_membership_filtered,0.95,high,2026-01-31,https://markets.ft.com/data/equities/tearsheet/summary?s=4045:TYO,2026-01-31T00:00:00+00:00,ft-jp-2026-01-31,2026-01-31,,True
2026-01-31,JP:4061:TYO,JP:4061,4061:TYO,4061,Denka Co Ltd,TSE,jp,topix500,Chemicals,ft_icb_native,2026-01-31,Basic Materials,Chemicals,ft_native_v2,ft_index_membership_filtered,0.95,high,2026-01-31,https://markets.ft.com/data/equities/tearsheet/summary?s=4061:TYO,2026-01-31T00:00:00+00:00,ft-jp-2026-01-31,2026-01-31,,True
2026-01-31,JP:4062:TYO,JP:4062,4062:TYO,4062,Ibiden Co Ltd,TSE,jp,topix500,Technology Hardware and Equipment,ft_icb_native,2026-01-31,Technology,Technology Hardware and Equipment,ft_native_v2,ft_index_membership_filtered,0.95,high,2026-01-31,https://markets.ft.com/data/equities/tearsheet/summary?s=4062:TYO,2026-01-31T00:00:00+00:00,ft-jp-2026-01-31,2026-01-31,,True
2026-01-31,JP:4063:TYO,JP:4063,4063:TYO,4063,Shin-Etsu Chemical Co Ltd,TSE,jp,topix500,Chemicals,ft_icb_native,2026-01-31,Basic Materials,Chemicals,ft_native_v2,ft_index_membership_filtered,0.95,high,2026-01-31,https://markets.ft.com/data/equities/tearsheet/summary?s=4063:TYO,2026-01-31T00:00:00+00:00,ft-jp-2026-01-31,2026-01-31,,True
2026-01-31,JP:4088:TYO,JP:4088,4088:TYO,4088,Air Water Inc,TSE,jp,topix500,Chemicals,ft_icb_native,2026-01-31,Basic Materials,Chemicals,ft_native_v2,ft_index_membership_filtered,0.95,high,2026-01-31,https://markets.ft.com/data/equities/tearsheet/summary?s=4088:TYO,2026-01-31T00:00:00+00:00,ft-jp-2026-01-31,2026-01-31,,True
2026-01-31,JP:4091:TYO,JP:4091,4091:TYO,4091,Nippon Sanso Holdings Corp,TSE,jp,topix500,Chemicals,ft_icb_native,2026-01-31,Basic Materials,Chemicals,ft_native_v2,ft_index_membership_filtered,0.95,high,2026-01-31,https://markets.ft.com/data/equities/tearsheet/summary?s=4091:TYO,2026-01-31T00:00:00+00:00,ft-jp-2026-01-31,2026-01-31,,True
2026-01-31,JP:4114:TYO,JP:4114,4114:TYO,4114,Nippon Shokubai Co Ltd,TSE,jp,topix500,Chemicals,ft_icb_native,2026-01-31,Basic Materials,Chemicals,ft_native_v2,ft_index_membership_filtered,0.95,high,2026-01-31,https://markets.ft.com/data/equities/tearsheet/summary?s=4114:TYO,2026-01-31T00:00:00+00:00,ft-jp-2026-01-31,2026-01-31,,True
2026-01-31,JP:4118:TYO,JP:4118,4118:TYO,4118,Kaneka Corp,TSE,jp,topix500,Chemicals,ft_icb_native,2026-01-31,Basic Materials,Chemicals,ft_native_v2,ft_index_membership_filtered,0.95,high,2026-01-31,https://markets.ft.com/data/equities/tearsheet/summary?s=4118:TYO,2026-01-31T00:00:00+00:00,ft-jp-2026-01-31,2026-01-31,,True
2026-01-31,JP:4151:TYO,JP:4151,4151:TYO,4151,Kyowa Kirin Co Ltd,TSE,jp,topix500,Pharmaceuticals and Biotechnology,ft_icb_native,2026-01-31,Health Care,Pharmaceuticals and Biotechnology,ft_native_v2,ft_index_membership_filtered,0.95,high,2026-01-31,https://markets.ft.com/data/equities/tearsheet/summary?s=4151:TYO,2026-01-31T00:00:00+00:00,ft-jp-2026-01-31,2026-01-31,,True
2026-01-31,JP:417A:TYO,JP:417A,417A:TYO,417A,Blue Zones Holdings Co Ltd,TSE,jp,topix500,"Personal Care, Drug and Grocery Stores",ft_icb_native,2026-01-31,Consumer Staples,"Personal Care, Drug and Grocery Stores",ft_native_v2,ft_index_membership_filtered,0.95,high,2026-01-31,https://markets.ft.com/data/equities/tearsheet/summary?s=417A:TYO,2026-01-31T00:00:00+00:00,ft-jp-2026-01-31,2026-01-31,,True
2026-01-31,JP:4182:TYO,JP:4182,4182:TYO,4182,Mitsubishi Gas Chemical Co Inc,TSE,jp,topix500,Chemicals,ft_icb_native,2026-01-31,Basic Materials,Chemicals,ft_native_v2,ft_index_membership_filtered,0.95,high,2026-01-31,https://markets.ft.com/data/equities/tearsheet/summary?s=4182:TYO,2026-01-31T00:00:00+00:00,ft-jp-2026-01-31,2026-01-31,,True
2026-01-31,JP:4183:TYO,JP:4183,4183:TYO,4183,Mitsui Chemicals Inc,TSE,jp,topix500,Chemicals,ft_icb_native,2026-01-31,Basic Materials,Chemicals,ft_native_v2,ft_index_membership_filtered,0.95,high,2026-01-31,https://markets.ft.com/data/equities/tearsheet/summary?s=4183:TYO,2026-01-31T00:00:00+00:00,ft-jp-2026-01-31,2026-01-31,,True
2026-01-31,JP:4186:TYO,JP:4186,4186:TYO,4186,Tokyo Ohka Kogyo Co Ltd,TSE,jp,topix500,Chemicals,ft_icb_native,2026-01-31,Basic Materials,Chemicals,ft_native_v2,ft_index_membership_filtered,0.95,high,2026-01-31,https://markets.ft.com/data/equities/tearsheet/summary?s=4186:TYO,2026-01-31T00:00:00+00:00,ft-jp-2026-01-31,2026-01-31,,True
2026-01-31,JP:4188:TYO,JP:4188,4188:TYO,4188,Mitsubishi Chemical Group Corp,TSE,jp,topix500,Chemicals,ft_icb_native,2026-01-31,Basic Materials,Chemicals,ft_native_v2,ft_index_membership_filtered,0.95,high,2026-01-31,https://markets.ft.com/data/equities/tearsheet/summary?s=4188:TYO,2026-01-31T00:00:00+00:00,ft-jp-2026-01-31,2026-01-31,,True
2026-01-31,JP:4194:TYO,JP:4194,4194:TYO,4194,Visional Inc,TSE,jp,topix500,Industrial Support Services,ft_icb_native,2026-01-31,Industrials,Industrial Support Services,ft_native_v2,ft_index_membership_filtered,0.95,high,2026-01-31,https://markets.ft.com/data/equities/tearsheet/summary?s=4194:TYO,2026-01-31T00:00:00+00:00,ft-jp-2026-01-31,2026-01-31,,True
2026-01-31,JP:4202:TYO,JP:4202,4202:TYO,4202,Daicel Corp,TSE,jp,topix500,General Industrials,ft_icb_native,2026-01-31,Industrials,General Industrials,ft_native_v2,ft_index_membership_filtered,0.95,high,2026-01-31,https://markets.ft.com/data/equities/tearsheet/summary?s=4202:TYO,2026-01-31T00:00:00+00:00,ft-jp-2026-01-31,2026-01-31,,True
2026-01-31,JP:4203:TYO,JP:4203,4203:TYO,4203,Sumitomo Bakelite Co Ltd,TSE,jp,topix500,General Industrials,ft_icb_native,2026-01-31,Industrials,General Industrials,ft_native_v2,ft_index_membership_filtered,0.95,high,2026-01-31,https://markets.ft.com/data/equities/tearsheet/summary?s=4203:TYO,2026-01-31T00:00:00+00:00,ft-jp-2026-01-31,2026-01-31,,True
2026-01-31,JP:4204:TYO,JP:4204,4204:TYO,4204,Sekisui Chemical Co Ltd,TSE,jp,topix500,Household Goods and Home Construction,ft_icb_native,2026-01-31,Consumer Discretionary,Household Goods and Home Construction,ft_native_v2,ft_index_membership_filtered,0.95,high,2026-01-31,https://markets.ft.com/data/equities/tearsheet/summary?s=4204:TYO,2026-01-31T00:00:00+00:00,ft-jp-2026-01-31,2026-01-31,,True
2026-01-31,JP:4205:TYO,JP:4205,4205:TYO,4205,Zeon Corp,TSE,jp,topix500,Chemicals,ft_icb_native,2026-01-31,Basic Materials,Chemicals,ft_native_v2,ft_index_membership_filtered,0.95,high,2026-01-31,https://markets.ft.com/data/equities/tearsheet/summary?s=4205:TYO,2026-01-31T00:00:00+00:00,ft-jp-2026-01-31,2026-01-31,,True
2026-01-31,JP:4206:TYO,JP:4206,4206:TYO,4206,Aica Kogyo Co Ltd,TSE,jp,topix500,Chemicals,ft_icb_native,2026-01-31,Basic Materials,Chemicals,ft_native_v2,ft_index_membership_filtered,0.95,high,2026-01-31,https://markets.ft.com/data/equities/tearsheet/summary?s=4206:TYO,2026-01-31T00:00:00+00:00,ft-jp-2026-01-31,2026-01-31,,True
2026-01-31,JP:4208:TYO,JP:4208,4208:TYO,4208,UBE Corp,TSE,jp,topix500,Chemicals,ft_icb_native,2026-01-31,Basic Materials,Chemicals,ft_native_v2,ft_index_membership_filtered,0.95,high,2026-01-31,https://markets.ft.com/data/equities/tearsheet/summary?s=4208:TYO,2026-01-31T00:00:00+00:00,ft-jp-2026-01-31,2026-01-31,,True
2026-01-31,JP:4272:TYO,JP:4272,4272:TYO,4272,Nippon Kayaku Co Ltd,TSE,jp,topix500,Chemicals,ft_icb_native,2026-01-31,Basic Materials,Chemicals,ft_native_v2,ft_index_membership_filtered,0.95,high,2026-01-31,https://markets.ft.com/data/equities/tearsheet/summary?s=4272:TYO,2026-01-31T00:00:00+00:00,ft-jp-2026-01-31,2026-01-31,,True
2026-01-31,JP:4307:TYO,JP:4307,4307:TYO,4307,Nomura Research Institute Ltd,TSE,jp,topix500,Technology,ft_icb_native,2026-01-31,Technology,Technology,ft_native_v2,ft_index_membership_filtered,0.95,high,2026-01-31,https://markets.ft.com/data/equities/tearsheet/summary?s=4307:TYO,2026-01-31T00:00:00+00:00,ft-jp-2026-01-31,2026-01-31,,True
2026-01-31,JP:4324:TYO,JP:4324,4324:TYO,4324,Dentsu Group Inc,TSE,jp,topix500,Media,ft_icb_native,2026-01-31,Consumer Discretionary,Media,ft_native_v2,ft_index_membership_filtered,0.95,high,2026-01-31,https://markets.ft.com/data/equities/tearsheet/summary?s=4324:TYO,2026-01-31T00:00:00+00:00,ft-jp-2026-01-31,2026-01-31,,True
2026-01-31,JP:4385:TYO,JP:4385,4385:TYO,4385,Mercari Inc,TSE,jp,topix500,Technology,ft_icb_native,2026-01-31,Technology,Technology,ft_native_v2,ft_index_membership_filtered,0.95,high,2026-01-31,https://markets.ft.com/data/equities/tearsheet/summary?s=4385:TYO,2026-01-31T00:00:00+00:00,ft-jp-2026-01-31,2026-01-31,,True
2026-01-31,JP:4401:TYO,JP:4401,4401:TYO,4401,Adeka Corp,TSE,jp,topix500,Chemicals,ft_icb_native,2026-01-31,Basic Materials,Chemicals,ft_native_v2,ft_index_membership_filtered,0.95,high,2026-01-31,https://markets.ft.com/data/equities/tearsheet/summary?s=4401:TYO,2026-01-31T00:00:00+00:00,ft-jp-2026-01-31,2026-01-31,,True
2026-01-31,JP:4403:TYO,JP:4403,4403:TYO,4403,NOF Corp,TSE,jp,topix500,Chemicals,ft_icb_native,2026-01-31,Basic Materials,Chemicals,ft_native_v2,ft_index_membership_filtered,0.95,high,2026-01-31,https://markets.ft.com/data/equities/tearsheet/summary?s=4403:TYO,2026-01-31T00:00:00+00:00,ft-jp-2026-01-31,2026-01-31,,True
2026-01-31,JP:4452:TYO,JP:4452,4452:TYO,4452,Kao Corp,TSE,jp,topix500,"Personal Care, Drug and Grocery Stores",ft_icb_native,2026-01-31,Consumer Staples,"Personal Care, Drug and Grocery Stores",ft_native_v2,ft_index_membership_filtered,0.95,high,2026-01-31,https://markets.ft.com/data/equities/tearsheet/summary?s=4452:TYO,2026-01-31T00:00:00+00:00,ft-jp-2026-01-31,2026-01-31,,True
2026-01-31,JP:4502:TYO,JP:4502,4502:TYO,4502,Takeda Pharmaceutical Co Ltd,TSE,jp,topix500,Pharmaceuticals and Biotechnology,ft_icb_native,2026-01-31,Health Care,Pharmaceuticals and Biotechnology,ft_native_v2,ft_index_membership_filtered,0.95,high,2026-01-31,https://markets.ft.com/data/equities/tearsheet/summary?s=4502:TYO,2026-01-31T00:00:00+00:00,ft-jp-2026-01-31,2026-01-31,,True
2026-01-31,JP:4503:TYO,JP:4503,4503:TYO,4503,Astellas Pharma Inc,TSE,jp,topix500,Pharmaceuticals and Biotechnology,ft_icb_native,2026-01-31,Health Care,Pharmaceuticals and Biotechnology,ft_native_v2,ft_index_membership_filtered,0.95,high,2026-01-31,https://markets.ft.com/data/equities/tearsheet/summary?s=4503:TYO,2026-01-31T00:00:00+00:00,ft-jp-2026-01-31,2026-01-31,,True
2026-01-31,JP:4506:TYO,JP:4506,4506:TYO,4506,Sumitomo Pharma Co Ltd,TSE,jp,topix500,Pharmaceuticals and Biotechnology,ft_icb_native,2026-01-31,Health Care,Pharmaceuticals and Biotechnology,ft_native_v2,ft_index_membership_filtered,0.95,high,2026-01-31,https://markets.ft.com/data/equities/tearsheet/summary?s=4506:TYO,2026-01-31T00:00:00+00:00,ft-jp-2026-01-31,2026-01-31,,True
2026-01-31,JP:4507:TYO,JP:4507,4507:TYO,4507,Shionogi & Co Ltd,TSE,jp,topix500,Pharmaceuticals and Biotechnology,ft_icb_native,2026-01-31,Health Care,Pharmaceuticals and Biotechnology,ft_native_v2,ft_index_membership_filtered,0.95,high,2026-01-31,https://markets.ft.com/data/equities/tearsheet/summary?s=4507:TYO,2026-01-31T00:00:00+00:00,ft-jp-2026-01-31,2026-01-31,,True
2026-01-31,JP:4516:TYO,JP:4516,4516:TYO,4516,Nippon Shinyaku Co Ltd,TSE,jp,topix500,Pharmaceuticals and Biotechnology,ft_icb_native,2026-01-31,Health Care,Pharmaceuticals and Biotechnology,ft_native_v2,ft_index_membership_filtered,0.95,high,2026-01-31,https://markets.ft.com/data/equities/tearsheet/summary?s=4516:TYO,2026-01-31T00:00:00+00:00,ft-jp-2026-01-31,2026-01-31,,True
2026-01-31,JP:4519:TYO,JP:4519,4519:TYO,4519,Chugai Pharmaceutical Co Ltd,TSE,jp,topix500,Pharmaceuticals and Biotechnology,ft_icb_native,2026-01-31,Health Care,Pharmaceuticals and Biotechnology,ft_native_v2,ft_index_membership_filtered,0.95,high,2026-01-31,https://markets.ft.com/data/equities/tearsheet/summary?s=4519:TYO,2026-01-31T00:00:00+00:00,ft-jp-2026-01-31,2026-01-31,,True
2026-01-31,JP:4523:TYO,JP:4523,4523:TYO,4523,Eisai Co Ltd,TSE,jp,topix500,Pharmaceuticals and Biotechnology,ft_icb_native,2026-01-31,Health Care,Pharmaceuticals and Biotechnology,ft_native_v2,ft_index_membership_filtered,0.95,high,2026-01-31,https://markets.ft.com/data/equities/tearsheet/summary?s=4523:TYO,2026-01-31T00:00:00+00:00,ft-jp-2026-01-31,2026-01-31,,True
2026-01-31,JP:4527:TYO,JP:4527,4527:TYO,4527,Rohto Pharmaceutical Co Ltd,TSE,jp,topix500,Pharmaceuticals and Biotechnology,ft_icb_native,2026-01-31,Health Care,Pharmaceuticals and Biotechnology,ft_native_v2,ft_index_membership_filtered,0.95,high,2026-01-31,https://markets.ft.com/data/equities/tearsheet/summary?s=4527:TYO,2026-01-31T00:00:00+00:00,ft-jp-2026-01-31,2026-01-31,,True
2026-01-31,JP:4528:TYO,JP:4528,4528:TYO,4528,Ono Pharmaceutical Co Ltd,TSE,jp,topix500,Pharmaceuticals and Biotechnology,ft_icb_native,2026-01-31,Health Care,Pharmaceuticals and Biotechnology,ft_native_v2,ft_index_membership_filtered,0.95,high,2026-01-31,https://markets.ft.com/data/equities/tearsheet/summary?s=4528:TYO,2026-01-31T00:00:00+00:00,ft-jp-2026-01-31,2026-01-31,,True
2026-01-31,JP:4530:TYO,JP:4530,4530:TYO,4530,Hisamitsu Pharmaceutical Co Inc,TSE,jp,topix500,Pharmaceuticals and Biotechnology,ft_icb_native,2026-01-31,Health Care,Pharmaceuticals and Biotechnology,ft_native_v2,ft_index_membership_filtered,0.95,high,2026-01-31,https://markets.ft.com/data/equities/tearsheet/summary?s=4530:TYO,2026-01-31T00:00:00+00:00,ft-jp-2026-01-31,2026-01-31,,True
2026-01-31,JP:4536:TYO,JP:4536,4536:TYO,4536,Santen Pharmaceutical Co Ltd,TSE,jp,topix500,Pharmaceuticals and Biotechnology,ft_icb_native,2026-01-31,Health Care,Pharmaceuticals and Biotechnology,ft_native_v2,ft_index_membership_filtered,0.95,high,2026-01-31,https://markets.ft.com/data/equities/tearsheet/summary?s=4536:TYO,2026-01-31T00:00:00+00:00,ft-jp-2026-01-31,2026-01-31,,True
2026-01-31,JP:4540:TYO,JP:4540,4540:TYO,4540,Tsumura & Co,TSE,jp,topix500,Pharmaceuticals and Biotechnology,ft_icb_native,2026-01-31,Health Care,Pharmaceuticals and Biotechnology,ft_native_v2,ft_index_membership_filtered,0.95,high,2026-01-31,https://markets.ft.com/data/equities/tearsheet/summary?s=4540:TYO,2026-01-31T00:00:00+00:00,ft-jp-2026-01-31,2026-01-31,,True
2026-01-31,JP:4543:TYO,JP:4543,4543:TYO,4543,Terumo Corp,TSE,jp,topix500,Medical Equipment and Services,ft_icb_native,2026-01-31,Health Care,Medical Equipment and Services,ft_native_v2,ft_index_membership_filtered,0.95,high,2026-01-31,https://markets.ft.com/data/equities/tearsheet/summary?s=4543:TYO,2026-01-31T00:00:00+00:00,ft-jp-2026-01-31,2026-01-31,,True
2026-01-31,JP:4544:TYO,JP:4544,4544:TYO,4544,H.U. Group Holdings Inc,TSE,jp,topix500,Medical Equipment and Services,ft_icb_native,2026-01-31,Health Care,Medical Equipment and Services,ft_native_v2,ft_index_membership_filtered,0.95,high,2026-01-31,https://markets.ft.com/data/equities/tearsheet/summary?s=4544:TYO,2026-01-31T00:00:00+00:00,ft-jp-2026-01-31,2026-01-31,,True
2026-01-31,JP:4568:TYO,JP:4568,4568:TYO,4568,Daiichi Sankyo Co Ltd,TSE,jp,topix500,Pharmaceuticals and Biotechnology,ft_icb_native,2026-01-31,Health Care,Pharmaceuticals and Biotechnology,ft_native_v2,ft_index_membership_filtered,0.95,high,2026-01-31,https://markets.ft.com/data/equities/tearsheet/summary?s=4568:TYO,2026-01-31T00:00:00+00:00,ft-jp-2026-01-31,2026-01-31,,True
2026-01-31,JP:4578:TYO,JP:4578,4578:TYO,4578,Otsuka Holdings Co Ltd,TSE,jp,topix500,Pharmaceuticals and Biotechnology,ft_icb_native,2026-01-31,Health Care,Pharmaceuticals and Biotechnology,ft_native_v2,ft_index_membership_filtered,0.95,high,2026-01-31,https://markets.ft.com/data/equities/tearsheet/summary?s=4578:TYO,2026-01-31T00:00:00+00:00,ft-jp-2026-01-31,2026-01-31,,True
2026-01-31,JP:4587:TYO,JP:4587,4587:TYO,4587,PeptiDream Inc,TSE,jp,topix500,Pharmaceuticals and Biotechnology,ft_icb_native,2026-01-31,Health Care,Pharmaceuticals and Biotechnology,ft_native_v2,ft_index_membership_filtered,0.95,high,2026-01-31,https://markets.ft.com/data/equities/tearsheet/summary?s=4587:TYO,2026-01-31T00:00:00+00:00,ft-jp-2026-01-31,2026-01-31,,True
2026-01-31,JP:4612:TYO,JP:4612,4612:TYO,4612,Nippon Paint Holdings Co Ltd,TSE,jp,topix500,General Industrials,ft_icb_native,2026-01-31,Industrials,General Industrials,ft_native_v2,ft_index_membership_filtered,0.95,high,2026-01-31,https://markets.ft.com/data/equities/tearsheet/summary?s=4612:TYO,2026-01-31T00:00:00+00:00,ft-jp-2026-01-31,2026-01-31,,True
2026-01-31,JP:4613:TYO,JP:4613,4613:TYO,4613,Kansai Paint Co Ltd,TSE,jp,topix500,General Industrials,ft_icb_native,2026-01-31,Industrials,General Industrials,ft_native_v2,ft_index_membership_filtered,0.95,high,2026-01-31,https://markets.ft.com/data/equities/tearsheet/summary?s=4613:TYO,2026-01-31T00:00:00+00:00,ft-jp-2026-01-31,2026-01-31,,True
2026-01-31,JP:4626:TYO,JP:4626,4626:TYO,4626,Taiyo Holdings Co Ltd,TSE,jp,topix500,Chemicals,ft_icb_native,2026-01-31,Basic Materials,Chemicals,ft_native_v2,ft_index_membership_filtered,0.95,high,2026-01-31,https://markets.ft.com/data/equities/tearsheet/summary?s=4626:TYO,2026-01-31T00:00:00+00:00,ft-jp-2026-01-31,2026-01-31,,True
2026-01-31,JP:4631:TYO,JP:4631,4631:TYO,4631,DIC Corp,TSE,jp,topix500,Chemicals,ft_icb_native,2026-01-31,Basic Materials,Chemicals,ft_native_v2,ft_index_membership_filtered,0.95,high,2026-01-31,https://markets.ft.com/data/equities/tearsheet/summary?s=4631:TYO,2026-01-31T00:00:00+00:00,ft-jp-2026-01-31,2026-01-31,,True
2026-01-31,JP:4661:TYO,JP:4661,4661:TYO,4661,Oriental Land Co Ltd,TSE,jp,topix500,Travel and Leisure,ft_icb_native,2026-01-31,Consumer Discretionary,Travel and Leisure,ft_native_v2,ft_index_membership_filtered,0.95,high,2026-01-31,https://markets.ft.com/data/equities/tearsheet/summary?s=4661:TYO,2026-01-31T00:00:00+00:00,ft-jp-2026-01-31,2026-01-31,,True
2026-01-31,JP:4665:TYO,JP:4665,4665:TYO,4665,Duskin Co Ltd,TSE,jp,topix500,Household Goods and Home Construction,ft_icb_native,2026-01-31,Consumer Discretionary,Household Goods and Home Construction,ft_native_v2,ft_index_membership_filtered,0.95,high,2026-01-31,https://markets.ft.com/data/equities/tearsheet/summary?s=4665:TYO,2026-01-31T00:00:00+00:00,ft-jp-2026-01-31,2026-01-31,,True
2026-01-31,JP:4666:TYO,JP:4666,4666:TYO,4666,Park24 Co Ltd,TSE,jp,topix500,Industrial Transportation,ft_icb_native,2026-01-31,Industrials,Industrial Transportation,ft_native_v2,ft_index_membership_filtered,0.95,high,2026-01-31,https://markets.ft.com/data/equities/tearsheet/summary?s=4666:TYO,2026-01-31T00:00:00+00:00,ft-jp-2026-01-31,2026-01-31,,True
2026-01-31,JP:4676:TYO,JP:4676,4676:TYO,4676,Fuji Media Holdings Inc,TSE,jp,topix500,Media,ft_icb_native,2026-01-31,Consumer Discretionary,Media,ft_native_v2,ft_index_membership_filtered,0.95,high,2026-01-31,https://markets.ft.com/data/equities/tearsheet/summary?s=4676:TYO,2026-01-31T00:00:00+00:00,ft-jp-2026-01-31,2026-01-31,,True
2026-01-31,JP:4680:TYO,JP:4680,4680:TYO,4680,Round One Corp,TSE,jp,topix500,Travel and Leisure,ft_icb_native,2026-01-31,Consumer Discretionary,Travel and Leisure,ft_native_v2,ft_index_membership_filtered,0.95,high,2026-01-31,https://markets.ft.com/data/equities/tearsheet/summary?s=4680:TYO,2026-01-31T00:00:00+00:00,ft-jp-2026-01-31,2026-01-31,,True
2026-01-31,JP:4681:TYO,JP:4681,4681:TYO,4681,Resorttrust Inc,TSE,jp,topix500,Travel and Leisure,ft_icb_native,2026-01-31,Consumer Discretionary,Travel and Leisure,ft_native_v2,ft_index_membership_filtered,0.95,high,2026-01-31,https://markets.ft.com/data/equities/tearsheet/summary?s=4681:TYO,2026-01-31T00:00:00+00:00,ft-jp-2026-01-31,2026-01-31,,True
2026-01-31,JP:4684:TYO,JP:4684,4684:TYO,4684,Obic Co Ltd,TSE,jp,topix500,Technology,ft_icb_native,2026-01-31,Technology,Technology,ft_native_v2,ft_index_membership_filtered,0.95,high,2026-01-31,https://markets.ft.com/data/equities/tearsheet/summary?s=4684:TYO,2026-01-31T00:00:00+00:00,ft-jp-2026-01-31,2026-01-31,,True
2026-01-31,JP:4689:TYO,JP:4689,4689:TYO,4689,LY Corp,TSE,jp,topix500,Technology,ft_icb_native,2026-01-31,Technology,Technology,ft_native_v2,ft_index_membership_filtered,0.95,high,2026-01-31,https://markets.ft.com/data/equities/tearsheet/summary?s=4689:TYO,2026-01-31T00:00:00+00:00,ft-jp-2026-01-31,2026-01-31,,True
2026-01-31,JP:4704:TYO,JP:4704,4704:TYO,4704,Trend Micro Inc,TSE,jp,topix500,Technology,ft_icb_native,2026-01-31,Technology,Technology,ft_native_v2,ft_index_membership_filtered,0.95,high,2026-01-31,https://markets.ft.com/data/equities/tearsheet/summary?s=4704:TYO,2026-01-31T00:00:00+00:00,ft-jp-2026-01-31,2026-01-31,,True
2026-01-31,JP:4716:TYO,JP:4716,4716:TYO,4716,Oracle Corp Japan,TSE,jp,topix500,Technology,ft_icb_native,2026-01-31,Technology,Technology,ft_native_v2,ft_index_membership_filtered,0.95,high,2026-01-31,https://markets.ft.com/data/equities/tearsheet/summary?s=4716:TYO,2026-01-31T00:00:00+00:00,ft-jp-2026-01-31,2026-01-31,,True
2026-01-31,JP:4732:TYO,JP:4732,4732:TYO,4732,USS Co Ltd,TSE,jp,topix500,Consumer Services,ft_icb_native,2026-01-31,Consumer Discretionary,Consumer Services,ft_native_v2,ft_index_membership_filtered,0.95,high,2026-01-31,https://markets.ft.com/data/equities/tearsheet/summary?s=4732:TYO,2026-01-31T00:00:00+00:00,ft-jp-2026-01-31,2026-01-31,,True
2026-01-31,JP:4733:TYO,JP:4733,4733:TYO,4733,Obic Business Consultants Co Ltd,TSE,jp,topix500,Technology,ft_icb_native,2026-01-31,Technology,Technology,ft_native_v2,ft_index_membership_filtered,0.95,high,2026-01-31,https://markets.ft.com/data/equities/tearsheet/summary?s=4733:TYO,2026-01-31T00:00:00+00:00,ft-jp-2026-01-31,2026-01-31,,True
2026-01-31,JP:4751:TYO,JP:4751,4751:TYO,4751,CyberAgent Inc,TSE,jp,topix500,Technology,ft_icb_native,2026-01-31,Technology,Technology,ft_native_v2,ft_index_membership_filtered,0.95,high,2026-01-31,https://markets.ft.com/data/equities/tearsheet/summary?s=4751:TYO,2026-01-31T00:00:00+00:00,ft-jp-2026-01-31,2026-01-31,,True
2026-01-31,JP:4755:TYO,JP:4755,4755:TYO,4755,Rakuten Group Inc,TSE,jp,topix500,Technology,ft_icb_native,2026-01-31,Technology,Technology,ft_native_v2,ft_index_membership_filtered,0.95,high,2026-01-31,https://markets.ft.com/data/equities/tearsheet/summary?s=4755:TYO,2026-01-31T00:00:00+00:00,ft-jp-2026-01-31,2026-01-31,,True
2026-01-31,JP:4768:TYO,JP:4768,4768:TYO,4768,Otsuka Corp,TSE,jp,topix500,Technology,ft_icb_native,2026-01-31,Technology,Technology,ft_native_v2,ft_index_membership_filtered,0.95,high,2026-01-31,https://markets.ft.com/data/equities/tearsheet/summary?s=4768:TYO,2026-01-31T00:00:00+00:00,ft-jp-2026-01-31,2026-01-31,,True
2026-01-31,JP:4887:TYO,JP:4887,4887:TYO,4887,Sawai Group Holdings Co Ltd,TSE,jp,topix500,Pharmaceuticals and Biotechnology,ft_icb_native,2026-01-31,Health Care,Pharmaceuticals and Biotechnology,ft_native_v2,ft_index_membership_filtered,0.95,high,2026-01-31,https://markets.ft.com/data/equities/tearsheet/summary?s=4887:TYO,2026-01-31T00:00:00+00:00,ft-jp-2026-01-31,2026-01-31,,True
2026-01-31,JP:4901:TYO,JP:4901,4901:TYO,4901,Fujifilm Holdings Corp,TSE,jp,topix500,Technology Hardware and Equipment,ft_icb_native,2026-01-31,Technology,Technology Hardware and Equipment,ft_native_v2,ft_index_membership_filtered,0.95,high,2026-01-31,https://markets.ft.com/data/equities/tearsheet/summary?s=4901:TYO,2026-01-31T00:00:00+00:00,ft-jp-2026-01-31,2026-01-31,,True
2026-01-31,JP:4902:TYO,JP:4902,4902:TYO,4902,Konica Minolta Inc,TSE,jp,topix500,Technology Hardware and Equipment,ft_icb_native,2026-01-31,Technology,Technology Hardware and Equipment,ft_native_v2,ft_index_membership_filtered,0.95,high,2026-01-31,https://markets.ft.com/data/equities/tearsheet/summary?s=4902:TYO,2026-01-31T00:00:00+00:00,ft-jp-2026-01-31,2026-01-31,,True
2026-01-31,JP:4911:TYO,JP:4911,4911:TYO,4911,Shiseido Co Ltd,TSE,jp,topix500,Personal Goods,ft_icb_native,2026-01-31,Consumer Discretionary,Personal Goods,ft_native_v2,ft_index_membership_filtered,0.95,high,2026-01-31,https://markets.ft.com/data/equities/tearsheet/summary?s=4911:TYO,2026-01-31T00:00:00+00:00,ft-jp-2026-01-31,2026-01-31,,True
2026-01-31,JP:4912:TYO,JP:4912,4912:TYO,4912,Lion Corp,TSE,jp,topix500,"Personal Care, Drug and Grocery Stores",ft_icb_native,2026-01-31,Consumer Staples,"Personal Care, Drug and Grocery Stores",ft_native_v2,ft_index_membership_filtered,0.95,high,2026-01-31,https://markets.ft.com/data/equities/tearsheet/summary?s=4912:TYO,2026-01-31T00:00:00+00:00,ft-jp-2026-01-31,2026-01-31,,True
2026-01-31,JP:4922:TYO,JP:4922,4922:TYO,4922,Kose Holdings Corp,TSE,jp,topix500,Personal Goods,ft_icb_native,2026-01-31,Consumer Discretionary,Personal Goods,ft_native_v2,ft_index_membership_filtered,0.95,high,2026-01-31,https://markets.ft.com/data/equities/tearsheet/summary?s=4922:TYO,2026-01-31T00:00:00+00:00,ft-jp-2026-01-31,2026-01-31,,True
2026-01-31,JP:4927:TYO,JP:4927,4927:TYO,4927,Pola Orbis Holdings Inc,TSE,jp,topix500,Personal Goods,ft_icb_native,2026-01-31,Consumer Discretionary,Personal Goods,ft_native_v2,ft_index_membership_filtered,0.95,high,2026-01-31,https://markets.ft.com/data/equities/tearsheet/summary?s=4927:TYO,2026-01-31T00:00:00+00:00,ft-jp-2026-01-31,2026-01-31,,True
2026-01-31,JP:4967:TYO,JP:4967,4967:TYO,4967,Kobayashi Pharmaceutical Co Ltd,TSE,jp,topix500,"Personal Care, Drug and Grocery Stores",ft_icb_native,2026-01-31,Consumer Staples,"Personal Care, Drug and Grocery Stores",ft_native_v2,ft_index_membership_filtered,0.95,high,2026-01-31,https://markets.ft.com/data/equities/tearsheet/summary?s=4967:TYO,2026-01-31T00:00:00+00:00,ft-jp-2026-01-31,2026-01-31,,True
2026-01-31,JP:4980:TYO,JP:4980,4980:TYO,4980,Dexerials Corp,TSE,jp,topix500,Technology Hardware and Equipment,ft_icb_native,2026-01-31,Technology,Technology Hardware and Equipment,ft_native_v2,ft_index_membership_filtered,0.95,high,2026-01-31,https://markets.ft.com/data/equities/tearsheet/summary?s=4980:TYO,2026-01-31T00:00:00+00:00,ft-jp-2026-01-31,2026-01-31,,True
2026-01-31,JP:5016:TYO,JP:5016,5016:TYO,5016,JX Advanced Metals Corp,TSE,jp,topix500,Industrial Metals and Mining,ft_icb_native,2026-01-31,Basic Materials,Industrial Metals and Mining,ft_native_v2,ft_index_membership_filtered,0.95,high,2026-01-31,https://markets.ft.com/data/equities/tearsheet/summary?s=5016:TYO,2026-01-31T00:00:00+00:00,ft-jp-2026-01-31,2026-01-31,,True
2026-01-31,JP:5019:TYO,JP:5019,5019:TYO,5019,Idemitsu Kosan Co Ltd,TSE,jp,topix500,"Oil, Gas and Coal",ft_icb_native,2026-01-31,Energy,"Oil, Gas and Coal",ft_native_v2,ft_index_membership_filtered,0.95,high,2026-01-31,https://markets.ft.com/data/equities/tearsheet/summary?s=5019:TYO,2026-01-31T00:00:00+00:00,ft-jp-2026-01-31,2026-01-31,,True
2026-01-31,JP:5020:TYO,JP:5020,5020:TYO,5020,ENEOS Holdings Inc,TSE,jp,topix500,"Oil, Gas and Coal",ft_icb_native,2026-01-31,Energy,"Oil, Gas and Coal",ft_native_v2,ft_index_membership_filtered,0.95,high,2026-01-31,https://markets.ft.com/data/equities/tearsheet/summary?s=5020:TYO,2026-01-31T00:00:00+00:00,ft-jp-2026-01-31,2026-01-31,,True
2026-01-31,JP:5021:TYO,JP:5021,5021:TYO,5021,Cosmo Energy Holdings Co Ltd,TSE,jp,topix500,"Oil, Gas and Coal",ft_icb_native,2026-01-31,Energy,"Oil, Gas and Coal",ft_native_v2,ft_index_membership_filtered,0.95,high,2026-01-31,https://markets.ft.com/data/equities/tearsheet/summary?s=5021:TYO,2026-01-31T00:00:00+00:00,ft-jp-2026-01-31,2026-01-31,,True
2026-01-31,JP:5076:TYO,JP:5076,5076:TYO,5076,Infroneer Holdings Inc,TSE,jp,topix500,Construction and Materials,ft_icb_native,2026-01-31,Industrials,Construction and Materials,ft_native_v2,ft_index_membership_filtered,0.95,high,2026-01-31,https://markets.ft.com/data/equities/tearsheet/summary?s=5076:TYO,2026-01-31T00:00:00+00:00,ft-jp-2026-01-31,2026-01-31,,True
2026-01-31,JP:5101:TYO,JP:5101,5101:TYO,5101,Yokohama Rubber Co Ltd,TSE,jp,topix500,Automobiles and Parts,ft_icb_native,2026-01-31,Consumer Discretionary,Automobiles and Parts,ft_native_v2,ft_index_membership_filtered,0.95,high,2026-01-31,https://markets.ft.com/data/equities/tearsheet/summary?s=5101:TYO,2026-01-31T00:00:00+00:00,ft-jp-2026-01-31,2026-01-31,,True
2026-01-31,JP:5105:TYO,JP:5105,5105:TYO,5105,Toyo Tire Corp,TSE,jp,topix500,Automobiles and Parts,ft_icb_native,2026-01-31,Consumer Discretionary,Automobiles and Parts,ft_native_v2,ft_index_membership_filtered,0.95,high,2026-01-31,https://markets.ft.com/data/equities/tearsheet/summary?s=5105:TYO,2026-01-31T00:00:00+00:00,ft-jp-2026-01-31,2026-01-31,,True
2026-01-31,JP:5108:TYO,JP:5108,5108:TYO,5108,Bridgestone Corp,TSE,jp,topix500,Automobiles and Parts,ft_icb_native,2026-01-31,Consumer Discretionary,Automobiles and Parts,ft_native_v2,ft_index_membership_filtered,0.95,high,2026-01-31,https://markets.ft.com/data/equities/tearsheet/summary?s=5108:TYO,2026-01-31T00:00:00+00:00,ft-jp-2026-01-31,2026-01-31,,True
2026-01-31,JP:5110:TYO,JP:5110,5110:TYO,5110,Sumitomo Rubber Industries Ltd,TSE,jp,topix500,Automobiles and Parts,ft_icb_native,2026-01-31,Consumer Discretionary,Automobiles and Parts,ft_native_v2,ft_index_membership_filtered,0.95,high,2026-01-31,https://markets.ft.com/data/equities/tearsheet/summary?s=5110:TYO,2026-01-31T00:00:00+00:00,ft-jp-2026-01-31,2026-01-31,,True
2026-01-31,JP:5201:TYO,JP:5201,5201:TYO,5201,AGC Inc,TSE,jp,topix500,General Industrials,ft_icb_native,2026-01-31,Industrials,General Industrials,ft_native_v2,ft_index_membership_filtered,0.95,high,2026-01-31,https://markets.ft.com/data/equities/tearsheet/summary?s=5201:TYO,2026-01-31T00:00:00+00:00,ft-jp-2026-01-31,2026-01-31,,True
2026-01-31,JP:5214:TYO,JP:5214,5214:TYO,5214,Nippon Electric Glass Co Ltd,TSE,jp,topix500,Technology Hardware and Equipment,ft_icb_native,2026-01-31,Technology,Technology Hardware and Equipment,ft_native_v2,ft_index_membership_filtered,0.95,high,2026-01-31,https://markets.ft.com/data/equities/tearsheet/summary?s=5214:TYO,2026-01-31T00:00:00+00:00,ft-jp-2026-01-31,2026-01-31,,True
2026-01-31,JP:5232:TYO,JP:5232,5232:TYO,5232,Sumitomo Osaka Cement Co Ltd,TSE,jp,topix500,Construction and Materials,ft_icb_native,2026-01-31,Industrials,Construction and Materials,ft_native_v2,ft_index_membership_filtered,0.95,high,2026-01-31,https://markets.ft.com/data/equities/tearsheet/summary?s=5232:TYO,2026-01-31T00:00:00+00:00,ft-jp-2026-01-31,2026-01-31,,True
2026-01-31,JP:5233:TYO,JP:5233,5233:TYO,5233,Taiheiyo Cement Corp,TSE,jp,topix500,Construction and Materials,ft_icb_native,2026-01-31,Industrials,Construction and Materials,ft_native_v2,ft_index_membership_filtered,0.95,high,2026-01-31,https://markets.ft.com/data/equities/tearsheet/summary?s=5233:TYO,2026-01-31T00:00:00+00:00,ft-jp-2026-01-31,2026-01-31,,True
2026-01-31,JP:5301:TYO,JP:5301,5301:TYO,5301,Tokai Carbon Co Ltd,TSE,jp,topix500,Chemicals,ft_icb_native,2026-01-31,Basic Materials,Chemicals,ft_native_v2,ft_index_membership_filtered,0.95,high,2026-01-31,https://markets.ft.com/data/equities/tearsheet/summary?s=5301:TYO,2026-01-31T00:00:00+00:00,ft-jp-2026-01-31,2026-01-31,,True
2026-01-31,JP:5332:TYO,JP:5332,5332:TYO,5332,TOTO Ltd,TSE,jp,topix500,Construction and Materials,ft_icb_native,2026-01-31,Industrials,Construction and Materials,ft_native_v2,ft_index_membership_filtered,0.95,high,2026-01-31,https://markets.ft.com/data/equities/tearsheet/summary?s=5332:TYO,2026-01-31T00:00:00+00:00,ft-jp-2026-01-31,2026-01-31,,True
2026-01-31,JP:5333:TYO,JP:5333,5333:TYO,5333,NGK Insulators Ltd,TSE,jp,topix500,Electronic and Electrical Equipment,ft_icb_native,2026-01-31,Industrials,Electronic and Electrical Equipment,ft_native_v2,ft_index_membership_filtered,0.95,high,2026-01-31,https://markets.ft.com/data/equities/tearsheet/summary?s=5333:TYO,2026-01-31T00:00:00+00:00,ft-jp-2026-01-31,2026-01-31,,True
2026-01-31,JP:5334:TYO,JP:5334,5334:TYO,5334,Niterra Co Ltd,TSE,jp,topix500,Automobiles and Parts,ft_icb_native,2026-01-31,Consumer Discretionary,Automobiles and Parts,ft_native_v2,ft_index_membership_filtered,0.95,high,2026-01-31,https://markets.ft.com/data/equities/tearsheet/summary?s=5334:TYO,2026-01-31T00:00:00+00:00,ft-jp-2026-01-31,2026-01-31,,True
2026-01-31,JP:5344:TYO,JP:5344,5344:TYO,5344,MARUWA Co Ltd,TSE,jp,topix500,Electronic and Electrical Equipment,ft_icb_native,2026-01-31,Industrials,Electronic and Electrical Equipment,ft_native_v2,ft_index_membership_filtered,0.95,high,2026-01-31,https://markets.ft.com/data/equities/tearsheet/summary?s=5344:TYO,2026-01-31T00:00:00+00:00,ft-jp-2026-01-31,2026-01-31,,True
2026-01-31,JP:5393:TYO,JP:5393,5393:TYO,5393,Nichias Corp,TSE,jp,topix500,Industrial Support Services,ft_icb_native,2026-01-31,Industrials,Industrial Support Services,ft_native_v2,ft_index_membership_filtered,0.95,high,2026-01-31,https://markets.ft.com/data/equities/tearsheet/summary?s=5393:TYO,2026-01-31T00:00:00+00:00,ft-jp-2026-01-31,2026-01-31,,True
2026-01-31,JP:5401:TYO,JP:5401,5401:TYO,5401,Nippon Steel Corp,TSE,jp,topix500,Industrial Metals and Mining,ft_icb_native,2026-01-31,Basic Materials,Industrial Metals and Mining,ft_native_v2,ft_index_membership_filtered,0.95,high,2026-01-31,https://markets.ft.com/data/equities/tearsheet/summary?s=5401:TYO,2026-01-31T00:00:00+00:00,ft-jp-2026-01-31,2026-01-31,,True
2026-01-31,JP:5406:TYO,JP:5406,5406:TYO,5406,Kobe Steel Ltd,TSE,jp,topix500,Industrial Metals and Mining,ft_icb_native,2026-01-31,Basic Materials,Industrial Metals and Mining,ft_native_v2,ft_index_membership_filtered,0.95,high,2026-01-31,https://markets.ft.com/data/equities/tearsheet/summary?s=5406:TYO,2026-01-31T00:00:00+00:00,ft-jp-2026-01-31,2026-01-31,,True
2026-01-31,JP:5411:TYO,JP:5411,5411:TYO,5411,JFE Holdings Inc,TSE,jp,topix500,Industrial Metals and Mining,ft_icb_native,2026-01-31,Basic Materials,Industrial Metals and Mining,ft_native_v2,ft_index_membership_filtered,0.95,high,2026-01-31,https://markets.ft.com/data/equities/tearsheet/summary?s=5411:TYO,2026-01-31T00:00:00+00:00,ft-jp-2026-01-31,2026-01-31,,True
2026-01-31,JP:5444:TYO,JP:5444,5444:TYO,5444,Yamato Kogyo Co Ltd,TSE,jp,topix500,Industrial Metals and Mining,ft_icb_native,2026-01-31,Basic Materials,Industrial Metals and Mining,ft_native_v2,ft_index_membership_filtered,0.95,high,2026-01-31,https://markets.ft.com/data/equities/tearsheet/summary?s=5444:TYO,2026-01-31T00:00:00+00:00,ft-jp-2026-01-31,2026-01-31,,True
2026-01-31,JP:5463:TYO,JP:5463,5463:TYO,5463,Maruichi Steel Tube Ltd,TSE,jp,topix500,Industrial Metals and Mining,ft_icb_native,2026-01-31,Basic Materials,Industrial Metals and Mining,ft_native_v2,ft_index_membership_filtered,0.95,high,2026-01-31,https://markets.ft.com/data/equities/tearsheet/summary?s=5463:TYO,2026-01-31T00:00:00+00:00,ft-jp-2026-01-31,2026-01-31,,True
2026-01-31,JP:5471:TYO,JP:5471,5471:TYO,5471,Daido Steel Co Ltd,TSE,jp,topix500,Industrial Metals and Mining,ft_icb_native,2026-01-31,Basic Materials,Industrial Metals and Mining,ft_native_v2,ft_index_membership_filtered,0.95,high,2026-01-31,https://markets.ft.com/data/equities/tearsheet/summary?s=5471:TYO,2026-01-31T00:00:00+00:00,ft-jp-2026-01-31,2026-01-31,,True
2026-01-31,JP:5631:TYO,JP:5631,5631:TYO,5631,Japan Steel Works Ltd,TSE,jp,topix500,Industrial Engineering,ft_icb_native,2026-01-31,Industrials,Industrial Engineering,ft_native_v2,ft_index_membership_filtered,0.95,high,2026-01-31,https://markets.ft.com/data/equities/tearsheet/summary?s=5631:TYO,2026-01-31T00:00:00+00:00,ft-jp-2026-01-31,2026-01-31,,True
2026-01-31,JP:5706:TYO,JP:5706,5706:TYO,5706,Mitsui Kinzoku Co Ltd,TSE,jp,topix500,Industrial Metals and Mining,ft_icb_native,2026-01-31,Basic Materials,Industrial Metals and Mining,ft_native_v2,ft_index_membership_filtered,0.95,high,2026-01-31,https://markets.ft.com/data/equities/tearsheet/summary?s=5706:TYO,2026-01-31T00:00:00+00:00,ft-jp-2026-01-31,2026-01-31,,True
2026-01-31,JP:5711:TYO,JP:5711,5711:TYO,5711,Mitsubishi Materials Corp,TSE,jp,topix500,General Industrials,ft_icb_native,2026-01-31,Industrials,General Industrials,ft_native_v2,ft_index_membership_filtered,0.95,high,2026-01-31,https://markets.ft.com/data/equities/tearsheet/summary?s=5711:TYO,2026-01-31T00:00:00+00:00,ft-jp-2026-01-31,2026-01-31,,True
2026-01-31,JP:5713:TYO,JP:5713,5713:TYO,5713,Sumitomo Metal Mining Co Ltd,TSE,jp,topix500,Industrial Metals and Mining,ft_icb_native,2026-01-31,Basic Materials,Industrial Metals and Mining,ft_native_v2,ft_index_membership_filtered,0.95,high,2026-01-31,https://markets.ft.com/data/equities/tearsheet/summary?s=5713:TYO,2026-01-31T00:00:00+00:00,ft-jp-2026-01-31,2026-01-31,,True
2026-01-31,JP:5714:TYO,JP:5714,5714:TYO,5714,DOWA Holdings Co Ltd,TSE,jp,topix500,Industrial Metals and Mining,ft_icb_native,2026-01-31,Basic Materials,Industrial Metals and Mining,ft_native_v2,ft_index_membership_filtered,0.95,high,2026-01-31,https://markets.ft.com/data/equities/tearsheet/summary?s=5714:TYO,2026-01-31T00:00:00+00:00,ft-jp-2026-01-31,2026-01-31,,True
2026-01-31,JP:5801:TYO,JP:5801,5801:TYO,5801,Furukawa Electric Co Ltd,TSE,jp,topix500,Electronic and Electrical Equipment,ft_icb_native,2026-01-31,Industrials,Electronic and Electrical Equipment,ft_native_v2,ft_index_membership_filtered,0.95,high,2026-01-31,https://markets.ft.com/data/equities/tearsheet/summary?s=5801:TYO,2026-01-31T00:00:00+00:00,ft-jp-2026-01-31,2026-01-31,,True
2026-01-31,JP:5802:TYO,JP:5802,5802:TYO,5802,Sumitomo Electric Industries Ltd,TSE,jp,topix500,Automobiles and Parts,ft_icb_native,2026-01-31,Consumer Discretionary,Automobiles and Parts,ft_native_v2,ft_index_membership_filtered,0.95,high,2026-01-31,https://markets.ft.com/data/equities/tearsheet/summary?s=5802:TYO,2026-01-31T00:00:00+00:00,ft-jp-2026-01-31,2026-01-31,,True
2026-01-31,JP:5803:TYO,JP:5803,5803:TYO,5803,Fujikura Ltd,TSE,jp,topix500,Electronic and Electrical Equipment,ft_icb_native,2026-01-31,Industrials,Electronic and Electrical Equipment,ft_native_v2,ft_index_membership_filtered,0.95,high,2026-01-31,https://markets.ft.com/data/equities/tearsheet/summary?s=5803:TYO,2026-01-31T00:00:00+00:00,ft-jp-2026-01-31,2026-01-31,,True
2026-01-31,JP:5830:TYO,JP:5830,5830:TYO,5830,Iyogin Holdings Inc,TSE,jp,topix500,Banks,ft_icb_native,2026-01-31,Financials,Banks,ft_native_v2,ft_index_membership_filtered,0.95,high,2026-01-31,https://markets.ft.com/data/equities/tearsheet/summary?s=5830:TYO,2026-01-31T00:00:00+00:00,ft-jp-2026-01-31,2026-01-31,,True
2026-01-31,JP:5831:TYO,JP:5831,5831:TYO,5831,Shizuoka Financial Group Inc,TSE,jp,topix500,Banks,ft_icb_native,2026-01-31,Financials,Banks,ft_native_v2,ft_index_membership_filtered,0.95,high,2026-01-31,https://markets.ft.com/data/equities/tearsheet/summary?s=5831:TYO,2026-01-31T00:00:00+00:00,ft-jp-2026-01-31,2026-01-31,,True
2026-01-31,JP:5832:TYO,JP:5832,5832:TYO,5832,Chugin Financial Group Inc,TSE,jp,topix500,Banks,ft_icb_native,2026-01-31,Financials,Banks,ft_native_v2,ft_index_membership_filtered,0.95,high,2026-01-31,https://markets.ft.com/data/equities/tearsheet/summary?s=5832:TYO,2026-01-31T00:00:00+00:00,ft-jp-2026-01-31,2026-01-31,,True
2026-01-31,JP:5838:TYO,JP:5838,5838:TYO,5838,Rakuten Bank Ltd,TSE,jp,topix500,Banks,ft_icb_native,2026-01-31,Financials,Banks,ft_native_v2,ft_index_membership_filtered,0.95,high,2026-01-31,https://markets.ft.com/data/equities/tearsheet/summary?s=5838:TYO,2026-01-31T00:00:00+00:00,ft-jp-2026-01-31,2026-01-31,,True
2026-01-31,JP:5844:TYO,JP:5844,5844:TYO,5844,Kyoto Financial Group Inc,TSE,jp,topix500,Banks,ft_icb_native,2026-01-31,Financials,Banks,ft_native_v2,ft_index_membership_filtered,0.95,high,2026-01-31,https://markets.ft.com/data/equities/tearsheet/summary?s=5844:TYO,2026-01-31T00:00:00+00:00,ft-jp-2026-01-31,2026-01-31,,True
2026-01-31,JP:5901:TYO,JP:5901,5901:TYO,5901,Toyo Seikan Group Holdings Ltd,TSE,jp,topix500,General Industrials,ft_icb_native,2026-01-31,Industrials,General Industrials,ft_native_v2,ft_index_membership_filtered,0.95,high,2026-01-31,https://markets.ft.com/data/equities/tearsheet/summary?s=5901:TYO,2026-01-31T00:00:00+00:00,ft-jp-2026-01-31,2026-01-31,,True
2026-01-31,JP:5929:TYO,JP:5929,5929:TYO,5929,Sanwa Holdings Corp,TSE,jp,topix500,Construction and Materials,ft_icb_native,2026-01-31,Industrials,Construction and Materials,ft_native_v2,ft_index_membership_filtered,0.95,high,2026-01-31,https://markets.ft.com/data/equities/tearsheet/summary?s=5929:TYO,2026-01-31T00:00:00+00:00,ft-jp-2026-01-31,2026-01-31,,True
2026-01-31,JP:5938:TYO,JP:5938,5938:TYO,5938,LIXIL Corp,TSE,jp,topix500,Construction and Materials,ft_icb_native,2026-01-31,Industrials,Construction and Materials,ft_native_v2,ft_index_membership_filtered,0.95,high,2026-01-31,https://markets.ft.com/data/equities/tearsheet/summary?s=5938:TYO,2026-01-31T00:00:00+00:00,ft-jp-2026-01-31,2026-01-31,,True
2026-01-31,JP:5947:TYO,JP:5947,5947:TYO,5947,Rinnai Corp,TSE,jp,topix500,Household Goods and Home Construction,ft_icb_native,2026-01-31,Consumer Discretionary,Household Goods and Home Construction,ft_native_v2,ft_index_membership_filtered,0.95,high,2026-01-31,https://markets.ft.com/data/equities/tearsheet/summary?s=5947:TYO,2026-01-31T00:00:00+00:00,ft-jp-2026-01-31,2026-01-31,,True
2026-01-31,JP:5991:TYO,JP:5991,5991:TYO,5991,NHK Spring Co Ltd,TSE,jp,topix500,Automobiles and Parts,ft_icb_native,2026-01-31,Consumer Discretionary,Automobiles and Parts,ft_native_v2,ft_index_membership_filtered,0.95,high,2026-01-31,https://markets.ft.com/data/equities/tearsheet/summary?s=5991:TYO,2026-01-31T00:00:00+00:00,ft-jp-2026-01-31,2026-01-31,,True
2026-01-31,JP:6005:TYO,JP:6005,6005:TYO,6005,Miura Co Ltd,TSE,jp,topix500,Industrial Engineering,ft_icb_native,2026-01-31,Industrials,Industrial Engineering,ft_native_v2,ft_index_membership_filtered,0.95,high,2026-01-31,https://markets.ft.com/data/equities/tearsheet/summary?s=6005:TYO,2026-01-31T00:00:00+00:00,ft-jp-2026-01-31,2026-01-31,,True
2026-01-31,JP:6098:TYO,JP:6098,6098:TYO,6098,Recruit Holdings Co Ltd,TSE,jp,topix500,Industrial Support Services,ft_icb_native,2026-01-31,Industrials,Industrial Support Services,ft_native_v2,ft_index_membership_filtered,0.95,high,2026-01-31,https://markets.ft.com/data/equities/tearsheet/summary?s=6098:TYO,2026-01-31T00:00:00+00:00,ft-jp-2026-01-31,2026-01-31,,True
2026-01-31,JP:6113:TYO,JP:6113,6113:TYO,6113,Amada Co Ltd,TSE,jp,topix500,Industrial Engineering,ft_icb_native,2026-01-31,Industrials,Industrial Engineering,ft_native_v2,ft_index_membership_filtered,0.95,high,2026-01-31,https://markets.ft.com/data/equities/tearsheet/summary?s=6113:TYO,2026-01-31T00:00:00+00:00,ft-jp-2026-01-31,2026-01-31,,True
2026-01-31,JP:6134:TYO,JP:6134,6134:TYO,6134,Fuji Corp (Aichi),TSE,jp,topix500,Industrial Engineering,ft_icb_native,2026-01-31,Industrials,Industrial Engineering,ft_native_v2,ft_index_membership_filtered,0.95,high,2026-01-31,https://markets.ft.com/data/equities/tearsheet/summary?s=6134:TYO,2026-01-31T00:00:00+00:00,ft-jp-2026-01-31,2026-01-31,,True
2026-01-31,JP:6136:TYO,JP:6136,6136:TYO,6136,OSG Corp,TSE,jp,topix500,Industrial Engineering,ft_icb_native,2026-01-31,Industrials,Industrial Engineering,ft_native_v2,ft_index_membership_filtered,0.95,high,2026-01-31,https://markets.ft.com/data/equities/tearsheet/summary?s=6136:TYO,2026-01-31T00:00:00+00:00,ft-jp-2026-01-31,2026-01-31,,True
2026-01-31,JP:6141:TYO,JP:6141,6141:TYO,6141,DMG Mori Co Ltd,TSE,jp,topix500,Industrial Engineering,ft_icb_native,2026-01-31,Industrials,Industrial Engineering,ft_native_v2,ft_index_membership_filtered,0.95,high,2026-01-31,https://markets.ft.com/data/equities/tearsheet/summary?s=6141:TYO,2026-01-31T00:00:00+00:00,ft-jp-2026-01-31,2026-01-31,,True
2026-01-31,JP:6146:TYO,JP:6146,6146:TYO,6146,Disco Corp,TSE,jp,topix500,Technology Hardware and Equipment,ft_icb_native,2026-01-31,Technology,Technology Hardware and Equipment,ft_native_v2,ft_index_membership_filtered,0.95,high,2026-01-31,https://markets.ft.com/data/equities/tearsheet/summary?s=6146:TYO,2026-01-31T00:00:00+00:00,ft-jp-2026-01-31,2026-01-31,,True
2026-01-31,JP:6178:TYO,JP:6178,6178:TYO,6178,Japan Post Holdings Co Ltd,TSE,jp,topix500,Life Insurance,ft_icb_native,2026-01-31,Financials,Life Insurance,ft_native_v2,ft_index_membership_filtered,0.95,high,2026-01-31,https://markets.ft.com/data/equities/tearsheet/summary?s=6178:TYO,2026-01-31T00:00:00+00:00,ft-jp-2026-01-31,2026-01-31,,True
2026-01-31,JP:6201:TYO,JP:6201,6201:TYO,6201,Toyota Industries Corp,TSE,jp,topix500,Automobiles and Parts,ft_icb_native,2026-01-31,Consumer Discretionary,Automobiles and Parts,ft_native_v2,ft_index_membership_filtered,0.95,high,2026-01-31,https://markets.ft.com/data/equities/tearsheet/summary?s=6201:TYO,2026-01-31T00:00:00+00:00,ft-jp-2026-01-31,2026-01-31,,True
2026-01-31,JP:6268:TYO,JP:6268,6268:TYO,6268,Nabtesco Corp,TSE,jp,topix500,Industrial Engineering,ft_icb_native,2026-01-31,Industrials,Industrial Engineering,ft_native_v2,ft_index_membership_filtered,0.95,high,2026-01-31,https://markets.ft.com/data/equities/tearsheet/summary?s=6268:TYO,2026-01-31T00:00:00+00:00,ft-jp-2026-01-31,2026-01-31,,True
2026-01-31,JP:6269:TYO,JP:6269,6269:TYO,6269,Modec Inc,TSE,jp,topix500,"Oil, Gas and Coal",ft_icb_native,2026-01-31,Energy,"Oil, Gas and Coal",ft_native_v2,ft_index_membership_filtered,0.95,high,2026-01-31,https://markets.ft.com/data/equities/tearsheet/summary?s=6269:TYO,2026-01-31T00:00:00+00:00,ft-jp-2026-01-31,2026-01-31,,True
2026-01-31,JP:6273:TYO,JP:6273,6273:TYO,6273,SMC Corp,TSE,jp,topix500,Industrial Engineering,ft_icb_native,2026-01-31,Industrials,Industrial Engineering,ft_native_v2,ft_index_membership_filtered,0.95,high,2026-01-31,https://markets.ft.com/data/equities/tearsheet/summary?s=6273:TYO,2026-01-31T00:00:00+00:00,ft-jp-2026-01-31,2026-01-31,,True
2026-01-31,JP:6301:TYO,JP:6301,6301:TYO,6301,Komatsu Ltd,TSE,jp,topix500,Industrial Engineering,ft_icb_native,2026-01-31,Industrials,Industrial Engineering,ft_native_v2,ft_index_membership_filtered,0.95,high,2026-01-31,https://markets.ft.com/data/equities/tearsheet/summary?s=6301:TYO,2026-01-31T00:00:00+00:00,ft-jp-2026-01-31,2026-01-31,,True
2026-01-31,JP:6302:TYO,JP:6302,6302:TYO,6302,Sumitomo Heavy Industries Ltd,TSE,jp,topix500,Industrial Engineering,ft_icb_native,2026-01-31,Industrials,Industrial Engineering,ft_native_v2,ft_index_membership_filtered,0.95,high,2026-01-31,https://markets.ft.com/data/equities/tearsheet/summary?s=6302:TYO,2026-01-31T00:00:00+00:00,ft-jp-2026-01-31,2026-01-31,,True
2026-01-31,JP:6305:TYO,JP:6305,6305:TYO,6305,Hitachi Construction Machinery Co Ltd,TSE,jp,topix500,Industrial Engineering,ft_icb_native,2026-01-31,Industrials,Industrial Engineering,ft_native_v2,ft_index_membership_filtered,0.95,high,2026-01-31,https://markets.ft.com/data/equities/tearsheet/summary?s=6305:TYO,2026-01-31T00:00:00+00:00,ft-jp-2026-01-31,2026-01-31,,True
2026-01-31,JP:6323:TYO,JP:6323,6323:TYO,6323,Rorze Corp,TSE,jp,topix500,Technology Hardware and Equipment,ft_icb_native,2026-01-31,Technology,Technology Hardware and Equipment,ft_native_v2,ft_index_membership_filtered,0.95,high,2026-01-31,https://markets.ft.com/data/equities/tearsheet/summary?s=6323:TYO,2026-01-31T00:00:00+00:00,ft-jp-2026-01-31,2026-01-31,,True
2026-01-31,JP:6326:TYO,JP:6326,6326:TYO,6326,Kubota Corp,TSE,jp,topix500,Industrial Engineering,ft_icb_native,2026-01-31,Industrials,Industrial Engineering,ft_native_v2,ft_index_membership_filtered,0.95,high,2026-01-31,https://markets.ft.com/data/equities/tearsheet/summary?s=6326:TYO,2026-01-31T00:00:00+00:00,ft-jp-2026-01-31,2026-01-31,,True
2026-01-31,JP:6361:TYO,JP:6361,6361:TYO,6361,Ebara Corp,TSE,jp,topix500,Industrial Engineering,ft_icb_native,2026-01-31,Industrials,Industrial Engineering,ft_native_v2,ft_index_membership_filtered,0.95,high,2026-01-31,https://markets.ft.com/data/equities/tearsheet/summary?s=6361:TYO,2026-01-31T00:00:00+00:00,ft-jp-2026-01-31,2026-01-31,,True
2026-01-31,JP:6367:TYO,JP:6367,6367:TYO,6367,Daikin Industries Ltd,TSE,jp,topix500,Construction and Materials,ft_icb_native,2026-01-31,Industrials,Construction and Materials,ft_native_v2,ft_index_membership_filtered,0.95,high,2026-01-31,https://markets.ft.com/data/equities/tearsheet/summary?s=6367:TYO,2026-01-31T00:00:00+00:00,ft-jp-2026-01-31,2026-01-31,,True
2026-01-31,JP:6368:TYO,JP:6368,6368:TYO,6368,Organo Corp,TSE,jp,topix500,Electronic and Electrical Equipment,ft_icb_native,2026-01-31,Industrials,Electronic and Electrical Equipment,ft_native_v2,ft_index_membership_filtered,0.95,high,2026-01-31,https://markets.ft.com/data/equities/tearsheet/summary?s=6368:TYO,2026-01-31T00:00:00+00:00,ft-jp-2026-01-31,2026-01-31,,True
2026-01-31,JP:6370:TYO,JP:6370,6370:TYO,6370,Kurita Water Industries Ltd,TSE,jp,topix500,Electronic and Electrical Equipment,ft_icb_native,2026-01-31,Industrials,Electronic and Electrical Equipment,ft_native_v2,ft_index_membership_filtered,0.95,high,2026-01-31,https://markets.ft.com/data/equities/tearsheet/summary?s=6370:TYO,2026-01-31T00:00:00+00:00,ft-jp-2026-01-31,2026-01-31,,True
2026-01-31,JP:6383:TYO,JP:6383,6383:TYO,6383,Daifuku Co Ltd,TSE,jp,topix500,Industrial Engineering,ft_icb_native,2026-01-31,Industrials,Industrial Engineering,ft_native_v2,ft_index_membership_filtered,0.95,high,2026-01-31,https://markets.ft.com/data/equities/tearsheet/summary?s=6383:TYO,2026-01-31T00:00:00+00:00,ft-jp-2026-01-31,2026-01-31,,True
2026-01-31,JP:6406:TYO,JP:6406,6406:TYO,6406,Fujitec Co Ltd,TSE,jp,topix500,Industrial Engineering,ft_icb_native,2026-01-31,Industrials,Industrial Engineering,ft_native_v2,ft_index_membership_filtered,0.95,high,2026-01-31,https://markets.ft.com/data/equities/tearsheet/summary?s=6406:TYO,2026-01-31T00:00:00+00:00,ft-jp-2026-01-31,2026-01-31,,True
2026-01-31,JP:6417:TYO,JP:6417,6417:TYO,6417,Sankyo Co Ltd,TSE,jp,topix500,Travel and Leisure,ft_icb_native,2026-01-31,Consumer Discretionary,Travel and Leisure,ft_native_v2,ft_index_membership_filtered,0.95,high,2026-01-31,https://markets.ft.com/data/equities/tearsheet/summary?s=6417:TYO,2026-01-31T00:00:00+00:00,ft-jp-2026-01-31,2026-01-31,,True
2026-01-31,JP:6436:TYO,JP:6436,6436:TYO,6436,Amano Corp,TSE,jp,topix500,Electronic and Electrical Equipment,ft_icb_native,2026-01-31,Industrials,Electronic and Electrical Equipment,ft_native_v2,ft_index_membership_filtered,0.95,high,2026-01-31,https://markets.ft.com/data/equities/tearsheet/summary?s=6436:TYO,2026-01-31T00:00:00+00:00,ft-jp-2026-01-31,2026-01-31,,True
2026-01-31,JP:6448:TYO,JP:6448,6448:TYO,6448,Brother Industries Ltd,TSE,jp,topix500,Technology Hardware and Equipment,ft_icb_native,2026-01-31,Technology,Technology Hardware and Equipment,ft_native_v2,ft_index_membership_filtered,0.95,high,2026-01-31,https://markets.ft.com/data/equities/tearsheet/summary?s=6448:TYO,2026-01-31T00:00:00+00:00,ft-jp-2026-01-31,2026-01-31,,True
2026-01-31,JP:6457:TYO,JP:6457,6457:TYO,6457,Glory Ltd,TSE,jp,topix500,Industrial Engineering,ft_icb_native,2026-01-31,Industrials,Industrial Engineering,ft_native_v2,ft_index_membership_filtered,0.95,high,2026-01-31,https://markets.ft.com/data/equities/tearsheet/summary?s=6457:TYO,2026-01-31T00:00:00+00:00,ft-jp-2026-01-31,2026-01-31,,True
2026-01-31,JP:6460:TYO,JP:6460,6460:TYO,6460,Sega Sammy Holdings Inc,TSE,jp,topix500,Leisure Goods,ft_icb_native,2026-01-31,Consumer Discretionary,Leisure Goods,ft_native_v2,ft_index_membership_filtered,0.95,high,2026-01-31,https://markets.ft.com/data/equities/tearsheet/summary?s=6460:TYO,2026-01-31T00:00:00+00:00,ft-jp-2026-01-31,2026-01-31,,True
2026-01-31,JP:6465:TYO,JP:6465,6465:TYO,6465,Hoshizaki Corp,TSE,jp,topix500,Industrial Engineering,ft_icb_native,2026-01-31,Industrials,Industrial Engineering,ft_native_v2,ft_index_membership_filtered,0.95,high,2026-01-31,https://markets.ft.com/data/equities/tearsheet/summary?s=6465:TYO,2026-01-31T00:00:00+00:00,ft-jp-2026-01-31,2026-01-31,,True
2026-01-31,JP:6471:TYO,JP:6471,6471:TYO,6471,NSK Ltd,TSE,jp,topix500,Automobiles and Parts,ft_icb_native,2026-01-31,Consumer Discretionary,Automobiles and Parts,ft_native_v2,ft_index_membership_filtered,0.95,high,2026-01-31,https://markets.ft.com/data/equities/tearsheet/summary?s=6471:TYO,2026-01-31T00:00:00+00:00,ft-jp-2026-01-31,2026-01-31,,True
2026-01-31,JP:6472:TYO,JP:6472,6472:TYO,6472,NTN Corp,TSE,jp,topix500,Automobiles and Parts,ft_icb_native,2026-01-31,Consumer Discretionary,Automobiles and Parts,ft_native_v2,ft_index_membership_filtered,0.95,high,2026-01-31,https://markets.ft.com/data/equities/tearsheet/summary?s=6472:TYO,2026-01-31T00:00:00+00:00,ft-jp-2026-01-31,2026-01-31,,True
2026-01-31,JP:6473:TYO,JP:6473,6473:TYO,6473,JTEKT Corp,TSE,jp,topix500,Automobiles and Parts,ft_icb_native,2026-01-31,Consumer Discretionary,Automobiles and Parts,ft_native_v2,ft_index_membership_filtered,0.95,high,2026-01-31,https://markets.ft.com/data/equities/tearsheet/summary?s=6473:TYO,2026-01-31T00:00:00+00:00,ft-jp-2026-01-31,2026-01-31,,True
2026-01-31,JP:6479:TYO,JP:6479,6479:TYO,6479,Minebea Mitsumi Inc,TSE,jp,topix500,Technology Hardware and Equipment,ft_icb_native,2026-01-31,Technology,Technology Hardware and Equipment,ft_native_v2,ft_index_membership_filtered,0.95,high,2026-01-31,https://markets.ft.com/data/equities/tearsheet/summary?s=6479:TYO,2026-01-31T00:00:00+00:00,ft-jp-2026-01-31,2026-01-31,,True
2026-01-31,JP:6481:TYO,JP:6481,6481:TYO,6481,THK Co Ltd,TSE,jp,topix500,Industrial Engineering,ft_icb_native,2026-01-31,Industrials,Industrial Engineering,ft_native_v2,ft_index_membership_filtered,0.95,high,2026-01-31,https://markets.ft.com/data/equities/tearsheet/summary?s=6481:TYO,2026-01-31T00:00:00+00:00,ft-jp-2026-01-31,2026-01-31,,True
2026-01-31,JP:6501:TYO,JP:6501,6501:TYO,6501,Hitachi Ltd,TSE,jp,topix500,General Industrials,ft_icb_native,2026-01-31,Industrials,General Industrials,ft_native_v2,ft_index_membership_filtered,0.95,high,2026-01-31,https://markets.ft.com/data/equities/tearsheet/summary?s=6501:TYO,2026-01-31T00:00:00+00:00,ft-jp-2026-01-31,2026-01-31,,True
2026-01-31,JP:6503:TYO,JP:6503,6503:TYO,6503,Mitsubishi Electric Corp,TSE,jp,topix500,General Industrials,ft_icb_native,2026-01-31,Industrials,General Industrials,ft_native_v2,ft_index_membership_filtered,0.95,high,2026-01-31,https://markets.ft.com/data/equities/tearsheet/summary?s=6503:TYO,2026-01-31T00:00:00+00:00,ft-jp-2026-01-31,2026-01-31,,True
2026-01-31,JP:6504:TYO,JP:6504,6504:TYO,6504,Fuji Electric Co Ltd,TSE,jp,topix500,Electronic and Electrical Equipment,ft_icb_native,2026-01-31,Industrials,Electronic and Electrical Equipment,ft_native_v2,ft_index_membership_filtered,0.95,high,2026-01-31,https://markets.ft.com/data/equities/tearsheet/summary?s=6504:TYO,2026-01-31T00:00:00+00:00,ft-jp-2026-01-31,2026-01-31,,True
2026-01-31,JP:6506:TYO,JP:6506,6506:TYO,6506,Yaskawa Electric Corp,TSE,jp,topix500,Industrial Engineering,ft_icb_native,2026-01-31,Industrials,Industrial Engineering,ft_native_v2,ft_index_membership_filtered,0.95,high,2026-01-31,https://markets.ft.com/data/equities/tearsheet/summary?s=6506:TYO,2026-01-31T00:00:00+00:00,ft-jp-2026-01-31,2026-01-31,,True
2026-01-31,JP:6525:TYO,JP:6525,6525:TYO,6525,Kokusai Electric Corp,TSE,jp,topix500,Technology Hardware and Equipment,ft_icb_native,2026-01-31,Technology,Technology Hardware and Equipment,ft_native_v2,ft_index_membership_filtered,0.95,high,2026-01-31,https://markets.ft.com/data/equities/tearsheet/summary?s=6525:TYO,2026-01-31T00:00:00+00:00,ft-jp-2026-01-31,2026-01-31,,True
2026-01-31,JP:6526:TYO,JP:6526,6526:TYO,6526,Socionext Inc,TSE,jp,topix500,Technology Hardware and Equipment,ft_icb_native,2026-01-31,Technology,Technology Hardware and Equipment,ft_native_v2,ft_index_membership_filtered,0.95,high,2026-01-31,https://markets.ft.com/data/equities/tearsheet/summary?s=6526:TYO,2026-01-31T00:00:00+00:00,ft-jp-2026-01-31,2026-01-31,,True
2026-01-31,JP:6532:TYO,JP:6532,6532:TYO,6532,BayCurrent Inc,TSE,jp,topix500,Industrial Support Services,ft_icb_native,2026-01-31,Industrials,Industrial Support Services,ft_native_v2,ft_index_membership_filtered,0.95,high,2026-01-31,https://markets.ft.com/data/equities/tearsheet/summary?s=6532:TYO,2026-01-31T00:00:00+00:00,ft-jp-2026-01-31,2026-01-31,,True
2026-01-31,JP:6544:TYO,JP:6544,6544:TYO,6544,Japan Elevator Service Holdings Co Ltd,TSE,jp,topix500,Industrial Support Services,ft_icb_native,2026-01-31,Industrials,Industrial Support Services,ft_native_v2,ft_index_membership_filtered,0.95,high,2026-01-31,https://markets.ft.com/data/equities/tearsheet/summary?s=6544:TYO,2026-01-31T00:00:00+00:00,ft-jp-2026-01-31,2026-01-31,,True
2026-01-31,JP:6586:TYO,JP:6586,6586:TYO,6586,Makita Corp,TSE,jp,topix500,Industrial Engineering,ft_icb_native,2026-01-31,Industrials,Industrial Engineering,ft_native_v2,ft_index_membership_filtered,0.95,high,2026-01-31,https://markets.ft.com/data/equities/tearsheet/summary?s=6586:TYO,2026-01-31T00:00:00+00:00,ft-jp-2026-01-31,2026-01-31,,True
2026-01-31,JP:6592:TYO,JP:6592,6592:TYO,6592,Mabuchi Motor Co Ltd,TSE,jp,topix500,Electronic and Electrical Equipment,ft_icb_native,2026-01-31,Industrials,Electronic and Electrical Equipment,ft_native_v2,ft_index_membership_filtered,0.95,high,2026-01-31,https://markets.ft.com/data/equities/tearsheet/summary?s=6592:TYO,2026-01-31T00:00:00+00:00,ft-jp-2026-01-31,2026-01-31,,True
2026-01-31,JP:6632:TYO,JP:6632,6632:TYO,6632,JVCKENWOOD Corp,TSE,jp,topix500,Leisure Goods,ft_icb_native,2026-01-31,Consumer Discretionary,Leisure Goods,ft_native_v2,ft_index_membership_filtered,0.95,high,2026-01-31,https://markets.ft.com/data/equities/tearsheet/summary?s=6632:TYO,2026-01-31T00:00:00+00:00,ft-jp-2026-01-31,2026-01-31,,True
2026-01-31,JP:6645:TYO,JP:6645,6645:TYO,6645,Omron Corp,TSE,jp,topix500,Electronic and Electrical Equipment,ft_icb_native,2026-01-31,Industrials,Electronic and Electrical Equipment,ft_native_v2,ft_index_membership_filtered,0.95,high,2026-01-31,https://markets.ft.com/data/equities/tearsheet/summary?s=6645:TYO,2026-01-31T00:00:00+00:00,ft-jp-2026-01-31,2026-01-31,,True
2026-01-31,JP:6674:TYO,JP:6674,6674:TYO,6674,GS Yuasa Corp,TSE,jp,topix500,Automobiles and Parts,ft_icb_native,2026-01-31,Consumer Discretionary,Automobiles and Parts,ft_native_v2,ft_index_membership_filtered,0.95,high,2026-01-31,https://markets.ft.com/data/equities/tearsheet/summary?s=6674:TYO,2026-01-31T00:00:00+00:00,ft-jp-2026-01-31,2026-01-31,,True
2026-01-31,JP:6701:TYO,JP:6701,6701:TYO,6701,NEC Corp,TSE,jp,topix500,Technology Hardware and Equipment,ft_icb_native,2026-01-31,Technology,Technology Hardware and Equipment,ft_native_v2,ft_index_membership_filtered,0.95,high,2026-01-31,https://markets.ft.com/data/equities/tearsheet/summary?s=6701:TYO,2026-01-31T00:00:00+00:00,ft-jp-2026-01-31,2026-01-31,,True
2026-01-31,JP:6702:TYO,JP:6702,6702:TYO,6702,Fujitsu Ltd,TSE,jp,topix500,Technology,ft_icb_native,2026-01-31,Technology,Technology,ft_native_v2,ft_index_membership_filtered,0.95,high,2026-01-31,https://markets.ft.com/data/equities/tearsheet/summary?s=6702:TYO,2026-01-31T00:00:00+00:00,ft-jp-2026-01-31,2026-01-31,,True
2026-01-31,JP:6707:TYO,JP:6707,6707:TYO,6707,Sanken Electric Co Ltd,TSE,jp,topix500,Technology Hardware and Equipment,ft_icb_native,2026-01-31,Technology,Technology Hardware and Equipment,ft_native_v2,ft_index_membership_filtered,0.95,high,2026-01-31,https://markets.ft.com/data/equities/tearsheet/summary?s=6707:TYO,2026-01-31T00:00:00+00:00,ft-jp-2026-01-31,2026-01-31,,True
2026-01-31,JP:6723:TYO,JP:6723,6723:TYO,6723,Renesas Electronics Corp,TSE,jp,topix500,Technology Hardware and Equipment,ft_icb_native,2026-01-31,Technology,Technology Hardware and Equipment,ft_native_v2,ft_index_membership_filtered,0.95,high,2026-01-31,https://markets.ft.com/data/equities/tearsheet/summary?s=6723:TYO,2026-01-31T00:00:00+00:00,ft-jp-2026-01-31,2026-01-31,,True
2026-01-31,JP:6724:TYO,JP:6724,6724:TYO,6724,Seiko Epson Corp,TSE,jp,topix500,Technology Hardware and Equipment,ft_icb_native,2026-01-31,Technology,Technology Hardware and Equipment,ft_native_v2,ft_index_membership_filtered,0.95,high,2026-01-31,https://markets.ft.com/data/equities/tearsheet/summary?s=6724:TYO,2026-01-31T00:00:00+00:00,ft-jp-2026-01-31,2026-01-31,,True
2026-01-31,JP:6728:TYO,JP:6728,6728:TYO,6728,Ulvac Inc,TSE,jp,topix500,Technology Hardware and Equipment,ft_icb_native,2026-01-31,Technology,Technology Hardware and Equipment,ft_native_v2,ft_index_membership_filtered,0.95,high,2026-01-31,https://markets.ft.com/data/equities/tearsheet/summary?s=6728:TYO,2026-01-31T00:00:00+00:00,ft-jp-2026-01-31,2026-01-31,,True
2026-01-31,JP:6752:TYO,JP:6752,6752:TYO,6752,Panasonic Holdings Corp,TSE,jp,topix500,Leisure Goods,ft_icb_native,2026-01-31,Consumer Discretionary,Leisure Goods,ft_native_v2,ft_index_membership_filtered,0.95,high,2026-01-31,https://markets.ft.com/data/equities/tearsheet/summary?s=6752:TYO,2026-01-31T00:00:00+00:00,ft-jp-2026-01-31,2026-01-31,,True
2026-01-31,JP:6753:TYO,JP:6753,6753:TYO,6753,Sharp Corp,TSE,jp,topix500,Technology Hardware and Equipment,ft_icb_native,2026-01-31,Technology,Technology Hardware and Equipment,ft_native_v2,ft_index_membership_filtered,0.95,high,2026-01-31,https://markets.ft.com/data/equities/tearsheet/summary?s=6753:TYO,2026-01-31T00:00:00+00:00,ft-jp-2026-01-31,2026-01-31,,True
2026-01-31,JP:6754:TYO,JP:6754,6754:TYO,6754,Anritsu Corp,TSE,jp,topix500,Telecommunications Equipment,ft_icb_native,2026-01-31,Technology,Telecommunications Equipment,ft_native_v2,ft_index_membership_filtered,0.95,high,2026-01-31,https://markets.ft.com/data/equities/tearsheet/summary?s=6754:TYO,2026-01-31T00:00:00+00:00,ft-jp-2026-01-31,2026-01-31,,True
2026-01-31,JP:6758:TYO,JP:6758,6758:TYO,6758,Sony Group Corp,TSE,jp,topix500,Leisure Goods,ft_icb_native,2026-01-31,Consumer Discretionary,Leisure Goods,ft_native_v2,ft_index_membership_filtered,0.95,high,2026-01-31,https://markets.ft.com/data/equities/tearsheet/summary?s=6758:TYO,2026-01-31T00:00:00+00:00,ft-jp-2026-01-31,2026-01-31,,True
2026-01-31,JP:6762:TYO,JP:6762,6762:TYO,6762,TDK Corp,TSE,jp,topix500,Electronic and Electrical Equipment,ft_icb_native,2026-01-31,Industrials,Electronic and Electrical Equipment,ft_native_v2,ft_index_membership_filtered,0.95,high,2026-01-31,https://markets.ft.com/data/equities/tearsheet/summary?s=6762:TYO,2026-01-31T00:00:00+00:00,ft-jp-2026-01-31,2026-01-31,,True
2026-01-31,JP:6770:TYO,JP:6770,6770:TYO,6770,Alps Alpine Co Ltd,TSE,jp,topix500,Technology Hardware and Equipment,ft_icb_native,2026-01-31,Technology,Technology Hardware and Equipment,ft_native_v2,ft_index_membership_filtered,0.95,high,2026-01-31,https://markets.ft.com/data/equities/tearsheet/summary?s=6770:TYO,2026-01-31T00:00:00+00:00,ft-jp-2026-01-31,2026-01-31,,True
2026-01-31,JP:6806:TYO,JP:6806,6806:TYO,6806,Hirose Electric Co Ltd,TSE,jp,topix500,Technology Hardware and Equipment,ft_icb_native,2026-01-31,Technology,Technology Hardware and Equipment,ft_native_v2,ft_index_membership_filtered,0.95,high,2026-01-31,https://markets.ft.com/data/equities/tearsheet/summary?s=6806:TYO,2026-01-31T00:00:00+00:00,ft-jp-2026-01-31,2026-01-31,,True
2026-01-31,JP:6841:TYO,JP:6841,6841:TYO,6841,Yokogawa Electric Corp,TSE,jp,topix500,Electronic and Electrical Equipment,ft_icb_native,2026-01-31,Industrials,Electronic and Electrical Equipment,ft_native_v2,ft_index_membership_filtered,0.95,high,2026-01-31,https://markets.ft.com/data/equities/tearsheet/summary?s=6841:TYO,2026-01-31T00:00:00+00:00,ft-jp-2026-01-31,2026-01-31,,True
2026-01-31,JP:6845:TYO,JP:6845,6845:TYO,6845,Azbil Corp,TSE,jp,topix500,Electronic and Electrical Equipment,ft_icb_native,2026-01-31,Industrials,Electronic and Electrical Equipment,ft_native_v2,ft_index_membership_filtered,0.95,high,2026-01-31,https://markets.ft.com/data/equities/tearsheet/summary?s=6845:TYO,2026-01-31T00:00:00+00:00,ft-jp-2026-01-31,2026-01-31,,True
2026-01-31,JP:6849:TYO,JP:6849,6849:TYO,6849,Nihon Kohden Corp,TSE,jp,topix500,Medical Equipment and Services,ft_icb_native,2026-01-31,Health Care,Medical Equipment and Services,ft_native_v2,ft_index_membership_filtered,0.95,high,2026-01-31,https://markets.ft.com/data/equities/tearsheet/summary?s=6849:TYO,2026-01-31T00:00:00+00:00,ft-jp-2026-01-31,2026-01-31,,True
2026-01-31,JP:6856:TYO,JP:6856,6856:TYO,6856,Horiba Ltd,TSE,jp,topix500,Electronic and Electrical Equipment,ft_icb_native,2026-01-31,Industrials,Electronic and Electrical Equipment,ft_native_v2,ft_index_membership_filtered,0.95,high,2026-01-31,https://markets.ft.com/data/equities/tearsheet/summary?s=6856:TYO,2026-01-31T00:00:00+00:00,ft-jp-2026-01-31,2026-01-31,,True
2026-01-31,JP:6857:TYO,JP:6857,6857:TYO,6857,Advantest Corp,TSE,jp,topix500,Technology Hardware and Equipment,ft_icb_native,2026-01-31,Technology,Technology Hardware and Equipment,ft_native_v2,ft_index_membership_filtered,0.95,high,2026-01-31,https://markets.ft.com/data/equities/tearsheet/summary?s=6857:TYO,2026-01-31T00:00:00+00:00,ft-jp-2026-01-31,2026-01-31,,True
2026-01-31,JP:6861:TYO,JP:6861,6861:TYO,6861,Keyence Corp,TSE,jp,topix500,Electronic and Electrical Equipment,ft_icb_native,2026-01-31,Industrials,Electronic and Electrical Equipment,ft_native_v2,ft_index_membership_filtered,0.95,high,2026-01-31,https://markets.ft.com/data/equities/tearsheet/summary?s=6861:TYO,2026-01-31T00:00:00+00:00,ft-jp-2026-01-31,2026-01-31,,True
2026-01-31,JP:6869:TYO,JP:6869,6869:TYO,6869,Sysmex Corp,TSE,jp,topix500,Medical Equipment and Services,ft_icb_native,2026-01-31,Health Care,Medical Equipment and Services,ft_native_v2,ft_index_membership_filtered,0.95,high,2026-01-31,https://markets.ft.com/data/equities/tearsheet/summary?s=6869:TYO,2026-01-31T00:00:00+00:00,ft-jp-2026-01-31,2026-01-31,,True
2026-01-31,JP:6902:TYO,JP:6902,6902:TYO,6902,Denso Corp,TSE,jp,topix500,Automobiles and Parts,ft_icb_native,2026-01-31,Consumer Discretionary,Automobiles and Parts,ft_native_v2,ft_index_membership_filtered,0.95,high,2026-01-31,https://markets.ft.com/data/equities/tearsheet/summary?s=6902:TYO,2026-01-31T00:00:00+00:00,ft-jp-2026-01-31,2026-01-31,,True
2026-01-31,JP:6920:TYO,JP:6920,6920:TYO,6920,Lasertec Corp,TSE,jp,topix500,Technology Hardware and Equipment,ft_icb_native,2026-01-31,Technology,Technology Hardware and Equipment,ft_native_v2,ft_index_membership_filtered,0.95,high,2026-01-31,https://markets.ft.com/data/equities/tearsheet/summary?s=6920:TYO,2026-01-31T00:00:00+00:00,ft-jp-2026-01-31,2026-01-31,,True
2026-01-31,JP:6923:TYO,JP:6923,6923:TYO,6923,Stanley Electric Co Ltd,TSE,jp,topix500,Automobiles and Parts,ft_icb_native,2026-01-31,Consumer Discretionary,Automobiles and Parts,ft_native_v2,ft_index_membership_filtered,0.95,high,2026-01-31,https://markets.ft.com/data/equities/tearsheet/summary?s=6923:TYO,2026-01-31T00:00:00+00:00,ft-jp-2026-01-31,2026-01-31,,True
2026-01-31,JP:6925:TYO,JP:6925,6925:TYO,6925,Ushio Inc,TSE,jp,topix500,Electronic and Electrical Equipment,ft_icb_native,2026-01-31,Industrials,Electronic and Electrical Equipment,ft_native_v2,ft_index_membership_filtered,0.95,high,2026-01-31,https://markets.ft.com/data/equities/tearsheet/summary?s=6925:TYO,2026-01-31T00:00:00+00:00,ft-jp-2026-01-31,2026-01-31,,True
2026-01-31,JP:6951:TYO,JP:6951,6951:TYO,6951,JEOL Ltd,TSE,jp,topix500,Electronic and Electrical Equipment,ft_icb_native,2026-01-31,Industrials,Electronic and Electrical Equipment,ft_native_v2,ft_index_membership_filtered,0.95,high,2026-01-31,https://markets.ft.com/data/equities/tearsheet/summary?s=6951:TYO,2026-01-31T00:00:00+00:00,ft-jp-2026-01-31,2026-01-31,,True
2026-01-31,JP:6952:TYO,JP:6952,6952:TYO,6952,Casio Computer Co Ltd,TSE,jp,topix500,Leisure Goods,ft_icb_native,2026-01-31,Consumer Discretionary,Leisure Goods,ft_native_v2,ft_index_membership_filtered,0.95,high,2026-01-31,https://markets.ft.com/data/equities/tearsheet/summary?s=6952:TYO,2026-01-31T00:00:00+00:00,ft-jp-2026-01-31,2026-01-31,,True
2026-01-31,JP:6954:TYO,JP:6954,6954:TYO,6954,Fanuc Corp,TSE,jp,topix500,Industrial Engineering,ft_icb_native,2026-01-31,Industrials,Industrial Engineering,ft_native_v2,ft_index_membership_filtered,0.95,high,2026-01-31,https://markets.ft.com/data/equities/tearsheet/summary?s=6954:TYO,2026-01-31T00:00:00+00:00,ft-jp-2026-01-31,2026-01-31,,True
2026-01-31,JP:6963:TYO,JP:6963,6963:TYO,6963,Rohm Co Ltd,TSE,jp,topix500,Technology Hardware and Equipment,ft_icb_native,2026-01-31,Technology,Technology Hardware and Equipment,ft_native_v2,ft_index_membership_filtered,0.95,high,2026-01-31,https://markets.ft.com/data/equities/tearsheet/summary?s=6963:TYO,2026-01-31T00:00:00+00:00,ft-jp-2026-01-31,2026-01-31,,True
2026-01-31,JP:6965:TYO,JP:6965,6965:TYO,6965,Hamamatsu Photonics KK,TSE,jp,topix500,Technology Hardware and Equipment,ft_icb_native,2026-01-31,Technology,Technology Hardware and Equipment,ft_native_v2,ft_index_membership_filtered,0.95,high,2026-01-31,https://markets.ft.com/data/equities/tearsheet/summary?s=6965:TYO,2026-01-31T00:00:00+00:00,ft-jp-2026-01-31,2026-01-31,,True
2026-01-31,JP:6971:TYO,JP:6971,6971:TYO,6971,Kyocera Corp,TSE,jp,topix500,Technology Hardware and Equipment,ft_icb_native,2026-01-31,Technology,Technology Hardware and Equipment,ft_native_v2,ft_index_membership_filtered,0.95,high,2026-01-31,https://markets.ft.com/data/equities/tearsheet/summary?s=6971:TYO,2026-01-31T00:00:00+00:00,ft-jp-2026-01-31,2026-01-31,,True
2026-01-31,JP:6976:TYO,JP:6976,6976:TYO,6976,Taiyo Yuden Co Ltd,TSE,jp,topix500,Technology Hardware and Equipment,ft_icb_native,2026-01-31,Technology,Technology Hardware and Equipment,ft_native_v2,ft_index_membership_filtered,0.95,high,2026-01-31,https://markets.ft.com/data/equities/tearsheet/summary?s=6976:TYO,2026-01-31T00:00:00+00:00,ft-jp-2026-01-31,2026-01-31,,True
2026-01-31,JP:6981:TYO,JP:6981,6981:TYO,6981,Murata Manufacturing Co Ltd,TSE,jp,topix500,Technology Hardware and Equipment,ft_icb_native,2026-01-31,Technology,Technology Hardware and Equipment,ft_native_v2,ft_index_membership_filtered,0.95,high,2026-01-31,https://markets.ft.com/data/equities/tearsheet/summary?s=6981:TYO,2026-01-31T00:00:00+00:00,ft-jp-2026-01-31,2026-01-31,,True
2026-01-31,JP:6988:TYO,JP:6988,6988:TYO,6988,Nitto Denko Corp,TSE,jp,topix500,Chemicals,ft_icb_native,2026-01-31,Basic Materials,Chemicals,ft_native_v2,ft_index_membership_filtered,0.95,high,2026-01-31,https://markets.ft.com/data/equities/tearsheet/summary?s=6988:TYO,2026-01-31T00:00:00+00:00,ft-jp-2026-01-31,2026-01-31,,True
2026-01-31,JP:7003:TYO,JP:7003,7003:TYO,7003,Mitsui E&S Co Ltd,TSE,jp,topix500,Industrial Transportation,ft_icb_native,2026-01-31,Industrials,Industrial Transportation,ft_native_v2,ft_index_membership_filtered,0.95,high,2026-01-31,https://markets.ft.com/data/equities/tearsheet/summary?s=7003:TYO,2026-01-31T00:00:00+00:00,ft-jp-2026-01-31,2026-01-31,,True
2026-01-31,JP:7011:TYO,JP:7011,7011:TYO,7011,Mitsubishi Heavy Industries Ltd,TSE,jp,topix500,Industrial Engineering,ft_icb_native,2026-01-31,Industrials,Industrial Engineering,ft_native_v2,ft_index_membership_filtered,0.95,high,2026-01-31,https://markets.ft.com/data/equities/tearsheet/summary?s=7011:TYO,2026-01-31T00:00:00+00:00,ft-jp-2026-01-31,2026-01-31,,True
2026-01-31,JP:7012:TYO,JP:7012,7012:TYO,7012,Kawasaki Heavy Industries Ltd,TSE,jp,topix500,General Industrials,ft_icb_native,2026-01-31,Industrials,General Industrials,ft_native_v2,ft_index_membership_filtered,0.95,high,2026-01-31,https://markets.ft.com/data/equities/tearsheet/summary?s=7012:TYO,2026-01-31T00:00:00+00:00,ft-jp-2026-01-31,2026-01-31,,True
2026-01-31,JP:7013:TYO,JP:7013,7013:TYO,7013,IHI Corp,TSE,jp,topix500,General Industrials,ft_icb_native,2026-01-31,Industrials,General Industrials,ft_native_v2,ft_index_membership_filtered,0.95,high,2026-01-31,https://markets.ft.com/data/equities/tearsheet/summary?s=7013:TYO,2026-01-31T00:00:00+00:00,ft-jp-2026-01-31,2026-01-31,,True
2026-01-31,JP:7164:TYO,JP:7164,7164:TYO,7164,Zenkoku Hosho Co Ltd,TSE,jp,topix500,Finance and Credit Services,ft_icb_native,2026-01-31,Financials,Finance and Credit Services,ft_native_v2,ft_index_membership_filtered,0.95,high,2026-01-31,https://markets.ft.com/data/equities/tearsheet/summary?s=7164:TYO,2026-01-31T00:00:00+00:00,ft-jp-2026-01-31,2026-01-31,,True
2026-01-31,JP:7167:TYO,JP:7167,7167:TYO,7167,Mebuki Financial Group Inc,TSE,jp,topix500,Banks,ft_icb_native,2026-01-31,Financials,Banks,ft_native_v2,ft_index_membership_filtered,0.95,high,2026-01-31,https://markets.ft.com/data/equities/tearsheet/summary?s=7167:TYO,2026-01-31T00:00:00+00:00,ft-jp-2026-01-31,2026-01-31,,True
2026-01-31,JP:7180:TYO,JP:7180,7180:TYO,7180,Kyushu Financial Group Inc,TSE,jp,topix500,Banks,ft_icb_native,2026-01-31,Financials,Banks,ft_native_v2,ft_index_membership_filtered,0.95,high,2026-01-31,https://markets.ft.com/data/equities/tearsheet/summary?s=7180:TYO,2026-01-31T00:00:00+00:00,ft-jp-2026-01-31,2026-01-31,,True
2026-01-31,JP:7181:TYO,JP:7181,7181:TYO,7181,Japan Post Insurance Co Ltd,TSE,jp,topix500,Life Insurance,ft_icb_native,2026-01-31,Financials,Life Insurance,ft_native_v2,ft_index_membership_filtered,0.95,high,2026-01-31,https://markets.ft.com/data/equities/tearsheet/summary?s=7181:TYO,2026-01-31T00:00:00+00:00,ft-jp-2026-01-31,2026-01-31,,True
2026-01-31,JP:7182:TYO,JP:7182,7182:TYO,7182,Japan Post Bank Co Ltd,TSE,jp,topix500,Banks,ft_icb_native,2026-01-31,Financials,Banks,ft_native_v2,ft_index_membership_filtered,0.95,high,2026-01-31,https://markets.ft.com/data/equities/tearsheet/summary?s=7182:TYO,2026-01-31T00:00:00+00:00,ft-jp-2026-01-31,2026-01-31,,True
2026-01-31,JP:7186:TYO,JP:7186,7186:TYO,7186,Yokohama Financial Group Inc,TSE,jp,topix500,Banks,ft_icb_native,2026-01-31,Financials,Banks,ft_native_v2,ft_index_membership_filtered,0.95,high,2026-01-31,https://markets.ft.com/data/equities/tearsheet/summary?s=7186:TYO,2026-01-31T00:00:00+00:00,ft-jp-2026-01-31,2026-01-31,,True
2026-01-31,JP:7189:TYO,JP:7189,7189:TYO,7189,Nishi-Nippon Financial Holdings Inc,TSE,jp,topix500,Banks,ft_icb_native,2026-01-31,Financials,Banks,ft_native_v2,ft_index_membership_filtered,0.95,high,2026-01-31,https://markets.ft.com/data/equities/tearsheet/summary?s=7189:TYO,2026-01-31T00:00:00+00:00,ft-jp-2026-01-31,2026-01-31,,True
2026-01-31,JP:7201:TYO,JP:7201,7201:TYO,7201,Nissan Motor Co Ltd,TSE,jp,topix500,Automobiles and Parts,ft_icb_native,2026-01-31,Consumer Discretionary,Automobiles and Parts,ft_native_v2,ft_index_membership_filtered,0.95,high,2026-01-31,https://markets.ft.com/data/equities/tearsheet/summary?s=7201:TYO,2026-01-31T00:00:00+00:00,ft-jp-2026-01-31,2026-01-31,,True
2026-01-31,JP:7202:TYO,JP:7202,7202:TYO,7202,Isuzu Motors Ltd,TSE,jp,topix500,Industrial Transportation,ft_icb_native,2026-01-31,Industrials,Industrial Transportation,ft_native_v2,ft_index_membership_filtered,0.95,high,2026-01-31,https://markets.ft.com/data/equities/tearsheet/summary?s=7202:TYO,2026-01-31T00:00:00+00:00,ft-jp-2026-01-31,2026-01-31,,True
2026-01-31,JP:7203:TYO,JP:7203,7203:TYO,7203,Toyota Motor Corp,TSE,jp,topix500,Automobiles and Parts,ft_icb_native,2026-01-31,Consumer Discretionary,Automobiles and Parts,ft_native_v2,ft_index_membership_filtered,0.95,high,2026-01-31,https://markets.ft.com/data/equities/tearsheet/summary?s=7203:TYO,2026-01-31T00:00:00+00:00,ft-jp-2026-01-31,2026-01-31,,True
2026-01-31,JP:7211:TYO,JP:7211,7211:TYO,7211,Mitsubishi Motors Corp,TSE,jp,topix500,Automobiles and Parts,ft_icb_native,2026-01-31,Consumer Discretionary,Automobiles and Parts,ft_native_v2,ft_index_membership_filtered,0.95,high,2026-01-31,https://markets.ft.com/data/equities/tearsheet/summary?s=7211:TYO,2026-01-31T00:00:00+00:00,ft-jp-2026-01-31,2026-01-31,,True
2026-01-31,JP:7240:TYO,JP:7240,7240:TYO,7240,NOK Corp,TSE,jp,topix500,Automobiles and Parts,ft_icb_native,2026-01-31,Consumer Discretionary,Automobiles and Parts,ft_native_v2,ft_index_membership_filtered,0.95,high,2026-01-31,https://markets.ft.com/data/equities/tearsheet/summary?s=7240:TYO,2026-01-31T00:00:00+00:00,ft-jp-2026-01-31,2026-01-31,,True
2026-01-31,JP:7259:TYO,JP:7259,7259:TYO,7259,Aisin Corp,TSE,jp,topix500,Automobiles and Parts,ft_icb_native,2026-01-31,Consumer Discretionary,Automobiles and Parts,ft_native_v2,ft_index_membership_filtered,0.95,high,2026-01-31,https://markets.ft.com/data/equities/tearsheet/summary?s=7259:TYO,2026-01-31T00:00:00+00:00,ft-jp-2026-01-31,2026-01-31,,True
2026-01-31,JP:7261:TYO,JP:7261,7261:TYO,7261,Mazda Motor Corp,TSE,jp,topix500,Automobiles and Parts,ft_icb_native,2026-01-31,Consumer Discretionary,Automobiles and Parts,ft_native_v2,ft_index_membership_filtered,0.95,high,2026-01-31,https://markets.ft.com/data/equities/tearsheet/summary?s=7261:TYO,2026-01-31T00:00:00+00:00,ft-jp-2026-01-31,2026-01-31,,True
2026-01-31,JP:7267:TYO,JP:7267,7267:TYO,7267,Honda Motor Co Ltd,TSE,jp,topix500,Automobiles and Parts,ft_icb_native,2026-01-31,Consumer Discretionary,Automobiles and Parts,ft_native_v2,ft_index_membership_filtered,0.95,high,2026-01-31,https://markets.ft.com/data/equities/tearsheet/summary?s=7267:TYO,2026-01-31T00:00:00+00:00,ft-jp-2026-01-31,2026-01-31,,True
2026-01-31,JP:7269:TYO,JP:7269,7269:TYO,7269,Suzuki Motor Corp,TSE,jp,topix500,Automobiles and Parts,ft_icb_native,2026-01-31,Consumer Discretionary,Automobiles and Parts,ft_native_v2,ft_index_membership_filtered,0.95,high,2026-01-31,https://markets.ft.com/data/equities/tearsheet/summary?s=7269:TYO,2026-01-31T00:00:00+00:00,ft-jp-2026-01-31,2026-01-31,,True
2026-01-31,JP:7270:TYO,JP:7270,7270:TYO,7270,Subaru Corp,TSE,jp,topix500,Automobiles and Parts,ft_icb_native,2026-01-31,Consumer Discretionary,Automobiles and Parts,ft_native_v2,ft_index_membership_filtered,0.95,high,2026-01-31,https://markets.ft.com/data/equities/tearsheet/summary?s=7270:TYO,2026-01-31T00:00:00+00:00,ft-jp-2026-01-31,2026-01-31,,True
2026-01-31,JP:7272:TYO,JP:7272,7272:TYO,7272,Yamaha Motor Co Ltd,TSE,jp,topix500,Leisure Goods,ft_icb_native,2026-01-31,Consumer Discretionary,Leisure Goods,ft_native_v2,ft_index_membership_filtered,0.95,high,2026-01-31,https://markets.ft.com/data/equities/tearsheet/summary?s=7272:TYO,2026-01-31T00:00:00+00:00,ft-jp-2026-01-31,2026-01-31,,True
2026-01-31,JP:7276:TYO,JP:7276,7276:TYO,7276,Koito Manufacturing Co Ltd,TSE,jp,topix500,Automobiles and Parts,ft_icb_native,2026-01-31,Consumer Discretionary,Automobiles and Parts,ft_native_v2,ft_index_membership_filtered,0.95,high,2026-01-31,https://markets.ft.com/data/equities/tearsheet/summary?s=7276:TYO,2026-01-31T00:00:00+00:00,ft-jp-2026-01-31,2026-01-31,,True
2026-01-31,JP:7282:TYO,JP:7282,7282:TYO,7282,Toyoda Gosei Co Ltd,TSE,jp,topix500,Automobiles and Parts,ft_icb_native,2026-01-31,Consumer Discretionary,Automobiles and Parts,ft_native_v2,ft_index_membership_filtered,0.95,high,2026-01-31,https://markets.ft.com/data/equities/tearsheet/summary?s=7282:TYO,2026-01-31T00:00:00+00:00,ft-jp-2026-01-31,2026-01-31,,True
2026-01-31,JP:7309:TYO,JP:7309,7309:TYO,7309,Shimano Inc,TSE,jp,topix500,Leisure Goods,ft_icb_native,2026-01-31,Consumer Discretionary,Leisure Goods,ft_native_v2,ft_index_membership_filtered,0.95,high,2026-01-31,https://markets.ft.com/data/equities/tearsheet/summary?s=7309:TYO,2026-01-31T00:00:00+00:00,ft-jp-2026-01-31,2026-01-31,,True
2026-01-31,JP:7313:TYO,JP:7313,7313:TYO,7313,TS Tech Co Ltd,TSE,jp,topix500,Automobiles and Parts,ft_icb_native,2026-01-31,Consumer Discretionary,Automobiles and Parts,ft_native_v2,ft_index_membership_filtered,0.95,high,2026-01-31,https://markets.ft.com/data/equities/tearsheet/summary?s=7313:TYO,2026-01-31T00:00:00+00:00,ft-jp-2026-01-31,2026-01-31,,True
2026-01-31,JP:7337:TYO,JP:7337,7337:TYO,7337,Hirogin Holdings Inc,TSE,jp,topix500,Banks,ft_icb_native,2026-01-31,Financials,Banks,ft_native_v2,ft_index_membership_filtered,0.95,high,2026-01-31,https://markets.ft.com/data/equities/tearsheet/summary?s=7337:TYO,2026-01-31T00:00:00+00:00,ft-jp-2026-01-31,2026-01-31,,True
2026-01-31,JP:7453:TYO,JP:7453,7453:TYO,7453,Ryohin Keikaku Co Ltd,TSE,jp,topix500,Consumer Discretionary,ft_icb_native,2026-01-31,Consumer Discretionary,Consumer Discretionary,ft_native_v2,ft_index_membership_filtered,0.95,high,2026-01-31,https://markets.ft.com/data/equities/tearsheet/summary?s=7453:TYO,2026-01-31T00:00:00+00:00,ft-jp-2026-01-31,2026-01-31,,True
2026-01-31,JP:7458:TYO,JP:7458,7458:TYO,7458,Daiichikosho Co Ltd,TSE,jp,topix500,Travel and Leisure,ft_icb_native,2026-01-31,Consumer Discretionary,Travel and Leisure,ft_native_v2,ft_index_membership_filtered,0.95,high,2026-01-31,https://markets.ft.com/data/equities/tearsheet/summary?s=7458:TYO,2026-01-31T00:00:00+00:00,ft-jp-2026-01-31,2026-01-31,,True
2026-01-31,JP:7459:TYO,JP:7459,7459:TYO,7459,Medipal Holdings Corp,TSE,jp,topix500,"Personal Care, Drug and Grocery Stores",ft_icb_native,2026-01-31,Consumer Staples,"Personal Care, Drug and Grocery Stores",ft_native_v2,ft_index_membership_filtered,0.95,high,2026-01-31,https://markets.ft.com/data/equities/tearsheet/summary?s=7459:TYO,2026-01-31T00:00:00+00:00,ft-jp-2026-01-31,2026-01-31,,True
2026-01-31,JP:7476:TYO,JP:7476,7476:TYO,7476,As One Corp,TSE,jp,topix500,Medical Equipment and Services,ft_icb_native,2026-01-31,Health Care,Medical Equipment and Services,ft_native_v2,ft_index_membership_filtered,0.95,high,2026-01-31,https://markets.ft.com/data/equities/tearsheet/summary?s=7476:TYO,2026-01-31T00:00:00+00:00,ft-jp-2026-01-31,2026-01-31,,True
2026-01-31,JP:7532:TYO,JP:7532,7532:TYO,7532,Pan Pacific International Holdings Corp,TSE,jp,topix500,Consumer Discretionary,ft_icb_native,2026-01-31,Consumer Discretionary,Consumer Discretionary,ft_native_v2,ft_index_membership_filtered,0.95,high,2026-01-31,https://markets.ft.com/data/equities/tearsheet/summary?s=7532:TYO,2026-01-31T00:00:00+00:00,ft-jp-2026-01-31,2026-01-31,,True
2026-01-31,JP:7550:TYO,JP:7550,7550:TYO,7550,Zensho Holdings Co Ltd,TSE,jp,topix500,Travel and Leisure,ft_icb_native,2026-01-31,Consumer Discretionary,Travel and Leisure,ft_native_v2,ft_index_membership_filtered,0.95,high,2026-01-31,https://markets.ft.com/data/equities/tearsheet/summary?s=7550:TYO,2026-01-31T00:00:00+00:00,ft-jp-2026-01-31,2026-01-31,,True
2026-01-31,JP:7616:TYO,JP:7616,7616:TYO,7616,Colowide Co Ltd,TSE,jp,topix500,Travel and Leisure,ft_icb_native,2026-01-31,Consumer Discretionary,Travel and Leisure,ft_native_v2,ft_index_membership_filtered,0.95,high,2026-01-31,https://markets.ft.com/data/equities/tearsheet/summary?s=7616:TYO,2026-01-31T00:00:00+00:00,ft-jp-2026-01-31,2026-01-31,,True
2026-01-31,JP:7649:TYO,JP:7649,7649:TYO,7649,Sugi Holdings Co Ltd,TSE,jp,topix500,"Personal Care, Drug and Grocery Stores",ft_icb_native,2026-01-31,Consumer Staples,"Personal Care, Drug and Grocery Stores",ft_native_v2,ft_index_membership_filtered,0.95,high,2026-01-31,https://markets.ft.com/data/equities/tearsheet/summary?s=7649:TYO,2026-01-31T00:00:00+00:00,ft-jp-2026-01-31,2026-01-31,,True
2026-01-31,JP:7701:TYO,JP:7701,7701:TYO,7701,Shimadzu Corp,TSE,jp,topix500,Electronic and Electrical Equipment,ft_icb_native,2026-01-31,Industrials,Electronic and Electrical Equipment,ft_native_v2,ft_index_membership_filtered,0.95,high,2026-01-31,https://markets.ft.com/data/equities/tearsheet/summary?s=7701:TYO,2026-01-31T00:00:00+00:00,ft-jp-2026-01-31,2026-01-31,,True
2026-01-31,JP:7729:TYO,JP:7729,7729:TYO,7729,Tokyo Seimitsu Co Ltd,TSE,jp,topix500,Technology Hardware and Equipment,ft_icb_native,2026-01-31,Technology,Technology Hardware and Equipment,ft_native_v2,ft_index_membership_filtered,0.95,high,2026-01-31,https://markets.ft.com/data/equities/tearsheet/summary?s=7729:TYO,2026-01-31T00:00:00+00:00,ft-jp-2026-01-31,2026-01-31,,True
2026-01-31,JP:7731:TYO,JP:7731,7731:TYO,7731,Nikon Corp,TSE,jp,topix500,Leisure Goods,ft_icb_native,2026-01-31,Consumer Discretionary,Leisure Goods,ft_native_v2,ft_index_membership_filtered,0.95,high,2026-01-31,https://markets.ft.com/data/equities/tearsheet/summary?s=7731:TYO,2026-01-31T00:00:00+00:00,ft-jp-2026-01-31,2026-01-31,,True
2026-01-31,JP:7733:TYO,JP:7733,7733:TYO,7733,Olympus Corp,TSE,jp,topix500,Medical Equipment and Services,ft_icb_native,2026-01-31,Health Care,Medical Equipment and Services,ft_native_v2,ft_index_membership_filtered,0.95,high,2026-01-31,https://markets.ft.com/data/equities/tearsheet/summary?s=7733:TYO,2026-01-31T00:00:00+00:00,ft-jp-2026-01-31,2026-01-31,,True
2026-01-31,JP:7735:TYO,JP:7735,7735:TYO,7735,Screen Holdings Co Ltd,TSE,jp,topix500,Technology Hardware and Equipment,ft_icb_native,2026-01-31,Technology,Technology Hardware and Equipment,ft_native_v2,ft_index_membership_filtered,0.95,high,2026-01-31,https://markets.ft.com/data/equities/tearsheet/summary?s=7735:TYO,2026-01-31T00:00:00+00:00,ft-jp-2026-01-31,2026-01-31,,True
2026-01-31,JP:7741:TYO,JP:7741,7741:TYO,7741,Hoya Corp,TSE,jp,topix500,Medical Equipment and Services,ft_icb_native,2026-01-31,Health Care,Medical Equipment and Services,ft_native_v2,ft_index_membership_filtered,0.95,high,2026-01-31,https://markets.ft.com/data/equities/tearsheet/summary?s=7741:TYO,2026-01-31T00:00:00+00:00,ft-jp-2026-01-31,2026-01-31,,True
2026-01-31,JP:7747:TYO,JP:7747,7747:TYO,7747,Asahi Intecc Co Ltd,TSE,jp,topix500,Medical Equipment and Services,ft_icb_native,2026-01-31,Health Care,Medical Equipment and Services,ft_native_v2,ft_index_membership_filtered,0.95,high,2026-01-31,https://markets.ft.com/data/equities/tearsheet/summary?s=7747:TYO,2026-01-31T00:00:00+00:00,ft-jp-2026-01-31,2026-01-31,,True
2026-01-31,JP:7751:TYO,JP:7751,7751:TYO,7751,Canon Inc,TSE,jp,topix500,Technology Hardware and Equipment,ft_icb_native,2026-01-31,Technology,Technology Hardware and Equipment,ft_native_v2,ft_index_membership_filtered,0.95,high,2026-01-31,https://markets.ft.com/data/equities/tearsheet/summary?s=7751:TYO,2026-01-31T00:00:00+00:00,ft-jp-2026-01-31,2026-01-31,,True
2026-01-31,JP:7752:TYO,JP:7752,7752:TYO,7752,Ricoh Co Ltd,TSE,jp,topix500,Technology Hardware and Equipment,ft_icb_native,2026-01-31,Technology,Technology Hardware and Equipment,ft_native_v2,ft_index_membership_filtered,0.95,high,2026-01-31,https://markets.ft.com/data/equities/tearsheet/summary?s=7752:TYO,2026-01-31T00:00:00+00:00,ft-jp-2026-01-31,2026-01-31,,True
2026-01-31,JP:7832:TYO,JP:7832,7832:TYO,7832,Bandai Namco Holdings Inc,TSE,jp,topix500,Leisure Goods,ft_icb_native,2026-01-31,Consumer Discretionary,Leisure Goods,ft_native_v2,ft_index_membership_filtered,0.95,high,2026-01-31,https://markets.ft.com/data/equities/tearsheet/summary?s=7832:TYO,2026-01-31T00:00:00+00:00,ft-jp-2026-01-31,2026-01-31,,True
2026-01-31,JP:7846:TYO,JP:7846,7846:TYO,7846,Pilot Corp,TSE,jp,topix500,"Personal Care, Drug and Grocery Stores",ft_icb_native,2026-01-31,Consumer Staples,"Personal Care, Drug and Grocery Stores",ft_native_v2,ft_index_membership_filtered,0.95,high,2026-01-31,https://markets.ft.com/data/equities/tearsheet/summary?s=7846:TYO,2026-01-31T00:00:00+00:00,ft-jp-2026-01-31,2026-01-31,,True
2026-01-31,JP:7867:TYO,JP:7867,7867:TYO,7867,Tomy Co Ltd,TSE,jp,topix500,Leisure Goods,ft_icb_native,2026-01-31,Consumer Discretionary,Leisure Goods,ft_native_v2,ft_index_membership_filtered,0.95,high,2026-01-31,https://markets.ft.com/data/equities/tearsheet/summary?s=7867:TYO,2026-01-31T00:00:00+00:00,ft-jp-2026-01-31,2026-01-31,,True
2026-01-31,JP:7911:TYO,JP:7911,7911:TYO,7911,TOPPAN Holdings Inc,TSE,jp,topix500,Industrial Support Services,ft_icb_native,2026-01-31,Industrials,Industrial Support Services,ft_native_v2,ft_index_membership_filtered,0.95,high,2026-01-31,https://markets.ft.com/data/equities/tearsheet/summary?s=7911:TYO,2026-01-31T00:00:00+00:00,ft-jp-2026-01-31,2026-01-31,,True
2026-01-31,JP:7912:TYO,JP:7912,7912:TYO,7912,Dai Nippon Printing Co Ltd,TSE,jp,topix500,Industrial Support Services,ft_icb_native,2026-01-31,Industrials,Industrial Support Services,ft_native_v2,ft_index_membership_filtered,0.95,high,2026-01-31,https://markets.ft.com/data/equities/tearsheet/summary?s=7912:TYO,2026-01-31T00:00:00+00:00,ft-jp-2026-01-31,2026-01-31,,True
2026-01-31,JP:7936:TYO,JP:7936,7936:TYO,7936,Asics Corp,TSE,jp,topix500,Personal Goods,ft_icb_native,2026-01-31,Consumer Discretionary,Personal Goods,ft_native_v2,ft_index_membership_filtered,0.95,high,2026-01-31,https://markets.ft.com/data/equities/tearsheet/summary?s=7936:TYO,2026-01-31T00:00:00+00:00,ft-jp-2026-01-31,2026-01-31,,True
2026-01-31,JP:7951:TYO,JP:7951,7951:TYO,7951,Yamaha Corp,TSE,jp,topix500,Leisure Goods,ft_icb_native,2026-01-31,Consumer Discretionary,Leisure Goods,ft_native_v2,ft_index_membership_filtered,0.95,high,2026-01-31,https://markets.ft.com/data/equities/tearsheet/summary?s=7951:TYO,2026-01-31T00:00:00+00:00,ft-jp-2026-01-31,2026-01-31,,True
2026-01-31,JP:7956:TYO,JP:7956,7956:TYO,7956,Pigeon Corp,TSE,jp,topix500,"Personal Care, Drug and Grocery Stores",ft_icb_native,2026-01-31,Consumer Staples,"Personal Care, Drug and Grocery Stores",ft_native_v2,ft_index_membership_filtered,0.95,high,2026-01-31,https://markets.ft.com/data/equities/tearsheet/summary?s=7956:TYO,2026-01-31T00:00:00+00:00,ft-jp-2026-01-31,2026-01-31,,True
2026-01-31,JP:7974:TYO,JP:7974,7974:TYO,7974,Nintendo Co Ltd,TSE,jp,topix500,Leisure Goods,ft_icb_native,2026-01-31,Consumer Discretionary,Leisure Goods,ft_native_v2,ft_index_membership_filtered,0.95,high,2026-01-31,https://markets.ft.com/data/equities/tearsheet/summary?s=7974:TYO,2026-01-31T00:00:00+00:00,ft-jp-2026-01-31,2026-01-31,,True
2026-01-31,JP:7984:TYO,JP:7984,7984:TYO,7984,Kokuyo Co Ltd,TSE,jp,topix500,Industrial Support Services,ft_icb_native,2026-01-31,Industrials,Industrial Support Services,ft_native_v2,ft_index_membership_filtered,0.95,high,2026-01-31,https://markets.ft.com/data/equities/tearsheet/summary?s=7984:TYO,2026-01-31T00:00:00+00:00,ft-jp-2026-01-31,2026-01-31,,True
2026-01-31,JP:7988:TYO,JP:7988,7988:TYO,7988,Nifco Inc,TSE,jp,topix500,Automobiles and Parts,ft_icb_native,2026-01-31,Consumer Discretionary,Automobiles and Parts,ft_native_v2,ft_index_membership_filtered,0.95,high,2026-01-31,https://markets.ft.com/data/equities/tearsheet/summary?s=7988:TYO,2026-01-31T00:00:00+00:00,ft-jp-2026-01-31,2026-01-31,,True
2026-01-31,JP:8001:TYO,JP:8001,8001:TYO,8001,Itochu Corp,TSE,jp,topix500,General Industrials,ft_icb_native,2026-01-31,Industrials,General Industrials,ft_native_v2,ft_index_membership_filtered,0.95,high,2026-01-31,https://markets.ft.com/data/equities/tearsheet/summary?s=8001:TYO,2026-01-31T00:00:00+00:00,ft-jp-2026-01-31,2026-01-31,,True
2026-01-31,JP:8002:TYO,JP:8002,8002:TYO,8002,Marubeni Corp,TSE,jp,topix500,Industrial Support Services,ft_icb_native,2026-01-31,Industrials,Industrial Support Services,ft_native_v2,ft_index_membership_filtered,0.95,high,2026-01-31,https://markets.ft.com/data/equities/tearsheet/summary?s=8002:TYO,2026-01-31T00:00:00+00:00,ft-jp-2026-01-31,2026-01-31,,True
2026-01-31,JP:8012:TYO,JP:8012,8012:TYO,8012,Nagase & Co Ltd,TSE,jp,topix500,Chemicals,ft_icb_native,2026-01-31,Basic Materials,Chemicals,ft_native_v2,ft_index_membership_filtered,0.95,high,2026-01-31,https://markets.ft.com/data/equities/tearsheet/summary?s=8012:TYO,2026-01-31T00:00:00+00:00,ft-jp-2026-01-31,2026-01-31,,True
2026-01-31,JP:8015:TYO,JP:8015,8015:TYO,8015,Toyota Tsusho Corp,TSE,jp,topix500,General Industrials,ft_icb_native,2026-01-31,Industrials,General Industrials,ft_native_v2,ft_index_membership_filtered,0.95,high,2026-01-31,https://markets.ft.com/data/equities/tearsheet/summary?s=8015:TYO,2026-01-31T00:00:00+00:00,ft-jp-2026-01-31,2026-01-31,,True
2026-01-31,JP:8020:TYO,JP:8020,8020:TYO,8020,Kanematsu Corp,TSE,jp,topix500,General Industrials,ft_icb_native,2026-01-31,Industrials,General Industrials,ft_native_v2,ft_index_membership_filtered,0.95,high,2026-01-31,https://markets.ft.com/data/equities/tearsheet/summary?s=8020:TYO,2026-01-31T00:00:00+00:00,ft-jp-2026-01-31,2026-01-31,,True
2026-01-31,JP:8031:TYO,JP:8031,8031:TYO,8031,Mitsui & Co Ltd,TSE,jp,topix500,Industrial Support Services,ft_icb_native,2026-01-31,Industrials,Industrial Support Services,ft_native_v2,ft_index_membership_filtered,0.95,high,2026-01-31,https://markets.ft.com/data/equities/tearsheet/summary?s=8031:TYO,2026-01-31T00:00:00+00:00,ft-jp-2026-01-31,2026-01-31,,True
2026-01-31,JP:8035:TYO,JP:8035,8035:TYO,8035,Tokyo Electron Ltd,TSE,jp,topix500,Technology Hardware and Equipment,ft_icb_native,2026-01-31,Technology,Technology Hardware and Equipment,ft_native_v2,ft_index_membership_filtered,0.95,high,2026-01-31,https://markets.ft.com/data/equities/tearsheet/summary?s=8035:TYO,2026-01-31T00:00:00+00:00,ft-jp-2026-01-31,2026-01-31,,True
2026-01-31,JP:8053:TYO,JP:8053,8053:TYO,8053,Sumitomo Corp,TSE,jp,topix500,Industrial Support Services,ft_icb_native,2026-01-31,Industrials,Industrial Support Services,ft_native_v2,ft_index_membership_filtered,0.95,high,2026-01-31,https://markets.ft.com/data/equities/tearsheet/summary?s=8053:TYO,2026-01-31T00:00:00+00:00,ft-jp-2026-01-31,2026-01-31,,True
2026-01-31,JP:8056:TYO,JP:8056,8056:TYO,8056,Biprogy Inc,TSE,jp,topix500,Technology,ft_icb_native,2026-01-31,Technology,Technology,ft_native_v2,ft_index_membership_filtered,0.95,high,2026-01-31,https://markets.ft.com/data/equities/tearsheet/summary?s=8056:TYO,2026-01-31T00:00:00+00:00,ft-jp-2026-01-31,2026-01-31,,True
2026-01-31,JP:8058:TYO,JP:8058,8058:TYO,8058,Mitsubishi Corp,TSE,jp,topix500,General Industrials,ft_icb_native,2026-01-31,Industrials,General Industrials,ft_native_v2,ft_index_membership_filtered,0.95,high,2026-01-31,https://markets.ft.com/data/equities/tearsheet/summary?s=8058:TYO,2026-01-31T00:00:00+00:00,ft-jp-2026-01-31,2026-01-31,,True
2026-01-31,JP:8060:TYO,JP:8060,8060:TYO,8060,Canon Marketing Japan Inc,TSE,jp,topix500,Technology Hardware and Equipment,ft_icb_native,2026-01-31,Technology,Technology Hardware and Equipment,ft_native_v2,ft_index_membership_filtered,0.95,high,2026-01-31,https://markets.ft.com/data/equities/tearsheet/summary?s=8060:TYO,2026-01-31T00:00:00+00:00,ft-jp-2026-01-31,2026-01-31,,True
2026-01-31,JP:8086:TYO,JP:8086,8086:TYO,8086,Nipro Corp,TSE,jp,topix500,Medical Equipment and Services,ft_icb_native,2026-01-31,Health Care,Medical Equipment and Services,ft_native_v2,ft_index_membership_filtered,0.95,high,2026-01-31,https://markets.ft.com/data/equities/tearsheet/summary?s=8086:TYO,2026-01-31T00:00:00+00:00,ft-jp-2026-01-31,2026-01-31,,True
2026-01-31,JP:8088:TYO,JP:8088,8088:TYO,8088,Iwatani Corp,TSE,jp,topix500,"Gas, Water and Multi-utilities",ft_icb_native,2026-01-31,Energy,"Gas, Water and Multi-utilities",ft_native_v2,ft_index_membership_filtered,0.95,high,2026-01-31,https://markets.ft.com/data/equities/tearsheet/summary?s=8088:TYO,2026-01-31T00:00:00+00:00,ft-jp-2026-01-31,2026-01-31,,True
2026-01-31,JP:8111:TYO,JP:8111,8111:TYO,8111,Goldwin Inc,TSE,jp,topix500,Personal Goods,ft_icb_native,2026-01-31,Consumer Discretionary,Personal Goods,ft_native_v2,ft_index_membership_filtered,0.95,high,2026-01-31,https://markets.ft.com/data/equities/tearsheet/summary?s=8111:TYO,2026-01-31T00:00:00+00:00,ft-jp-2026-01-31,2026-01-31,,True
2026-01-31,JP:8113:TYO,JP:8113,8113:TYO,8113,Unicharm Corp,TSE,jp,topix500,"Personal Care, Drug and Grocery Stores",ft_icb_native,2026-01-31,Consumer Staples,"Personal Care, Drug and Grocery Stores",ft_native_v2,ft_index_membership_filtered,0.95,high,2026-01-31,https://markets.ft.com/data/equities/tearsheet/summary?s=8113:TYO,2026-01-31T00:00:00+00:00,ft-jp-2026-01-31,2026-01-31,,True
2026-01-31,JP:8129:TYO,JP:8129,8129:TYO,8129,Toho Holdings Co Ltd,TSE,jp,topix500,"Personal Care, Drug and Grocery Stores",ft_icb_native,2026-01-31,Consumer Staples,"Personal Care, Drug and Grocery Stores",ft_native_v2,ft_index_membership_filtered,0.95,high,2026-01-31,https://markets.ft.com/data/equities/tearsheet/summary?s=8129:TYO,2026-01-31T00:00:00+00:00,ft-jp-2026-01-31,2026-01-31,,True
2026-01-31,JP:8136:TYO,JP:8136,8136:TYO,8136,Sanrio Co Ltd,TSE,jp,topix500,Leisure Goods,ft_icb_native,2026-01-31,Consumer Discretionary,Leisure Goods,ft_native_v2,ft_index_membership_filtered,0.95,high,2026-01-31,https://markets.ft.com/data/equities/tearsheet/summary?s=8136:TYO,2026-01-31T00:00:00+00:00,ft-jp-2026-01-31,2026-01-31,,True
2026-01-31,JP:8174:TYO,JP:8174,8174:TYO,8174,Nippon Gas Co Ltd,TSE,jp,topix500,"Gas, Water and Multi-utilities",ft_icb_native,2026-01-31,Energy,"Gas, Water and Multi-utilities",ft_native_v2,ft_index_membership_filtered,0.95,high,2026-01-31,https://markets.ft.com/data/equities/tearsheet/summary?s=8174:TYO,2026-01-31T00:00:00+00:00,ft-jp-2026-01-31,2026-01-31,,True
2026-01-31,JP:8227:TYO,JP:8227,8227:TYO,8227,Shimamura Co Ltd,TSE,jp,topix500,Consumer Discretionary,ft_icb_native,2026-01-31,Consumer Discretionary,Consumer Discretionary,ft_native_v2,ft_index_membership_filtered,0.95,high,2026-01-31,https://markets.ft.com/data/equities/tearsheet/summary?s=8227:TYO,2026-01-31T00:00:00+00:00,ft-jp-2026-01-31,2026-01-31,,True
2026-01-31,JP:8233:TYO,JP:8233,8233:TYO,8233,Takashimaya Co Ltd,TSE,jp,topix500,Consumer Discretionary,ft_icb_native,2026-01-31,Consumer Discretionary,Consumer Discretionary,ft_native_v2,ft_index_membership_filtered,0.95,high,2026-01-31,https://markets.ft.com/data/equities/tearsheet/summary?s=8233:TYO,2026-01-31T00:00:00+00:00,ft-jp-2026-01-31,2026-01-31,,True
2026-01-31,JP:8242:TYO,JP:8242,8242:TYO,8242,H2O Retailing Corp,TSE,jp,topix500,Consumer Discretionary,ft_icb_native,2026-01-31,Consumer Discretionary,Consumer Discretionary,ft_native_v2,ft_index_membership_filtered,0.95,high,2026-01-31,https://markets.ft.com/data/equities/tearsheet/summary?s=8242:TYO,2026-01-31T00:00:00+00:00,ft-jp-2026-01-31,2026-01-31,,True
2026-01-31,JP:8252:TYO,JP:8252,8252:TYO,8252,Marui Group Co Ltd,TSE,jp,topix500,Finance and Credit Services,ft_icb_native,2026-01-31,Financials,Finance and Credit Services,ft_native_v2,ft_index_membership_filtered,0.95,high,2026-01-31,https://markets.ft.com/data/equities/tearsheet/summary?s=8252:TYO,2026-01-31T00:00:00+00:00,ft-jp-2026-01-31,2026-01-31,,True
2026-01-31,JP:8253:TYO,JP:8253,8253:TYO,8253,Credit Saison Co Ltd,TSE,jp,topix500,Industrial Support Services,ft_icb_native,2026-01-31,Industrials,Industrial Support Services,ft_native_v2,ft_index_membership_filtered,0.95,high,2026-01-31,https://markets.ft.com/data/equities/tearsheet/summary?s=8253:TYO,2026-01-31T00:00:00+00:00,ft-jp-2026-01-31,2026-01-31,,True
2026-01-31,JP:8267:TYO,JP:8267,8267:TYO,8267,Aeon Co Ltd,TSE,jp,topix500,"Personal Care, Drug and Grocery Stores",ft_icb_native,2026-01-31,Consumer Staples,"Personal Care, Drug and Grocery Stores",ft_native_v2,ft_index_membership_filtered,0.95,high,2026-01-31,https://markets.ft.com/data/equities/tearsheet/summary?s=8267:TYO,2026-01-31T00:00:00+00:00,ft-jp-2026-01-31,2026-01-31,,True
2026-01-31,JP:8282:TYO,JP:8282,8282:TYO,8282,K'S Holdings Corp,TSE,jp,topix500,Consumer Discretionary,ft_icb_native,2026-01-31,Consumer Discretionary,Consumer Discretionary,ft_native_v2,ft_index_membership_filtered,0.95,high,2026-01-31,https://markets.ft.com/data/equities/tearsheet/summary?s=8282:TYO,2026-01-31T00:00:00+00:00,ft-jp-2026-01-31,2026-01-31,,True
2026-01-31,JP:8283:TYO,JP:8283,8283:TYO,8283,PALTAC Corp,TSE,jp,topix500,"Personal Care, Drug and Grocery Stores",ft_icb_native,2026-01-31,Consumer Staples,"Personal Care, Drug and Grocery Stores",ft_native_v2,ft_index_membership_filtered,0.95,high,2026-01-31,https://markets.ft.com/data/equities/tearsheet/summary?s=8283:TYO,2026-01-31T00:00:00+00:00,ft-jp-2026-01-31,2026-01-31,,True
2026-01-31,JP:8304:TYO,JP:8304,8304:TYO,8304,Aozora Bank Ltd,TSE,jp,topix500,Banks,ft_icb_native,2026-01-31,Financials,Banks,ft_native_v2,ft_index_membership_filtered,0.95,high,2026-01-31,https://markets.ft.com/data/equities/tearsheet/summary?s=8304:TYO,2026-01-31T00:00:00+00:00,ft-jp-2026-01-31,2026-01-31,,True
2026-01-31,JP:8306:TYO,JP:8306,8306:TYO,8306,Mitsubishi UFJ Financial Group Inc,TSE,jp,topix500,Banks,ft_icb_native,2026-01-31,Financials,Banks,ft_native_v2,ft_index_membership_filtered,0.95,high,2026-01-31,https://markets.ft.com/data/equities/tearsheet/summary?s=8306:TYO,2026-01-31T00:00:00+00:00,ft-jp-2026-01-31,2026-01-31,,True
2026-01-31,JP:8308:TYO,JP:8308,8308:TYO,8308,Resona Holdings Inc,TSE,jp,topix500,Banks,ft_icb_native,2026-01-31,Financials,Banks,ft_native_v2,ft_index_membership_filtered,0.95,high,2026-01-31,https://markets.ft.com/data/equities/tearsheet/summary?s=8308:TYO,2026-01-31T00:00:00+00:00,ft-jp-2026-01-31,2026-01-31,,True
2026-01-31,JP:8309:TYO,JP:8309,8309:TYO,8309,Sumitomo Mitsui Trust Group Inc,TSE,jp,topix500,Banks,ft_icb_native,2026-01-31,Financials,Banks,ft_native_v2,ft_index_membership_filtered,0.95,high,2026-01-31,https://markets.ft.com/data/equities/tearsheet/summary?s=8309:TYO,2026-01-31T00:00:00+00:00,ft-jp-2026-01-31,2026-01-31,,True
2026-01-31,JP:8316:TYO,JP:8316,8316:TYO,8316,Sumitomo Mitsui Financial Group Inc,TSE,jp,topix500,Banks,ft_icb_native,2026-01-31,Financials,Banks,ft_native_v2,ft_index_membership_filtered,0.95,high,2026-01-31,https://markets.ft.com/data/equities/tearsheet/summary?s=8316:TYO,2026-01-31T00:00:00+00:00,ft-jp-2026-01-31,2026-01-31,,True
2026-01-31,JP:8331:TYO,JP:8331,8331:TYO,8331,Chiba Bank Ltd,TSE,jp,topix500,Banks,ft_icb_native,2026-01-31,Financials,Banks,ft_native_v2,ft_index_membership_filtered,0.95,high,2026-01-31,https://markets.ft.com/data/equities/tearsheet/summary?s=8331:TYO,2026-01-31T00:00:00+00:00,ft-jp-2026-01-31,2026-01-31,,True
2026-01-31,JP:8334:TYO,JP:8334,8334:TYO,8334,Gunma Bank Ltd,TSE,jp,topix500,Banks,ft_icb_native,2026-01-31,Financials,Banks,ft_native_v2,ft_index_membership_filtered,0.95,high,2026-01-31,https://markets.ft.com/data/equities/tearsheet/summary?s=8334:TYO,2026-01-31T00:00:00+00:00,ft-jp-2026-01-31,2026-01-31,,True
2026-01-31,JP:8341:TYO,JP:8341,8341:TYO,8341,77 Bank Ltd,TSE,jp,topix500,Banks,ft_icb_native,2026-01-31,Financials,Banks,ft_native_v2,ft_index_membership_filtered,0.95,high,2026-01-31,https://markets.ft.com/data/equities/tearsheet/summary?s=8341:TYO,2026-01-31T00:00:00+00:00,ft-jp-2026-01-31,2026-01-31,,True
2026-01-31,JP:8354:TYO,JP:8354,8354:TYO,8354,Fukuoka Financial Group Inc,TSE,jp,topix500,Banks,ft_icb_native,2026-01-31,Financials,Banks,ft_native_v2,ft_index_membership_filtered,0.95,high,2026-01-31,https://markets.ft.com/data/equities/tearsheet/summary?s=8354:TYO,2026-01-31T00:00:00+00:00,ft-jp-2026-01-31,2026-01-31,,True
2026-01-31,JP:8359:TYO,JP:8359,8359:TYO,8359,Hachijuni Nagano Bank Ltd,TSE,jp,topix500,Banks,ft_icb_native,2026-01-31,Financials,Banks,ft_native_v2,ft_index_membership_filtered,0.95,high,2026-01-31,https://markets.ft.com/data/equities/tearsheet/summary?s=8359:TYO,2026-01-31T00:00:00+00:00,ft-jp-2026-01-31,2026-01-31,,True
2026-01-31,JP:8377:TYO,JP:8377,8377:TYO,8377,Hokuhoku Financial Group Inc,TSE,jp,topix500,Banks,ft_icb_native,2026-01-31,Financials,Banks,ft_native_v2,ft_index_membership_filtered,0.95,high,2026-01-31,https://markets.ft.com/data/equities/tearsheet/summary?s=8377:TYO,2026-01-31T00:00:00+00:00,ft-jp-2026-01-31,2026-01-31,,True
2026-01-31,JP:8410:TYO,JP:8410,8410:TYO,8410,Seven Bank Ltd,TSE,jp,topix500,Banks,ft_icb_native,2026-01-31,Financials,Banks,ft_native_v2,ft_index_membership_filtered,0.95,high,2026-01-31,https://markets.ft.com/data/equities/tearsheet/summary?s=8410:TYO,2026-01-31T00:00:00+00:00,ft-jp-2026-01-31,2026-01-31,,True
2026-01-31,JP:8411:TYO,JP:8411,8411:TYO,8411,Mizuho Financial Group Inc,TSE,jp,topix500,Banks,ft_icb_native,2026-01-31,Financials,Banks,ft_native_v2,ft_index_membership_filtered,0.95,high,2026-01-31,https://markets.ft.com/data/equities/tearsheet/summary?s=8411:TYO,2026-01-31T00:00:00+00:00,ft-jp-2026-01-31,2026-01-31,,True
2026-01-31,JP:8418:TYO,JP:8418,8418:TYO,8418,Yamaguchi Financial Group Inc,TSE,jp,topix500,Banks,ft_icb_native,2026-01-31,Financials,Banks,ft_native_v2,ft_index_membership_filtered,0.95,high,2026-01-31,https://markets.ft.com/data/equities/tearsheet/summary?s=8418:TYO,2026-01-31T00:00:00+00:00,ft-jp-2026-01-31,2026-01-31,,True
2026-01-31,JP:8424:TYO,JP:8424,8424:TYO,8424,Fuyo General Lease Co Ltd,TSE,jp,topix500,Consumer Services,ft_icb_native,2026-01-31,Consumer Discretionary,Consumer Services,ft_native_v2,ft_index_membership_filtered,0.95,high,2026-01-31,https://markets.ft.com/data/equities/tearsheet/summary?s=8424:TYO,2026-01-31T00:00:00+00:00,ft-jp-2026-01-31,2026-01-31,,True
2026-01-31,JP:8439:TYO,JP:8439,8439:TYO,8439,Tokyo Century Corp,TSE,jp,topix500,Consumer Services,ft_icb_native,2026-01-31,Consumer Discretionary,Consumer Services,ft_native_v2,ft_index_membership_filtered,0.95,high,2026-01-31,https://markets.ft.com/data/equities/tearsheet/summary?s=8439:TYO,2026-01-31T00:00:00+00:00,ft-jp-2026-01-31,2026-01-31,,True
2026-01-31,JP:8473:TYO,JP:8473,8473:TYO,8473,SBI Holdings Inc,TSE,jp,topix500,Investment Banking and Brokerage Services,ft_icb_native,2026-01-31,Financials,Investment Banking and Brokerage Services,ft_native_v2,ft_index_membership_filtered,0.95,high,2026-01-31,https://markets.ft.com/data/equities/tearsheet/summary?s=8473:TYO,2026-01-31T00:00:00+00:00,ft-jp-2026-01-31,2026-01-31,,True
2026-01-31,JP:8570:TYO,JP:8570,8570:TYO,8570,Aeon Financial Service Co Ltd,TSE,jp,topix500,Finance and Credit Services,ft_icb_native,2026-01-31,Financials,Finance and Credit Services,ft_native_v2,ft_index_membership_filtered,0.95,high,2026-01-31,https://markets.ft.com/data/equities/tearsheet/summary?s=8570:TYO,2026-01-31T00:00:00+00:00,ft-jp-2026-01-31,2026-01-31,,True
2026-01-31,JP:8572:TYO,JP:8572,8572:TYO,8572,Acom Co Ltd,TSE,jp,topix500,Finance and Credit Services,ft_icb_native,2026-01-31,Financials,Finance and Credit Services,ft_native_v2,ft_index_membership_filtered,0.95,high,2026-01-31,https://markets.ft.com/data/equities/tearsheet/summary?s=8572:TYO,2026-01-31T00:00:00+00:00,ft-jp-2026-01-31,2026-01-31,,True
2026-01-31,JP:8591:TYO,JP:8591,8591:TYO,8591,ORIX Corp,TSE,jp,topix500,Investment Banking and Brokerage Services,ft_icb_native,2026-01-31,Financials,Investment Banking and Brokerage Services,ft_native_v2,ft_index_membership_filtered,0.95,high,2026-01-31,https://markets.ft.com/data/equities/tearsheet/summary?s=8591:TYO,2026-01-31T00:00:00+00:00,ft-jp-2026-01-31,2026-01-31,,True
2026-01-31,JP:8593:TYO,JP:8593,8593:TYO,8593,Mitsubishi HC Capital Inc,TSE,jp,topix500,Finance and Credit Services,ft_icb_native,2026-01-31,Financials,Finance and Credit Services,ft_native_v2,ft_index_membership_filtered,0.95,high,2026-01-31,https://markets.ft.com/data/equities/tearsheet/summary?s=8593:TYO,2026-01-31T00:00:00+00:00,ft-jp-2026-01-31,2026-01-31,,True
2026-01-31,JP:8595:TYO,JP:8595,8595:TYO,8595,JAFCO Group Co Ltd,TSE,jp,topix500,Investment Banking and Brokerage Services,ft_icb_native,2026-01-31,Financials,Investment Banking and Brokerage Services,ft_native_v2,ft_index_membership_filtered,0.95,high,2026-01-31,https://markets.ft.com/data/equities/tearsheet/summary?s=8595:TYO,2026-01-31T00:00:00+00:00,ft-jp-2026-01-31,2026-01-31,,True
2026-01-31,JP:8601:TYO,JP:8601,8601:TYO,8601,Daiwa Securities Group Inc,TSE,jp,topix500,Investment Banking and Brokerage Services,ft_icb_native,2026-01-31,Financials,Investment Banking and Brokerage Services,ft_native_v2,ft_index_membership_filtered,0.95,high,2026-01-31,https://markets.ft.com/data/equities/tearsheet/summary?s=8601:TYO,2026-01-31T00:00:00+00:00,ft-jp-2026-01-31,2026-01-31,,True
2026-01-31,JP:8604:TYO,JP:8604,8604:TYO,8604,Nomura Holdings Inc,TSE,jp,topix500,Investment Banking and Brokerage Services,ft_icb_native,2026-01-31,Financials,Investment Banking and Brokerage Services,ft_native_v2,ft_index_membership_filtered,0.95,high,2026-01-31,https://markets.ft.com/data/equities/tearsheet/summary?s=8604:TYO,2026-01-31T00:00:00+00:00,ft-jp-2026-01-31,2026-01-31,,True
2026-01-31,JP:8630:TYO,JP:8630,8630:TYO,8630,Sompo Holdings Inc,TSE,jp,topix500,Non-life Insurance,ft_icb_native,2026-01-31,Financials,Non-life Insurance,ft_native_v2,ft_index_membership_filtered,0.95,high,2026-01-31,https://markets.ft.com/data/equities/tearsheet/summary?s=8630:TYO,2026-01-31T00:00:00+00:00,ft-jp-2026-01-31,2026-01-31,,True
2026-01-31,JP:8697:TYO,JP:8697,8697:TYO,8697,Japan Exchange Group Inc,TSE,jp,topix500,Investment Banking and Brokerage Services,ft_icb_native,2026-01-31,Financials,Investment Banking and Brokerage Services,ft_native_v2,ft_index_membership_filtered,0.95,high,2026-01-31,https://markets.ft.com/data/equities/tearsheet/summary?s=8697:TYO,2026-01-31T00:00:00+00:00,ft-jp-2026-01-31,2026-01-31,,True
2026-01-31,JP:8725:TYO,JP:8725,8725:TYO,8725,MS&AD Insurance Group Holdings Inc,TSE,jp,topix500,Non-life Insurance,ft_icb_native,2026-01-31,Financials,Non-life Insurance,ft_native_v2,ft_index_membership_filtered,0.95,high,2026-01-31,https://markets.ft.com/data/equities/tearsheet/summary?s=8725:TYO,2026-01-31T00:00:00+00:00,ft-jp-2026-01-31,2026-01-31,,True
2026-01-31,JP:8729:TYO,JP:8729,8729:TYO,8729,Sony Financial Group Inc,TSE,jp,topix500,Life Insurance,ft_icb_native,2026-01-31,Financials,Life Insurance,ft_native_v2,ft_index_membership_filtered,0.95,high,2026-01-31,https://markets.ft.com/data/equities/tearsheet/summary?s=8729:TYO,2026-01-31T00:00:00+00:00,ft-jp-2026-01-31,2026-01-31,,True
2026-01-31,JP:8750:TYO,JP:8750,8750:TYO,8750,Dai-ichi Life Holdings Inc,TSE,jp,topix500,Life Insurance,ft_icb_native,2026-01-31,Financials,Life Insurance,ft_native_v2,ft_index_membership_filtered,0.95,high,2026-01-31,https://markets.ft.com/data/equities/tearsheet/summary?s=8750:TYO,2026-01-31T00:00:00+00:00,ft-jp-2026-01-31,2026-01-31,,True
2026-01-31,JP:8766:TYO,JP:8766,8766:TYO,8766,Tokio Marine Holdings Inc,TSE,jp,topix500,Non-life Insurance,ft_icb_native,2026-01-31,Financials,Non-life Insurance,ft_native_v2,ft_index_membership_filtered,0.95,high,2026-01-31,https://markets.ft.com/data/equities/tearsheet/summary?s=8766:TYO,2026-01-31T00:00:00+00:00,ft-jp-2026-01-31,2026-01-31,,True
2026-01-31,JP:8795:TYO,JP:8795,8795:TYO,8795,T&D Holdings Inc,TSE,jp,topix500,Life Insurance,ft_icb_native,2026-01-31,Financials,Life Insurance,ft_native_v2,ft_index_membership_filtered,0.95,high,2026-01-31,https://markets.ft.com/data/equities/tearsheet/summary?s=8795:TYO,2026-01-31T00:00:00+00:00,ft-jp-2026-01-31,2026-01-31,,True
2026-01-31,JP:8801:TYO,JP:8801,8801:TYO,8801,Mitsui Fudosan Co Ltd,TSE,jp,topix500,Real Estate Investment and Services,ft_icb_native,2026-01-31,Real Estate,Real Estate Investment and Services,ft_native_v2,ft_index_membership_filtered,0.95,high,2026-01-31,https://markets.ft.com/data/equities/tearsheet/summary?s=8801:TYO,2026-01-31T00:00:00+00:00,ft-jp-2026-01-31,2026-01-31,,True
2026-01-31,JP:8802:TYO,JP:8802,8802:TYO,8802,Mitsubishi Estate Co Ltd,TSE,jp,topix500,Real Estate Investment and Services,ft_icb_native,2026-01-31,Real Estate,Real Estate Investment and Services,ft_native_v2,ft_index_membership_filtered,0.95,high,2026-01-31,https://markets.ft.com/data/equities/tearsheet/summary?s=8802:TYO,2026-01-31T00:00:00+00:00,ft-jp-2026-01-31,2026-01-31,,True
2026-01-31,JP:8804:TYO,JP:8804,8804:TYO,8804,Tokyo Tatemono Co Ltd,TSE,jp,topix500,Real Estate Investment and Services,ft_icb_native,2026-01-31,Real Estate,Real Estate Investment and Services,ft_native_v2,ft_index_membership_filtered,0.95,high,2026-01-31,https://markets.ft.com/data/equities/tearsheet/summary?s=8804:TYO,2026-01-31T00:00:00+00:00,ft-jp-2026-01-31,2026-01-31,,True
2026-01-31,JP:8830:TYO,JP:8830,8830:TYO,8830,Sumitomo Realty & Development Co Ltd,TSE,jp,topix500,Real Estate Investment and Services,ft_icb_native,2026-01-31,Real Estate,Real Estate Investment and Services,ft_native_v2,ft_index_membership_filtered,0.95,high,2026-01-31,https://markets.ft.com/data/equities/tearsheet/summary?s=8830:TYO,2026-01-31T00:00:00+00:00,ft-jp-2026-01-31,2026-01-31,,True
2026-01-31,JP:8876:TYO,JP:8876,8876:TYO,8876,Relo Group Inc,TSE,jp,topix500,Real Estate Investment and Services,ft_icb_native,2026-01-31,Real Estate,Real Estate Investment and Services,ft_native_v2,ft_index_membership_filtered,0.95,high,2026-01-31,https://markets.ft.com/data/equities/tearsheet/summary?s=8876:TYO,2026-01-31T00:00:00+00:00,ft-jp-2026-01-31,2026-01-31,,True
2026-01-31,JP:9001:TYO,JP:9001,9001:TYO,9001,Tobu Railway Co Ltd,TSE,jp,topix500,Industrial Transportation,ft_icb_native,2026-01-31,Industrials,Industrial Transportation,ft_native_v2,ft_index_membership_filtered,0.95,high,2026-01-31,https://markets.ft.com/data/equities/tearsheet/summary?s=9001:TYO,2026-01-31T00:00:00+00:00,ft-jp-2026-01-31,2026-01-31,,True
2026-01-31,JP:9003:TYO,JP:9003,9003:TYO,9003,Sotetsu Holdings Inc,TSE,jp,topix500,Travel and Leisure,ft_icb_native,2026-01-31,Consumer Discretionary,Travel and Leisure,ft_native_v2,ft_index_membership_filtered,0.95,high,2026-01-31,https://markets.ft.com/data/equities/tearsheet/summary?s=9003:TYO,2026-01-31T00:00:00+00:00,ft-jp-2026-01-31,2026-01-31,,True
2026-01-31,JP:9005:TYO,JP:9005,9005:TYO,9005,Tokyu Corp,TSE,jp,topix500,Consumer Discretionary,ft_icb_native,2026-01-31,Consumer Discretionary,Consumer Discretionary,ft_native_v2,ft_index_membership_filtered,0.95,high,2026-01-31,https://markets.ft.com/data/equities/tearsheet/summary?s=9005:TYO,2026-01-31T00:00:00+00:00,ft-jp-2026-01-31,2026-01-31,,True
2026-01-31,JP:9006:TYO,JP:9006,9006:TYO,9006,Keikyu Corp,TSE,jp,topix500,Industrial Transportation,ft_icb_native,2026-01-31,Industrials,Industrial Transportation,ft_native_v2,ft_index_membership_filtered,0.95,high,2026-01-31,https://markets.ft.com/data/equities/tearsheet/summary?s=9006:TYO,2026-01-31T00:00:00+00:00,ft-jp-2026-01-31,2026-01-31,,True
2026-01-31,JP:9007:TYO,JP:9007,9007:TYO,9007,Odakyu Electric Railway Co Ltd,TSE,jp,topix500,Travel and Leisure,ft_icb_native,2026-01-31,Consumer Discretionary,Travel and Leisure,ft_native_v2,ft_index_membership_filtered,0.95,high,2026-01-31,https://markets.ft.com/data/equities/tearsheet/summary?s=9007:TYO,2026-01-31T00:00:00+00:00,ft-jp-2026-01-31,2026-01-31,,True
2026-01-31,JP:9008:TYO,JP:9008,9008:TYO,9008,Keio Corp,TSE,jp,topix500,Travel and Leisure,ft_icb_native,2026-01-31,Consumer Discretionary,Travel and Leisure,ft_native_v2,ft_index_membership_filtered,0.95,high,2026-01-31,https://markets.ft.com/data/equities/tearsheet/summary?s=9008:TYO,2026-01-31T00:00:00+00:00,ft-jp-2026-01-31,2026-01-31,,True
2026-01-31,JP:9009:TYO,JP:9009,9009:TYO,9009,Keisei Electric Railway Co Ltd,TSE,jp,topix500,Industrial Transportation,ft_icb_native,2026-01-31,Industrials,Industrial Transportation,ft_native_v2,ft_index_membership_filtered,0.95,high,2026-01-31,https://markets.ft.com/data/equities/tearsheet/summary?s=9009:TYO,2026-01-31T00:00:00+00:00,ft-jp-2026-01-31,2026-01-31,,True
2026-01-31,JP:9020:TYO,JP:9020,9020:TYO,9020,East Japan Railway Co,TSE,jp,topix500,Industrial Transportation,ft_icb_native,2026-01-31,Industrials,Industrial Transportation,ft_native_v2,ft_index_membership_filtered,0.95,high,2026-01-31,https://markets.ft.com/data/equities/tearsheet/summary?s=9020:TYO,2026-01-31T00:00:00+00:00,ft-jp-2026-01-31,2026-01-31,,True
2026-01-31,JP:9021:TYO,JP:9021,9021:TYO,9021,West Japan Railway Co,TSE,jp,topix500,Industrial Transportation,ft_icb_native,2026-01-31,Industrials,Industrial Transportation,ft_native_v2,ft_index_membership_filtered,0.95,high,2026-01-31,https://markets.ft.com/data/equities/tearsheet/summary?s=9021:TYO,2026-01-31T00:00:00+00:00,ft-jp-2026-01-31,2026-01-31,,True
2026-01-31,JP:9022:TYO,JP:9022,9022:TYO,9022,Central Japan Railway Co,TSE,jp,topix500,Industrial Transportation,ft_icb_native,2026-01-31,Industrials,Industrial Transportation,ft_native_v2,ft_index_membership_filtered,0.95,high,2026-01-31,https://markets.ft.com/data/equities/tearsheet/summary?s=9022:TYO,2026-01-31T00:00:00+00:00,ft-jp-2026-01-31,2026-01-31,,True
2026-01-31,JP:9023:TYO,JP:9023,9023:TYO,9023,Tokyo Metro Co Ltd,TSE,jp,topix500,Industrial Transportation,ft_icb_native,2026-01-31,Industrials,Industrial Transportation,ft_native_v2,ft_index_membership_filtered,0.95,high,2026-01-31,https://markets.ft.com/data/equities/tearsheet/summary?s=9023:TYO,2026-01-31T00:00:00+00:00,ft-jp-2026-01-31,2026-01-31,,True
2026-01-31,JP:9024:TYO,JP:9024,9024:TYO,9024,Seibu Holdings Inc,TSE,jp,topix500,Travel and Leisure,ft_icb_native,2026-01-31,Consumer Discretionary,Travel and Leisure,ft_native_v2,ft_index_membership_filtered,0.95,high,2026-01-31,https://markets.ft.com/data/equities/tearsheet/summary?s=9024:TYO,2026-01-31T00:00:00+00:00,ft-jp-2026-01-31,2026-01-31,,True
2026-01-31,JP:9031:TYO,JP:9031,9031:TYO,9031,Nishi-Nippon Railroad Co Ltd,TSE,jp,topix500,Industrial Transportation,ft_icb_native,2026-01-31,Industrials,Industrial Transportation,ft_native_v2,ft_index_membership_filtered,0.95,high,2026-01-31,https://markets.ft.com/data/equities/tearsheet/summary?s=9031:TYO,2026-01-31T00:00:00+00:00,ft-jp-2026-01-31,2026-01-31,,True
2026-01-31,JP:9041:TYO,JP:9041,9041:TYO,9041,Kintetsu Group Holdings Co Ltd,TSE,jp,topix500,Industrial Transportation,ft_icb_native,2026-01-31,Industrials,Industrial Transportation,ft_native_v2,ft_index_membership_filtered,0.95,high,2026-01-31,https://markets.ft.com/data/equities/tearsheet/summary?s=9041:TYO,2026-01-31T00:00:00+00:00,ft-jp-2026-01-31,2026-01-31,,True
2026-01-31,JP:9042:TYO,JP:9042,9042:TYO,9042,Hankyu Hanshin Holdings Inc,TSE,jp,topix500,Industrial Transportation,ft_icb_native,2026-01-31,Industrials,Industrial Transportation,ft_native_v2,ft_index_membership_filtered,0.95,high,2026-01-31,https://markets.ft.com/data/equities/tearsheet/summary?s=9042:TYO,2026-01-31T00:00:00+00:00,ft-jp-2026-01-31,2026-01-31,,True
2026-01-31,JP:9044:TYO,JP:9044,9044:TYO,9044,Nankai Electric Railway Co Ltd,TSE,jp,topix500,General Industrials,ft_icb_native,2026-01-31,Industrials,General Industrials,ft_native_v2,ft_index_membership_filtered,0.95,high,2026-01-31,https://markets.ft.com/data/equities/tearsheet/summary?s=9044:TYO,2026-01-31T00:00:00+00:00,ft-jp-2026-01-31,2026-01-31,,True
2026-01-31,JP:9045:TYO,JP:9045,9045:TYO,9045,Keihan Holdings Co Ltd,TSE,jp,topix500,Industrial Transportation,ft_icb_native,2026-01-31,Industrials,Industrial Transportation,ft_native_v2,ft_index_membership_filtered,0.95,high,2026-01-31,https://markets.ft.com/data/equities/tearsheet/summary?s=9045:TYO,2026-01-31T00:00:00+00:00,ft-jp-2026-01-31,2026-01-31,,True
2026-01-31,JP:9048:TYO,JP:9048,9048:TYO,9048,Nagoya Railroad Co Ltd,TSE,jp,topix500,Industrial Transportation,ft_icb_native,2026-01-31,Industrials,Industrial Transportation,ft_native_v2,ft_index_membership_filtered,0.95,high,2026-01-31,https://markets.ft.com/data/equities/tearsheet/summary?s=9048:TYO,2026-01-31T00:00:00+00:00,ft-jp-2026-01-31,2026-01-31,,True
2026-01-31,JP:9064:TYO,JP:9064,9064:TYO,9064,Yamato Holdings Co Ltd,TSE,jp,topix500,Industrial Transportation,ft_icb_native,2026-01-31,Industrials,Industrial Transportation,ft_native_v2,ft_index_membership_filtered,0.95,high,2026-01-31,https://markets.ft.com/data/equities/tearsheet/summary?s=9064:TYO,2026-01-31T00:00:00+00:00,ft-jp-2026-01-31,2026-01-31,,True
2026-01-31,JP:9065:TYO,JP:9065,9065:TYO,9065,Sankyu Inc,TSE,jp,topix500,Industrial Transportation,ft_icb_native,2026-01-31,Industrials,Industrial Transportation,ft_native_v2,ft_index_membership_filtered,0.95,high,2026-01-31,https://markets.ft.com/data/equities/tearsheet/summary?s=9065:TYO,2026-01-31T00:00:00+00:00,ft-jp-2026-01-31,2026-01-31,,True
2026-01-31,JP:9069:TYO,JP:9069,9069:TYO,9069,Senko Group Holdings Co Ltd,TSE,jp,topix500,Industrial Transportation,ft_icb_native,2026-01-31,Industrials,Industrial Transportation,ft_native_v2,ft_index_membership_filtered,0.95,high,2026-01-31,https://markets.ft.com/data/equities/tearsheet/summary?s=9069:TYO,2026-01-31T00:00:00+00:00,ft-jp-2026-01-31,2026-01-31,,True
2026-01-31,JP:9072:TYO,JP:9072,9072:TYO,9072,Nikkon Holdings Co Ltd,TSE,jp,topix500,Industrial Transportation,ft_icb_native,2026-01-31,Industrials,Industrial Transportation,ft_native_v2,ft_index_membership_filtered,0.95,high,2026-01-31,https://markets.ft.com/data/equities/tearsheet/summary?s=9072:TYO,2026-01-31T00:00:00+00:00,ft-jp-2026-01-31,2026-01-31,,True
2026-01-31,JP:9076:TYO,JP:9076,9076:TYO,9076,Seino Holdings Co Ltd,TSE,jp,topix500,Industrial Transportation,ft_icb_native,2026-01-31,Industrials,Industrial Transportation,ft_native_v2,ft_index_membership_filtered,0.95,high,2026-01-31,https://markets.ft.com/data/equities/tearsheet/summary?s=9076:TYO,2026-01-31T00:00:00+00:00,ft-jp-2026-01-31,2026-01-31,,True
2026-01-31,JP:9101:TYO,JP:9101,9101:TYO,9101,Nippon Yusen KK,TSE,jp,topix500,Industrial Transportation,ft_icb_native,2026-01-31,Industrials,Industrial Transportation,ft_native_v2,ft_index_membership_filtered,0.95,high,2026-01-31,https://markets.ft.com/data/equities/tearsheet/summary?s=9101:TYO,2026-01-31T00:00:00+00:00,ft-jp-2026-01-31,2026-01-31,,True
2026-01-31,JP:9104:TYO,JP:9104,9104:TYO,9104,Mitsui O.S.K. Lines Ltd,TSE,jp,topix500,Industrial Transportation,ft_icb_native,2026-01-31,Industrials,Industrial Transportation,ft_native_v2,ft_index_membership_filtered,0.95,high,2026-01-31,https://markets.ft.com/data/equities/tearsheet/summary?s=9104:TYO,2026-01-31T00:00:00+00:00,ft-jp-2026-01-31,2026-01-31,,True
2026-01-31,JP:9107:TYO,JP:9107,9107:TYO,9107,Kawasaki Kisen Kaisha Ltd,TSE,jp,topix500,Industrial Transportation,ft_icb_native,2026-01-31,Industrials,Industrial Transportation,ft_native_v2,ft_index_membership_filtered,0.95,high,2026-01-31,https://markets.ft.com/data/equities/tearsheet/summary?s=9107:TYO,2026-01-31T00:00:00+00:00,ft-jp-2026-01-31,2026-01-31,,True
2026-01-31,JP:9142:TYO,JP:9142,9142:TYO,9142,Kyushu Railway Co,TSE,jp,topix500,Travel and Leisure,ft_icb_native,2026-01-31,Consumer Discretionary,Travel and Leisure,ft_native_v2,ft_index_membership_filtered,0.95,high,2026-01-31,https://markets.ft.com/data/equities/tearsheet/summary?s=9142:TYO,2026-01-31T00:00:00+00:00,ft-jp-2026-01-31,2026-01-31,,True
2026-01-31,JP:9143:TYO,JP:9143,9143:TYO,9143,SG Holdings Co Ltd,TSE,jp,topix500,Industrial Transportation,ft_icb_native,2026-01-31,Industrials,Industrial Transportation,ft_native_v2,ft_index_membership_filtered,0.95,high,2026-01-31,https://markets.ft.com/data/equities/tearsheet/summary?s=9143:TYO,2026-01-31T00:00:00+00:00,ft-jp-2026-01-31,2026-01-31,,True
2026-01-31,JP:9147:TYO,JP:9147,9147:TYO,9147,Nippon Express Holdings Inc,TSE,jp,topix500,Industrial Transportation,ft_icb_native,2026-01-31,Industrials,Industrial Transportation,ft_native_v2,ft_index_membership_filtered,0.95,high,2026-01-31,https://markets.ft.com/data/equities/tearsheet/summary?s=9147:TYO,2026-01-31T00:00:00+00:00,ft-jp-2026-01-31,2026-01-31,,True
2026-01-31,JP:9201:TYO,JP:9201,9201:TYO,9201,Japan Airlines Co Ltd,TSE,jp,topix500,Travel and Leisure,ft_icb_native,2026-01-31,Consumer Discretionary,Travel and Leisure,ft_native_v2,ft_index_membership_filtered,0.95,high,2026-01-31,https://markets.ft.com/data/equities/tearsheet/summary?s=9201:TYO,2026-01-31T00:00:00+00:00,ft-jp-2026-01-31,2026-01-31,,True
2026-01-31,JP:9202:TYO,JP:9202,9202:TYO,9202,ANA Holdings Inc,TSE,jp,topix500,Travel and Leisure,ft_icb_native,2026-01-31,Consumer Discretionary,Travel and Leisure,ft_native_v2,ft_index_membership_filtered,0.95,high,2026-01-31,https://markets.ft.com/data/equities/tearsheet/summary?s=9202:TYO,2026-01-31T00:00:00+00:00,ft-jp-2026-01-31,2026-01-31,,True
2026-01-31,JP:9301:TYO,JP:9301,9301:TYO,9301,Mitsubishi Logistics Corp,TSE,jp,topix500,Industrial Transportation,ft_icb_native,2026-01-31,Industrials,Industrial Transportation,ft_native_v2,ft_index_membership_filtered,0.95,high,2026-01-31,https://markets.ft.com/data/equities/tearsheet/summary?s=9301:TYO,2026-01-31T00:00:00+00:00,ft-jp-2026-01-31,2026-01-31,,True
2026-01-31,JP:9302:TYO,JP:9302,9302:TYO,9302,Mitsui Soko Holdings Co Ltd,TSE,jp,topix500,Industrial Transportation,ft_icb_native,2026-01-31,Industrials,Industrial Transportation,ft_native_v2,ft_index_membership_filtered,0.95,high,2026-01-31,https://markets.ft.com/data/equities/tearsheet/summary?s=9302:TYO,2026-01-31T00:00:00+00:00,ft-jp-2026-01-31,2026-01-31,,True
2026-01-31,JP:9364:TYO,JP:9364,9364:TYO,9364,Kamigumi Co Ltd,TSE,jp,topix500,Industrial Transportation,ft_icb_native,2026-01-31,Industrials,Industrial Transportation,ft_native_v2,ft_index_membership_filtered,0.95,high,2026-01-31,https://markets.ft.com/data/equities/tearsheet/summary?s=9364:TYO,2026-01-31T00:00:00+00:00,ft-jp-2026-01-31,2026-01-31,,True
2026-01-31,JP:9401:TYO,JP:9401,9401:TYO,9401,TBS Holdings Inc,TSE,jp,topix500,Media,ft_icb_native,2026-01-31,Consumer Discretionary,Media,ft_native_v2,ft_index_membership_filtered,0.95,high,2026-01-31,https://markets.ft.com/data/equities/tearsheet/summary?s=9401:TYO,2026-01-31T00:00:00+00:00,ft-jp-2026-01-31,2026-01-31,,True
2026-01-31,JP:9404:TYO,JP:9404,9404:TYO,9404,Nippon Television Holdings Inc,TSE,jp,topix500,Media,ft_icb_native,2026-01-31,Consumer Discretionary,Media,ft_native_v2,ft_index_membership_filtered,0.95,high,2026-01-31,https://markets.ft.com/data/equities/tearsheet/summary?s=9404:TYO,2026-01-31T00:00:00+00:00,ft-jp-2026-01-31,2026-01-31,,True
2026-01-31,JP:9432:TYO,JP:9432,9432:TYO,9432,NTT Inc,TSE,jp,topix500,Telecommunications Service Providers,ft_icb_native,2026-01-31,Telecommunications,Telecommunications Service Providers,ft_native_v2,ft_index_membership_filtered,0.95,high,2026-01-31,https://markets.ft.com/data/equities/tearsheet/summary?s=9432:TYO,2026-01-31T00:00:00+00:00,ft-jp-2026-01-31,2026-01-31,,True
2026-01-31,JP:9433:TYO,JP:9433,9433:TYO,9433,KDDI Corp,TSE,jp,topix500,Telecommunications Service Providers,ft_icb_native,2026-01-31,Telecommunications,Telecommunications Service Providers,ft_native_v2,ft_index_membership_filtered,0.95,high,2026-01-31,https://markets.ft.com/data/equities/tearsheet/summary?s=9433:TYO,2026-01-31T00:00:00+00:00,ft-jp-2026-01-31,2026-01-31,,True
2026-01-31,JP:9434:TYO,JP:9434,9434:TYO,9434,SoftBank Corp,TSE,jp,topix500,Telecommunications Service Providers,ft_icb_native,2026-01-31,Telecommunications,Telecommunications Service Providers,ft_native_v2,ft_index_membership_filtered,0.95,high,2026-01-31,https://markets.ft.com/data/equities/tearsheet/summary?s=9434:TYO,2026-01-31T00:00:00+00:00,ft-jp-2026-01-31,2026-01-31,,True
2026-01-31,JP:9435:TYO,JP:9435,9435:TYO,9435,Hikari Tsushin Inc,TSE,jp,topix500,Telecommunications Service Providers,ft_icb_native,2026-01-31,Telecommunications,Telecommunications Service Providers,ft_native_v2,ft_index_membership_filtered,0.95,high,2026-01-31,https://markets.ft.com/data/equities/tearsheet/summary?s=9435:TYO,2026-01-31T00:00:00+00:00,ft-jp-2026-01-31,2026-01-31,,True
2026-01-31,JP:9449:TYO,JP:9449,9449:TYO,9449,GMO Internet Group Inc,TSE,jp,topix500,Technology,ft_icb_native,2026-01-31,Technology,Technology,ft_native_v2,ft_index_membership_filtered,0.95,high,2026-01-31,https://markets.ft.com/data/equities/tearsheet/summary?s=9449:TYO,2026-01-31T00:00:00+00:00,ft-jp-2026-01-31,2026-01-31,,True
2026-01-31,JP:9468:TYO,JP:9468,9468:TYO,9468,Kadokawa Corp,TSE,jp,topix500,Media,ft_icb_native,2026-01-31,Consumer Discretionary,Media,ft_native_v2,ft_index_membership_filtered,0.95,high,2026-01-31,https://markets.ft.com/data/equities/tearsheet/summary?s=9468:TYO,2026-01-31T00:00:00+00:00,ft-jp-2026-01-31,2026-01-31,,True
2026-01-31,JP:9501:TYO,JP:9501,9501:TYO,9501,Tokyo Electric Power Company Holdings Inc,TSE,jp,topix500,Electricity,ft_icb_native,2026-01-31,Utilities,Electricity,ft_native_v2,ft_index_membership_filtered,0.95,high,2026-01-31,https://markets.ft.com/data/equities/tearsheet/summary?s=9501:TYO,2026-01-31T00:00:00+00:00,ft-jp-2026-01-31,2026-01-31,,True
2026-01-31,JP:9502:TYO,JP:9502,9502:TYO,9502,Chubu Electric Power Co Inc,TSE,jp,topix500,Electricity,ft_icb_native,2026-01-31,Utilities,Electricity,ft_native_v2,ft_index_membership_filtered,0.95,high,2026-01-31,https://markets.ft.com/data/equities/tearsheet/summary?s=9502:TYO,2026-01-31T00:00:00+00:00,ft-jp-2026-01-31,2026-01-31,,True
2026-01-31,JP:9503:TYO,JP:9503,9503:TYO,9503,Kansai Electric Power Co Inc,TSE,jp,topix500,Electricity,ft_icb_native,2026-01-31,Utilities,Electricity,ft_native_v2,ft_index_membership_filtered,0.95,high,2026-01-31,https://markets.ft.com/data/equities/tearsheet/summary?s=9503:TYO,2026-01-31T00:00:00+00:00,ft-jp-2026-01-31,2026-01-31,,True
2026-01-31,JP:9504:TYO,JP:9504,9504:TYO,9504,Chugoku Electric Power Co Inc,TSE,jp,topix500,Electricity,ft_icb_native,2026-01-31,Utilities,Electricity,ft_native_v2,ft_index_membership_filtered,0.95,high,2026-01-31,https://markets.ft.com/data/equities/tearsheet/summary?s=9504:TYO,2026-01-31T00:00:00+00:00,ft-jp-2026-01-31,2026-01-31,,True
2026-01-31,JP:9505:TYO,JP:9505,9505:TYO,9505,Hokuriku Electric Power Co,TSE,jp,topix500,Electricity,ft_icb_native,2026-01-31,Utilities,Electricity,ft_native_v2,ft_index_membership_filtered,0.95,high,2026-01-31,https://markets.ft.com/data/equities/tearsheet/summary?s=9505:TYO,2026-01-31T00:00:00+00:00,ft-jp-2026-01-31,2026-01-31,,True
2026-01-31,JP:9506:TYO,JP:9506,9506:TYO,9506,Tohoku Electric Power Co Inc,TSE,jp,topix500,Electricity,ft_icb_native,2026-01-31,Utilities,Electricity,ft_native_v2,ft_index_membership_filtered,0.95,high,2026-01-31,https://markets.ft.com/data/equities/tearsheet/summary?s=9506:TYO,2026-01-31T00:00:00+00:00,ft-jp-2026-01-31,2026-01-31,,True
2026-01-31,JP:9507:TYO,JP:9507,9507:TYO,9507,Shikoku Electric Power Co Inc,TSE,jp,topix500,Electricity,ft_icb_native,2026-01-31,Utilities,Electricity,ft_native_v2,ft_index_membership_filtered,0.95,high,2026-01-31,https://markets.ft.com/data/equities/tearsheet/summary?s=9507:TYO,2026-01-31T00:00:00+00:00,ft-jp-2026-01-31,2026-01-31,,True
2026-01-31,JP:9508:TYO,JP:9508,9508:TYO,9508,Kyushu Electric Power Co Inc,TSE,jp,topix500,Electricity,ft_icb_native,2026-01-31,Utilities,Electricity,ft_native_v2,ft_index_membership_filtered,0.95,high,2026-01-31,https://markets.ft.com/data/equities/tearsheet/summary?s=9508:TYO,2026-01-31T00:00:00+00:00,ft-jp-2026-01-31,2026-01-31,,True
2026-01-31,JP:9509:TYO,JP:9509,9509:TYO,9509,Hokkaido Electric Power Co Inc,TSE,jp,topix500,Electricity,ft_icb_native,2026-01-31,Utilities,Electricity,ft_native_v2,ft_index_membership_filtered,0.95,high,2026-01-31,https://markets.ft.com/data/equities/tearsheet/summary?s=9509:TYO,2026-01-31T00:00:00+00:00,ft-jp-2026-01-31,2026-01-31,,True
2026-01-31,JP:9513:TYO,JP:9513,9513:TYO,9513,Electric Power Development Co Ltd,TSE,jp,topix500,Electricity,ft_icb_native,2026-01-31,Utilities,Electricity,ft_native_v2,ft_index_membership_filtered,0.95,high,2026-01-31,https://markets.ft.com/data/equities/tearsheet/summary?s=9513:TYO,2026-01-31T00:00:00+00:00,ft-jp-2026-01-31,2026-01-31,,True
2026-01-31,JP:9531:TYO,JP:9531,9531:TYO,9531,Tokyo Gas Co Ltd,TSE,jp,topix500,"Gas, Water and Multi-utilities",ft_icb_native,2026-01-31,Energy,"Gas, Water and Multi-utilities",ft_native_v2,ft_index_membership_filtered,0.95,high,2026-01-31,https://markets.ft.com/data/equities/tearsheet/summary?s=9531:TYO,2026-01-31T00:00:00+00:00,ft-jp-2026-01-31,2026-01-31,,True
2026-01-31,JP:9532:TYO,JP:9532,9532:TYO,9532,Osaka Gas Co Ltd,TSE,jp,topix500,"Gas, Water and Multi-utilities",ft_icb_native,2026-01-31,Energy,"Gas, Water and Multi-utilities",ft_native_v2,ft_index_membership_filtered,0.95,high,2026-01-31,https://markets.ft.com/data/equities/tearsheet/summary?s=9532:TYO,2026-01-31T00:00:00+00:00,ft-jp-2026-01-31,2026-01-31,,True
2026-01-31,JP:9533:TYO,JP:9533,9533:TYO,9533,Toho Gas Co Ltd,TSE,jp,topix500,"Gas, Water and Multi-utilities",ft_icb_native,2026-01-31,Energy,"Gas, Water and Multi-utilities",ft_native_v2,ft_index_membership_filtered,0.95,high,2026-01-31,https://markets.ft.com/data/equities/tearsheet/summary?s=9533:TYO,2026-01-31T00:00:00+00:00,ft-jp-2026-01-31,2026-01-31,,True
2026-01-31,JP:9602:TYO,JP:9602,9602:TYO,9602,Toho Co Ltd (Tokyo),TSE,jp,topix500,Media,ft_icb_native,2026-01-31,Consumer Discretionary,Media,ft_native_v2,ft_index_membership_filtered,0.95,high,2026-01-31,https://markets.ft.com/data/equities/tearsheet/summary?s=9602:TYO,2026-01-31T00:00:00+00:00,ft-jp-2026-01-31,2026-01-31,,True
2026-01-31,JP:9616:TYO,JP:9616,9616:TYO,9616,Kyoritsu Maintenance Co Ltd,TSE,jp,topix500,Travel and Leisure,ft_icb_native,2026-01-31,Consumer Discretionary,Travel and Leisure,ft_native_v2,ft_index_membership_filtered,0.95,high,2026-01-31,https://markets.ft.com/data/equities/tearsheet/summary?s=9616:TYO,2026-01-31T00:00:00+00:00,ft-jp-2026-01-31,2026-01-31,,True
2026-01-31,JP:9627:TYO,JP:9627,9627:TYO,9627,AIN Holdings Inc,TSE,jp,topix500,"Personal Care, Drug and Grocery Stores",ft_icb_native,2026-01-31,Consumer Staples,"Personal Care, Drug and Grocery Stores",ft_native_v2,ft_index_membership_filtered,0.95,high,2026-01-31,https://markets.ft.com/data/equities/tearsheet/summary?s=9627:TYO,2026-01-31T00:00:00+00:00,ft-jp-2026-01-31,2026-01-31,,True
2026-01-31,JP:9684:TYO,JP:9684,9684:TYO,9684,Square Enix Holdings Co Ltd,TSE,jp,topix500,Leisure Goods,ft_icb_native,2026-01-31,Consumer Discretionary,Leisure Goods,ft_native_v2,ft_index_membership_filtered,0.95,high,2026-01-31,https://markets.ft.com/data/equities/tearsheet/summary?s=9684:TYO,2026-01-31T00:00:00+00:00,ft-jp-2026-01-31,2026-01-31,,True
2026-01-31,JP:9697:TYO,JP:9697,9697:TYO,9697,Capcom Co Ltd,TSE,jp,topix500,Leisure Goods,ft_icb_native,2026-01-31,Consumer Discretionary,Leisure Goods,ft_native_v2,ft_index_membership_filtered,0.95,high,2026-01-31,https://markets.ft.com/data/equities/tearsheet/summary?s=9697:TYO,2026-01-31T00:00:00+00:00,ft-jp-2026-01-31,2026-01-31,,True
2026-01-31,JP:9706:TYO,JP:9706,9706:TYO,9706,Japan Airport Terminal Co Ltd,TSE,jp,topix500,Industrial Transportation,ft_icb_native,2026-01-31,Industrials,Industrial Transportation,ft_native_v2,ft_index_membership_filtered,0.95,high,2026-01-31,https://markets.ft.com/data/equities/tearsheet/summary?s=9706:TYO,2026-01-31T00:00:00+00:00,ft-jp-2026-01-31,2026-01-31,,True
2026-01-31,JP:9719:TYO,JP:9719,9719:TYO,9719,SCSK Corp,TSE,jp,topix500,Technology,ft_icb_native,2026-01-31,Technology,Technology,ft_native_v2,ft_index_membership_filtered,0.95,high,2026-01-31,https://markets.ft.com/data/equities/tearsheet/summary?s=9719:TYO,2026-01-31T00:00:00+00:00,ft-jp-2026-01-31,2026-01-31,,True
2026-01-31,JP:9735:TYO,JP:9735,9735:TYO,9735,Secom Co Ltd,TSE,jp,topix500,Industrial Support Services,ft_icb_native,2026-01-31,Industrials,Industrial Support Services,ft_native_v2,ft_index_membership_filtered,0.95,high,2026-01-31,https://markets.ft.com/data/equities/tearsheet/summary?s=9735:TYO,2026-01-31T00:00:00+00:00,ft-jp-2026-01-31,2026-01-31,,True
2026-01-31,JP:9744:TYO,JP:9744,9744:TYO,9744,MEITEC Group Holdings Inc,TSE,jp,topix500,Industrial Support Services,ft_icb_native,2026-01-31,Industrials,Industrial Support Services,ft_native_v2,ft_index_membership_filtered,0.95,high,2026-01-31,https://markets.ft.com/data/equities/tearsheet/summary?s=9744:TYO,2026-01-31T00:00:00+00:00,ft-jp-2026-01-31,2026-01-31,,True
2026-01-31,JP:9759:TYO,JP:9759,9759:TYO,9759,NSD Co Ltd,TSE,jp,topix500,Technology,ft_icb_native,2026-01-31,Technology,Technology,ft_native_v2,ft_index_membership_filtered,0.95,high,2026-01-31,https://markets.ft.com/data/equities/tearsheet/summary?s=9759:TYO,2026-01-31T00:00:00+00:00,ft-jp-2026-01-31,2026-01-31,,True
2026-01-31,JP:9766:TYO,JP:9766,9766:TYO,9766,Konami Group Corp,TSE,jp,topix500,Leisure Goods,ft_icb_native,2026-01-31,Consumer Discretionary,Leisure Goods,ft_native_v2,ft_index_membership_filtered,0.95,high,2026-01-31,https://markets.ft.com/data/equities/tearsheet/summary?s=9766:TYO,2026-01-31T00:00:00+00:00,ft-jp-2026-01-31,2026-01-31,,True
2026-01-31,JP:9831:TYO,JP:9831,9831:TYO,9831,Yamada Holdings Co Ltd,TSE,jp,topix500,Consumer Discretionary,ft_icb_native,2026-01-31,Consumer Discretionary,Consumer Discretionary,ft_native_v2,ft_index_membership_filtered,0.95,high,2026-01-31,https://markets.ft.com/data/equities/tearsheet/summary?s=9831:TYO,2026-01-31T00:00:00+00:00,ft-jp-2026-01-31,2026-01-31,,True
2026-01-31,JP:9843:TYO,JP:9843,9843:TYO,9843,Nitori Holdings Co Ltd,TSE,jp,topix500,Consumer Discretionary,ft_icb_native,2026-01-31,Consumer Discretionary,Consumer Discretionary,ft_native_v2,ft_index_membership_filtered,0.95,high,2026-01-31,https://markets.ft.com/data/equities/tearsheet/summary?s=9843:TYO,2026-01-31T00:00:00+00:00,ft-jp-2026-01-31,2026-01-31,,True
2026-01-31,JP:9861:TYO,JP:9861,9861:TYO,9861,Yoshinoya Holdings Co Ltd,TSE,jp,topix500,Travel and Leisure,ft_icb_native,2026-01-31,Consumer Discretionary,Travel and Leisure,ft_native_v2,ft_index_membership_filtered,0.95,high,2026-01-31,https://markets.ft.com/data/equities/tearsheet/summary?s=9861:TYO,2026-01-31T00:00:00+00:00,ft-jp-2026-01-31,2026-01-31,,True
2026-01-31,JP:9934:TYO,JP:9934,9934:TYO,9934,Inaba Denki Sangyo Co Ltd,TSE,jp,topix500,Electronic and Electrical Equipment,ft_icb_native,2026-01-31,Industrials,Electronic and Electrical Equipment,ft_native_v2,ft_index_membership_filtered,0.95,high,2026-01-31,https://markets.ft.com/data/equities/tearsheet/summary?s=9934:TYO,2026-01-31T00:00:00+00:00,ft-jp-2026-01-31,2026-01-31,,True
2026-01-31,JP:9962:TYO,JP:9962,9962:TYO,9962,Misumi Group Inc,TSE,jp,topix500,Industrial Engineering,ft_icb_native,2026-01-31,Industrials,Industrial Engineering,ft_native_v2,ft_index_membership_filtered,0.95,high,2026-01-31,https://markets.ft.com/data/equities/tearsheet/summary?s=9962:TYO,2026-01-31T00:00:00+00:00,ft-jp-2026-01-31,2026-01-31,,True
2026-01-31,JP:9983:TYO,JP:9983,9983:TYO,9983,Fast Retailing Co Ltd,TSE,jp,topix500,Consumer Discretionary,ft_icb_native,2026-01-31,Consumer Discretionary,Consumer Discretionary,ft_native_v2,ft_index_membership_filtered,0.95,high,2026-01-31,https://markets.ft.com/data/equities/tearsheet/summary?s=9983:TYO,2026-01-31T00:00:00+00:00,ft-jp-2026-01-31,2026-01-31,,True
2026-01-31,JP:9984:TYO,JP:9984,9984:TYO,9984,SoftBank Group Corp,TSE,jp,topix500,Telecommunications Service Providers,ft_icb_native,2026-01-31,Telecommunications,Telecommunications Service Providers,ft_native_v2,ft_index_membership_filtered,0.95,high,2026-01-31,https://markets.ft.com/data/equities/tearsheet/summary?s=9984:TYO,2026-01-31T00:00:00+00:00,ft-jp-2026-01-31,2026-01-31,,True
2026-01-31,JP:9987:TYO,JP:9987,9987:TYO,9987,Suzuken Co Ltd,TSE,jp,topix500,"Personal Care, Drug and Grocery Stores",ft_icb_native,2026-01-31,Consumer Staples,"Personal Care, Drug and Grocery Stores",ft_native_v2,ft_index_membership_filtered,0.95,high,2026-01-31,https://markets.ft.com/data/equities/tearsheet/summary?s=9987:TYO,2026-01-31T00:00:00+00:00,ft-jp-2026-01-31,2026-01-31,,True
2026-01-31,JP:9989:TYO,JP:9989,9989:TYO,9989,Sundrug Co Ltd,TSE,jp,topix500,"Personal Care, Drug and Grocery Stores",ft_icb_native,2026-01-31,Consumer Staples,"Personal Care, Drug and Grocery Stores",ft_native_v2,ft_index_membership_filtered,0.95,high,2026-01-31,https://markets.ft.com/data/equities/tearsheet/summary?s=9989:TYO,2026-01-31T00:00:00+00:00,ft-jp-2026-01-31,2026-01-31,,True
