as_of_date,security_id,issuer_id,ticker,stock_code,stock_name,exchange,country,universe,native_taxonomy_label,taxonomy_source,taxonomy_version,icb_proxy_level1,icb_proxy_level3,mapping_version,mapping_method,confidence_score,confidence_band,mapping_effective_date,source_url,source_ts,run_id,effective_from,effective_to,is_current
2026-01-31,KRX:000080,KRX:000080,000080,000080,하이트진로,KRX,kr,kospi200,음료,naver_wics_primary,2026-01-31,Consumer Staples,"Food, Beverage and Tobacco",kr_icb_proxy_v1,native_label_exact,0.84,high,2026-01-31,data/raw/kr/2026-01-31/constituents.parquet,2026-01-31T00:00:00+00:00,kr-proxy-2026-01-31,2026-01-31,,True
2026-01-31,KRX:000100,KRX:000100,000100,000100,유한양행,KRX,kr,kospi200,제약,naver_wics_primary,2026-01-31,Health Care,Pharmaceuticals and Biotechnology,kr_icb_proxy_v1,native_label_exact,0.88,high,2026-01-31,data/raw/kr/2026-01-31/constituents.parquet,2026-01-31T00:00:00+00:00,kr-proxy-2026-01-31,2026-01-31,,True
2026-01-31,KRX:000120,KRX:000120,000120,000120,CJ대한통운,KRX,kr,kospi200,항공화물운송과물류,naver_wics_primary,2026-01-31,Industrials,Transportation,kr_icb_proxy_v1,native_label_exact,0.84,high,2026-01-31,data/raw/kr/2026-01-31/constituents.parquet,2026-01-31T00:00:00+00:00,kr-proxy-2026-01-31,2026-01-31,,True
2026-01-31,KRX:000150,KRX:000150,000150,000150,두산,KRX,kr,kospi200,복합기업,naver_wics_primary,2026-01-31,Industrials,Industrial Support Services,kr_icb_proxy_v1,native_label_exact,0.82,high,2026-01-31,data/raw/kr/2026-01-31/constituents.parquet,2026-01-31T00:00:00+00:00,kr-proxy-2026-01-31,2026-01-31,,True
2026-01-31,KRX:000210,KRX:000210,000210,000210,DL,KRX,kr,kospi200,화학,naver_wics_primary,2026-01-31,Basic Materials,Chemicals,kr_icb_proxy_v1,native_label_exact,0.86,high,2026-01-31,data/raw/kr/2026-01-31/constituents.parquet,2026-01-31T00:00:00+00:00,kr-proxy-2026-01-31,2026-01-31,,True
2026-01-31,KRX:000240,KRX:000240,000240,000240,한국앤컴퍼니,KRX,kr,kospi200,자동차부품,naver_wics_primary,2026-01-31,Consumer Discretionary,Automobiles and Parts,kr_icb_proxy_v1,native_label_exact,0.84,high,2026-01-31,data/raw/kr/2026-01-31/constituents.parquet,2026-01-31T00:00:00+00:00,kr-proxy-2026-01-31,2026-01-31,,True
2026-01-31,KRX:000250,KRX:000250,000250,000250,삼천당제약,KRX,kr,kosdaq150,제약,naver_wics_primary,2026-01-31,Health Care,Pharmaceuticals and Biotechnology,kr_icb_proxy_v1,native_label_exact,0.88,high,2026-01-31,data/raw/kr/2026-01-31/constituents.parquet,2026-01-31T00:00:00+00:00,kr-proxy-2026-01-31,2026-01-31,,True
2026-01-31,KRX:000270,KRX:000270,000270,000270,기아,KRX,kr,kospi200,자동차,naver_wics_primary,2026-01-31,Consumer Discretionary,Automobiles and Parts,kr_icb_proxy_v1,native_label_exact,0.84,high,2026-01-31,data/raw/kr/2026-01-31/constituents.parquet,2026-01-31T00:00:00+00:00,kr-proxy-2026-01-31,2026-01-31,,True
2026-01-31,KRX:000660,KRX:000660,000660,000660,SK하이닉스,KRX,kr,kospi200,반도체와반도체장비,naver_wics_primary,2026-01-31,Technology,Semiconductors and Semiconductor Equipment,kr_icb_proxy_v1,ticker_rule,0.95,high,2026-01-31,data/raw/kr/2026-01-31/constituents.parquet,2026-01-31T00:00:00+00:00,kr-proxy-2026-01-31,2026-01-31,,True
2026-01-31,KRX:000670,KRX:000670,000670,000670,영풍,KRX,kr,kospi200,핸드셋,naver_wics_primary,2026-01-31,Technology,Technology Hardware and Equipment,kr_icb_proxy_v1,native_label_exact,0.83,high,2026-01-31,data/raw/kr/2026-01-31/constituents.parquet,2026-01-31T00:00:00+00:00,kr-proxy-2026-01-31,2026-01-31,,True
2026-01-31,KRX:000720,KRX:000720,000720,000720,현대건설,KRX,kr,kospi200,건설,naver_wics_primary,2026-01-31,Industrials,Construction and Materials,kr_icb_proxy_v1,native_label_exact,0.84,high,2026-01-31,data/raw/kr/2026-01-31/constituents.parquet,2026-01-31T00:00:00+00:00,kr-proxy-2026-01-31,2026-01-31,,True
2026-01-31,KRX:000810,KRX:000810,000810,000810,삼성화재,KRX,kr,kospi200,손해보험,naver_wics_primary,2026-01-31,Financials,Insurance,kr_icb_proxy_v1,native_label_exact,0.86,high,2026-01-31,data/raw/kr/2026-01-31/constituents.parquet,2026-01-31T00:00:00+00:00,kr-proxy-2026-01-31,2026-01-31,,True
2026-01-31,KRX:000880,KRX:000880,000880,000880,한화,KRX,kr,kospi200,복합기업,naver_wics_primary,2026-01-31,Industrials,Industrial Support Services,kr_icb_proxy_v1,native_label_exact,0.82,high,2026-01-31,data/raw/kr/2026-01-31/constituents.parquet,2026-01-31T00:00:00+00:00,kr-proxy-2026-01-31,2026-01-31,,True
2026-01-31,KRX:001040,KRX:001040,001040,001040,CJ,KRX,kr,kospi200,복합기업,naver_wics_primary,2026-01-31,Industrials,Industrial Support Services,kr_icb_proxy_v1,native_label_exact,0.82,high,2026-01-31,data/raw/kr/2026-01-31/constituents.parquet,2026-01-31T00:00:00+00:00,kr-proxy-2026-01-31,2026-01-31,,True
2026-01-31,KRX:001430,KRX:001430,001430,001430,세아베스틸지주,KRX,kr,kospi200,철강,naver_wics_primary,2026-01-31,Basic Materials,Basic Resources,kr_icb_proxy_v1,native_label_exact,0.84,high,2026-01-31,data/raw/kr/2026-01-31/constituents.parquet,2026-01-31T00:00:00+00:00,kr-proxy-2026-01-31,2026-01-31,,True
2026-01-31,KRX:001440,KRX:001440,001440,001440,대한전선,KRX,kr,kospi200,전기장비,naver_wics_primary,2026-01-31,Industrials,Industrial Engineering,kr_icb_proxy_v1,native_label_exact,0.84,high,2026-01-31,data/raw/kr/2026-01-31/constituents.parquet,2026-01-31T00:00:00+00:00,kr-proxy-2026-01-31,2026-01-31,,True
2026-01-31,KRX:001450,KRX:001450,001450,001450,현대해상,KRX,kr,kospi200,손해보험,naver_wics_primary,2026-01-31,Financials,Insurance,kr_icb_proxy_v1,native_label_exact,0.86,high,2026-01-31,data/raw/kr/2026-01-31/constituents.parquet,2026-01-31T00:00:00+00:00,kr-proxy-2026-01-31,2026-01-31,,True
2026-01-31,KRX:001680,KRX:001680,001680,001680,대상,KRX,kr,kospi200,식품,naver_wics_primary,2026-01-31,Consumer Staples,"Food, Beverage and Tobacco",kr_icb_proxy_v1,native_label_exact,0.85,high,2026-01-31,data/raw/kr/2026-01-31/constituents.parquet,2026-01-31T00:00:00+00:00,kr-proxy-2026-01-31,2026-01-31,,True
2026-01-31,KRX:001800,KRX:001800,001800,001800,오리온홀딩스,KRX,kr,kospi200,식품,naver_wics_primary,2026-01-31,Consumer Staples,"Food, Beverage and Tobacco",kr_icb_proxy_v1,native_label_exact,0.85,high,2026-01-31,data/raw/kr/2026-01-31/constituents.parquet,2026-01-31T00:00:00+00:00,kr-proxy-2026-01-31,2026-01-31,,True
2026-01-31,KRX:002030,KRX:002030,002030,002030,아세아,KRX,kr,kospi200,건축자재,naver_wics_primary,2026-01-31,Industrials,Construction and Materials,kr_icb_proxy_v1,native_label_exact,0.84,high,2026-01-31,data/raw/kr/2026-01-31/constituents.parquet,2026-01-31T00:00:00+00:00,kr-proxy-2026-01-31,2026-01-31,,True
2026-01-31,KRX:002380,KRX:002380,002380,002380,KCC,KRX,kr,kospi200,건축자재,naver_wics_primary,2026-01-31,Industrials,Construction and Materials,kr_icb_proxy_v1,native_label_exact,0.84,high,2026-01-31,data/raw/kr/2026-01-31/constituents.parquet,2026-01-31T00:00:00+00:00,kr-proxy-2026-01-31,2026-01-31,,True
2026-01-31,KRX:002790,KRX:002790,002790,002790,아모레퍼시픽홀딩스,KRX,kr,kospi200,화장품,naver_wics_primary,2026-01-31,Consumer Discretionary,Personal Goods,kr_icb_proxy_v1,native_label_exact,0.83,high,2026-01-31,data/raw/kr/2026-01-31/constituents.parquet,2026-01-31T00:00:00+00:00,kr-proxy-2026-01-31,2026-01-31,,True
2026-01-31,KRX:002840,KRX:002840,002840,002840,미원상사,KRX,kr,kospi200,화학,naver_wics_primary,2026-01-31,Basic Materials,Chemicals,kr_icb_proxy_v1,native_label_exact,0.86,high,2026-01-31,data/raw/kr/2026-01-31/constituents.parquet,2026-01-31T00:00:00+00:00,kr-proxy-2026-01-31,2026-01-31,,True
2026-01-31,KRX:003030,KRX:003030,003030,003030,세아제강지주,KRX,kr,kospi200,철강,naver_wics_primary,2026-01-31,Basic Materials,Basic Resources,kr_icb_proxy_v1,native_label_exact,0.84,high,2026-01-31,data/raw/kr/2026-01-31/constituents.parquet,2026-01-31T00:00:00+00:00,kr-proxy-2026-01-31,2026-01-31,,True
2026-01-31,KRX:003090,KRX:003090,003090,003090,대웅,KRX,kr,kospi200,제약,naver_wics_primary,2026-01-31,Health Care,Pharmaceuticals and Biotechnology,kr_icb_proxy_v1,native_label_exact,0.88,high,2026-01-31,data/raw/kr/2026-01-31/constituents.parquet,2026-01-31T00:00:00+00:00,kr-proxy-2026-01-31,2026-01-31,,True
2026-01-31,KRX:003230,KRX:003230,003230,003230,삼양식품,KRX,kr,kospi200,식품,naver_wics_primary,2026-01-31,Consumer Staples,"Food, Beverage and Tobacco",kr_icb_proxy_v1,native_label_exact,0.85,high,2026-01-31,data/raw/kr/2026-01-31/constituents.parquet,2026-01-31T00:00:00+00:00,kr-proxy-2026-01-31,2026-01-31,,True
2026-01-31,KRX:003240,KRX:003240,003240,003240,태광산업,KRX,kr,kospi200,화학,naver_wics_primary,2026-01-31,Basic Materials,Chemicals,kr_icb_proxy_v1,native_label_exact,0.86,high,2026-01-31,data/raw/kr/2026-01-31/constituents.parquet,2026-01-31T00:00:00+00:00,kr-proxy-2026-01-31,2026-01-31,,True
2026-01-31,KRX:003380,KRX:003380,003380,003380,하림지주,KRX,kr,kosdaq150,식품,naver_wics_primary,2026-01-31,Consumer Staples,"Food, Beverage and Tobacco",kr_icb_proxy_v1,native_label_exact,0.85,high,2026-01-31,data/raw/kr/2026-01-31/constituents.parquet,2026-01-31T00:00:00+00:00,kr-proxy-2026-01-31,2026-01-31,,True
2026-01-31,KRX:003490,KRX:003490,003490,003490,대한항공,KRX,kr,kospi200,항공사,naver_wics_primary,2026-01-31,Industrials,Transportation,kr_icb_proxy_v1,native_label_exact,0.84,high,2026-01-31,data/raw/kr/2026-01-31/constituents.parquet,2026-01-31T00:00:00+00:00,kr-proxy-2026-01-31,2026-01-31,,True
2026-01-31,KRX:003550,KRX:003550,003550,003550,LG,KRX,kr,kospi200,복합기업,naver_wics_primary,2026-01-31,Industrials,Industrial Support Services,kr_icb_proxy_v1,native_label_exact,0.82,high,2026-01-31,data/raw/kr/2026-01-31/constituents.parquet,2026-01-31T00:00:00+00:00,kr-proxy-2026-01-31,2026-01-31,,True
2026-01-31,KRX:003670,KRX:003670,003670,003670,포스코퓨처엠,KRX,kr,kospi200,화학,naver_wics_primary,2026-01-31,Basic Materials,Chemicals,kr_icb_proxy_v1,native_label_exact,0.86,high,2026-01-31,data/raw/kr/2026-01-31/constituents.parquet,2026-01-31T00:00:00+00:00,kr-proxy-2026-01-31,2026-01-31,,True
2026-01-31,KRX:004000,KRX:004000,004000,004000,롯데정밀화학,KRX,kr,kospi200,화학,naver_wics_primary,2026-01-31,Basic Materials,Chemicals,kr_icb_proxy_v1,native_label_exact,0.86,high,2026-01-31,data/raw/kr/2026-01-31/constituents.parquet,2026-01-31T00:00:00+00:00,kr-proxy-2026-01-31,2026-01-31,,True
2026-01-31,KRX:004020,KRX:004020,004020,004020,현대제철,KRX,kr,kospi200,철강,naver_wics_primary,2026-01-31,Basic Materials,Basic Resources,kr_icb_proxy_v1,native_label_exact,0.84,high,2026-01-31,data/raw/kr/2026-01-31/constituents.parquet,2026-01-31T00:00:00+00:00,kr-proxy-2026-01-31,2026-01-31,,True
2026-01-31,KRX:004170,KRX:004170,004170,004170,신세계,KRX,kr,kospi200,백화점과일반상점,naver_wics_primary,2026-01-31,Consumer Discretionary,Retailers,kr_icb_proxy_v1,native_label_exact,0.84,high,2026-01-31,data/raw/kr/2026-01-31/constituents.parquet,2026-01-31T00:00:00+00:00,kr-proxy-2026-01-31,2026-01-31,,True
2026-01-31,KRX:004370,KRX:004370,004370,004370,농심,KRX,kr,kospi200,식품,naver_wics_primary,2026-01-31,Consumer Staples,"Food, Beverage and Tobacco",kr_icb_proxy_v1,native_label_exact,0.85,high,2026-01-31,data/raw/kr/2026-01-31/constituents.parquet,2026-01-31T00:00:00+00:00,kr-proxy-2026-01-31,2026-01-31,,True
2026-01-31,KRX:004490,KRX:004490,004490,004490,세방전지,KRX,kr,kospi200,자동차부품,naver_wics_primary,2026-01-31,Consumer Discretionary,Automobiles and Parts,kr_icb_proxy_v1,native_label_exact,0.84,high,2026-01-31,data/raw/kr/2026-01-31/constituents.parquet,2026-01-31T00:00:00+00:00,kr-proxy-2026-01-31,2026-01-31,,True
2026-01-31,KRX:004990,KRX:004990,004990,004990,롯데지주,KRX,kr,kospi200,복합기업,naver_wics_primary,2026-01-31,Industrials,Industrial Support Services,kr_icb_proxy_v1,native_label_exact,0.82,high,2026-01-31,data/raw/kr/2026-01-31/constituents.parquet,2026-01-31T00:00:00+00:00,kr-proxy-2026-01-31,2026-01-31,,True
2026-01-31,KRX:005250,KRX:005250,005250,005250,녹십자홀딩스,KRX,kr,kospi200,제약,naver_wics_primary,2026-01-31,Health Care,Pharmaceuticals and Biotechnology,kr_icb_proxy_v1,native_label_exact,0.88,high,2026-01-31,data/raw/kr/2026-01-31/constituents.parquet,2026-01-31T00:00:00+00:00,kr-proxy-2026-01-31,2026-01-31,,True
2026-01-31,KRX:005290,KRX:005290,005290,005290,동진쎄미켐,KRX,kr,kosdaq150,반도체와반도체장비,naver_wics_primary,2026-01-31,Technology,Semiconductors and Semiconductor Equipment,kr_icb_proxy_v1,native_label_exact,0.9,high,2026-01-31,data/raw/kr/2026-01-31/constituents.parquet,2026-01-31T00:00:00+00:00,kr-proxy-2026-01-31,2026-01-31,,True
2026-01-31,KRX:005300,KRX:005300,005300,005300,롯데칠성,KRX,kr,kospi200,음료,naver_wics_primary,2026-01-31,Consumer Staples,"Food, Beverage and Tobacco",kr_icb_proxy_v1,native_label_exact,0.84,high,2026-01-31,data/raw/kr/2026-01-31/constituents.parquet,2026-01-31T00:00:00+00:00,kr-proxy-2026-01-31,2026-01-31,,True
2026-01-31,KRX:005380,KRX:005380,005380,005380,현대차,KRX,kr,kospi200,자동차,naver_wics_primary,2026-01-31,Consumer Discretionary,Automobiles and Parts,kr_icb_proxy_v1,native_label_exact,0.84,high,2026-01-31,data/raw/kr/2026-01-31/constituents.parquet,2026-01-31T00:00:00+00:00,kr-proxy-2026-01-31,2026-01-31,,True
2026-01-31,KRX:005420,KRX:005420,005420,005420,코스모화학,KRX,kr,kospi200,화학,naver_wics_primary,2026-01-31,Basic Materials,Chemicals,kr_icb_proxy_v1,native_label_exact,0.86,high,2026-01-31,data/raw/kr/2026-01-31/constituents.parquet,2026-01-31T00:00:00+00:00,kr-proxy-2026-01-31,2026-01-31,,True
2026-01-31,KRX:005490,KRX:005490,005490,005490,POSCO홀딩스,KRX,kr,kospi200,철강,naver_wics_primary,2026-01-31,Basic Materials,Basic Resources,kr_icb_proxy_v1,native_label_exact,0.84,high,2026-01-31,data/raw/kr/2026-01-31/constituents.parquet,2026-01-31T00:00:00+00:00,kr-proxy-2026-01-31,2026-01-31,,True
2026-01-31,KRX:005830,KRX:005830,005830,005830,DB손해보험,KRX,kr,kospi200,손해보험,naver_wics_primary,2026-01-31,Financials,Insurance,kr_icb_proxy_v1,native_label_exact,0.86,high,2026-01-31,data/raw/kr/2026-01-31/constituents.parquet,2026-01-31T00:00:00+00:00,kr-proxy-2026-01-31,2026-01-31,,True
2026-01-31,KRX:005850,KRX:005850,005850,005850,에스엘,KRX,kr,kospi200,자동차부품,naver_wics_primary,2026-01-31,Consumer Discretionary,Automobiles and Parts,kr_icb_proxy_v1,native_label_exact,0.84,high,2026-01-31,data/raw/kr/2026-01-31/constituents.parquet,2026-01-31T00:00:00+00:00,kr-proxy-2026-01-31,2026-01-31,,True
2026-01-31,KRX:005930,KRX:005930,005930,005930,삼성전자,KRX,kr,kospi200,반도체와반도체장비,naver_wics_primary,2026-01-31,Technology,Technology Hardware and Equipment,kr_icb_proxy_v1,ticker_rule,0.93,high,2026-01-31,data/raw/kr/2026-01-31/constituents.parquet,2026-01-31T00:00:00+00:00,kr-proxy-2026-01-31,2026-01-31,,True
2026-01-31,KRX:005940,KRX:005940,005940,005940,NH투자증권,KRX,kr,kospi200,증권,naver_wics_primary,2026-01-31,Financials,Financial Services,kr_icb_proxy_v1,native_label_exact,0.86,high,2026-01-31,data/raw/kr/2026-01-31/constituents.parquet,2026-01-31T00:00:00+00:00,kr-proxy-2026-01-31,2026-01-31,,True
2026-01-31,KRX:006040,KRX:006040,006040,006040,동원산업,KRX,kr,kospi200,식품,naver_wics_primary,2026-01-31,Consumer Staples,"Food, Beverage and Tobacco",kr_icb_proxy_v1,native_label_exact,0.85,high,2026-01-31,data/raw/kr/2026-01-31/constituents.parquet,2026-01-31T00:00:00+00:00,kr-proxy-2026-01-31,2026-01-31,,True
2026-01-31,KRX:006260,KRX:006260,006260,006260,LS,KRX,kr,kospi200,전기장비,naver_wics_primary,2026-01-31,Industrials,Industrial Engineering,kr_icb_proxy_v1,native_label_exact,0.84,high,2026-01-31,data/raw/kr/2026-01-31/constituents.parquet,2026-01-31T00:00:00+00:00,kr-proxy-2026-01-31,2026-01-31,,True
2026-01-31,KRX:006280,KRX:006280,006280,006280,녹십자,KRX,kr,kospi200,제약,naver_wics_primary,2026-01-31,Health Care,Pharmaceuticals and Biotechnology,kr_icb_proxy_v1,native_label_exact,0.88,high,2026-01-31,data/raw/kr/2026-01-31/constituents.parquet,2026-01-31T00:00:00+00:00,kr-proxy-2026-01-31,2026-01-31,,True
2026-01-31,KRX:006360,KRX:006360,006360,006360,GS건설,KRX,kr,kospi200,건설,naver_wics_primary,2026-01-31,Industrials,Construction and Materials,kr_icb_proxy_v1,native_label_exact,0.84,high,2026-01-31,data/raw/kr/2026-01-31/constituents.parquet,2026-01-31T00:00:00+00:00,kr-proxy-2026-01-31,2026-01-31,,True
2026-01-31,KRX:006400,KRX:006400,006400,006400,삼성SDI,KRX,kr,kospi200,전기제품,naver_wics_primary,2026-01-31,Industrials,Industrial Engineering,kr_icb_proxy_v1,native_label_exact,0.83,high,2026-01-31,data/raw/kr/2026-01-31/constituents.parquet,2026-01-31T00:00:00+00:00,kr-proxy-2026-01-31,2026-01-31,,True
2026-01-31,KRX:006650,KRX:006650,006650,006650,대한유화,KRX,kr,kospi200,화학,naver_wics_primary,2026-01-31,Basic Materials,Chemicals,kr_icb_proxy_v1,native_label_exact,0.86,high,2026-01-31,data/raw/kr/2026-01-31/constituents.parquet,2026-01-31T00:00:00+00:00,kr-proxy-2026-01-31,2026-01-31,,True
2026-01-31,KRX:006730,KRX:006730,006730,006730,서부T&D,KRX,kr,kosdaq150,"호텔,레스토랑,레저",naver_wics_primary,2026-01-31,Consumer Discretionary,Travel and Leisure,kr_icb_proxy_v1,native_label_exact,0.84,high,2026-01-31,data/raw/kr/2026-01-31/constituents.parquet,2026-01-31T00:00:00+00:00,kr-proxy-2026-01-31,2026-01-31,,True
2026-01-31,KRX:006800,KRX:006800,006800,006800,미래에셋증권,KRX,kr,kospi200,증권,naver_wics_primary,2026-01-31,Financials,Financial Services,kr_icb_proxy_v1,native_label_exact,0.86,high,2026-01-31,data/raw/kr/2026-01-31/constituents.parquet,2026-01-31T00:00:00+00:00,kr-proxy-2026-01-31,2026-01-31,,True
2026-01-31,KRX:007070,KRX:007070,007070,007070,GS리테일,KRX,kr,kospi200,백화점과일반상점,naver_wics_primary,2026-01-31,Consumer Discretionary,Retailers,kr_icb_proxy_v1,native_label_exact,0.84,high,2026-01-31,data/raw/kr/2026-01-31/constituents.parquet,2026-01-31T00:00:00+00:00,kr-proxy-2026-01-31,2026-01-31,,True
2026-01-31,KRX:007310,KRX:007310,007310,007310,오뚜기,KRX,kr,kospi200,식품,naver_wics_primary,2026-01-31,Consumer Staples,"Food, Beverage and Tobacco",kr_icb_proxy_v1,native_label_exact,0.85,high,2026-01-31,data/raw/kr/2026-01-31/constituents.parquet,2026-01-31T00:00:00+00:00,kr-proxy-2026-01-31,2026-01-31,,True
2026-01-31,KRX:007340,KRX:007340,007340,007340,DN오토모티브,KRX,kr,kospi200,자동차부품,naver_wics_primary,2026-01-31,Consumer Discretionary,Automobiles and Parts,kr_icb_proxy_v1,native_label_exact,0.84,high,2026-01-31,data/raw/kr/2026-01-31/constituents.parquet,2026-01-31T00:00:00+00:00,kr-proxy-2026-01-31,2026-01-31,,True
2026-01-31,KRX:007390,KRX:007390,007390,007390,네이처셀,KRX,kr,kosdaq150,생물공학,naver_wics_primary,2026-01-31,Health Care,Pharmaceuticals and Biotechnology,kr_icb_proxy_v1,native_label_exact,0.86,high,2026-01-31,data/raw/kr/2026-01-31/constituents.parquet,2026-01-31T00:00:00+00:00,kr-proxy-2026-01-31,2026-01-31,,True
2026-01-31,KRX:007660,KRX:007660,007660,007660,이수페타시스,KRX,kr,kospi200,전자장비와기기,naver_wics_primary,2026-01-31,Technology,Technology Hardware and Equipment,kr_icb_proxy_v1,native_label_exact,0.84,high,2026-01-31,data/raw/kr/2026-01-31/constituents.parquet,2026-01-31T00:00:00+00:00,kr-proxy-2026-01-31,2026-01-31,,True
2026-01-31,KRX:008730,KRX:008730,008730,008730,율촌화학,KRX,kr,kospi200,포장재,naver_wics_primary,2026-01-31,Basic Materials,Chemicals,kr_icb_proxy_v1,native_label_exact,0.82,high,2026-01-31,data/raw/kr/2026-01-31/constituents.parquet,2026-01-31T00:00:00+00:00,kr-proxy-2026-01-31,2026-01-31,,True
2026-01-31,KRX:008770,KRX:008770,008770,008770,호텔신라,KRX,kr,kospi200,백화점과일반상점,naver_wics_primary,2026-01-31,Consumer Discretionary,Retailers,kr_icb_proxy_v1,native_label_exact,0.84,high,2026-01-31,data/raw/kr/2026-01-31/constituents.parquet,2026-01-31T00:00:00+00:00,kr-proxy-2026-01-31,2026-01-31,,True
2026-01-31,KRX:008930,KRX:008930,008930,008930,한미사이언스,KRX,kr,kospi200,제약,naver_wics_primary,2026-01-31,Health Care,Pharmaceuticals and Biotechnology,kr_icb_proxy_v1,native_label_exact,0.88,high,2026-01-31,data/raw/kr/2026-01-31/constituents.parquet,2026-01-31T00:00:00+00:00,kr-proxy-2026-01-31,2026-01-31,,True
2026-01-31,KRX:009150,KRX:009150,009150,009150,삼성전기,KRX,kr,kospi200,전자장비와기기,naver_wics_primary,2026-01-31,Technology,Technology Hardware and Equipment,kr_icb_proxy_v1,native_label_exact,0.84,high,2026-01-31,data/raw/kr/2026-01-31/constituents.parquet,2026-01-31T00:00:00+00:00,kr-proxy-2026-01-31,2026-01-31,,True
2026-01-31,KRX:009240,KRX:009240,009240,009240,한샘,KRX,kr,kospi200,가구,naver_wics_primary,2026-01-31,Consumer Discretionary,Household Goods and Home Construction,kr_icb_proxy_v1,native_label_exact,0.82,high,2026-01-31,data/raw/kr/2026-01-31/constituents.parquet,2026-01-31T00:00:00+00:00,kr-proxy-2026-01-31,2026-01-31,,True
2026-01-31,KRX:009420,KRX:009420,009420,009420,한올바이오파마,KRX,kr,kospi200,제약,naver_wics_primary,2026-01-31,Health Care,Pharmaceuticals and Biotechnology,kr_icb_proxy_v1,native_label_exact,0.88,high,2026-01-31,data/raw/kr/2026-01-31/constituents.parquet,2026-01-31T00:00:00+00:00,kr-proxy-2026-01-31,2026-01-31,,True
2026-01-31,KRX:009520,KRX:009520,009520,009520,포스코엠텍,KRX,kr,kosdaq150,철강,naver_wics_primary,2026-01-31,Basic Materials,Basic Resources,kr_icb_proxy_v1,native_label_exact,0.84,high,2026-01-31,data/raw/kr/2026-01-31/constituents.parquet,2026-01-31T00:00:00+00:00,kr-proxy-2026-01-31,2026-01-31,,True
2026-01-31,KRX:009540,KRX:009540,009540,009540,HD한국조선해양,KRX,kr,kospi200,조선,naver_wics_primary,2026-01-31,Industrials,Industrial Engineering,kr_icb_proxy_v1,native_label_exact,0.84,high,2026-01-31,data/raw/kr/2026-01-31/constituents.parquet,2026-01-31T00:00:00+00:00,kr-proxy-2026-01-31,2026-01-31,,True
2026-01-31,KRX:009830,KRX:009830,009830,009830,한화솔루션,KRX,kr,kospi200,에너지장비및서비스,naver_wics_primary,2026-01-31,Energy,"Oil, Gas and Coal",kr_icb_proxy_v1,native_label_exact,0.82,high,2026-01-31,data/raw/kr/2026-01-31/constituents.parquet,2026-01-31T00:00:00+00:00,kr-proxy-2026-01-31,2026-01-31,,True
2026-01-31,KRX:009970,KRX:009970,009970,009970,영원무역홀딩스,KRX,kr,kospi200,"섬유,의류,신발,호화품",naver_wics_primary,2026-01-31,Consumer Discretionary,Personal Goods,kr_icb_proxy_v1,native_label_exact,0.83,high,2026-01-31,data/raw/kr/2026-01-31/constituents.parquet,2026-01-31T00:00:00+00:00,kr-proxy-2026-01-31,2026-01-31,,True
2026-01-31,KRX:010060,KRX:010060,010060,010060,OCI홀딩스,KRX,kr,kospi200,화학,naver_wics_primary,2026-01-31,Basic Materials,Chemicals,kr_icb_proxy_v1,native_label_exact,0.86,high,2026-01-31,data/raw/kr/2026-01-31/constituents.parquet,2026-01-31T00:00:00+00:00,kr-proxy-2026-01-31,2026-01-31,,True
2026-01-31,KRX:010120,KRX:010120,010120,010120,LS ELECTRIC,KRX,kr,kospi200,전기장비,naver_wics_primary,2026-01-31,Industrials,Industrial Engineering,kr_icb_proxy_v1,native_label_exact,0.84,high,2026-01-31,data/raw/kr/2026-01-31/constituents.parquet,2026-01-31T00:00:00+00:00,kr-proxy-2026-01-31,2026-01-31,,True
2026-01-31,KRX:010130,KRX:010130,010130,010130,고려아연,KRX,kr,kospi200,비철금속,naver_wics_primary,2026-01-31,Basic Materials,Basic Resources,kr_icb_proxy_v1,native_label_exact,0.84,high,2026-01-31,data/raw/kr/2026-01-31/constituents.parquet,2026-01-31T00:00:00+00:00,kr-proxy-2026-01-31,2026-01-31,,True
2026-01-31,KRX:010140,KRX:010140,010140,010140,삼성중공업,KRX,kr,kospi200,조선,naver_wics_primary,2026-01-31,Industrials,Industrial Engineering,kr_icb_proxy_v1,native_label_exact,0.84,high,2026-01-31,data/raw/kr/2026-01-31/constituents.parquet,2026-01-31T00:00:00+00:00,kr-proxy-2026-01-31,2026-01-31,,True
2026-01-31,KRX:010950,KRX:010950,010950,010950,S-Oil,KRX,kr,kospi200,석유와가스,naver_wics_primary,2026-01-31,Energy,"Oil, Gas and Coal",kr_icb_proxy_v1,native_label_exact,0.84,high,2026-01-31,data/raw/kr/2026-01-31/constituents.parquet,2026-01-31T00:00:00+00:00,kr-proxy-2026-01-31,2026-01-31,,True
2026-01-31,KRX:011070,KRX:011070,011070,011070,LG이노텍,KRX,kr,kospi200,전자장비와기기,naver_wics_primary,2026-01-31,Technology,Technology Hardware and Equipment,kr_icb_proxy_v1,native_label_exact,0.84,high,2026-01-31,data/raw/kr/2026-01-31/constituents.parquet,2026-01-31T00:00:00+00:00,kr-proxy-2026-01-31,2026-01-31,,True
2026-01-31,KRX:011170,KRX:011170,011170,011170,롯데케미칼,KRX,kr,kospi200,화학,naver_wics_primary,2026-01-31,Basic Materials,Chemicals,kr_icb_proxy_v1,native_label_exact,0.86,high,2026-01-31,data/raw/kr/2026-01-31/constituents.parquet,2026-01-31T00:00:00+00:00,kr-proxy-2026-01-31,2026-01-31,,True
2026-01-31,KRX:011200,KRX:011200,011200,011200,HMM,KRX,kr,kospi200,해운사,naver_wics_primary,2026-01-31,Industrials,Transportation,kr_icb_proxy_v1,native_label_exact,0.84,high,2026-01-31,data/raw/kr/2026-01-31/constituents.parquet,2026-01-31T00:00:00+00:00,kr-proxy-2026-01-31,2026-01-31,,True
2026-01-31,KRX:011210,KRX:011210,011210,011210,현대위아,KRX,kr,kospi200,자동차부품,naver_wics_primary,2026-01-31,Consumer Discretionary,Automobiles and Parts,kr_icb_proxy_v1,native_label_exact,0.84,high,2026-01-31,data/raw/kr/2026-01-31/constituents.parquet,2026-01-31T00:00:00+00:00,kr-proxy-2026-01-31,2026-01-31,,True
2026-01-31,KRX:011780,KRX:011780,011780,011780,금호석유화학,KRX,kr,kospi200,화학,naver_wics_primary,2026-01-31,Basic Materials,Chemicals,kr_icb_proxy_v1,native_label_exact,0.86,high,2026-01-31,data/raw/kr/2026-01-31/constituents.parquet,2026-01-31T00:00:00+00:00,kr-proxy-2026-01-31,2026-01-31,,True
2026-01-31,KRX:011790,KRX:011790,011790,011790,SKC,KRX,kr,kospi200,화학,naver_wics_primary,2026-01-31,Basic Materials,Chemicals,kr_icb_proxy_v1,native_label_exact,0.86,high,2026-01-31,data/raw/kr/2026-01-31/constituents.parquet,2026-01-31T00:00:00+00:00,kr-proxy-2026-01-31,2026-01-31,,True
2026-01-31,KRX:012330,KRX:012330,012330,012330,현대모비스,KRX,kr,kospi200,자동차부품,naver_wics_primary,2026-01-31,Consumer Discretionary,Automobiles and Parts,kr_icb_proxy_v1,native_label_exact,0.84,high,2026-01-31,data/raw/kr/2026-01-31/constituents.parquet,2026-01-31T00:00:00+00:00,kr-proxy-2026-01-31,2026-01-31,,True
2026-01-31,KRX:012450,KRX:012450,012450,012450,한화에어로스페이스,KRX,kr,kospi200,우주항공과국방,naver_wics_primary,2026-01-31,Industrials,Industrial Engineering,kr_icb_proxy_v1,native_label_exact,0.84,high,2026-01-31,data/raw/kr/2026-01-31/constituents.parquet,2026-01-31T00:00:00+00:00,kr-proxy-2026-01-31,2026-01-31,,True
2026-01-31,KRX:0126Z0,KRX:0126Z0,0126Z0,0126Z0,삼성에피스홀딩스,KRX,kr,kospi200,제약,naver_wics_primary,2026-01-31,Health Care,Pharmaceuticals and Biotechnology,kr_icb_proxy_v1,native_label_exact,0.88,high,2026-01-31,data/raw/kr/2026-01-31/constituents.parquet,2026-01-31T00:00:00+00:00,kr-proxy-2026-01-31,2026-01-31,,True
2026-01-31,KRX:012750,KRX:012750,012750,012750,에스원,KRX,kr,kospi200,상업서비스와공급품,naver_wics_primary,2026-01-31,Industrials,Industrial Support Services,kr_icb_proxy_v1,native_label_exact,0.83,high,2026-01-31,data/raw/kr/2026-01-31/constituents.parquet,2026-01-31T00:00:00+00:00,kr-proxy-2026-01-31,2026-01-31,,True
2026-01-31,KRX:014620,KRX:014620,014620,014620,성광벤드,KRX,kr,kosdaq150,기계,naver_wics_primary,2026-01-31,Industrials,Industrial Engineering,kr_icb_proxy_v1,native_label_exact,0.84,high,2026-01-31,data/raw/kr/2026-01-31/constituents.parquet,2026-01-31T00:00:00+00:00,kr-proxy-2026-01-31,2026-01-31,,True
2026-01-31,KRX:014680,KRX:014680,014680,014680,한솔케미칼,KRX,kr,kospi200,화학,naver_wics_primary,2026-01-31,Basic Materials,Chemicals,kr_icb_proxy_v1,native_label_exact,0.86,high,2026-01-31,data/raw/kr/2026-01-31/constituents.parquet,2026-01-31T00:00:00+00:00,kr-proxy-2026-01-31,2026-01-31,,True
2026-01-31,KRX:014820,KRX:014820,014820,014820,동원시스템즈,KRX,kr,kospi200,포장재,naver_wics_primary,2026-01-31,Basic Materials,Chemicals,kr_icb_proxy_v1,native_label_exact,0.82,high,2026-01-31,data/raw/kr/2026-01-31/constituents.parquet,2026-01-31T00:00:00+00:00,kr-proxy-2026-01-31,2026-01-31,,True
2026-01-31,KRX:015750,KRX:015750,015750,015750,성우하이텍,KRX,kr,kosdaq150,자동차부품,naver_wics_primary,2026-01-31,Consumer Discretionary,Automobiles and Parts,kr_icb_proxy_v1,native_label_exact,0.84,high,2026-01-31,data/raw/kr/2026-01-31/constituents.parquet,2026-01-31T00:00:00+00:00,kr-proxy-2026-01-31,2026-01-31,,True
2026-01-31,KRX:015760,KRX:015760,015760,015760,한국전력,KRX,kr,kospi200,전기유틸리티,naver_wics_primary,2026-01-31,Utilities,Utilities,kr_icb_proxy_v1,native_label_exact,0.84,high,2026-01-31,data/raw/kr/2026-01-31/constituents.parquet,2026-01-31T00:00:00+00:00,kr-proxy-2026-01-31,2026-01-31,,True
2026-01-31,KRX:016360,KRX:016360,016360,016360,삼성증권,KRX,kr,kospi200,증권,naver_wics_primary,2026-01-31,Financials,Financial Services,kr_icb_proxy_v1,native_label_exact,0.86,high,2026-01-31,data/raw/kr/2026-01-31/constituents.parquet,2026-01-31T00:00:00+00:00,kr-proxy-2026-01-31,2026-01-31,,True
2026-01-31,KRX:017670,KRX:017670,017670,017670,SK텔레콤,KRX,kr,kospi200,무선통신서비스,naver_wics_primary,2026-01-31,Telecommunications,Telecommunications Service Providers,kr_icb_proxy_v1,native_label_exact,0.86,high,2026-01-31,data/raw/kr/2026-01-31/constituents.parquet,2026-01-31T00:00:00+00:00,kr-proxy-2026-01-31,2026-01-31,,True
2026-01-31,KRX:017800,KRX:017800,017800,017800,현대엘리베이터,KRX,kr,kospi200,기계,naver_wics_primary,2026-01-31,Industrials,Industrial Engineering,kr_icb_proxy_v1,native_label_exact,0.84,high,2026-01-31,data/raw/kr/2026-01-31/constituents.parquet,2026-01-31T00:00:00+00:00,kr-proxy-2026-01-31,2026-01-31,,True
2026-01-31,KRX:017960,KRX:017960,017960,017960,한국카본,KRX,kr,kospi200,조선,naver_wics_primary,2026-01-31,Industrials,Industrial Engineering,kr_icb_proxy_v1,native_label_exact,0.84,high,2026-01-31,data/raw/kr/2026-01-31/constituents.parquet,2026-01-31T00:00:00+00:00,kr-proxy-2026-01-31,2026-01-31,,True
2026-01-31,KRX:018260,KRX:018260,018260,018260,삼성에스디에스,KRX,kr,kospi200,IT서비스,naver_wics_primary,2026-01-31,Technology,Software and Computer Services,kr_icb_proxy_v1,native_label_exact,0.86,high,2026-01-31,data/raw/kr/2026-01-31/constituents.parquet,2026-01-31T00:00:00+00:00,kr-proxy-2026-01-31,2026-01-31,,True
2026-01-31,KRX:018290,KRX:018290,018290,018290,브이티,KRX,kr,kosdaq150,화장품,naver_wics_primary,2026-01-31,Consumer Discretionary,Personal Goods,kr_icb_proxy_v1,native_label_exact,0.83,high,2026-01-31,data/raw/kr/2026-01-31/constituents.parquet,2026-01-31T00:00:00+00:00,kr-proxy-2026-01-31,2026-01-31,,True
2026-01-31,KRX:018880,KRX:018880,018880,018880,한온시스템,KRX,kr,kospi200,자동차부품,naver_wics_primary,2026-01-31,Consumer Discretionary,Automobiles and Parts,kr_icb_proxy_v1,native_label_exact,0.84,high,2026-01-31,data/raw/kr/2026-01-31/constituents.parquet,2026-01-31T00:00:00+00:00,kr-proxy-2026-01-31,2026-01-31,,True
2026-01-31,KRX:021240,KRX:021240,021240,021240,코웨이,KRX,kr,kospi200,가정용기기와용품,naver_wics_primary,2026-01-31,Consumer Discretionary,Household Goods and Home Construction,kr_icb_proxy_v1,native_label_exact,0.82,high,2026-01-31,data/raw/kr/2026-01-31/constituents.parquet,2026-01-31T00:00:00+00:00,kr-proxy-2026-01-31,2026-01-31,,True
2026-01-31,KRX:022100,KRX:022100,022100,022100,포스코DX,KRX,kr,kospi200,IT서비스,naver_wics_primary,2026-01-31,Technology,Software and Computer Services,kr_icb_proxy_v1,native_label_exact,0.86,high,2026-01-31,data/raw/kr/2026-01-31/constituents.parquet,2026-01-31T00:00:00+00:00,kr-proxy-2026-01-31,2026-01-31,,True
2026-01-31,KRX:023530,KRX:023530,023530,023530,롯데쇼핑,KRX,kr,kospi200,백화점과일반상점,naver_wics_primary,2026-01-31,Consumer Discretionary,Retailers,kr_icb_proxy_v1,native_label_exact,0.84,high,2026-01-31,data/raw/kr/2026-01-31/constituents.parquet,2026-01-31T00:00:00+00:00,kr-proxy-2026-01-31,2026-01-31,,True
2026-01-31,KRX:024110,KRX:024110,024110,024110,기업은행,KRX,kr,kospi200,은행,naver_wics_primary,2026-01-31,Financials,Banks,kr_icb_proxy_v1,native_label_exact,0.88,high,2026-01-31,data/raw/kr/2026-01-31/constituents.parquet,2026-01-31T00:00:00+00:00,kr-proxy-2026-01-31,2026-01-31,,True
2026-01-31,KRX:025320,KRX:025320,025320,025320,시노펙스,KRX,kr,kosdaq150,핸드셋,naver_wics_primary,2026-01-31,Technology,Technology Hardware and Equipment,kr_icb_proxy_v1,native_label_exact,0.83,high,2026-01-31,data/raw/kr/2026-01-31/constituents.parquet,2026-01-31T00:00:00+00:00,kr-proxy-2026-01-31,2026-01-31,,True
2026-01-31,KRX:025900,KRX:025900,025900,025900,동화기업,KRX,kr,kosdaq150,건축자재,naver_wics_primary,2026-01-31,Industrials,Construction and Materials,kr_icb_proxy_v1,native_label_exact,0.84,high,2026-01-31,data/raw/kr/2026-01-31/constituents.parquet,2026-01-31T00:00:00+00:00,kr-proxy-2026-01-31,2026-01-31,,True
2026-01-31,KRX:025980,KRX:025980,025980,025980,아난티,KRX,kr,kosdaq150,"호텔,레스토랑,레저",naver_wics_primary,2026-01-31,Consumer Discretionary,Travel and Leisure,kr_icb_proxy_v1,native_label_exact,0.84,high,2026-01-31,data/raw/kr/2026-01-31/constituents.parquet,2026-01-31T00:00:00+00:00,kr-proxy-2026-01-31,2026-01-31,,True
2026-01-31,KRX:026960,KRX:026960,026960,026960,동서,KRX,kr,kospi200,식품,naver_wics_primary,2026-01-31,Consumer Staples,"Food, Beverage and Tobacco",kr_icb_proxy_v1,native_label_exact,0.85,high,2026-01-31,data/raw/kr/2026-01-31/constituents.parquet,2026-01-31T00:00:00+00:00,kr-proxy-2026-01-31,2026-01-31,,True
2026-01-31,KRX:028050,KRX:028050,028050,028050,삼성E&A,KRX,kr,kospi200,건설,naver_wics_primary,2026-01-31,Industrials,Construction and Materials,kr_icb_proxy_v1,native_label_exact,0.84,high,2026-01-31,data/raw/kr/2026-01-31/constituents.parquet,2026-01-31T00:00:00+00:00,kr-proxy-2026-01-31,2026-01-31,,True
2026-01-31,KRX:028260,KRX:028260,028260,028260,삼성물산,KRX,kr,kospi200,복합기업,naver_wics_primary,2026-01-31,Industrials,Industrial Support Services,kr_icb_proxy_v1,native_label_exact,0.82,high,2026-01-31,data/raw/kr/2026-01-31/constituents.parquet,2026-01-31T00:00:00+00:00,kr-proxy-2026-01-31,2026-01-31,,True
2026-01-31,KRX:028300,KRX:028300,028300,028300,HLB,KRX,kr,kosdaq150,건강관리장비와용품,naver_wics_primary,2026-01-31,Health Care,Health Care Equipment and Services,kr_icb_proxy_v1,native_label_exact,0.85,high,2026-01-31,data/raw/kr/2026-01-31/constituents.parquet,2026-01-31T00:00:00+00:00,kr-proxy-2026-01-31,2026-01-31,,True
2026-01-31,KRX:028670,KRX:028670,028670,028670,팬오션,KRX,kr,kospi200,해운사,naver_wics_primary,2026-01-31,Industrials,Transportation,kr_icb_proxy_v1,native_label_exact,0.84,high,2026-01-31,data/raw/kr/2026-01-31/constituents.parquet,2026-01-31T00:00:00+00:00,kr-proxy-2026-01-31,2026-01-31,,True
2026-01-31,KRX:029780,KRX:029780,029780,029780,삼성카드,KRX,kr,kospi200,카드,naver_wics_primary,2026-01-31,Financials,Financial Services,kr_icb_proxy_v1,native_label_exact,0.84,high,2026-01-31,data/raw/kr/2026-01-31/constituents.parquet,2026-01-31T00:00:00+00:00,kr-proxy-2026-01-31,2026-01-31,,True
2026-01-31,KRX:030000,KRX:030000,030000,030000,제일기획,KRX,kr,kospi200,광고,naver_wics_primary,2026-01-31,Consumer Discretionary,Media,kr_icb_proxy_v1,native_label_exact,0.82,high,2026-01-31,data/raw/kr/2026-01-31/constituents.parquet,2026-01-31T00:00:00+00:00,kr-proxy-2026-01-31,2026-01-31,,True
2026-01-31,KRX:030200,KRX:030200,030200,030200,KT,KRX,kr,kospi200,다각화된통신서비스,naver_wics_primary,2026-01-31,Telecommunications,Telecommunications Service Providers,kr_icb_proxy_v1,native_label_exact,0.86,high,2026-01-31,data/raw/kr/2026-01-31/constituents.parquet,2026-01-31T00:00:00+00:00,kr-proxy-2026-01-31,2026-01-31,,True
2026-01-31,KRX:030520,KRX:030520,030520,030520,한글과컴퓨터,KRX,kr,kosdaq150,소프트웨어,naver_wics_primary,2026-01-31,Technology,Software and Computer Services,kr_icb_proxy_v1,native_label_exact,0.85,high,2026-01-31,data/raw/kr/2026-01-31/constituents.parquet,2026-01-31T00:00:00+00:00,kr-proxy-2026-01-31,2026-01-31,,True
2026-01-31,KRX:031980,KRX:031980,031980,031980,피에스케이홀딩스,KRX,kr,kosdaq150,반도체와반도체장비,naver_wics_primary,2026-01-31,Technology,Semiconductors and Semiconductor Equipment,kr_icb_proxy_v1,native_label_exact,0.9,high,2026-01-31,data/raw/kr/2026-01-31/constituents.parquet,2026-01-31T00:00:00+00:00,kr-proxy-2026-01-31,2026-01-31,,True
2026-01-31,KRX:032190,KRX:032190,032190,032190,다우데이타,KRX,kr,kosdaq150,증권,naver_wics_primary,2026-01-31,Financials,Financial Services,kr_icb_proxy_v1,native_label_exact,0.86,high,2026-01-31,data/raw/kr/2026-01-31/constituents.parquet,2026-01-31T00:00:00+00:00,kr-proxy-2026-01-31,2026-01-31,,True
2026-01-31,KRX:032500,KRX:032500,032500,032500,케이엠더블유,KRX,kr,kosdaq150,통신장비,naver_wics_primary,2026-01-31,Technology,Technology Hardware and Equipment,kr_icb_proxy_v1,native_label_exact,0.83,high,2026-01-31,data/raw/kr/2026-01-31/constituents.parquet,2026-01-31T00:00:00+00:00,kr-proxy-2026-01-31,2026-01-31,,True
2026-01-31,KRX:032640,KRX:032640,032640,032640,LG유플러스,KRX,kr,kospi200,무선통신서비스,naver_wics_primary,2026-01-31,Telecommunications,Telecommunications Service Providers,kr_icb_proxy_v1,native_label_exact,0.86,high,2026-01-31,data/raw/kr/2026-01-31/constituents.parquet,2026-01-31T00:00:00+00:00,kr-proxy-2026-01-31,2026-01-31,,True
2026-01-31,KRX:032820,KRX:032820,032820,032820,우리기술,KRX,kr,kosdaq150,우주항공과국방,naver_wics_primary,2026-01-31,Industrials,Industrial Engineering,kr_icb_proxy_v1,native_label_exact,0.84,high,2026-01-31,data/raw/kr/2026-01-31/constituents.parquet,2026-01-31T00:00:00+00:00,kr-proxy-2026-01-31,2026-01-31,,True
2026-01-31,KRX:032830,KRX:032830,032830,032830,삼성생명,KRX,kr,kospi200,생명보험,naver_wics_primary,2026-01-31,Financials,Insurance,kr_icb_proxy_v1,native_label_exact,0.86,high,2026-01-31,data/raw/kr/2026-01-31/constituents.parquet,2026-01-31T00:00:00+00:00,kr-proxy-2026-01-31,2026-01-31,,True
2026-01-31,KRX:033100,KRX:033100,033100,033100,제룡전기,KRX,kr,kosdaq150,전기장비,naver_wics_primary,2026-01-31,Industrials,Industrial Engineering,kr_icb_proxy_v1,native_label_exact,0.84,high,2026-01-31,data/raw/kr/2026-01-31/constituents.parquet,2026-01-31T00:00:00+00:00,kr-proxy-2026-01-31,2026-01-31,,True
2026-01-31,KRX:033500,KRX:033500,033500,033500,동성화인텍,KRX,kr,kosdaq150,화학,naver_wics_primary,2026-01-31,Basic Materials,Chemicals,kr_icb_proxy_v1,native_label_exact,0.86,high,2026-01-31,data/raw/kr/2026-01-31/constituents.parquet,2026-01-31T00:00:00+00:00,kr-proxy-2026-01-31,2026-01-31,,True
2026-01-31,KRX:033780,KRX:033780,033780,033780,KT&G,KRX,kr,kospi200,담배,naver_wics_primary,2026-01-31,Consumer Staples,"Food, Beverage and Tobacco",kr_icb_proxy_v1,native_label_exact,0.84,high,2026-01-31,data/raw/kr/2026-01-31/constituents.parquet,2026-01-31T00:00:00+00:00,kr-proxy-2026-01-31,2026-01-31,,True
2026-01-31,KRX:034020,KRX:034020,034020,034020,두산에너빌리티,KRX,kr,kospi200,기계,naver_wics_primary,2026-01-31,Industrials,Industrial Engineering,kr_icb_proxy_v1,native_label_exact,0.84,high,2026-01-31,data/raw/kr/2026-01-31/constituents.parquet,2026-01-31T00:00:00+00:00,kr-proxy-2026-01-31,2026-01-31,,True
2026-01-31,KRX:034220,KRX:034220,034220,034220,LG디스플레이,KRX,kr,kospi200,디스플레이패널,naver_wics_primary,2026-01-31,Technology,Technology Hardware and Equipment,kr_icb_proxy_v1,native_label_exact,0.83,high,2026-01-31,data/raw/kr/2026-01-31/constituents.parquet,2026-01-31T00:00:00+00:00,kr-proxy-2026-01-31,2026-01-31,,True
2026-01-31,KRX:034230,KRX:034230,034230,034230,파라다이스,KRX,kr,kospi200,"호텔,레스토랑,레저",naver_wics_primary,2026-01-31,Consumer Discretionary,Travel and Leisure,kr_icb_proxy_v1,native_label_exact,0.84,high,2026-01-31,data/raw/kr/2026-01-31/constituents.parquet,2026-01-31T00:00:00+00:00,kr-proxy-2026-01-31,2026-01-31,,True
2026-01-31,KRX:034730,KRX:034730,034730,034730,SK,KRX,kr,kospi200,석유와가스,naver_wics_primary,2026-01-31,Energy,"Oil, Gas and Coal",kr_icb_proxy_v1,native_label_exact,0.84,high,2026-01-31,data/raw/kr/2026-01-31/constituents.parquet,2026-01-31T00:00:00+00:00,kr-proxy-2026-01-31,2026-01-31,,True
2026-01-31,KRX:035250,KRX:035250,035250,035250,강원랜드,KRX,kr,kospi200,"호텔,레스토랑,레저",naver_wics_primary,2026-01-31,Consumer Discretionary,Travel and Leisure,kr_icb_proxy_v1,native_label_exact,0.84,high,2026-01-31,data/raw/kr/2026-01-31/constituents.parquet,2026-01-31T00:00:00+00:00,kr-proxy-2026-01-31,2026-01-31,,True
2026-01-31,KRX:035420,KRX:035420,035420,035420,NAVER,KRX,kr,kospi200,양방향미디어와서비스,naver_wics_primary,2026-01-31,Technology,Software and Computer Services,kr_icb_proxy_v1,ticker_rule,0.92,high,2026-01-31,data/raw/kr/2026-01-31/constituents.parquet,2026-01-31T00:00:00+00:00,kr-proxy-2026-01-31,2026-01-31,,True
2026-01-31,KRX:035720,KRX:035720,035720,035720,카카오,KRX,kr,kospi200,양방향미디어와서비스,naver_wics_primary,2026-01-31,Consumer Discretionary,Media,kr_icb_proxy_v1,native_label_exact,0.83,high,2026-01-31,data/raw/kr/2026-01-31/constituents.parquet,2026-01-31T00:00:00+00:00,kr-proxy-2026-01-31,2026-01-31,,True
2026-01-31,KRX:035760,KRX:035760,035760,035760,CJ ENM,KRX,kr,kosdaq150,방송과엔터테인먼트,naver_wics_primary,2026-01-31,Consumer Discretionary,Media,kr_icb_proxy_v1,native_label_exact,0.84,high,2026-01-31,data/raw/kr/2026-01-31/constituents.parquet,2026-01-31T00:00:00+00:00,kr-proxy-2026-01-31,2026-01-31,,True
2026-01-31,KRX:035900,KRX:035900,035900,035900,JYP Ent.,KRX,kr,kosdaq150,방송과엔터테인먼트,naver_wics_primary,2026-01-31,Consumer Discretionary,Media,kr_icb_proxy_v1,native_label_exact,0.84,high,2026-01-31,data/raw/kr/2026-01-31/constituents.parquet,2026-01-31T00:00:00+00:00,kr-proxy-2026-01-31,2026-01-31,,True
2026-01-31,KRX:036460,KRX:036460,036460,036460,한국가스공사,KRX,kr,kospi200,가스유틸리티,naver_wics_primary,2026-01-31,Utilities,Utilities,kr_icb_proxy_v1,native_label_exact,0.84,high,2026-01-31,data/raw/kr/2026-01-31/constituents.parquet,2026-01-31T00:00:00+00:00,kr-proxy-2026-01-31,2026-01-31,,True
2026-01-31,KRX:036540,KRX:036540,036540,036540,SFA반도체,KRX,kr,kosdaq150,반도체와반도체장비,naver_wics_primary,2026-01-31,Technology,Semiconductors and Semiconductor Equipment,kr_icb_proxy_v1,native_label_exact,0.9,high,2026-01-31,data/raw/kr/2026-01-31/constituents.parquet,2026-01-31T00:00:00+00:00,kr-proxy-2026-01-31,2026-01-31,,True
2026-01-31,KRX:036570,KRX:036570,036570,036570,엔씨소프트,KRX,kr,kospi200,게임엔터테인먼트,naver_wics_primary,2026-01-31,Consumer Discretionary,Media,kr_icb_proxy_v1,native_label_exact,0.84,high,2026-01-31,data/raw/kr/2026-01-31/constituents.parquet,2026-01-31T00:00:00+00:00,kr-proxy-2026-01-31,2026-01-31,,True
2026-01-31,KRX:036620,KRX:036620,036620,036620,감성코퍼레이션,KRX,kr,kosdaq150,"섬유,의류,신발,호화품",naver_wics_primary,2026-01-31,Consumer Discretionary,Personal Goods,kr_icb_proxy_v1,native_label_exact,0.83,high,2026-01-31,data/raw/kr/2026-01-31/constituents.parquet,2026-01-31T00:00:00+00:00,kr-proxy-2026-01-31,2026-01-31,,True
2026-01-31,KRX:036810,KRX:036810,036810,036810,에프에스티,KRX,kr,kosdaq150,반도체와반도체장비,naver_wics_primary,2026-01-31,Technology,Semiconductors and Semiconductor Equipment,kr_icb_proxy_v1,native_label_exact,0.9,high,2026-01-31,data/raw/kr/2026-01-31/constituents.parquet,2026-01-31T00:00:00+00:00,kr-proxy-2026-01-31,2026-01-31,,True
2026-01-31,KRX:036830,KRX:036830,036830,036830,솔브레인홀딩스,KRX,kr,kosdaq150,전기제품,naver_wics_primary,2026-01-31,Industrials,Industrial Engineering,kr_icb_proxy_v1,native_label_exact,0.83,high,2026-01-31,data/raw/kr/2026-01-31/constituents.parquet,2026-01-31T00:00:00+00:00,kr-proxy-2026-01-31,2026-01-31,,True
2026-01-31,KRX:036930,KRX:036930,036930,036930,주성엔지니어링,KRX,kr,kosdaq150,반도체와반도체장비,naver_wics_primary,2026-01-31,Technology,Semiconductors and Semiconductor Equipment,kr_icb_proxy_v1,native_label_exact,0.9,high,2026-01-31,data/raw/kr/2026-01-31/constituents.parquet,2026-01-31T00:00:00+00:00,kr-proxy-2026-01-31,2026-01-31,,True
2026-01-31,KRX:039030,KRX:039030,039030,039030,이오테크닉스,KRX,kr,kosdaq150,반도체와반도체장비,naver_wics_primary,2026-01-31,Technology,Semiconductors and Semiconductor Equipment,kr_icb_proxy_v1,native_label_exact,0.9,high,2026-01-31,data/raw/kr/2026-01-31/constituents.parquet,2026-01-31T00:00:00+00:00,kr-proxy-2026-01-31,2026-01-31,,True
2026-01-31,KRX:039200,KRX:039200,039200,039200,오스코텍,KRX,kr,kosdaq150,제약,naver_wics_primary,2026-01-31,Health Care,Pharmaceuticals and Biotechnology,kr_icb_proxy_v1,native_label_exact,0.88,high,2026-01-31,data/raw/kr/2026-01-31/constituents.parquet,2026-01-31T00:00:00+00:00,kr-proxy-2026-01-31,2026-01-31,,True
2026-01-31,KRX:039490,KRX:039490,039490,039490,키움증권,KRX,kr,kospi200,증권,naver_wics_primary,2026-01-31,Financials,Financial Services,kr_icb_proxy_v1,native_label_exact,0.86,high,2026-01-31,data/raw/kr/2026-01-31/constituents.parquet,2026-01-31T00:00:00+00:00,kr-proxy-2026-01-31,2026-01-31,,True
2026-01-31,KRX:041190,KRX:041190,041190,041190,우리기술투자,KRX,kr,kosdaq150,창업투자,naver_wics_primary,2026-01-31,Financials,Financial Services,kr_icb_proxy_v1,native_label_exact,0.83,high,2026-01-31,data/raw/kr/2026-01-31/constituents.parquet,2026-01-31T00:00:00+00:00,kr-proxy-2026-01-31,2026-01-31,,True
2026-01-31,KRX:041510,KRX:041510,041510,041510,에스엠,KRX,kr,kosdaq150,방송과엔터테인먼트,naver_wics_primary,2026-01-31,Consumer Discretionary,Media,kr_icb_proxy_v1,native_label_exact,0.84,high,2026-01-31,data/raw/kr/2026-01-31/constituents.parquet,2026-01-31T00:00:00+00:00,kr-proxy-2026-01-31,2026-01-31,,True
2026-01-31,KRX:042000,KRX:042000,042000,042000,카페24,KRX,kr,kosdaq150,IT서비스,naver_wics_primary,2026-01-31,Technology,Software and Computer Services,kr_icb_proxy_v1,native_label_exact,0.86,high,2026-01-31,data/raw/kr/2026-01-31/constituents.parquet,2026-01-31T00:00:00+00:00,kr-proxy-2026-01-31,2026-01-31,,True
2026-01-31,KRX:042660,KRX:042660,042660,042660,한화오션,KRX,kr,kospi200,조선,naver_wics_primary,2026-01-31,Industrials,Industrial Engineering,kr_icb_proxy_v1,native_label_exact,0.84,high,2026-01-31,data/raw/kr/2026-01-31/constituents.parquet,2026-01-31T00:00:00+00:00,kr-proxy-2026-01-31,2026-01-31,,True
2026-01-31,KRX:042700,KRX:042700,042700,042700,한미반도체,KRX,kr,kospi200,반도체와반도체장비,naver_wics_primary,2026-01-31,Technology,Semiconductors and Semiconductor Equipment,kr_icb_proxy_v1,native_label_exact,0.9,high,2026-01-31,data/raw/kr/2026-01-31/constituents.parquet,2026-01-31T00:00:00+00:00,kr-proxy-2026-01-31,2026-01-31,,True
2026-01-31,KRX:046890,KRX:046890,046890,046890,서울반도체,KRX,kr,kosdaq150,디스플레이장비및부품,naver_wics_primary,2026-01-31,Technology,Technology Hardware and Equipment,kr_icb_proxy_v1,native_label_exact,0.83,high,2026-01-31,data/raw/kr/2026-01-31/constituents.parquet,2026-01-31T00:00:00+00:00,kr-proxy-2026-01-31,2026-01-31,,True
2026-01-31,KRX:047040,KRX:047040,047040,047040,대우건설,KRX,kr,kospi200,건설,naver_wics_primary,2026-01-31,Industrials,Construction and Materials,kr_icb_proxy_v1,native_label_exact,0.84,high,2026-01-31,data/raw/kr/2026-01-31/constituents.parquet,2026-01-31T00:00:00+00:00,kr-proxy-2026-01-31,2026-01-31,,True
2026-01-31,KRX:047050,KRX:047050,047050,047050,포스코인터내셔널,KRX,kr,kospi200,무역회사와판매업체,naver_wics_primary,2026-01-31,Industrials,Industrial Support Services,kr_icb_proxy_v1,native_label_exact,0.82,high,2026-01-31,data/raw/kr/2026-01-31/constituents.parquet,2026-01-31T00:00:00+00:00,kr-proxy-2026-01-31,2026-01-31,,True
2026-01-31,KRX:047810,KRX:047810,047810,047810,한국항공우주,KRX,kr,kospi200,우주항공과국방,naver_wics_primary,2026-01-31,Industrials,Industrial Engineering,kr_icb_proxy_v1,native_label_exact,0.84,high,2026-01-31,data/raw/kr/2026-01-31/constituents.parquet,2026-01-31T00:00:00+00:00,kr-proxy-2026-01-31,2026-01-31,,True
2026-01-31,KRX:048410,KRX:048410,048410,048410,현대바이오,KRX,kr,kosdaq150,화장품,naver_wics_primary,2026-01-31,Consumer Discretionary,Personal Goods,kr_icb_proxy_v1,native_label_exact,0.83,high,2026-01-31,data/raw/kr/2026-01-31/constituents.parquet,2026-01-31T00:00:00+00:00,kr-proxy-2026-01-31,2026-01-31,,True
2026-01-31,KRX:050890,KRX:050890,050890,050890,쏠리드,KRX,kr,kosdaq150,통신장비,naver_wics_primary,2026-01-31,Technology,Technology Hardware and Equipment,kr_icb_proxy_v1,native_label_exact,0.83,high,2026-01-31,data/raw/kr/2026-01-31/constituents.parquet,2026-01-31T00:00:00+00:00,kr-proxy-2026-01-31,2026-01-31,,True
2026-01-31,KRX:051600,KRX:051600,051600,051600,한전KPS,KRX,kr,kospi200,전기유틸리티,naver_wics_primary,2026-01-31,Utilities,Utilities,kr_icb_proxy_v1,native_label_exact,0.84,high,2026-01-31,data/raw/kr/2026-01-31/constituents.parquet,2026-01-31T00:00:00+00:00,kr-proxy-2026-01-31,2026-01-31,,True
2026-01-31,KRX:051900,KRX:051900,051900,051900,LG생활건강,KRX,kr,kospi200,화장품,naver_wics_primary,2026-01-31,Consumer Discretionary,Personal Goods,kr_icb_proxy_v1,native_label_exact,0.83,high,2026-01-31,data/raw/kr/2026-01-31/constituents.parquet,2026-01-31T00:00:00+00:00,kr-proxy-2026-01-31,2026-01-31,,True
2026-01-31,KRX:051910,KRX:051910,051910,051910,LG화학,KRX,kr,kospi200,화학,naver_wics_primary,2026-01-31,Basic Materials,Chemicals,kr_icb_proxy_v1,ticker_rule,0.91,high,2026-01-31,data/raw/kr/2026-01-31/constituents.parquet,2026-01-31T00:00:00+00:00,kr-proxy-2026-01-31,2026-01-31,,True
2026-01-31,KRX:052400,KRX:052400,052400,052400,코나아이,KRX,kr,kosdaq150,IT서비스,naver_wics_primary,2026-01-31,Technology,Software and Computer Services,kr_icb_proxy_v1,native_label_exact,0.86,high,2026-01-31,data/raw/kr/2026-01-31/constituents.parquet,2026-01-31T00:00:00+00:00,kr-proxy-2026-01-31,2026-01-31,,True
2026-01-31,KRX:052690,KRX:052690,052690,052690,한전기술,KRX,kr,kospi200,전기유틸리티,naver_wics_primary,2026-01-31,Utilities,Utilities,kr_icb_proxy_v1,native_label_exact,0.84,high,2026-01-31,data/raw/kr/2026-01-31/constituents.parquet,2026-01-31T00:00:00+00:00,kr-proxy-2026-01-31,2026-01-31,,True
2026-01-31,KRX:053030,KRX:053030,053030,053030,바이넥스,KRX,kr,kosdaq150,제약,naver_wics_primary,2026-01-31,Health Care,Pharmaceuticals and Biotechnology,kr_icb_proxy_v1,native_label_exact,0.88,high,2026-01-31,data/raw/kr/2026-01-31/constituents.parquet,2026-01-31T00:00:00+00:00,kr-proxy-2026-01-31,2026-01-31,,True
2026-01-31,KRX:053800,KRX:053800,053800,053800,안랩,KRX,kr,kosdaq150,소프트웨어,naver_wics_primary,2026-01-31,Technology,Software and Computer Services,kr_icb_proxy_v1,native_label_exact,0.85,high,2026-01-31,data/raw/kr/2026-01-31/constituents.parquet,2026-01-31T00:00:00+00:00,kr-proxy-2026-01-31,2026-01-31,,True
2026-01-31,KRX:055550,KRX:055550,055550,055550,신한지주,KRX,kr,kospi200,은행,naver_wics_primary,2026-01-31,Financials,Banks,kr_icb_proxy_v1,native_label_exact,0.88,high,2026-01-31,data/raw/kr/2026-01-31/constituents.parquet,2026-01-31T00:00:00+00:00,kr-proxy-2026-01-31,2026-01-31,,True
2026-01-31,KRX:056080,KRX:056080,056080,056080,유진로봇,KRX,kr,kosdaq150,기계,naver_wics_primary,2026-01-31,Industrials,Industrial Engineering,kr_icb_proxy_v1,native_label_exact,0.84,high,2026-01-31,data/raw/kr/2026-01-31/constituents.parquet,2026-01-31T00:00:00+00:00,kr-proxy-2026-01-31,2026-01-31,,True
2026-01-31,KRX:056190,KRX:056190,056190,056190,에스에프에이,KRX,kr,kosdaq150,기계,naver_wics_primary,2026-01-31,Industrials,Industrial Engineering,kr_icb_proxy_v1,native_label_exact,0.84,high,2026-01-31,data/raw/kr/2026-01-31/constituents.parquet,2026-01-31T00:00:00+00:00,kr-proxy-2026-01-31,2026-01-31,,True
2026-01-31,KRX:058470,KRX:058470,058470,058470,리노공업,KRX,kr,kosdaq150,반도체와반도체장비,naver_wics_primary,2026-01-31,Technology,Semiconductors and Semiconductor Equipment,kr_icb_proxy_v1,native_label_exact,0.9,high,2026-01-31,data/raw/kr/2026-01-31/constituents.parquet,2026-01-31T00:00:00+00:00,kr-proxy-2026-01-31,2026-01-31,,True
2026-01-31,KRX:058610,KRX:058610,058610,058610,에스피지,KRX,kr,kosdaq150,전기제품,naver_wics_primary,2026-01-31,Industrials,Industrial Engineering,kr_icb_proxy_v1,native_label_exact,0.83,high,2026-01-31,data/raw/kr/2026-01-31/constituents.parquet,2026-01-31T00:00:00+00:00,kr-proxy-2026-01-31,2026-01-31,,True
2026-01-31,KRX:058970,KRX:058970,058970,058970,엠로,KRX,kr,kosdaq150,소프트웨어,naver_wics_primary,2026-01-31,Technology,Software and Computer Services,kr_icb_proxy_v1,native_label_exact,0.85,high,2026-01-31,data/raw/kr/2026-01-31/constituents.parquet,2026-01-31T00:00:00+00:00,kr-proxy-2026-01-31,2026-01-31,,True
2026-01-31,KRX:059090,KRX:059090,059090,059090,미코,KRX,kr,kosdaq150,반도체와반도체장비,naver_wics_primary,2026-01-31,Technology,Semiconductors and Semiconductor Equipment,kr_icb_proxy_v1,native_label_exact,0.9,high,2026-01-31,data/raw/kr/2026-01-31/constituents.parquet,2026-01-31T00:00:00+00:00,kr-proxy-2026-01-31,2026-01-31,,True
2026-01-31,KRX:060250,KRX:060250,060250,060250,NHN KCP,KRX,kr,kosdaq150,IT서비스,naver_wics_primary,2026-01-31,Technology,Software and Computer Services,kr_icb_proxy_v1,native_label_exact,0.86,high,2026-01-31,data/raw/kr/2026-01-31/constituents.parquet,2026-01-31T00:00:00+00:00,kr-proxy-2026-01-31,2026-01-31,,True
2026-01-31,KRX:060280,KRX:060280,060280,060280,큐렉소,KRX,kr,kosdaq150,건강관리장비와용품,naver_wics_primary,2026-01-31,Health Care,Health Care Equipment and Services,kr_icb_proxy_v1,native_label_exact,0.85,high,2026-01-31,data/raw/kr/2026-01-31/constituents.parquet,2026-01-31T00:00:00+00:00,kr-proxy-2026-01-31,2026-01-31,,True
2026-01-31,KRX:060370,KRX:060370,060370,060370,LS마린솔루션,KRX,kr,kosdaq150,건설,naver_wics_primary,2026-01-31,Industrials,Construction and Materials,kr_icb_proxy_v1,native_label_exact,0.84,high,2026-01-31,data/raw/kr/2026-01-31/constituents.parquet,2026-01-31T00:00:00+00:00,kr-proxy-2026-01-31,2026-01-31,,True
2026-01-31,KRX:062040,KRX:062040,062040,062040,산일전기,KRX,kr,kospi200,전기장비,naver_wics_primary,2026-01-31,Industrials,Industrial Engineering,kr_icb_proxy_v1,native_label_exact,0.84,high,2026-01-31,data/raw/kr/2026-01-31/constituents.parquet,2026-01-31T00:00:00+00:00,kr-proxy-2026-01-31,2026-01-31,,True
2026-01-31,KRX:064350,KRX:064350,064350,064350,현대로템,KRX,kr,kospi200,우주항공과국방,naver_wics_primary,2026-01-31,Industrials,Industrial Engineering,kr_icb_proxy_v1,native_label_exact,0.84,high,2026-01-31,data/raw/kr/2026-01-31/constituents.parquet,2026-01-31T00:00:00+00:00,kr-proxy-2026-01-31,2026-01-31,,True
2026-01-31,KRX:064400,KRX:064400,064400,064400,LG씨엔에스,KRX,kr,kospi200,IT서비스,naver_wics_primary,2026-01-31,Technology,Software and Computer Services,kr_icb_proxy_v1,native_label_exact,0.86,high,2026-01-31,data/raw/kr/2026-01-31/constituents.parquet,2026-01-31T00:00:00+00:00,kr-proxy-2026-01-31,2026-01-31,,True
2026-01-31,KRX:064760,KRX:064760,064760,064760,티씨케이,KRX,kr,kosdaq150,반도체와반도체장비,naver_wics_primary,2026-01-31,Technology,Semiconductors and Semiconductor Equipment,kr_icb_proxy_v1,native_label_exact,0.9,high,2026-01-31,data/raw/kr/2026-01-31/constituents.parquet,2026-01-31T00:00:00+00:00,kr-proxy-2026-01-31,2026-01-31,,True
2026-01-31,KRX:065350,KRX:065350,065350,065350,신성델타테크,KRX,kr,kosdaq150,가정용기기와용품,naver_wics_primary,2026-01-31,Consumer Discretionary,Household Goods and Home Construction,kr_icb_proxy_v1,native_label_exact,0.82,high,2026-01-31,data/raw/kr/2026-01-31/constituents.parquet,2026-01-31T00:00:00+00:00,kr-proxy-2026-01-31,2026-01-31,,True
2026-01-31,KRX:066570,KRX:066570,066570,066570,LG전자,KRX,kr,kospi200,전자제품,naver_wics_primary,2026-01-31,Technology,Technology Hardware and Equipment,kr_icb_proxy_v1,native_label_exact,0.82,high,2026-01-31,data/raw/kr/2026-01-31/constituents.parquet,2026-01-31T00:00:00+00:00,kr-proxy-2026-01-31,2026-01-31,,True
2026-01-31,KRX:066970,KRX:066970,066970,066970,엘앤에프,KRX,kr,kospi200,전기제품,naver_wics_primary,2026-01-31,Industrials,Electronic and Electrical Equipment,kr_icb_proxy_v1,ticker_rule,0.87,high,2026-01-31,data/raw/kr/2026-01-31/constituents.parquet,2026-01-31T00:00:00+00:00,kr-proxy-2026-01-31,2026-01-31,,True
2026-01-31,KRX:067160,KRX:067160,067160,067160,SOOP,KRX,kr,kosdaq150,양방향미디어와서비스,naver_wics_primary,2026-01-31,Consumer Discretionary,Media,kr_icb_proxy_v1,native_label_exact,0.83,high,2026-01-31,data/raw/kr/2026-01-31/constituents.parquet,2026-01-31T00:00:00+00:00,kr-proxy-2026-01-31,2026-01-31,,True
2026-01-31,KRX:067310,KRX:067310,067310,067310,하나마이크론,KRX,kr,kosdaq150,반도체와반도체장비,naver_wics_primary,2026-01-31,Technology,Semiconductors and Semiconductor Equipment,kr_icb_proxy_v1,native_label_exact,0.9,high,2026-01-31,data/raw/kr/2026-01-31/constituents.parquet,2026-01-31T00:00:00+00:00,kr-proxy-2026-01-31,2026-01-31,,True
2026-01-31,KRX:068270,KRX:068270,068270,068270,셀트리온,KRX,kr,kospi200,제약,naver_wics_primary,2026-01-31,Health Care,Pharmaceuticals and Biotechnology,kr_icb_proxy_v1,native_label_exact,0.88,high,2026-01-31,data/raw/kr/2026-01-31/constituents.parquet,2026-01-31T00:00:00+00:00,kr-proxy-2026-01-31,2026-01-31,,True
2026-01-31,KRX:068760,KRX:068760,068760,068760,셀트리온제약,KRX,kr,kosdaq150,제약,naver_wics_primary,2026-01-31,Health Care,Pharmaceuticals and Biotechnology,kr_icb_proxy_v1,native_label_exact,0.88,high,2026-01-31,data/raw/kr/2026-01-31/constituents.parquet,2026-01-31T00:00:00+00:00,kr-proxy-2026-01-31,2026-01-31,,True
2026-01-31,KRX:069080,KRX:069080,069080,069080,웹젠,KRX,kr,kosdaq150,게임엔터테인먼트,naver_wics_primary,2026-01-31,Consumer Discretionary,Media,kr_icb_proxy_v1,native_label_exact,0.84,high,2026-01-31,data/raw/kr/2026-01-31/constituents.parquet,2026-01-31T00:00:00+00:00,kr-proxy-2026-01-31,2026-01-31,,True
2026-01-31,KRX:069260,KRX:069260,069260,069260,TKG휴켐스,KRX,kr,kospi200,화학,naver_wics_primary,2026-01-31,Basic Materials,Chemicals,kr_icb_proxy_v1,native_label_exact,0.86,high,2026-01-31,data/raw/kr/2026-01-31/constituents.parquet,2026-01-31T00:00:00+00:00,kr-proxy-2026-01-31,2026-01-31,,True
2026-01-31,KRX:069620,KRX:069620,069620,069620,대웅제약,KRX,kr,kospi200,제약,naver_wics_primary,2026-01-31,Health Care,Pharmaceuticals and Biotechnology,kr_icb_proxy_v1,native_label_exact,0.88,high,2026-01-31,data/raw/kr/2026-01-31/constituents.parquet,2026-01-31T00:00:00+00:00,kr-proxy-2026-01-31,2026-01-31,,True
2026-01-31,KRX:069960,KRX:069960,069960,069960,현대백화점,KRX,kr,kospi200,백화점과일반상점,naver_wics_primary,2026-01-31,Consumer Discretionary,Retailers,kr_icb_proxy_v1,native_label_exact,0.84,high,2026-01-31,data/raw/kr/2026-01-31/constituents.parquet,2026-01-31T00:00:00+00:00,kr-proxy-2026-01-31,2026-01-31,,True
2026-01-31,KRX:071050,KRX:071050,071050,071050,한국금융지주,KRX,kr,kospi200,증권,naver_wics_primary,2026-01-31,Financials,Financial Services,kr_icb_proxy_v1,native_label_exact,0.86,high,2026-01-31,data/raw/kr/2026-01-31/constituents.parquet,2026-01-31T00:00:00+00:00,kr-proxy-2026-01-31,2026-01-31,,True
2026-01-31,KRX:071320,KRX:071320,071320,071320,지역난방공사,KRX,kr,kospi200,복합유틸리티,naver_wics_primary,2026-01-31,Utilities,Utilities,kr_icb_proxy_v1,native_label_exact,0.84,high,2026-01-31,data/raw/kr/2026-01-31/constituents.parquet,2026-01-31T00:00:00+00:00,kr-proxy-2026-01-31,2026-01-31,,True
2026-01-31,KRX:071970,KRX:071970,071970,071970,HD현대마린엔진,KRX,kr,kospi200,조선,naver_wics_primary,2026-01-31,Industrials,Industrial Engineering,kr_icb_proxy_v1,native_label_exact,0.84,high,2026-01-31,data/raw/kr/2026-01-31/constituents.parquet,2026-01-31T00:00:00+00:00,kr-proxy-2026-01-31,2026-01-31,,True
2026-01-31,KRX:073240,KRX:073240,073240,073240,금호타이어,KRX,kr,kospi200,자동차부품,naver_wics_primary,2026-01-31,Consumer Discretionary,Automobiles and Parts,kr_icb_proxy_v1,native_label_exact,0.84,high,2026-01-31,data/raw/kr/2026-01-31/constituents.parquet,2026-01-31T00:00:00+00:00,kr-proxy-2026-01-31,2026-01-31,,True
2026-01-31,KRX:074600,KRX:074600,074600,074600,원익QnC,KRX,kr,kosdaq150,반도체와반도체장비,naver_wics_primary,2026-01-31,Technology,Semiconductors and Semiconductor Equipment,kr_icb_proxy_v1,native_label_exact,0.9,high,2026-01-31,data/raw/kr/2026-01-31/constituents.parquet,2026-01-31T00:00:00+00:00,kr-proxy-2026-01-31,2026-01-31,,True
2026-01-31,KRX:078340,KRX:078340,078340,078340,컴투스,KRX,kr,kosdaq150,게임엔터테인먼트,naver_wics_primary,2026-01-31,Consumer Discretionary,Media,kr_icb_proxy_v1,native_label_exact,0.84,high,2026-01-31,data/raw/kr/2026-01-31/constituents.parquet,2026-01-31T00:00:00+00:00,kr-proxy-2026-01-31,2026-01-31,,True
2026-01-31,KRX:078600,KRX:078600,078600,078600,대주전자재료,KRX,kr,kosdaq150,전자장비와기기,naver_wics_primary,2026-01-31,Technology,Technology Hardware and Equipment,kr_icb_proxy_v1,native_label_exact,0.84,high,2026-01-31,data/raw/kr/2026-01-31/constituents.parquet,2026-01-31T00:00:00+00:00,kr-proxy-2026-01-31,2026-01-31,,True
2026-01-31,KRX:078930,KRX:078930,078930,078930,GS,KRX,kr,kospi200,석유와가스,naver_wics_primary,2026-01-31,Energy,"Oil, Gas and Coal",kr_icb_proxy_v1,native_label_exact,0.84,high,2026-01-31,data/raw/kr/2026-01-31/constituents.parquet,2026-01-31T00:00:00+00:00,kr-proxy-2026-01-31,2026-01-31,,True
2026-01-31,KRX:079370,KRX:079370,079370,079370,제우스,KRX,kr,kosdaq150,반도체와반도체장비,naver_wics_primary,2026-01-31,Technology,Semiconductors and Semiconductor Equipment,kr_icb_proxy_v1,native_label_exact,0.9,high,2026-01-31,data/raw/kr/2026-01-31/constituents.parquet,2026-01-31T00:00:00+00:00,kr-proxy-2026-01-31,2026-01-31,,True
2026-01-31,KRX:079550,KRX:079550,079550,079550,LIG넥스원,KRX,kr,kospi200,우주항공과국방,naver_wics_primary,2026-01-31,Industrials,Industrial Engineering,kr_icb_proxy_v1,native_label_exact,0.84,high,2026-01-31,data/raw/kr/2026-01-31/constituents.parquet,2026-01-31T00:00:00+00:00,kr-proxy-2026-01-31,2026-01-31,,True
2026-01-31,KRX:080220,KRX:080220,080220,080220,제주반도체,KRX,kr,kosdaq150,반도체와반도체장비,naver_wics_primary,2026-01-31,Technology,Semiconductors and Semiconductor Equipment,kr_icb_proxy_v1,native_label_exact,0.9,high,2026-01-31,data/raw/kr/2026-01-31/constituents.parquet,2026-01-31T00:00:00+00:00,kr-proxy-2026-01-31,2026-01-31,,True
2026-01-31,KRX:081660,KRX:081660,081660,081660,미스토홀딩스,KRX,kr,kospi200,"섬유,의류,신발,호화품",naver_wics_primary,2026-01-31,Consumer Discretionary,Personal Goods,kr_icb_proxy_v1,native_label_exact,0.83,high,2026-01-31,data/raw/kr/2026-01-31/constituents.parquet,2026-01-31T00:00:00+00:00,kr-proxy-2026-01-31,2026-01-31,,True
2026-01-31,KRX:082270,KRX:082270,082270,082270,젬백스,KRX,kr,kosdaq150,반도체와반도체장비,naver_wics_primary,2026-01-31,Technology,Semiconductors and Semiconductor Equipment,kr_icb_proxy_v1,native_label_exact,0.9,high,2026-01-31,data/raw/kr/2026-01-31/constituents.parquet,2026-01-31T00:00:00+00:00,kr-proxy-2026-01-31,2026-01-31,,True
2026-01-31,KRX:082740,KRX:082740,082740,082740,한화엔진,KRX,kr,kospi200,조선,naver_wics_primary,2026-01-31,Industrials,Industrial Engineering,kr_icb_proxy_v1,native_label_exact,0.84,high,2026-01-31,data/raw/kr/2026-01-31/constituents.parquet,2026-01-31T00:00:00+00:00,kr-proxy-2026-01-31,2026-01-31,,True
2026-01-31,KRX:083650,KRX:083650,083650,083650,비에이치아이,KRX,kr,kosdaq150,에너지장비및서비스,naver_wics_primary,2026-01-31,Energy,"Oil, Gas and Coal",kr_icb_proxy_v1,native_label_exact,0.82,high,2026-01-31,data/raw/kr/2026-01-31/constituents.parquet,2026-01-31T00:00:00+00:00,kr-proxy-2026-01-31,2026-01-31,,True
2026-01-31,KRX:084370,KRX:084370,084370,084370,유진테크,KRX,kr,kosdaq150,반도체와반도체장비,naver_wics_primary,2026-01-31,Technology,Semiconductors and Semiconductor Equipment,kr_icb_proxy_v1,native_label_exact,0.9,high,2026-01-31,data/raw/kr/2026-01-31/constituents.parquet,2026-01-31T00:00:00+00:00,kr-proxy-2026-01-31,2026-01-31,,True
2026-01-31,KRX:085660,KRX:085660,085660,085660,차바이오텍,KRX,kr,kosdaq150,건강관리업체및서비스,naver_wics_primary,2026-01-31,Health Care,Health Care Equipment and Services,kr_icb_proxy_v1,native_label_exact,0.83,high,2026-01-31,data/raw/kr/2026-01-31/constituents.parquet,2026-01-31T00:00:00+00:00,kr-proxy-2026-01-31,2026-01-31,,True
2026-01-31,KRX:086280,KRX:086280,086280,086280,현대글로비스,KRX,kr,kospi200,항공화물운송과물류,naver_wics_primary,2026-01-31,Industrials,Transportation,kr_icb_proxy_v1,native_label_exact,0.84,high,2026-01-31,data/raw/kr/2026-01-31/constituents.parquet,2026-01-31T00:00:00+00:00,kr-proxy-2026-01-31,2026-01-31,,True
2026-01-31,KRX:086450,KRX:086450,086450,086450,동국제약,KRX,kr,kosdaq150,제약,naver_wics_primary,2026-01-31,Health Care,Pharmaceuticals and Biotechnology,kr_icb_proxy_v1,native_label_exact,0.88,high,2026-01-31,data/raw/kr/2026-01-31/constituents.parquet,2026-01-31T00:00:00+00:00,kr-proxy-2026-01-31,2026-01-31,,True
2026-01-31,KRX:086520,KRX:086520,086520,086520,에코프로,KRX,kr,kosdaq150,화학,naver_wics_primary,2026-01-31,Basic Materials,Chemicals,kr_icb_proxy_v1,native_label_exact,0.86,high,2026-01-31,data/raw/kr/2026-01-31/constituents.parquet,2026-01-31T00:00:00+00:00,kr-proxy-2026-01-31,2026-01-31,,True
2026-01-31,KRX:086790,KRX:086790,086790,086790,하나금융지주,KRX,kr,kospi200,은행,naver_wics_primary,2026-01-31,Financials,Banks,kr_icb_proxy_v1,native_label_exact,0.88,high,2026-01-31,data/raw/kr/2026-01-31/constituents.parquet,2026-01-31T00:00:00+00:00,kr-proxy-2026-01-31,2026-01-31,,True
2026-01-31,KRX:086900,KRX:086900,086900,086900,메디톡스,KRX,kr,kosdaq150,생물공학,naver_wics_primary,2026-01-31,Health Care,Pharmaceuticals and Biotechnology,kr_icb_proxy_v1,native_label_exact,0.86,high,2026-01-31,data/raw/kr/2026-01-31/constituents.parquet,2026-01-31T00:00:00+00:00,kr-proxy-2026-01-31,2026-01-31,,True
2026-01-31,KRX:087010,KRX:087010,087010,087010,펩트론,KRX,kr,kosdaq150,생물공학,naver_wics_primary,2026-01-31,Health Care,Pharmaceuticals and Biotechnology,kr_icb_proxy_v1,native_label_exact,0.86,high,2026-01-31,data/raw/kr/2026-01-31/constituents.parquet,2026-01-31T00:00:00+00:00,kr-proxy-2026-01-31,2026-01-31,,True
2026-01-31,KRX:088350,KRX:088350,088350,088350,한화생명,KRX,kr,kospi200,생명보험,naver_wics_primary,2026-01-31,Financials,Insurance,kr_icb_proxy_v1,native_label_exact,0.86,high,2026-01-31,data/raw/kr/2026-01-31/constituents.parquet,2026-01-31T00:00:00+00:00,kr-proxy-2026-01-31,2026-01-31,,True
2026-01-31,KRX:089030,KRX:089030,089030,089030,테크윙,KRX,kr,kosdaq150,반도체와반도체장비,naver_wics_primary,2026-01-31,Technology,Semiconductors and Semiconductor Equipment,kr_icb_proxy_v1,native_label_exact,0.9,high,2026-01-31,data/raw/kr/2026-01-31/constituents.parquet,2026-01-31T00:00:00+00:00,kr-proxy-2026-01-31,2026-01-31,,True
2026-01-31,KRX:090430,KRX:090430,090430,090430,아모레퍼시픽,KRX,kr,kospi200,화장품,naver_wics_primary,2026-01-31,Consumer Discretionary,Personal Goods,kr_icb_proxy_v1,native_label_exact,0.83,high,2026-01-31,data/raw/kr/2026-01-31/constituents.parquet,2026-01-31T00:00:00+00:00,kr-proxy-2026-01-31,2026-01-31,,True
2026-01-31,KRX:093370,KRX:093370,093370,093370,후성,KRX,kr,kospi200,화학,naver_wics_primary,2026-01-31,Basic Materials,Chemicals,kr_icb_proxy_v1,native_label_exact,0.86,high,2026-01-31,data/raw/kr/2026-01-31/constituents.parquet,2026-01-31T00:00:00+00:00,kr-proxy-2026-01-31,2026-01-31,,True
2026-01-31,KRX:095340,KRX:095340,095340,095340,ISC,KRX,kr,kosdaq150,반도체와반도체장비,naver_wics_primary,2026-01-31,Technology,Semiconductors and Semiconductor Equipment,kr_icb_proxy_v1,native_label_exact,0.9,high,2026-01-31,data/raw/kr/2026-01-31/constituents.parquet,2026-01-31T00:00:00+00:00,kr-proxy-2026-01-31,2026-01-31,,True
2026-01-31,KRX:095610,KRX:095610,095610,095610,테스,KRX,kr,kosdaq150,반도체와반도체장비,naver_wics_primary,2026-01-31,Technology,Semiconductors and Semiconductor Equipment,kr_icb_proxy_v1,native_label_exact,0.9,high,2026-01-31,data/raw/kr/2026-01-31/constituents.parquet,2026-01-31T00:00:00+00:00,kr-proxy-2026-01-31,2026-01-31,,True
2026-01-31,KRX:095660,KRX:095660,095660,095660,네오위즈,KRX,kr,kosdaq150,게임엔터테인먼트,naver_wics_primary,2026-01-31,Consumer Discretionary,Media,kr_icb_proxy_v1,native_label_exact,0.84,high,2026-01-31,data/raw/kr/2026-01-31/constituents.parquet,2026-01-31T00:00:00+00:00,kr-proxy-2026-01-31,2026-01-31,,True
2026-01-31,KRX:096530,KRX:096530,096530,096530,씨젠,KRX,kr,kosdaq150,생명과학도구및서비스,naver_wics_primary,2026-01-31,Health Care,Health Care Equipment and Services,kr_icb_proxy_v1,native_label_exact,0.82,high,2026-01-31,data/raw/kr/2026-01-31/constituents.parquet,2026-01-31T00:00:00+00:00,kr-proxy-2026-01-31,2026-01-31,,True
2026-01-31,KRX:096770,KRX:096770,096770,096770,SK이노베이션,KRX,kr,kospi200,석유와가스,naver_wics_primary,2026-01-31,Energy,"Oil, Gas and Coal",kr_icb_proxy_v1,native_label_exact,0.84,high,2026-01-31,data/raw/kr/2026-01-31/constituents.parquet,2026-01-31T00:00:00+00:00,kr-proxy-2026-01-31,2026-01-31,,True
2026-01-31,KRX:097950,KRX:097950,097950,097950,CJ제일제당,KRX,kr,kospi200,식품,naver_wics_primary,2026-01-31,Consumer Staples,"Food, Beverage and Tobacco",kr_icb_proxy_v1,native_label_exact,0.85,high,2026-01-31,data/raw/kr/2026-01-31/constituents.parquet,2026-01-31T00:00:00+00:00,kr-proxy-2026-01-31,2026-01-31,,True
2026-01-31,KRX:098460,KRX:098460,098460,098460,고영,KRX,kr,kosdaq150,전자장비와기기,naver_wics_primary,2026-01-31,Technology,Technology Hardware and Equipment,kr_icb_proxy_v1,native_label_exact,0.84,high,2026-01-31,data/raw/kr/2026-01-31/constituents.parquet,2026-01-31T00:00:00+00:00,kr-proxy-2026-01-31,2026-01-31,,True
2026-01-31,KRX:101360,KRX:101360,101360,101360,에코앤드림,KRX,kr,kosdaq150,화학,naver_wics_primary,2026-01-31,Basic Materials,Chemicals,kr_icb_proxy_v1,native_label_exact,0.86,high,2026-01-31,data/raw/kr/2026-01-31/constituents.parquet,2026-01-31T00:00:00+00:00,kr-proxy-2026-01-31,2026-01-31,,True
2026-01-31,KRX:101490,KRX:101490,101490,101490,에스앤에스텍,KRX,kr,kosdaq150,반도체와반도체장비,naver_wics_primary,2026-01-31,Technology,Semiconductors and Semiconductor Equipment,kr_icb_proxy_v1,native_label_exact,0.9,high,2026-01-31,data/raw/kr/2026-01-31/constituents.parquet,2026-01-31T00:00:00+00:00,kr-proxy-2026-01-31,2026-01-31,,True
2026-01-31,KRX:101730,KRX:101730,101730,101730,위메이드맥스,KRX,kr,kosdaq150,게임엔터테인먼트,naver_wics_primary,2026-01-31,Consumer Discretionary,Media,kr_icb_proxy_v1,native_label_exact,0.84,high,2026-01-31,data/raw/kr/2026-01-31/constituents.parquet,2026-01-31T00:00:00+00:00,kr-proxy-2026-01-31,2026-01-31,,True
2026-01-31,KRX:103140,KRX:103140,103140,103140,풍산,KRX,kr,kospi200,비철금속,naver_wics_primary,2026-01-31,Basic Materials,Basic Resources,kr_icb_proxy_v1,native_label_exact,0.84,high,2026-01-31,data/raw/kr/2026-01-31/constituents.parquet,2026-01-31T00:00:00+00:00,kr-proxy-2026-01-31,2026-01-31,,True
2026-01-31,KRX:105560,KRX:105560,105560,105560,KB금융,KRX,kr,kospi200,은행,naver_wics_primary,2026-01-31,Financials,Banks,kr_icb_proxy_v1,native_label_exact,0.88,high,2026-01-31,data/raw/kr/2026-01-31/constituents.parquet,2026-01-31T00:00:00+00:00,kr-proxy-2026-01-31,2026-01-31,,True
2026-01-31,KRX:108490,KRX:108490,108490,108490,로보티즈,KRX,kr,kosdaq150,기계,naver_wics_primary,2026-01-31,Industrials,Industrial Engineering,kr_icb_proxy_v1,native_label_exact,0.84,high,2026-01-31,data/raw/kr/2026-01-31/constituents.parquet,2026-01-31T00:00:00+00:00,kr-proxy-2026-01-31,2026-01-31,,True
2026-01-31,KRX:108860,KRX:108860,108860,108860,셀바스AI,KRX,kr,kosdaq150,건강관리장비와용품,naver_wics_primary,2026-01-31,Health Care,Health Care Equipment and Services,kr_icb_proxy_v1,native_label_exact,0.85,high,2026-01-31,data/raw/kr/2026-01-31/constituents.parquet,2026-01-31T00:00:00+00:00,kr-proxy-2026-01-31,2026-01-31,,True
2026-01-31,KRX:111770,KRX:111770,111770,111770,영원무역,KRX,kr,kospi200,"섬유,의류,신발,호화품",naver_wics_primary,2026-01-31,Consumer Discretionary,Personal Goods,kr_icb_proxy_v1,native_label_exact,0.83,high,2026-01-31,data/raw/kr/2026-01-31/constituents.parquet,2026-01-31T00:00:00+00:00,kr-proxy-2026-01-31,2026-01-31,,True
2026-01-31,KRX:112040,KRX:112040,112040,112040,위메이드,KRX,kr,kosdaq150,게임엔터테인먼트,naver_wics_primary,2026-01-31,Consumer Discretionary,Media,kr_icb_proxy_v1,native_label_exact,0.84,high,2026-01-31,data/raw/kr/2026-01-31/constituents.parquet,2026-01-31T00:00:00+00:00,kr-proxy-2026-01-31,2026-01-31,,True
2026-01-31,KRX:112610,KRX:112610,112610,112610,씨에스윈드,KRX,kr,kospi200,에너지장비및서비스,naver_wics_primary,2026-01-31,Energy,"Oil, Gas and Coal",kr_icb_proxy_v1,native_label_exact,0.82,high,2026-01-31,data/raw/kr/2026-01-31/constituents.parquet,2026-01-31T00:00:00+00:00,kr-proxy-2026-01-31,2026-01-31,,True
2026-01-31,KRX:114090,KRX:114090,114090,114090,GKL,KRX,kr,kospi200,"호텔,레스토랑,레저",naver_wics_primary,2026-01-31,Consumer Discretionary,Travel and Leisure,kr_icb_proxy_v1,native_label_exact,0.84,high,2026-01-31,data/raw/kr/2026-01-31/constituents.parquet,2026-01-31T00:00:00+00:00,kr-proxy-2026-01-31,2026-01-31,,True
2026-01-31,KRX:120110,KRX:120110,120110,120110,코오롱인더,KRX,kr,kospi200,화학,naver_wics_primary,2026-01-31,Basic Materials,Chemicals,kr_icb_proxy_v1,native_label_exact,0.86,high,2026-01-31,data/raw/kr/2026-01-31/constituents.parquet,2026-01-31T00:00:00+00:00,kr-proxy-2026-01-31,2026-01-31,,True
2026-01-31,KRX:121600,KRX:121600,121600,121600,나노신소재,KRX,kr,kosdaq150,화학,naver_wics_primary,2026-01-31,Basic Materials,Chemicals,kr_icb_proxy_v1,native_label_exact,0.86,high,2026-01-31,data/raw/kr/2026-01-31/constituents.parquet,2026-01-31T00:00:00+00:00,kr-proxy-2026-01-31,2026-01-31,,True
2026-01-31,KRX:122870,KRX:122870,122870,122870,와이지엔터테인먼트,KRX,kr,kosdaq150,방송과엔터테인먼트,naver_wics_primary,2026-01-31,Consumer Discretionary,Media,kr_icb_proxy_v1,native_label_exact,0.84,high,2026-01-31,data/raw/kr/2026-01-31/constituents.parquet,2026-01-31T00:00:00+00:00,kr-proxy-2026-01-31,2026-01-31,,True
2026-01-31,KRX:128940,KRX:128940,128940,128940,한미약품,KRX,kr,kospi200,제약,naver_wics_primary,2026-01-31,Health Care,Pharmaceuticals and Biotechnology,kr_icb_proxy_v1,native_label_exact,0.88,high,2026-01-31,data/raw/kr/2026-01-31/constituents.parquet,2026-01-31T00:00:00+00:00,kr-proxy-2026-01-31,2026-01-31,,True
2026-01-31,KRX:131290,KRX:131290,131290,131290,티에스이,KRX,kr,kosdaq150,반도체와반도체장비,naver_wics_primary,2026-01-31,Technology,Semiconductors and Semiconductor Equipment,kr_icb_proxy_v1,native_label_exact,0.9,high,2026-01-31,data/raw/kr/2026-01-31/constituents.parquet,2026-01-31T00:00:00+00:00,kr-proxy-2026-01-31,2026-01-31,,True
2026-01-31,KRX:131970,KRX:131970,131970,131970,두산테스나,KRX,kr,kosdaq150,반도체와반도체장비,naver_wics_primary,2026-01-31,Technology,Semiconductors and Semiconductor Equipment,kr_icb_proxy_v1,native_label_exact,0.9,high,2026-01-31,data/raw/kr/2026-01-31/constituents.parquet,2026-01-31T00:00:00+00:00,kr-proxy-2026-01-31,2026-01-31,,True
2026-01-31,KRX:137310,KRX:137310,137310,137310,에스디바이오센서,KRX,kr,kospi200,건강관리장비와용품,naver_wics_primary,2026-01-31,Health Care,Health Care Equipment and Services,kr_icb_proxy_v1,native_label_exact,0.85,high,2026-01-31,data/raw/kr/2026-01-31/constituents.parquet,2026-01-31T00:00:00+00:00,kr-proxy-2026-01-31,2026-01-31,,True
2026-01-31,KRX:137400,KRX:137400,137400,137400,피엔티,KRX,kr,kosdaq150,전기제품,naver_wics_primary,2026-01-31,Industrials,Industrial Engineering,kr_icb_proxy_v1,native_label_exact,0.83,high,2026-01-31,data/raw/kr/2026-01-31/constituents.parquet,2026-01-31T00:00:00+00:00,kr-proxy-2026-01-31,2026-01-31,,True
2026-01-31,KRX:138040,KRX:138040,138040,138040,메리츠금융지주,KRX,kr,kospi200,증권,naver_wics_primary,2026-01-31,Financials,Financial Services,kr_icb_proxy_v1,native_label_exact,0.86,high,2026-01-31,data/raw/kr/2026-01-31/constituents.parquet,2026-01-31T00:00:00+00:00,kr-proxy-2026-01-31,2026-01-31,,True
2026-01-31,KRX:138930,KRX:138930,138930,138930,BNK금융지주,KRX,kr,kospi200,은행,naver_wics_primary,2026-01-31,Financials,Banks,kr_icb_proxy_v1,native_label_exact,0.88,high,2026-01-31,data/raw/kr/2026-01-31/constituents.parquet,2026-01-31T00:00:00+00:00,kr-proxy-2026-01-31,2026-01-31,,True
2026-01-31,KRX:139130,KRX:139130,139130,139130,iM금융지주,KRX,kr,kospi200,은행,naver_wics_primary,2026-01-31,Financials,Banks,kr_icb_proxy_v1,native_label_exact,0.88,high,2026-01-31,data/raw/kr/2026-01-31/constituents.parquet,2026-01-31T00:00:00+00:00,kr-proxy-2026-01-31,2026-01-31,,True
2026-01-31,KRX:139480,KRX:139480,139480,139480,이마트,KRX,kr,kospi200,백화점과일반상점,naver_wics_primary,2026-01-31,Consumer Discretionary,Retailers,kr_icb_proxy_v1,native_label_exact,0.84,high,2026-01-31,data/raw/kr/2026-01-31/constituents.parquet,2026-01-31T00:00:00+00:00,kr-proxy-2026-01-31,2026-01-31,,True
2026-01-31,KRX:140410,KRX:140410,140410,140410,메지온,KRX,kr,kosdaq150,식품,naver_wics_primary,2026-01-31,Consumer Staples,"Food, Beverage and Tobacco",kr_icb_proxy_v1,native_label_exact,0.85,high,2026-01-31,data/raw/kr/2026-01-31/constituents.parquet,2026-01-31T00:00:00+00:00,kr-proxy-2026-01-31,2026-01-31,,True
2026-01-31,KRX:140860,KRX:140860,140860,140860,파크시스템스,KRX,kr,kosdaq150,전자장비와기기,naver_wics_primary,2026-01-31,Technology,Technology Hardware and Equipment,kr_icb_proxy_v1,native_label_exact,0.84,high,2026-01-31,data/raw/kr/2026-01-31/constituents.parquet,2026-01-31T00:00:00+00:00,kr-proxy-2026-01-31,2026-01-31,,True
2026-01-31,KRX:141080,KRX:141080,141080,141080,리가켐바이오,KRX,kr,kosdaq150,제약,naver_wics_primary,2026-01-31,Health Care,Pharmaceuticals and Biotechnology,kr_icb_proxy_v1,native_label_exact,0.88,high,2026-01-31,data/raw/kr/2026-01-31/constituents.parquet,2026-01-31T00:00:00+00:00,kr-proxy-2026-01-31,2026-01-31,,True
2026-01-31,KRX:145020,KRX:145020,145020,145020,휴젤,KRX,kr,kosdaq150,생물공학,naver_wics_primary,2026-01-31,Health Care,Pharmaceuticals and Biotechnology,kr_icb_proxy_v1,native_label_exact,0.86,high,2026-01-31,data/raw/kr/2026-01-31/constituents.parquet,2026-01-31T00:00:00+00:00,kr-proxy-2026-01-31,2026-01-31,,True
2026-01-31,KRX:160190,KRX:160190,160190,160190,하이젠알앤엠,KRX,kr,kosdaq150,기계,naver_wics_primary,2026-01-31,Industrials,Industrial Engineering,kr_icb_proxy_v1,native_label_exact,0.84,high,2026-01-31,data/raw/kr/2026-01-31/constituents.parquet,2026-01-31T00:00:00+00:00,kr-proxy-2026-01-31,2026-01-31,,True
2026-01-31,KRX:161390,KRX:161390,161390,161390,한국타이어앤테크놀로지,KRX,kr,kospi200,자동차부품,naver_wics_primary,2026-01-31,Consumer Discretionary,Automobiles and Parts,kr_icb_proxy_v1,native_label_exact,0.84,high,2026-01-31,data/raw/kr/2026-01-31/constituents.parquet,2026-01-31T00:00:00+00:00,kr-proxy-2026-01-31,2026-01-31,,True
2026-01-31,KRX:161580,KRX:161580,161580,161580,필옵틱스,KRX,kr,kosdaq150,전자장비와기기,naver_wics_primary,2026-01-31,Technology,Technology Hardware and Equipment,kr_icb_proxy_v1,native_label_exact,0.84,high,2026-01-31,data/raw/kr/2026-01-31/constituents.parquet,2026-01-31T00:00:00+00:00,kr-proxy-2026-01-31,2026-01-31,,True
2026-01-31,KRX:161890,KRX:161890,161890,161890,한국콜마,KRX,kr,kospi200,화장품,naver_wics_primary,2026-01-31,Consumer Discretionary,Personal Goods,kr_icb_proxy_v1,native_label_exact,0.83,high,2026-01-31,data/raw/kr/2026-01-31/constituents.parquet,2026-01-31T00:00:00+00:00,kr-proxy-2026-01-31,2026-01-31,,True
2026-01-31,KRX:166090,KRX:166090,166090,166090,하나머티리얼즈,KRX,kr,kosdaq150,반도체와반도체장비,naver_wics_primary,2026-01-31,Technology,Semiconductors and Semiconductor Equipment,kr_icb_proxy_v1,native_label_exact,0.9,high,2026-01-31,data/raw/kr/2026-01-31/constituents.parquet,2026-01-31T00:00:00+00:00,kr-proxy-2026-01-31,2026-01-31,,True
2026-01-31,KRX:171090,KRX:171090,171090,171090,선익시스템,KRX,kr,kosdaq150,디스플레이장비및부품,naver_wics_primary,2026-01-31,Technology,Technology Hardware and Equipment,kr_icb_proxy_v1,native_label_exact,0.83,high,2026-01-31,data/raw/kr/2026-01-31/constituents.parquet,2026-01-31T00:00:00+00:00,kr-proxy-2026-01-31,2026-01-31,,True
2026-01-31,KRX:175330,KRX:175330,175330,175330,JB금융지주,KRX,kr,kospi200,은행,naver_wics_primary,2026-01-31,Financials,Banks,kr_icb_proxy_v1,native_label_exact,0.88,high,2026-01-31,data/raw/kr/2026-01-31/constituents.parquet,2026-01-31T00:00:00+00:00,kr-proxy-2026-01-31,2026-01-31,,True
2026-01-31,KRX:178320,KRX:178320,178320,178320,서진시스템,KRX,kr,kosdaq150,전기장비,naver_wics_primary,2026-01-31,Industrials,Industrial Engineering,kr_icb_proxy_v1,native_label_exact,0.84,high,2026-01-31,data/raw/kr/2026-01-31/constituents.parquet,2026-01-31T00:00:00+00:00,kr-proxy-2026-01-31,2026-01-31,,True
2026-01-31,KRX:179900,KRX:179900,179900,179900,유티아이,KRX,kr,kosdaq150,핸드셋,naver_wics_primary,2026-01-31,Technology,Technology Hardware and Equipment,kr_icb_proxy_v1,native_label_exact,0.83,high,2026-01-31,data/raw/kr/2026-01-31/constituents.parquet,2026-01-31T00:00:00+00:00,kr-proxy-2026-01-31,2026-01-31,,True
2026-01-31,KRX:180640,KRX:180640,180640,180640,한진칼,KRX,kr,kospi200,항공사,naver_wics_primary,2026-01-31,Industrials,Transportation,kr_icb_proxy_v1,native_label_exact,0.84,high,2026-01-31,data/raw/kr/2026-01-31/constituents.parquet,2026-01-31T00:00:00+00:00,kr-proxy-2026-01-31,2026-01-31,,True
2026-01-31,KRX:183300,KRX:183300,183300,183300,코미코,KRX,kr,kosdaq150,반도체와반도체장비,naver_wics_primary,2026-01-31,Technology,Semiconductors and Semiconductor Equipment,kr_icb_proxy_v1,native_label_exact,0.9,high,2026-01-31,data/raw/kr/2026-01-31/constituents.parquet,2026-01-31T00:00:00+00:00,kr-proxy-2026-01-31,2026-01-31,,True
2026-01-31,KRX:185750,KRX:185750,185750,185750,종근당,KRX,kr,kospi200,제약,naver_wics_primary,2026-01-31,Health Care,Pharmaceuticals and Biotechnology,kr_icb_proxy_v1,native_label_exact,0.88,high,2026-01-31,data/raw/kr/2026-01-31/constituents.parquet,2026-01-31T00:00:00+00:00,kr-proxy-2026-01-31,2026-01-31,,True
2026-01-31,KRX:189300,KRX:189300,189300,189300,인텔리안테크,KRX,kr,kosdaq150,통신장비,naver_wics_primary,2026-01-31,Technology,Technology Hardware and Equipment,kr_icb_proxy_v1,native_label_exact,0.83,high,2026-01-31,data/raw/kr/2026-01-31/constituents.parquet,2026-01-31T00:00:00+00:00,kr-proxy-2026-01-31,2026-01-31,,True
2026-01-31,KRX:192080,KRX:192080,192080,192080,더블유게임즈,KRX,kr,kospi200,게임엔터테인먼트,naver_wics_primary,2026-01-31,Consumer Discretionary,Media,kr_icb_proxy_v1,native_label_exact,0.84,high,2026-01-31,data/raw/kr/2026-01-31/constituents.parquet,2026-01-31T00:00:00+00:00,kr-proxy-2026-01-31,2026-01-31,,True
2026-01-31,KRX:192820,KRX:192820,192820,192820,코스맥스,KRX,kr,kospi200,화장품,naver_wics_primary,2026-01-31,Consumer Discretionary,Personal Goods,kr_icb_proxy_v1,native_label_exact,0.83,high,2026-01-31,data/raw/kr/2026-01-31/constituents.parquet,2026-01-31T00:00:00+00:00,kr-proxy-2026-01-31,2026-01-31,,True
2026-01-31,KRX:194480,KRX:194480,194480,194480,데브시스터즈,KRX,kr,kosdaq150,게임엔터테인먼트,naver_wics_primary,2026-01-31,Consumer Discretionary,Media,kr_icb_proxy_v1,native_label_exact,0.84,high,2026-01-31,data/raw/kr/2026-01-31/constituents.parquet,2026-01-31T00:00:00+00:00,kr-proxy-2026-01-31,2026-01-31,,True
2026-01-31,KRX:195940,KRX:195940,195940,195940,HK이노엔,KRX,kr,kosdaq150,제약,naver_wics_primary,2026-01-31,Health Care,Pharmaceuticals and Biotechnology,kr_icb_proxy_v1,native_label_exact,0.88,high,2026-01-31,data/raw/kr/2026-01-31/constituents.parquet,2026-01-31T00:00:00+00:00,kr-proxy-2026-01-31,2026-01-31,,True
2026-01-31,KRX:196170,KRX:196170,196170,196170,알테오젠,KRX,kr,kosdaq150,생물공학,naver_wics_primary,2026-01-31,Health Care,Pharmaceuticals and Biotechnology,kr_icb_proxy_v1,native_label_exact,0.86,high,2026-01-31,data/raw/kr/2026-01-31/constituents.parquet,2026-01-31T00:00:00+00:00,kr-proxy-2026-01-31,2026-01-31,,True
2026-01-31,KRX:200130,KRX:200130,200130,200130,콜마비앤에이치,KRX,kr,kosdaq150,건강관리업체및서비스,naver_wics_primary,2026-01-31,Health Care,Health Care Equipment and Services,kr_icb_proxy_v1,native_label_exact,0.83,high,2026-01-31,data/raw/kr/2026-01-31/constituents.parquet,2026-01-31T00:00:00+00:00,kr-proxy-2026-01-31,2026-01-31,,True
2026-01-31,KRX:204270,KRX:204270,204270,204270,제이앤티씨,KRX,kr,kosdaq150,핸드셋,naver_wics_primary,2026-01-31,Technology,Technology Hardware and Equipment,kr_icb_proxy_v1,native_label_exact,0.83,high,2026-01-31,data/raw/kr/2026-01-31/constituents.parquet,2026-01-31T00:00:00+00:00,kr-proxy-2026-01-31,2026-01-31,,True
2026-01-31,KRX:204320,KRX:204320,204320,204320,HL만도,KRX,kr,kospi200,자동차부품,naver_wics_primary,2026-01-31,Consumer Discretionary,Automobiles and Parts,kr_icb_proxy_v1,native_label_exact,0.84,high,2026-01-31,data/raw/kr/2026-01-31/constituents.parquet,2026-01-31T00:00:00+00:00,kr-proxy-2026-01-31,2026-01-31,,True
2026-01-31,KRX:207940,KRX:207940,207940,207940,삼성바이오로직스,KRX,kr,kospi200,제약,naver_wics_primary,2026-01-31,Health Care,Pharmaceuticals and Biotechnology,kr_icb_proxy_v1,ticker_rule,0.94,high,2026-01-31,data/raw/kr/2026-01-31/constituents.parquet,2026-01-31T00:00:00+00:00,kr-proxy-2026-01-31,2026-01-31,,True
2026-01-31,KRX:211050,KRX:211050,211050,211050,인카금융서비스,KRX,kr,kosdaq150,손해보험,naver_wics_primary,2026-01-31,Financials,Insurance,kr_icb_proxy_v1,native_label_exact,0.86,high,2026-01-31,data/raw/kr/2026-01-31/constituents.parquet,2026-01-31T00:00:00+00:00,kr-proxy-2026-01-31,2026-01-31,,True
2026-01-31,KRX:213420,KRX:213420,213420,213420,덕산네오룩스,KRX,kr,kosdaq150,디스플레이장비및부품,naver_wics_primary,2026-01-31,Technology,Technology Hardware and Equipment,kr_icb_proxy_v1,native_label_exact,0.83,high,2026-01-31,data/raw/kr/2026-01-31/constituents.parquet,2026-01-31T00:00:00+00:00,kr-proxy-2026-01-31,2026-01-31,,True
2026-01-31,KRX:214150,KRX:214150,214150,214150,클래시스,KRX,kr,kosdaq150,건강관리장비와용품,naver_wics_primary,2026-01-31,Health Care,Health Care Equipment and Services,kr_icb_proxy_v1,native_label_exact,0.85,high,2026-01-31,data/raw/kr/2026-01-31/constituents.parquet,2026-01-31T00:00:00+00:00,kr-proxy-2026-01-31,2026-01-31,,True
2026-01-31,KRX:214370,KRX:214370,214370,214370,케어젠,KRX,kr,kosdaq150,건강관리업체및서비스,naver_wics_primary,2026-01-31,Health Care,Health Care Equipment and Services,kr_icb_proxy_v1,native_label_exact,0.83,high,2026-01-31,data/raw/kr/2026-01-31/constituents.parquet,2026-01-31T00:00:00+00:00,kr-proxy-2026-01-31,2026-01-31,,True
2026-01-31,KRX:214430,KRX:214430,214430,214430,아이쓰리시스템,KRX,kr,kosdaq150,우주항공과국방,naver_wics_primary,2026-01-31,Industrials,Industrial Engineering,kr_icb_proxy_v1,native_label_exact,0.84,high,2026-01-31,data/raw/kr/2026-01-31/constituents.parquet,2026-01-31T00:00:00+00:00,kr-proxy-2026-01-31,2026-01-31,,True
2026-01-31,KRX:214450,KRX:214450,214450,214450,파마리서치,KRX,kr,kosdaq150,건강관리장비와용품,naver_wics_primary,2026-01-31,Health Care,Health Care Equipment and Services,kr_icb_proxy_v1,native_label_exact,0.85,high,2026-01-31,data/raw/kr/2026-01-31/constituents.parquet,2026-01-31T00:00:00+00:00,kr-proxy-2026-01-31,2026-01-31,,True
2026-01-31,KRX:215000,KRX:215000,215000,215000,골프존,KRX,kr,kosdaq150,"호텔,레스토랑,레저",naver_wics_primary,2026-01-31,Consumer Discretionary,Travel and Leisure,kr_icb_proxy_v1,native_label_exact,0.84,high,2026-01-31,data/raw/kr/2026-01-31/constituents.parquet,2026-01-31T00:00:00+00:00,kr-proxy-2026-01-31,2026-01-31,,True
2026-01-31,KRX:215200,KRX:215200,215200,215200,메가스터디교육,KRX,kr,kosdaq150,교육서비스,naver_wics_primary,2026-01-31,Consumer Discretionary,Consumer Services,kr_icb_proxy_v1,native_label_exact,0.82,high,2026-01-31,data/raw/kr/2026-01-31/constituents.parquet,2026-01-31T00:00:00+00:00,kr-proxy-2026-01-31,2026-01-31,,True
2026-01-31,KRX:218410,KRX:218410,218410,218410,RFHIC,KRX,kr,kosdaq150,통신장비,naver_wics_primary,2026-01-31,Technology,Technology Hardware and Equipment,kr_icb_proxy_v1,native_label_exact,0.83,high,2026-01-31,data/raw/kr/2026-01-31/constituents.parquet,2026-01-31T00:00:00+00:00,kr-proxy-2026-01-31,2026-01-31,,True
2026-01-31,KRX:222080,KRX:222080,222080,222080,씨아이에스,KRX,kr,kosdaq150,전기제품,naver_wics_primary,2026-01-31,Industrials,Industrial Engineering,kr_icb_proxy_v1,native_label_exact,0.83,high,2026-01-31,data/raw/kr/2026-01-31/constituents.parquet,2026-01-31T00:00:00+00:00,kr-proxy-2026-01-31,2026-01-31,,True
2026-01-31,KRX:222800,KRX:222800,222800,222800,심텍,KRX,kr,kosdaq150,전자장비와기기,naver_wics_primary,2026-01-31,Technology,Technology Hardware and Equipment,kr_icb_proxy_v1,native_label_exact,0.84,high,2026-01-31,data/raw/kr/2026-01-31/constituents.parquet,2026-01-31T00:00:00+00:00,kr-proxy-2026-01-31,2026-01-31,,True
2026-01-31,KRX:225570,KRX:225570,225570,225570,넥슨게임즈,KRX,kr,kosdaq150,게임엔터테인먼트,naver_wics_primary,2026-01-31,Consumer Discretionary,Media,kr_icb_proxy_v1,native_label_exact,0.84,high,2026-01-31,data/raw/kr/2026-01-31/constituents.parquet,2026-01-31T00:00:00+00:00,kr-proxy-2026-01-31,2026-01-31,,True
2026-01-31,KRX:226950,KRX:226950,226950,226950,올릭스,KRX,kr,kosdaq150,생명과학도구및서비스,naver_wics_primary,2026-01-31,Health Care,Health Care Equipment and Services,kr_icb_proxy_v1,native_label_exact,0.82,high,2026-01-31,data/raw/kr/2026-01-31/constituents.parquet,2026-01-31T00:00:00+00:00,kr-proxy-2026-01-31,2026-01-31,,True
2026-01-31,KRX:232140,KRX:232140,232140,232140,와이씨,KRX,kr,kosdaq150,반도체와반도체장비,naver_wics_primary,2026-01-31,Technology,Semiconductors and Semiconductor Equipment,kr_icb_proxy_v1,native_label_exact,0.9,high,2026-01-31,data/raw/kr/2026-01-31/constituents.parquet,2026-01-31T00:00:00+00:00,kr-proxy-2026-01-31,2026-01-31,,True
2026-01-31,KRX:237690,KRX:237690,237690,237690,에스티팜,KRX,kr,kosdaq150,제약,naver_wics_primary,2026-01-31,Health Care,Pharmaceuticals and Biotechnology,kr_icb_proxy_v1,native_label_exact,0.88,high,2026-01-31,data/raw/kr/2026-01-31/constituents.parquet,2026-01-31T00:00:00+00:00,kr-proxy-2026-01-31,2026-01-31,,True
2026-01-31,KRX:240810,KRX:240810,240810,240810,원익IPS,KRX,kr,kosdaq150,반도체와반도체장비,naver_wics_primary,2026-01-31,Technology,Semiconductors and Semiconductor Equipment,kr_icb_proxy_v1,native_label_exact,0.9,high,2026-01-31,data/raw/kr/2026-01-31/constituents.parquet,2026-01-31T00:00:00+00:00,kr-proxy-2026-01-31,2026-01-31,,True
2026-01-31,KRX:241560,KRX:241560,241560,241560,두산밥캣,KRX,kr,kospi200,기계,naver_wics_primary,2026-01-31,Industrials,Industrial Engineering,kr_icb_proxy_v1,native_label_exact,0.84,high,2026-01-31,data/raw/kr/2026-01-31/constituents.parquet,2026-01-31T00:00:00+00:00,kr-proxy-2026-01-31,2026-01-31,,True
2026-01-31,KRX:241710,KRX:241710,241710,241710,코스메카코리아,KRX,kr,kosdaq150,화장품,naver_wics_primary,2026-01-31,Consumer Discretionary,Personal Goods,kr_icb_proxy_v1,native_label_exact,0.83,high,2026-01-31,data/raw/kr/2026-01-31/constituents.parquet,2026-01-31T00:00:00+00:00,kr-proxy-2026-01-31,2026-01-31,,True
2026-01-31,KRX:247540,KRX:247540,247540,247540,에코프로비엠,KRX,kr,kosdaq150,전기제품,naver_wics_primary,2026-01-31,Industrials,Electronic and Electrical Equipment,kr_icb_proxy_v1,ticker_rule,0.88,high,2026-01-31,data/raw/kr/2026-01-31/constituents.parquet,2026-01-31T00:00:00+00:00,kr-proxy-2026-01-31,2026-01-31,,True
2026-01-31,KRX:251270,KRX:251270,251270,251270,넷마블,KRX,kr,kospi200,게임엔터테인먼트,naver_wics_primary,2026-01-31,Consumer Discretionary,Media,kr_icb_proxy_v1,native_label_exact,0.84,high,2026-01-31,data/raw/kr/2026-01-31/constituents.parquet,2026-01-31T00:00:00+00:00,kr-proxy-2026-01-31,2026-01-31,,True
2026-01-31,KRX:251970,KRX:251970,251970,251970,펌텍코리아,KRX,kr,kosdaq150,포장재,naver_wics_primary,2026-01-31,Basic Materials,Chemicals,kr_icb_proxy_v1,native_label_exact,0.82,high,2026-01-31,data/raw/kr/2026-01-31/constituents.parquet,2026-01-31T00:00:00+00:00,kr-proxy-2026-01-31,2026-01-31,,True
2026-01-31,KRX:253450,KRX:253450,253450,253450,스튜디오드래곤,KRX,kr,kosdaq150,방송과엔터테인먼트,naver_wics_primary,2026-01-31,Consumer Discretionary,Media,kr_icb_proxy_v1,native_label_exact,0.84,high,2026-01-31,data/raw/kr/2026-01-31/constituents.parquet,2026-01-31T00:00:00+00:00,kr-proxy-2026-01-31,2026-01-31,,True
2026-01-31,KRX:253590,KRX:253590,253590,253590,네오셈,KRX,kr,kosdaq150,반도체와반도체장비,naver_wics_primary,2026-01-31,Technology,Semiconductors and Semiconductor Equipment,kr_icb_proxy_v1,native_label_exact,0.9,high,2026-01-31,data/raw/kr/2026-01-31/constituents.parquet,2026-01-31T00:00:00+00:00,kr-proxy-2026-01-31,2026-01-31,,True
2026-01-31,KRX:257720,KRX:257720,257720,257720,실리콘투,KRX,kr,kosdaq150,인터넷과카탈로그소매,naver_wics_primary,2026-01-31,Consumer Discretionary,Retailers,kr_icb_proxy_v1,native_label_exact,0.82,high,2026-01-31,data/raw/kr/2026-01-31/constituents.parquet,2026-01-31T00:00:00+00:00,kr-proxy-2026-01-31,2026-01-31,,True
2026-01-31,KRX:259960,KRX:259960,259960,259960,크래프톤,KRX,kr,kospi200,게임엔터테인먼트,naver_wics_primary,2026-01-31,Consumer Discretionary,Media,kr_icb_proxy_v1,native_label_exact,0.84,high,2026-01-31,data/raw/kr/2026-01-31/constituents.parquet,2026-01-31T00:00:00+00:00,kr-proxy-2026-01-31,2026-01-31,,True
2026-01-31,KRX:263750,KRX:263750,263750,263750,펄어비스,KRX,kr,kosdaq150,게임엔터테인먼트,naver_wics_primary,2026-01-31,Consumer Discretionary,Media,kr_icb_proxy_v1,ticker_rule,0.88,high,2026-01-31,data/raw/kr/2026-01-31/constituents.parquet,2026-01-31T00:00:00+00:00,kr-proxy-2026-01-31,2026-01-31,,True
2026-01-31,KRX:267250,KRX:267250,267250,267250,HD현대,KRX,kr,kospi200,조선,naver_wics_primary,2026-01-31,Industrials,Industrial Engineering,kr_icb_proxy_v1,native_label_exact,0.84,high,2026-01-31,data/raw/kr/2026-01-31/constituents.parquet,2026-01-31T00:00:00+00:00,kr-proxy-2026-01-31,2026-01-31,,True
2026-01-31,KRX:267260,KRX:267260,267260,267260,HD현대일렉트릭,KRX,kr,kospi200,전기장비,naver_wics_primary,2026-01-31,Industrials,Industrial Engineering,kr_icb_proxy_v1,native_label_exact,0.84,high,2026-01-31,data/raw/kr/2026-01-31/constituents.parquet,2026-01-31T00:00:00+00:00,kr-proxy-2026-01-31,2026-01-31,,True
2026-01-31,KRX:268280,KRX:268280,268280,268280,미원에스씨,KRX,kr,kospi200,화학,naver_wics_primary,2026-01-31,Basic Materials,Chemicals,kr_icb_proxy_v1,native_label_exact,0.86,high,2026-01-31,data/raw/kr/2026-01-31/constituents.parquet,2026-01-31T00:00:00+00:00,kr-proxy-2026-01-31,2026-01-31,,True
2026-01-31,KRX:271560,KRX:271560,271560,271560,오리온,KRX,kr,kospi200,식품,naver_wics_primary,2026-01-31,Consumer Staples,"Food, Beverage and Tobacco",kr_icb_proxy_v1,native_label_exact,0.85,high,2026-01-31,data/raw/kr/2026-01-31/constituents.parquet,2026-01-31T00:00:00+00:00,kr-proxy-2026-01-31,2026-01-31,,True
2026-01-31,KRX:272210,KRX:272210,272210,272210,한화시스템,KRX,kr,kospi200,우주항공과국방,naver_wics_primary,2026-01-31,Industrials,Industrial Engineering,kr_icb_proxy_v1,native_label_exact,0.84,high,2026-01-31,data/raw/kr/2026-01-31/constituents.parquet,2026-01-31T00:00:00+00:00,kr-proxy-2026-01-31,2026-01-31,,True
2026-01-31,KRX:272290,KRX:272290,272290,272290,이녹스첨단소재,KRX,kr,kosdaq150,디스플레이장비및부품,naver_wics_primary,2026-01-31,Technology,Technology Hardware and Equipment,kr_icb_proxy_v1,native_label_exact,0.83,high,2026-01-31,data/raw/kr/2026-01-31/constituents.parquet,2026-01-31T00:00:00+00:00,kr-proxy-2026-01-31,2026-01-31,,True
2026-01-31,KRX:277810,KRX:277810,277810,277810,레인보우로보틱스,KRX,kr,kosdaq150,기계,naver_wics_primary,2026-01-31,Industrials,Industrial Engineering,kr_icb_proxy_v1,native_label_exact,0.84,high,2026-01-31,data/raw/kr/2026-01-31/constituents.parquet,2026-01-31T00:00:00+00:00,kr-proxy-2026-01-31,2026-01-31,,True
2026-01-31,KRX:278280,KRX:278280,278280,278280,천보,KRX,kr,kosdaq150,전기제품,naver_wics_primary,2026-01-31,Industrials,Industrial Engineering,kr_icb_proxy_v1,native_label_exact,0.83,high,2026-01-31,data/raw/kr/2026-01-31/constituents.parquet,2026-01-31T00:00:00+00:00,kr-proxy-2026-01-31,2026-01-31,,True
2026-01-31,KRX:278470,KRX:278470,278470,278470,에이피알,KRX,kr,kospi200,화장품,naver_wics_primary,2026-01-31,Consumer Discretionary,Personal Goods,kr_icb_proxy_v1,native_label_exact,0.83,high,2026-01-31,data/raw/kr/2026-01-31/constituents.parquet,2026-01-31T00:00:00+00:00,kr-proxy-2026-01-31,2026-01-31,,True
2026-01-31,KRX:280360,KRX:280360,280360,280360,롯데웰푸드,KRX,kr,kospi200,식품,naver_wics_primary,2026-01-31,Consumer Staples,"Food, Beverage and Tobacco",kr_icb_proxy_v1,native_label_exact,0.85,high,2026-01-31,data/raw/kr/2026-01-31/constituents.parquet,2026-01-31T00:00:00+00:00,kr-proxy-2026-01-31,2026-01-31,,True
2026-01-31,KRX:281740,KRX:281740,281740,281740,레이크머티리얼즈,KRX,kr,kosdaq150,화학,naver_wics_primary,2026-01-31,Basic Materials,Chemicals,kr_icb_proxy_v1,native_label_exact,0.86,high,2026-01-31,data/raw/kr/2026-01-31/constituents.parquet,2026-01-31T00:00:00+00:00,kr-proxy-2026-01-31,2026-01-31,,True
2026-01-31,KRX:282330,KRX:282330,282330,282330,BGF리테일,KRX,kr,kospi200,백화점과일반상점,naver_wics_primary,2026-01-31,Consumer Discretionary,Retailers,kr_icb_proxy_v1,native_label_exact,0.84,high,2026-01-31,data/raw/kr/2026-01-31/constituents.parquet,2026-01-31T00:00:00+00:00,kr-proxy-2026-01-31,2026-01-31,,True
2026-01-31,KRX:285130,KRX:285130,285130,285130,SK케미칼,KRX,kr,kospi200,화학,naver_wics_primary,2026-01-31,Basic Materials,Chemicals,kr_icb_proxy_v1,native_label_exact,0.86,high,2026-01-31,data/raw/kr/2026-01-31/constituents.parquet,2026-01-31T00:00:00+00:00,kr-proxy-2026-01-31,2026-01-31,,True
2026-01-31,KRX:290650,KRX:290650,290650,290650,엘앤씨바이오,KRX,kr,kosdaq150,건강관리장비와용품,naver_wics_primary,2026-01-31,Health Care,Health Care Equipment and Services,kr_icb_proxy_v1,native_label_exact,0.85,high,2026-01-31,data/raw/kr/2026-01-31/constituents.parquet,2026-01-31T00:00:00+00:00,kr-proxy-2026-01-31,2026-01-31,,True
2026-01-31,KRX:293490,KRX:293490,293490,293490,카카오게임즈,KRX,kr,kosdaq150,게임엔터테인먼트,naver_wics_primary,2026-01-31,Consumer Discretionary,Media,kr_icb_proxy_v1,ticker_rule,0.87,high,2026-01-31,data/raw/kr/2026-01-31/constituents.parquet,2026-01-31T00:00:00+00:00,kr-proxy-2026-01-31,2026-01-31,,True
2026-01-31,KRX:298020,KRX:298020,298020,298020,효성티앤씨,KRX,kr,kospi200,"섬유,의류,신발,호화품",naver_wics_primary,2026-01-31,Consumer Discretionary,Personal Goods,kr_icb_proxy_v1,native_label_exact,0.83,high,2026-01-31,data/raw/kr/2026-01-31/constituents.parquet,2026-01-31T00:00:00+00:00,kr-proxy-2026-01-31,2026-01-31,,True
2026-01-31,KRX:298040,KRX:298040,298040,298040,효성중공업,KRX,kr,kospi200,전기장비,naver_wics_primary,2026-01-31,Industrials,Industrial Engineering,kr_icb_proxy_v1,native_label_exact,0.84,high,2026-01-31,data/raw/kr/2026-01-31/constituents.parquet,2026-01-31T00:00:00+00:00,kr-proxy-2026-01-31,2026-01-31,,True
2026-01-31,KRX:298050,KRX:298050,298050,298050,HS효성첨단소재,KRX,kr,kospi200,화학,naver_wics_primary,2026-01-31,Basic Materials,Chemicals,kr_icb_proxy_v1,native_label_exact,0.86,high,2026-01-31,data/raw/kr/2026-01-31/constituents.parquet,2026-01-31T00:00:00+00:00,kr-proxy-2026-01-31,2026-01-31,,True
2026-01-31,KRX:298380,KRX:298380,298380,298380,에이비엘바이오,KRX,kr,kosdaq150,생물공학,naver_wics_primary,2026-01-31,Health Care,Pharmaceuticals and Biotechnology,kr_icb_proxy_v1,native_label_exact,0.86,high,2026-01-31,data/raw/kr/2026-01-31/constituents.parquet,2026-01-31T00:00:00+00:00,kr-proxy-2026-01-31,2026-01-31,,True
2026-01-31,KRX:300720,KRX:300720,300720,300720,한일시멘트,KRX,kr,kospi200,건축자재,naver_wics_primary,2026-01-31,Industrials,Construction and Materials,kr_icb_proxy_v1,native_label_exact,0.84,high,2026-01-31,data/raw/kr/2026-01-31/constituents.parquet,2026-01-31T00:00:00+00:00,kr-proxy-2026-01-31,2026-01-31,,True
2026-01-31,KRX:302440,KRX:302440,302440,302440,SK바이오사이언스,KRX,kr,kospi200,제약,naver_wics_primary,2026-01-31,Health Care,Pharmaceuticals and Biotechnology,kr_icb_proxy_v1,native_label_exact,0.88,high,2026-01-31,data/raw/kr/2026-01-31/constituents.parquet,2026-01-31T00:00:00+00:00,kr-proxy-2026-01-31,2026-01-31,,True
2026-01-31,KRX:304100,KRX:304100,304100,304100,솔트룩스,KRX,kr,kosdaq150,IT서비스,naver_wics_primary,2026-01-31,Technology,Software and Computer Services,kr_icb_proxy_v1,native_label_exact,0.86,high,2026-01-31,data/raw/kr/2026-01-31/constituents.parquet,2026-01-31T00:00:00+00:00,kr-proxy-2026-01-31,2026-01-31,,True
2026-01-31,KRX:307950,KRX:307950,307950,307950,현대오토에버,KRX,kr,kospi200,IT서비스,naver_wics_primary,2026-01-31,Technology,Software and Computer Services,kr_icb_proxy_v1,native_label_exact,0.86,high,2026-01-31,data/raw/kr/2026-01-31/constituents.parquet,2026-01-31T00:00:00+00:00,kr-proxy-2026-01-31,2026-01-31,,True
2026-01-31,KRX:310210,KRX:310210,310210,310210,보로노이,KRX,kr,kosdaq150,제약,naver_wics_primary,2026-01-31,Health Care,Pharmaceuticals and Biotechnology,kr_icb_proxy_v1,native_label_exact,0.88,high,2026-01-31,data/raw/kr/2026-01-31/constituents.parquet,2026-01-31T00:00:00+00:00,kr-proxy-2026-01-31,2026-01-31,,True
2026-01-31,KRX:316140,KRX:316140,316140,316140,우리금융지주,KRX,kr,kospi200,은행,naver_wics_primary,2026-01-31,Financials,Banks,kr_icb_proxy_v1,native_label_exact,0.88,high,2026-01-31,data/raw/kr/2026-01-31/constituents.parquet,2026-01-31T00:00:00+00:00,kr-proxy-2026-01-31,2026-01-31,,True
2026-01-31,KRX:319660,KRX:319660,319660,319660,피에스케이,KRX,kr,kosdaq150,반도체와반도체장비,naver_wics_primary,2026-01-31,Technology,Semiconductors and Semiconductor Equipment,kr_icb_proxy_v1,native_label_exact,0.9,high,2026-01-31,data/raw/kr/2026-01-31/constituents.parquet,2026-01-31T00:00:00+00:00,kr-proxy-2026-01-31,2026-01-31,,True
2026-01-31,KRX:323280,KRX:323280,323280,323280,태성,KRX,kr,kosdaq150,전자장비와기기,naver_wics_primary,2026-01-31,Technology,Technology Hardware and Equipment,kr_icb_proxy_v1,native_label_exact,0.84,high,2026-01-31,data/raw/kr/2026-01-31/constituents.parquet,2026-01-31T00:00:00+00:00,kr-proxy-2026-01-31,2026-01-31,,True
2026-01-31,KRX:323410,KRX:323410,323410,323410,카카오뱅크,KRX,kr,kospi200,은행,naver_wics_primary,2026-01-31,Financials,Banks,kr_icb_proxy_v1,native_label_exact,0.88,high,2026-01-31,data/raw/kr/2026-01-31/constituents.parquet,2026-01-31T00:00:00+00:00,kr-proxy-2026-01-31,2026-01-31,,True
2026-01-31,KRX:326030,KRX:326030,326030,326030,SK바이오팜,KRX,kr,kospi200,제약,naver_wics_primary,2026-01-31,Health Care,Pharmaceuticals and Biotechnology,kr_icb_proxy_v1,native_label_exact,0.88,high,2026-01-31,data/raw/kr/2026-01-31/constituents.parquet,2026-01-31T00:00:00+00:00,kr-proxy-2026-01-31,2026-01-31,,True
2026-01-31,KRX:328130,KRX:328130,328130,328130,루닛,KRX,kr,kosdaq150,건강관리기술,naver_wics_primary,2026-01-31,Health Care,Health Care Equipment and Services,kr_icb_proxy_v1,native_label_exact,0.82,high,2026-01-31,data/raw/kr/2026-01-31/constituents.parquet,2026-01-31T00:00:00+00:00,kr-proxy-2026-01-31,2026-01-31,,True
2026-01-31,KRX:329180,KRX:329180,329180,329180,HD현대중공업,KRX,kr,kospi200,조선,naver_wics_primary,2026-01-31,Industrials,Industrial Engineering,kr_icb_proxy_v1,native_label_exact,0.84,high,2026-01-31,data/raw/kr/2026-01-31/constituents.parquet,2026-01-31T00:00:00+00:00,kr-proxy-2026-01-31,2026-01-31,,True
2026-01-31,KRX:336570,KRX:336570,336570,336570,원텍,KRX,kr,kosdaq150,건강관리장비와용품,naver_wics_primary,2026-01-31,Health Care,Health Care Equipment and Services,kr_icb_proxy_v1,native_label_exact,0.85,high,2026-01-31,data/raw/kr/2026-01-31/constituents.parquet,2026-01-31T00:00:00+00:00,kr-proxy-2026-01-31,2026-01-31,,True
2026-01-31,KRX:347850,KRX:347850,347850,347850,디앤디파마텍,KRX,kr,kosdaq150,생물공학,naver_wics_primary,2026-01-31,Health Care,Pharmaceuticals and Biotechnology,kr_icb_proxy_v1,native_label_exact,0.86,high,2026-01-31,data/raw/kr/2026-01-31/constituents.parquet,2026-01-31T00:00:00+00:00,kr-proxy-2026-01-31,2026-01-31,,True
2026-01-31,KRX:348210,KRX:348210,348210,348210,넥스틴,KRX,kr,kosdaq150,반도체와반도체장비,naver_wics_primary,2026-01-31,Technology,Semiconductors and Semiconductor Equipment,kr_icb_proxy_v1,native_label_exact,0.9,high,2026-01-31,data/raw/kr/2026-01-31/constituents.parquet,2026-01-31T00:00:00+00:00,kr-proxy-2026-01-31,2026-01-31,,True
2026-01-31,KRX:348370,KRX:348370,348370,348370,엔켐,KRX,kr,kosdaq150,전기제품,naver_wics_primary,2026-01-31,Industrials,Industrial Engineering,kr_icb_proxy_v1,native_label_exact,0.83,high,2026-01-31,data/raw/kr/2026-01-31/constituents.parquet,2026-01-31T00:00:00+00:00,kr-proxy-2026-01-31,2026-01-31,,True
2026-01-31,KRX:352480,KRX:352480,352480,352480,씨앤씨인터내셔널,KRX,kr,kosdaq150,화장품,naver_wics_primary,2026-01-31,Consumer Discretionary,Personal Goods,kr_icb_proxy_v1,native_label_exact,0.83,high,2026-01-31,data/raw/kr/2026-01-31/constituents.parquet,2026-01-31T00:00:00+00:00,kr-proxy-2026-01-31,2026-01-31,,True
2026-01-31,KRX:352820,KRX:352820,352820,352820,하이브,KRX,kr,kospi200,방송과엔터테인먼트,naver_wics_primary,2026-01-31,Consumer Discretionary,Media,kr_icb_proxy_v1,native_label_exact,0.84,high,2026-01-31,data/raw/kr/2026-01-31/constituents.parquet,2026-01-31T00:00:00+00:00,kr-proxy-2026-01-31,2026-01-31,,True
2026-01-31,KRX:357780,KRX:357780,357780,357780,솔브레인,KRX,kr,kosdaq150,반도체와반도체장비,naver_wics_primary,2026-01-31,Technology,Semiconductors and Semiconductor Equipment,kr_icb_proxy_v1,native_label_exact,0.9,high,2026-01-31,data/raw/kr/2026-01-31/constituents.parquet,2026-01-31T00:00:00+00:00,kr-proxy-2026-01-31,2026-01-31,,True
2026-01-31,KRX:358570,KRX:358570,358570,358570,지아이이노베이션,KRX,kr,kosdaq150,생물공학,naver_wics_primary,2026-01-31,Health Care,Pharmaceuticals and Biotechnology,kr_icb_proxy_v1,native_label_exact,0.86,high,2026-01-31,data/raw/kr/2026-01-31/constituents.parquet,2026-01-31T00:00:00+00:00,kr-proxy-2026-01-31,2026-01-31,,True
2026-01-31,KRX:361610,KRX:361610,361610,361610,SK아이이테크놀로지,KRX,kr,kospi200,전기제품,naver_wics_primary,2026-01-31,Industrials,Industrial Engineering,kr_icb_proxy_v1,native_label_exact,0.83,high,2026-01-31,data/raw/kr/2026-01-31/constituents.parquet,2026-01-31T00:00:00+00:00,kr-proxy-2026-01-31,2026-01-31,,True
2026-01-31,KRX:365340,KRX:365340,365340,365340,성일하이텍,KRX,kr,kosdaq150,전기제품,naver_wics_primary,2026-01-31,Industrials,Industrial Engineering,kr_icb_proxy_v1,native_label_exact,0.83,high,2026-01-31,data/raw/kr/2026-01-31/constituents.parquet,2026-01-31T00:00:00+00:00,kr-proxy-2026-01-31,2026-01-31,,True
2026-01-31,KRX:373220,KRX:373220,373220,373220,LG에너지솔루션,KRX,kr,kospi200,전기제품,naver_wics_primary,2026-01-31,Industrials,Industrial Engineering,kr_icb_proxy_v1,native_label_exact,0.83,high,2026-01-31,data/raw/kr/2026-01-31/constituents.parquet,2026-01-31T00:00:00+00:00,kr-proxy-2026-01-31,2026-01-31,,True
2026-01-31,KRX:375500,KRX:375500,375500,375500,DL이앤씨,KRX,kr,kospi200,건설,naver_wics_primary,2026-01-31,Industrials,Construction and Materials,kr_icb_proxy_v1,native_label_exact,0.84,high,2026-01-31,data/raw/kr/2026-01-31/constituents.parquet,2026-01-31T00:00:00+00:00,kr-proxy-2026-01-31,2026-01-31,,True
2026-01-31,KRX:376300,KRX:376300,376300,376300,디어유,KRX,kr,kosdaq150,양방향미디어와서비스,naver_wics_primary,2026-01-31,Consumer Discretionary,Media,kr_icb_proxy_v1,native_label_exact,0.83,high,2026-01-31,data/raw/kr/2026-01-31/constituents.parquet,2026-01-31T00:00:00+00:00,kr-proxy-2026-01-31,2026-01-31,,True
2026-01-31,KRX:377300,KRX:377300,377300,377300,카카오페이,KRX,kr,kospi200,IT서비스,naver_wics_primary,2026-01-31,Technology,Software and Computer Services,kr_icb_proxy_v1,native_label_exact,0.86,high,2026-01-31,data/raw/kr/2026-01-31/constituents.parquet,2026-01-31T00:00:00+00:00,kr-proxy-2026-01-31,2026-01-31,,True
2026-01-31,KRX:383220,KRX:383220,383220,383220,F&F,KRX,kr,kospi200,"섬유,의류,신발,호화품",naver_wics_primary,2026-01-31,Consumer Discretionary,Personal Goods,kr_icb_proxy_v1,native_label_exact,0.83,high,2026-01-31,data/raw/kr/2026-01-31/constituents.parquet,2026-01-31T00:00:00+00:00,kr-proxy-2026-01-31,2026-01-31,,True
2026-01-31,KRX:383310,KRX:383310,383310,383310,에코프로에이치엔,KRX,kr,kosdaq150,상업서비스와공급품,naver_wics_primary,2026-01-31,Industrials,Industrial Support Services,kr_icb_proxy_v1,native_label_exact,0.83,high,2026-01-31,data/raw/kr/2026-01-31/constituents.parquet,2026-01-31T00:00:00+00:00,kr-proxy-2026-01-31,2026-01-31,,True
2026-01-31,KRX:388720,KRX:388720,388720,388720,유일로보틱스,KRX,kr,kosdaq150,기계,naver_wics_primary,2026-01-31,Industrials,Industrial Engineering,kr_icb_proxy_v1,native_label_exact,0.84,high,2026-01-31,data/raw/kr/2026-01-31/constituents.parquet,2026-01-31T00:00:00+00:00,kr-proxy-2026-01-31,2026-01-31,,True
2026-01-31,KRX:399720,KRX:399720,399720,399720,가온칩스,KRX,kr,kosdaq150,반도체와반도체장비,naver_wics_primary,2026-01-31,Technology,Semiconductors and Semiconductor Equipment,kr_icb_proxy_v1,native_label_exact,0.9,high,2026-01-31,data/raw/kr/2026-01-31/constituents.parquet,2026-01-31T00:00:00+00:00,kr-proxy-2026-01-31,2026-01-31,,True
2026-01-31,KRX:402340,KRX:402340,402340,402340,SK스퀘어,KRX,kr,kospi200,복합기업,naver_wics_primary,2026-01-31,Industrials,Industrial Support Services,kr_icb_proxy_v1,native_label_exact,0.82,high,2026-01-31,data/raw/kr/2026-01-31/constituents.parquet,2026-01-31T00:00:00+00:00,kr-proxy-2026-01-31,2026-01-31,,True
2026-01-31,KRX:403870,KRX:403870,403870,403870,HPSP,KRX,kr,kosdaq150,반도체와반도체장비,naver_wics_primary,2026-01-31,Technology,Semiconductors and Semiconductor Equipment,kr_icb_proxy_v1,native_label_exact,0.9,high,2026-01-31,data/raw/kr/2026-01-31/constituents.parquet,2026-01-31T00:00:00+00:00,kr-proxy-2026-01-31,2026-01-31,,True
2026-01-31,KRX:417200,KRX:417200,417200,417200,LS머트리얼즈,KRX,kr,kosdaq150,전기제품,naver_wics_primary,2026-01-31,Industrials,Industrial Engineering,kr_icb_proxy_v1,native_label_exact,0.83,high,2026-01-31,data/raw/kr/2026-01-31/constituents.parquet,2026-01-31T00:00:00+00:00,kr-proxy-2026-01-31,2026-01-31,,True
2026-01-31,KRX:443060,KRX:443060,443060,443060,HD현대마린솔루션,KRX,kr,kospi200,조선,naver_wics_primary,2026-01-31,Industrials,Industrial Engineering,kr_icb_proxy_v1,native_label_exact,0.84,high,2026-01-31,data/raw/kr/2026-01-31/constituents.parquet,2026-01-31T00:00:00+00:00,kr-proxy-2026-01-31,2026-01-31,,True
2026-01-31,KRX:450080,KRX:450080,450080,450080,에코프로머티,KRX,kr,kospi200,전기제품,naver_wics_primary,2026-01-31,Industrials,Industrial Engineering,kr_icb_proxy_v1,native_label_exact,0.83,high,2026-01-31,data/raw/kr/2026-01-31/constituents.parquet,2026-01-31T00:00:00+00:00,kr-proxy-2026-01-31,2026-01-31,,True
2026-01-31,KRX:454910,KRX:454910,454910,454910,두산로보틱스,KRX,kr,kospi200,기계,naver_wics_primary,2026-01-31,Industrials,Industrial Engineering,kr_icb_proxy_v1,native_label_exact,0.84,high,2026-01-31,data/raw/kr/2026-01-31/constituents.parquet,2026-01-31T00:00:00+00:00,kr-proxy-2026-01-31,2026-01-31,,True
2026-01-31,KRX:457190,KRX:457190,457190,457190,이수스페셜티케미컬,KRX,kr,kospi200,화학,naver_wics_primary,2026-01-31,Basic Materials,Chemicals,kr_icb_proxy_v1,native_label_exact,0.86,high,2026-01-31,data/raw/kr/2026-01-31/constituents.parquet,2026-01-31T00:00:00+00:00,kr-proxy-2026-01-31,2026-01-31,,True
2026-01-31,KRX:466100,KRX:466100,466100,466100,클로봇,KRX,kr,kosdaq150,기계,naver_wics_primary,2026-01-31,Industrials,Industrial Engineering,kr_icb_proxy_v1,native_label_exact,0.84,high,2026-01-31,data/raw/kr/2026-01-31/constituents.parquet,2026-01-31T00:00:00+00:00,kr-proxy-2026-01-31,2026-01-31,,True
