as_of_date,security_id,issuer_id,ticker,stock_code,stock_name,exchange,country,universe,native_taxonomy_label,taxonomy_source,taxonomy_version,icb_proxy_level1,icb_proxy_level3,mapping_version,mapping_method,confidence_score,confidence_band,mapping_effective_date,source_url,source_ts,run_id,effective_from,effective_to,is_current
2026-01-31,US:A:NYQ,US:A,A:NYQ,A,Agilent Technologies Inc,NYQ,us,russell3000,Medical Equipment and Services,ft_icb_native,2026-01-31,Health Care,Medical Equipment and Services,ft_native_v2,ft_index_membership_filtered,0.95,high,2026-01-31,https://markets.ft.com/data/equities/tearsheet/summary?s=A:NYQ,2026-01-31T00:00:00+00:00,ft-us-2026-01-31,2026-01-31,,True
2026-01-31,US:AA:NYS,US:AA,AA:NYS,AA,Alcoa Corp,NYSE,us,russell3000,Industrial Metals and Mining,ft_icb_native,2026-01-31,Basic Materials,Industrial Metals and Mining,ft_native_v2,ft_index_membership_filtered,0.95,high,2026-01-31,https://markets.ft.com/data/equities/tearsheet/summary?s=AA:NYS,2026-01-31T00:00:00+00:00,ft-us-2026-01-31,2026-01-31,,True
2026-01-31,US:AAL:NSQ,US:AAL,AAL:NSQ,AAL,American Airlines Group Inc,NASDAQ,us,russell3000,Travel and Leisure,ft_icb_native,2026-01-31,Industrials,Travel and Leisure,ft_native_v2,ft_index_membership_filtered,0.95,high,2026-01-31,https://markets.ft.com/data/equities/tearsheet/summary?s=AAL:NSQ,2026-01-31T00:00:00+00:00,ft-us-2026-01-31,2026-01-31,,True
2026-01-31,US:AAMI:NYQ,US:AAMI,AAMI:NYQ,AAMI,Acadian Asset Management Inc,NYQ,us,russell3000,Investment Banking and Brokerage Services,ft_icb_native,2026-01-31,Financials,Investment Banking and Brokerage Services,ft_native_v2,ft_index_membership_filtered,0.95,high,2026-01-31,https://markets.ft.com/data/equities/tearsheet/summary?s=AAMI:NYQ,2026-01-31T00:00:00+00:00,ft-us-2026-01-31,2026-01-31,,True
2026-01-31,US:AAOI:NMQ,US:AAOI,AAOI:NMQ,AAOI,Applied Optoelectronics Inc,NMQ,us,russell3000,Telecommunications Equipment,ft_icb_native,2026-01-31,Technology,Telecommunications Equipment,ft_native_v2,ft_index_membership_filtered,0.95,high,2026-01-31,https://markets.ft.com/data/equities/tearsheet/summary?s=AAOI:NMQ,2026-01-31T00:00:00+00:00,ft-us-2026-01-31,2026-01-31,,True
2026-01-31,US:AAON:NSQ,US:AAON,AAON:NSQ,AAON,Aaon Inc,NASDAQ,us,russell3000,Construction and Materials,ft_icb_native,2026-01-31,Industrials,Construction and Materials,ft_native_v2,ft_index_membership_filtered,0.95,high,2026-01-31,https://markets.ft.com/data/equities/tearsheet/summary?s=AAON:NSQ,2026-01-31T00:00:00+00:00,ft-us-2026-01-31,2026-01-31,,True
2026-01-31,US:AAP:NYQ,US:AAP,AAP:NYQ,AAP,Advance Auto Parts Inc,NYQ,us,russell3000,Consumer Discretionary,ft_icb_native,2026-01-31,Consumer Discretionary,Consumer Discretionary,ft_native_v2,ft_index_membership_filtered,0.95,high,2026-01-31,https://markets.ft.com/data/equities/tearsheet/summary?s=AAP:NYQ,2026-01-31T00:00:00+00:00,ft-us-2026-01-31,2026-01-31,,True
2026-01-31,US:AAPL:NSQ,US:AAPL,AAPL:NSQ,AAPL,Apple Inc,NASDAQ,us,russell3000,Technology Hardware and Equipment,ft_icb_native,2026-01-31,Technology,Technology Hardware and Equipment,ft_native_v2,ft_index_membership_filtered,0.95,high,2026-01-31,https://markets.ft.com/data/equities/tearsheet/summary?s=AAPL:NSQ,2026-01-31T00:00:00+00:00,ft-us-2026-01-31,2026-01-31,,True
2026-01-31,US:AAT:NYQ,US:AAT,AAT:NYQ,AAT,American Assets Trust Inc,NYQ,us,russell3000,Real Estate Investment Trusts,ft_icb_native,2026-01-31,Real Estate,Real Estate Investment Trusts,ft_native_v2,ft_index_membership_filtered,0.95,high,2026-01-31,https://markets.ft.com/data/equities/tearsheet/summary?s=AAT:NYQ,2026-01-31T00:00:00+00:00,ft-us-2026-01-31,2026-01-31,,True
2026-01-31,US:ABAT:NAQ,US:ABAT,ABAT:NAQ,ABAT,American Battery Technology Co,NAQ,us,russell3000,Industrial Metals and Mining,ft_icb_native,2026-01-31,Basic Materials,Industrial Metals and Mining,ft_native_v2,ft_index_membership_filtered,0.95,high,2026-01-31,https://markets.ft.com/data/equities/tearsheet/summary?s=ABAT:NAQ,2026-01-31T00:00:00+00:00,ft-us-2026-01-31,2026-01-31,,True
2026-01-31,US:ABBV:NYQ,US:ABBV,ABBV:NYQ,ABBV,AbbVie Inc,NYQ,us,russell3000,Pharmaceuticals and Biotechnology,ft_icb_native,2026-01-31,Health Care,Pharmaceuticals and Biotechnology,ft_native_v2,ft_index_membership_filtered,0.95,high,2026-01-31,https://markets.ft.com/data/equities/tearsheet/summary?s=ABBV:NYQ,2026-01-31T00:00:00+00:00,ft-us-2026-01-31,2026-01-31,,True
2026-01-31,US:ABCB:NYQ,US:ABCB,ABCB:NYQ,ABCB,Ameris Bancorp,NYQ,us,russell3000,Banks,ft_icb_native,2026-01-31,Financials,Banks,ft_native_v2,ft_index_membership_filtered,0.95,high,2026-01-31,https://markets.ft.com/data/equities/tearsheet/summary?s=ABCB:NYQ,2026-01-31T00:00:00+00:00,ft-us-2026-01-31,2026-01-31,,True
2026-01-31,US:ABG:NYQ,US:ABG,ABG:NYQ,ABG,Asbury Automotive Group Inc,NYQ,us,russell3000,Consumer Discretionary,ft_icb_native,2026-01-31,Consumer Discretionary,Consumer Discretionary,ft_native_v2,ft_index_membership_filtered,0.95,high,2026-01-31,https://markets.ft.com/data/equities/tearsheet/summary?s=ABG:NYQ,2026-01-31T00:00:00+00:00,ft-us-2026-01-31,2026-01-31,,True
2026-01-31,US:ABM:NYQ,US:ABM,ABM:NYQ,ABM,ABM Industries Inc,NYQ,us,russell3000,Industrial Support Services,ft_icb_native,2026-01-31,Industrials,Industrial Support Services,ft_native_v2,ft_index_membership_filtered,0.95,high,2026-01-31,https://markets.ft.com/data/equities/tearsheet/summary?s=ABM:NYQ,2026-01-31T00:00:00+00:00,ft-us-2026-01-31,2026-01-31,,True
2026-01-31,US:ABNB:NSQ,US:ABNB,ABNB:NSQ,ABNB,Airbnb Inc,NASDAQ,us,russell3000,Travel and Leisure,ft_icb_native,2026-01-31,Consumer Discretionary,Travel and Leisure,ft_native_v2,ft_index_membership_filtered,0.95,high,2026-01-31,https://markets.ft.com/data/equities/tearsheet/summary?s=ABNB:NSQ,2026-01-31T00:00:00+00:00,ft-us-2026-01-31,2026-01-31,,True
2026-01-31,US:ABR:NYQ,US:ABR,ABR:NYQ,ABR,Arbor Realty Trust Inc,NYQ,us,russell3000,Mortgage Real Estate Investment Trusts,ft_icb_native,2026-01-31,Financials,Mortgage Real Estate Investment Trusts,ft_native_v2,ft_index_membership_filtered,0.95,high,2026-01-31,https://markets.ft.com/data/equities/tearsheet/summary?s=ABR:NYQ,2026-01-31T00:00:00+00:00,ft-us-2026-01-31,2026-01-31,,True
2026-01-31,US:ABSI:NSQ,US:ABSI,ABSI:NSQ,ABSI,Absci Corp,NASDAQ,us,russell3000,Pharmaceuticals and Biotechnology,ft_icb_native,2026-01-31,Health Care,Pharmaceuticals and Biotechnology,ft_native_v2,ft_index_membership_filtered,0.95,high,2026-01-31,https://markets.ft.com/data/equities/tearsheet/summary?s=ABSI:NSQ,2026-01-31T00:00:00+00:00,ft-us-2026-01-31,2026-01-31,,True
2026-01-31,US:ABT:NYQ,US:ABT,ABT:NYQ,ABT,Abbott Laboratories,NYQ,us,russell3000,Medical Equipment and Services,ft_icb_native,2026-01-31,Health Care,Medical Equipment and Services,ft_native_v2,ft_index_membership_filtered,0.95,high,2026-01-31,https://markets.ft.com/data/equities/tearsheet/summary?s=ABT:NYQ,2026-01-31T00:00:00+00:00,ft-us-2026-01-31,2026-01-31,,True
2026-01-31,US:ABUS:NSQ,US:ABUS,ABUS:NSQ,ABUS,Arbutus Biopharma Corp,NASDAQ,us,russell3000,Pharmaceuticals and Biotechnology,ft_icb_native,2026-01-31,Health Care,Pharmaceuticals and Biotechnology,ft_native_v2,ft_index_membership_filtered,0.95,high,2026-01-31,https://markets.ft.com/data/equities/tearsheet/summary?s=ABUS:NSQ,2026-01-31T00:00:00+00:00,ft-us-2026-01-31,2026-01-31,,True
2026-01-31,US:ACA:NYS,US:ACA,ACA:NYS,ACA,Arcosa Inc,NYSE,us,russell3000,Construction and Materials,ft_icb_native,2026-01-31,Industrials,Construction and Materials,ft_native_v2,ft_index_membership_filtered,0.95,high,2026-01-31,https://markets.ft.com/data/equities/tearsheet/summary?s=ACA:NYS,2026-01-31T00:00:00+00:00,ft-us-2026-01-31,2026-01-31,,True
2026-01-31,US:ACAD:NSQ,US:ACAD,ACAD:NSQ,ACAD,ACADIA Pharmaceuticals Inc,NASDAQ,us,russell3000,Pharmaceuticals and Biotechnology,ft_icb_native,2026-01-31,Health Care,Pharmaceuticals and Biotechnology,ft_native_v2,ft_index_membership_filtered,0.95,high,2026-01-31,https://markets.ft.com/data/equities/tearsheet/summary?s=ACAD:NSQ,2026-01-31T00:00:00+00:00,ft-us-2026-01-31,2026-01-31,,True
2026-01-31,US:ACCO:NYQ,US:ACCO,ACCO:NYQ,ACCO,ACCO Brands Corp,NYQ,us,russell3000,"Personal Care, Drug and Grocery Stores",ft_icb_native,2026-01-31,Industrials,"Personal Care, Drug and Grocery Stores",ft_native_v2,ft_index_membership_filtered,0.95,high,2026-01-31,https://markets.ft.com/data/equities/tearsheet/summary?s=ACCO:NYQ,2026-01-31T00:00:00+00:00,ft-us-2026-01-31,2026-01-31,,True
2026-01-31,US:ACDC:NSQ,US:ACDC,ACDC:NSQ,ACDC,ProFrac Holding Corp,NASDAQ,us,russell3000,"Oil, Gas and Coal",ft_icb_native,2026-01-31,Energy,"Oil, Gas and Coal",ft_native_v2,ft_index_membership_filtered,0.95,high,2026-01-31,https://markets.ft.com/data/equities/tearsheet/summary?s=ACDC:NSQ,2026-01-31T00:00:00+00:00,ft-us-2026-01-31,2026-01-31,,True
2026-01-31,US:ACEL:NYQ,US:ACEL,ACEL:NYQ,ACEL,Accel Entertainment Inc,NYQ,us,russell3000,Travel and Leisure,ft_icb_native,2026-01-31,Consumer Discretionary,Travel and Leisure,ft_native_v2,ft_index_membership_filtered,0.95,high,2026-01-31,https://markets.ft.com/data/equities/tearsheet/summary?s=ACEL:NYQ,2026-01-31T00:00:00+00:00,ft-us-2026-01-31,2026-01-31,,True
2026-01-31,US:ACGL:NSQ,US:ACGL,ACGL:NSQ,ACGL,Arch Capital Group Ltd,NASDAQ,us,russell3000,Non-life Insurance,ft_icb_native,2026-01-31,Financials,Non-life Insurance,ft_native_v2,ft_index_membership_filtered,0.95,high,2026-01-31,https://markets.ft.com/data/equities/tearsheet/summary?s=ACGL:NSQ,2026-01-31T00:00:00+00:00,ft-us-2026-01-31,2026-01-31,,True
2026-01-31,US:ACH:NYQ,US:ACH,ACH:NYQ,ACH,Accendra Health Inc,NYQ,us,russell3000,Medical Equipment and Services,ft_icb_native,2026-01-31,Health Care,Medical Equipment and Services,ft_native_v2,ft_index_membership_filtered,0.95,high,2026-01-31,https://markets.ft.com/data/equities/tearsheet/summary?s=ACH:NYQ,2026-01-31T00:00:00+00:00,ft-us-2026-01-31,2026-01-31,,True
2026-01-31,US:ACHC:NSQ,US:ACHC,ACHC:NSQ,ACHC,Acadia Healthcare Company Inc,NASDAQ,us,russell3000,Health Care Providers,ft_icb_native,2026-01-31,Health Care,Health Care Providers,ft_native_v2,ft_index_membership_filtered,0.95,high,2026-01-31,https://markets.ft.com/data/equities/tearsheet/summary?s=ACHC:NSQ,2026-01-31T00:00:00+00:00,ft-us-2026-01-31,2026-01-31,,True
2026-01-31,US:ACHR:NYS,US:ACHR,ACHR:NYS,ACHR,Archer Aviation Inc,NYSE,us,russell3000,Aerospace and Defense,ft_icb_native,2026-01-31,Industrials,Aerospace and Defense,ft_native_v2,ft_index_membership_filtered,0.95,high,2026-01-31,https://markets.ft.com/data/equities/tearsheet/summary?s=ACHR:NYS,2026-01-31T00:00:00+00:00,ft-us-2026-01-31,2026-01-31,,True
2026-01-31,US:ACI:NYS,US:ACI,ACI:NYS,ACI,Albertsons Companies Inc,NYSE,us,russell3000,"Personal Care, Drug and Grocery Stores",ft_icb_native,2026-01-31,Consumer Staples,"Personal Care, Drug and Grocery Stores",ft_native_v2,ft_index_membership_filtered,0.95,high,2026-01-31,https://markets.ft.com/data/equities/tearsheet/summary?s=ACI:NYS,2026-01-31T00:00:00+00:00,ft-us-2026-01-31,2026-01-31,,True
2026-01-31,US:ACIC:NAQ,US:ACIC,ACIC:NAQ,ACIC,American Coastal Insurance Corp,NAQ,us,russell3000,Non-life Insurance,ft_icb_native,2026-01-31,Financials,Non-life Insurance,ft_native_v2,ft_index_membership_filtered,0.95,high,2026-01-31,https://markets.ft.com/data/equities/tearsheet/summary?s=ACIC:NAQ,2026-01-31T00:00:00+00:00,ft-us-2026-01-31,2026-01-31,,True
2026-01-31,US:ACIW:NSQ,US:ACIW,ACIW:NSQ,ACIW,ACI Worldwide Inc,NASDAQ,us,russell3000,Industrial Support Services,ft_icb_native,2026-01-31,Technology,Industrial Support Services,ft_native_v2,ft_index_membership_filtered,0.95,high,2026-01-31,https://markets.ft.com/data/equities/tearsheet/summary?s=ACIW:NSQ,2026-01-31T00:00:00+00:00,ft-us-2026-01-31,2026-01-31,,True
2026-01-31,US:ACLS:NSQ,US:ACLS,ACLS:NSQ,ACLS,Axcelis Technologies Inc,NASDAQ,us,russell3000,Technology Hardware and Equipment,ft_icb_native,2026-01-31,Technology,Technology Hardware and Equipment,ft_native_v2,ft_index_membership_filtered,0.95,high,2026-01-31,https://markets.ft.com/data/equities/tearsheet/summary?s=ACLS:NSQ,2026-01-31T00:00:00+00:00,ft-us-2026-01-31,2026-01-31,,True
2026-01-31,US:ACLX:NSQ,US:ACLX,ACLX:NSQ,ACLX,Arcellx Inc,NASDAQ,us,russell3000,Pharmaceuticals and Biotechnology,ft_icb_native,2026-01-31,Health Care,Pharmaceuticals and Biotechnology,ft_native_v2,ft_index_membership_filtered,0.95,high,2026-01-31,https://markets.ft.com/data/equities/tearsheet/summary?s=ACLX:NSQ,2026-01-31T00:00:00+00:00,ft-us-2026-01-31,2026-01-31,,True
2026-01-31,US:ACM:NYQ,US:ACM,ACM:NYQ,ACM,AECOM,NYQ,us,russell3000,Construction and Materials,ft_icb_native,2026-01-31,Industrials,Construction and Materials,ft_native_v2,ft_index_membership_filtered,0.95,high,2026-01-31,https://markets.ft.com/data/equities/tearsheet/summary?s=ACM:NYQ,2026-01-31T00:00:00+00:00,ft-us-2026-01-31,2026-01-31,,True
2026-01-31,US:ACMR:NMQ,US:ACMR,ACMR:NMQ,ACMR,ACM Research Inc,NMQ,us,russell3000,Technology Hardware and Equipment,ft_icb_native,2026-01-31,Technology,Technology Hardware and Equipment,ft_native_v2,ft_index_membership_filtered,0.95,high,2026-01-31,https://markets.ft.com/data/equities/tearsheet/summary?s=ACMR:NMQ,2026-01-31T00:00:00+00:00,ft-us-2026-01-31,2026-01-31,,True
2026-01-31,US:ACN:NYQ,US:ACN,ACN:NYQ,ACN,Accenture PLC,NYQ,us,russell3000,Industrial Support Services,ft_icb_native,2026-01-31,Technology,Industrial Support Services,ft_native_v2,ft_index_membership_filtered,0.95,high,2026-01-31,https://markets.ft.com/data/equities/tearsheet/summary?s=ACN:NYQ,2026-01-31T00:00:00+00:00,ft-us-2026-01-31,2026-01-31,,True
2026-01-31,US:ACNB:NAQ,US:ACNB,ACNB:NAQ,ACNB,ACNB Corp,NAQ,us,russell3000,Banks,ft_icb_native,2026-01-31,Financials,Banks,ft_native_v2,ft_index_membership_filtered,0.95,high,2026-01-31,https://markets.ft.com/data/equities/tearsheet/summary?s=ACNB:NAQ,2026-01-31T00:00:00+00:00,ft-us-2026-01-31,2026-01-31,,True
2026-01-31,US:ACRE:NYQ,US:ACRE,ACRE:NYQ,ACRE,Ares Commercial Real Estate Corp,NYQ,us,russell3000,Mortgage Real Estate Investment Trusts,ft_icb_native,2026-01-31,Financials,Mortgage Real Estate Investment Trusts,ft_native_v2,ft_index_membership_filtered,0.95,high,2026-01-31,https://markets.ft.com/data/equities/tearsheet/summary?s=ACRE:NYQ,2026-01-31T00:00:00+00:00,ft-us-2026-01-31,2026-01-31,,True
2026-01-31,US:ACT:NSQ,US:ACT,ACT:NSQ,ACT,Enact Holdings Inc,NASDAQ,us,russell3000,Finance and Credit Services,ft_icb_native,2026-01-31,Financials,Finance and Credit Services,ft_native_v2,ft_index_membership_filtered,0.95,high,2026-01-31,https://markets.ft.com/data/equities/tearsheet/summary?s=ACT:NSQ,2026-01-31T00:00:00+00:00,ft-us-2026-01-31,2026-01-31,,True
2026-01-31,US:ACTG:NSQ,US:ACTG,ACTG:NSQ,ACTG,Acacia Research Corp,NASDAQ,us,russell3000,Industrial Support Services,ft_icb_native,2026-01-31,Financials,Industrial Support Services,ft_native_v2,ft_index_membership_filtered,0.95,high,2026-01-31,https://markets.ft.com/data/equities/tearsheet/summary?s=ACTG:NSQ,2026-01-31T00:00:00+00:00,ft-us-2026-01-31,2026-01-31,,True
2026-01-31,US:ACVA:NYS,US:ACVA,ACVA:NYS,ACVA,ACV Auctions Inc,NYSE,us,russell3000,Consumer Services,ft_icb_native,2026-01-31,Consumer Discretionary,Consumer Services,ft_native_v2,ft_index_membership_filtered,0.95,high,2026-01-31,https://markets.ft.com/data/equities/tearsheet/summary?s=ACVA:NYS,2026-01-31T00:00:00+00:00,ft-us-2026-01-31,2026-01-31,,True
2026-01-31,US:ADAM:NSQ,US:ADAM,ADAM:NSQ,ADAM,Adamas Trust Inc,NASDAQ,us,russell3000,Mortgage Real Estate Investment Trusts,ft_icb_native,2026-01-31,Financials,Mortgage Real Estate Investment Trusts,ft_native_v2,ft_index_membership_filtered,0.95,high,2026-01-31,https://markets.ft.com/data/equities/tearsheet/summary?s=ADAM:NSQ,2026-01-31T00:00:00+00:00,ft-us-2026-01-31,2026-01-31,,True
2026-01-31,US:ADBE:NSQ,US:ADBE,ADBE:NSQ,ADBE,Adobe Inc,NASDAQ,us,russell3000,Technology,ft_icb_native,2026-01-31,Technology,Technology,ft_native_v2,ft_index_membership_filtered,0.95,high,2026-01-31,https://markets.ft.com/data/equities/tearsheet/summary?s=ADBE:NSQ,2026-01-31T00:00:00+00:00,ft-us-2026-01-31,2026-01-31,,True
2026-01-31,US:ADC:NYQ,US:ADC,ADC:NYQ,ADC,Agree Realty Corp,NYQ,us,russell3000,Real Estate Investment Trusts,ft_icb_native,2026-01-31,Real Estate,Real Estate Investment Trusts,ft_native_v2,ft_index_membership_filtered,0.95,high,2026-01-31,https://markets.ft.com/data/equities/tearsheet/summary?s=ADC:NYQ,2026-01-31T00:00:00+00:00,ft-us-2026-01-31,2026-01-31,,True
2026-01-31,US:ADCT:NYS,US:ADCT,ADCT:NYS,ADCT,ADC Therapeutics SA,NYSE,us,russell3000,Pharmaceuticals and Biotechnology,ft_icb_native,2026-01-31,Health Care,Pharmaceuticals and Biotechnology,ft_native_v2,ft_index_membership_filtered,0.95,high,2026-01-31,https://markets.ft.com/data/equities/tearsheet/summary?s=ADCT:NYS,2026-01-31T00:00:00+00:00,ft-us-2026-01-31,2026-01-31,,True
2026-01-31,US:ADEA:NSQ,US:ADEA,ADEA:NSQ,ADEA,Adeia Inc,NASDAQ,us,russell3000,Technology Hardware and Equipment,ft_icb_native,2026-01-31,Technology,Technology Hardware and Equipment,ft_native_v2,ft_index_membership_filtered,0.95,high,2026-01-31,https://markets.ft.com/data/equities/tearsheet/summary?s=ADEA:NSQ,2026-01-31T00:00:00+00:00,ft-us-2026-01-31,2026-01-31,,True
2026-01-31,US:ADI:NSQ,US:ADI,ADI:NSQ,ADI,Analog Devices Inc,NASDAQ,us,russell3000,Technology Hardware and Equipment,ft_icb_native,2026-01-31,Technology,Technology Hardware and Equipment,ft_native_v2,ft_index_membership_filtered,0.95,high,2026-01-31,https://markets.ft.com/data/equities/tearsheet/summary?s=ADI:NSQ,2026-01-31T00:00:00+00:00,ft-us-2026-01-31,2026-01-31,,True
2026-01-31,US:ADM:NYQ,US:ADM,ADM:NYQ,ADM,Archer-Daniels-Midland Co,NYQ,us,russell3000,Food Producers,ft_icb_native,2026-01-31,Consumer Staples,Food Producers,ft_native_v2,ft_index_membership_filtered,0.95,high,2026-01-31,https://markets.ft.com/data/equities/tearsheet/summary?s=ADM:NYQ,2026-01-31T00:00:00+00:00,ft-us-2026-01-31,2026-01-31,,True
2026-01-31,US:ADMA:NMQ,US:ADMA,ADMA:NMQ,ADMA,ADMA Biologics Inc,NMQ,us,russell3000,Pharmaceuticals and Biotechnology,ft_icb_native,2026-01-31,Health Care,Pharmaceuticals and Biotechnology,ft_native_v2,ft_index_membership_filtered_level3_fallback,0.65,medium,2026-01-31,https://markets.ft.com/data/equities/tearsheet/summary?s=ADMA:NMQ,2026-01-31T00:00:00+00:00,ft-us-2026-01-31,2026-01-31,,True
2026-01-31,US:ADNT:NYS,US:ADNT,ADNT:NYS,ADNT,Adient PLC,NYSE,us,russell3000,Automobiles and Parts,ft_icb_native,2026-01-31,Consumer Discretionary,Automobiles and Parts,ft_native_v2,ft_index_membership_filtered,0.95,high,2026-01-31,https://markets.ft.com/data/equities/tearsheet/summary?s=ADNT:NYS,2026-01-31T00:00:00+00:00,ft-us-2026-01-31,2026-01-31,,True
2026-01-31,US:ADP:NSQ,US:ADP,ADP:NSQ,ADP,Automatic Data Processing Inc,NASDAQ,us,russell3000,Industrial Support Services,ft_icb_native,2026-01-31,Industrials,Industrial Support Services,ft_native_v2,ft_index_membership_filtered,0.95,high,2026-01-31,https://markets.ft.com/data/equities/tearsheet/summary?s=ADP:NSQ,2026-01-31T00:00:00+00:00,ft-us-2026-01-31,2026-01-31,,True
2026-01-31,US:ADPT:NSQ,US:ADPT,ADPT:NSQ,ADPT,Adaptive Biotechnologies Corp,NASDAQ,us,russell3000,Pharmaceuticals and Biotechnology,ft_icb_native,2026-01-31,Health Care,Pharmaceuticals and Biotechnology,ft_native_v2,ft_index_membership_filtered,0.95,high,2026-01-31,https://markets.ft.com/data/equities/tearsheet/summary?s=ADPT:NSQ,2026-01-31T00:00:00+00:00,ft-us-2026-01-31,2026-01-31,,True
2026-01-31,US:ADSK:NSQ,US:ADSK,ADSK:NSQ,ADSK,Autodesk Inc,NASDAQ,us,russell3000,Technology,ft_icb_native,2026-01-31,Technology,Technology,ft_native_v2,ft_index_membership_filtered,0.95,high,2026-01-31,https://markets.ft.com/data/equities/tearsheet/summary?s=ADSK:NSQ,2026-01-31T00:00:00+00:00,ft-us-2026-01-31,2026-01-31,,True
2026-01-31,US:ADT:NYQ,US:ADT,ADT:NYQ,ADT,ADT Inc,NYQ,us,russell3000,Industrial Support Services,ft_icb_native,2026-01-31,Consumer Discretionary,Industrial Support Services,ft_native_v2,ft_index_membership_filtered,0.95,high,2026-01-31,https://markets.ft.com/data/equities/tearsheet/summary?s=ADT:NYQ,2026-01-31T00:00:00+00:00,ft-us-2026-01-31,2026-01-31,,True
2026-01-31,US:ADTN:NSQ,US:ADTN,ADTN:NSQ,ADTN,ADTRAN Holdings Inc,NASDAQ,us,russell3000,Telecommunications Equipment,ft_icb_native,2026-01-31,Technology,Telecommunications Equipment,ft_native_v2,ft_index_membership_filtered,0.95,high,2026-01-31,https://markets.ft.com/data/equities/tearsheet/summary?s=ADTN:NSQ,2026-01-31T00:00:00+00:00,ft-us-2026-01-31,2026-01-31,,True
2026-01-31,US:ADUS:NSQ,US:ADUS,ADUS:NSQ,ADUS,Addus Homecare Corp,NASDAQ,us,russell3000,Health Care Providers,ft_icb_native,2026-01-31,Health Care,Health Care Providers,ft_native_v2,ft_index_membership_filtered,0.95,high,2026-01-31,https://markets.ft.com/data/equities/tearsheet/summary?s=ADUS:NSQ,2026-01-31T00:00:00+00:00,ft-us-2026-01-31,2026-01-31,,True
2026-01-31,US:ADV:NSQ,US:ADV,ADV:NSQ,ADV,Advantage Solutions Inc,NASDAQ,us,russell3000,Industrial Support Services,ft_icb_native,2026-01-31,Telecommunications,Industrial Support Services,ft_native_v2,ft_index_membership_filtered,0.95,high,2026-01-31,https://markets.ft.com/data/equities/tearsheet/summary?s=ADV:NSQ,2026-01-31T00:00:00+00:00,ft-us-2026-01-31,2026-01-31,,True
2026-01-31,US:AEBI:NSQ,US:AEBI,AEBI:NSQ,AEBI,Aebi Schmidt Holding AG,NASDAQ,us,russell3000,Industrial Transportation,ft_icb_native,2026-01-31,Industrials,Industrial Transportation,ft_native_v2,ft_index_membership_filtered,0.95,high,2026-01-31,https://markets.ft.com/data/equities/tearsheet/summary?s=AEBI:NSQ,2026-01-31T00:00:00+00:00,ft-us-2026-01-31,2026-01-31,,True
2026-01-31,US:AEE:NYQ,US:AEE,AEE:NYQ,AEE,Ameren Corp,NYQ,us,russell3000,"Gas, Water and Multi-utilities",ft_icb_native,2026-01-31,Utilities,"Gas, Water and Multi-utilities",ft_native_v2,ft_index_membership_filtered,0.95,high,2026-01-31,https://markets.ft.com/data/equities/tearsheet/summary?s=AEE:NYQ,2026-01-31T00:00:00+00:00,ft-us-2026-01-31,2026-01-31,,True
2026-01-31,US:AEHR:NAQ,US:AEHR,AEHR:NAQ,AEHR,Aehr Test Systems,NAQ,us,russell3000,Technology Hardware and Equipment,ft_icb_native,2026-01-31,Technology,Technology Hardware and Equipment,ft_native_v2,ft_index_membership_filtered,0.95,high,2026-01-31,https://markets.ft.com/data/equities/tearsheet/summary?s=AEHR:NAQ,2026-01-31T00:00:00+00:00,ft-us-2026-01-31,2026-01-31,,True
2026-01-31,US:AEIS:NSQ,US:AEIS,AEIS:NSQ,AEIS,Advanced Energy Industries Inc,NASDAQ,us,russell3000,Technology Hardware and Equipment,ft_icb_native,2026-01-31,Technology,Technology Hardware and Equipment,ft_native_v2,ft_index_membership_filtered,0.95,high,2026-01-31,https://markets.ft.com/data/equities/tearsheet/summary?s=AEIS:NSQ,2026-01-31T00:00:00+00:00,ft-us-2026-01-31,2026-01-31,,True
2026-01-31,US:AEO:NYQ,US:AEO,AEO:NYQ,AEO,American Eagle Outfitters Inc,NYQ,us,russell3000,Consumer Discretionary,ft_icb_native,2026-01-31,Consumer Discretionary,Consumer Discretionary,ft_native_v2,ft_index_membership_filtered,0.95,high,2026-01-31,https://markets.ft.com/data/equities/tearsheet/summary?s=AEO:NYQ,2026-01-31T00:00:00+00:00,ft-us-2026-01-31,2026-01-31,,True
2026-01-31,US:AEP:NSQ,US:AEP,AEP:NSQ,AEP,American Electric Power Company Inc,NASDAQ,us,russell3000,Electricity,ft_icb_native,2026-01-31,Utilities,Electricity,ft_native_v2,ft_index_membership_filtered,0.95,high,2026-01-31,https://markets.ft.com/data/equities/tearsheet/summary?s=AEP:NSQ,2026-01-31T00:00:00+00:00,ft-us-2026-01-31,2026-01-31,,True
2026-01-31,US:AES:NYQ,US:AES,AES:NYQ,AES,AES Corp,NYQ,us,russell3000,Electricity,ft_icb_native,2026-01-31,Utilities,Electricity,ft_native_v2,ft_index_membership_filtered,0.95,high,2026-01-31,https://markets.ft.com/data/equities/tearsheet/summary?s=AES:NYQ,2026-01-31T00:00:00+00:00,ft-us-2026-01-31,2026-01-31,,True
2026-01-31,US:AESI:NYS,US:AESI,AESI:NYS,AESI,Atlas Energy Solutions Inc,NYSE,us,russell3000,"Oil, Gas and Coal",ft_icb_native,2026-01-31,Energy,"Oil, Gas and Coal",ft_native_v2,ft_index_membership_filtered,0.95,high,2026-01-31,https://markets.ft.com/data/equities/tearsheet/summary?s=AESI:NYS,2026-01-31T00:00:00+00:00,ft-us-2026-01-31,2026-01-31,,True
2026-01-31,US:AEVA:NSQ,US:AEVA,AEVA:NSQ,AEVA,Aeva Technologies Inc,NASDAQ,us,russell3000,Technology Hardware and Equipment,ft_icb_native,2026-01-31,Technology,Technology Hardware and Equipment,ft_native_v2,ft_index_membership_filtered,0.95,high,2026-01-31,https://markets.ft.com/data/equities/tearsheet/summary?s=AEVA:NSQ,2026-01-31T00:00:00+00:00,ft-us-2026-01-31,2026-01-31,,True
2026-01-31,US:AFG:NYQ,US:AFG,AFG:NYQ,AFG,American Financial Group Inc,NYQ,us,russell3000,Non-life Insurance,ft_icb_native,2026-01-31,Financials,Non-life Insurance,ft_native_v2,ft_index_membership_filtered,0.95,high,2026-01-31,https://markets.ft.com/data/equities/tearsheet/summary?s=AFG:NYQ,2026-01-31T00:00:00+00:00,ft-us-2026-01-31,2026-01-31,,True
2026-01-31,US:AFL:NYQ,US:AFL,AFL:NYQ,AFL,Aflac Inc,NYQ,us,russell3000,Life Insurance,ft_icb_native,2026-01-31,Financials,Life Insurance,ft_native_v2,ft_index_membership_filtered,0.95,high,2026-01-31,https://markets.ft.com/data/equities/tearsheet/summary?s=AFL:NYQ,2026-01-31T00:00:00+00:00,ft-us-2026-01-31,2026-01-31,,True
2026-01-31,US:AFRM:NSQ,US:AFRM,AFRM:NSQ,AFRM,Affirm Holdings Inc,NASDAQ,us,russell3000,Industrial Support Services,ft_icb_native,2026-01-31,Financials,Industrial Support Services,ft_native_v2,ft_index_membership_filtered,0.95,high,2026-01-31,https://markets.ft.com/data/equities/tearsheet/summary?s=AFRM:NSQ,2026-01-31T00:00:00+00:00,ft-us-2026-01-31,2026-01-31,,True
2026-01-31,US:AGCO:NYQ,US:AGCO,AGCO:NYQ,AGCO,AGCO Corp,NYQ,us,russell3000,Industrial Engineering,ft_icb_native,2026-01-31,Industrials,Industrial Engineering,ft_native_v2,ft_index_membership_filtered,0.95,high,2026-01-31,https://markets.ft.com/data/equities/tearsheet/summary?s=AGCO:NYQ,2026-01-31T00:00:00+00:00,ft-us-2026-01-31,2026-01-31,,True
2026-01-31,US:AGIO:NSQ,US:AGIO,AGIO:NSQ,AGIO,Agios Pharmaceuticals Inc,NASDAQ,us,russell3000,Pharmaceuticals and Biotechnology,ft_icb_native,2026-01-31,Health Care,Pharmaceuticals and Biotechnology,ft_native_v2,ft_index_membership_filtered,0.95,high,2026-01-31,https://markets.ft.com/data/equities/tearsheet/summary?s=AGIO:NSQ,2026-01-31T00:00:00+00:00,ft-us-2026-01-31,2026-01-31,,True
2026-01-31,US:AGL:NYS,US:AGL,AGL:NYS,AGL,agilon health inc,NYSE,us,russell3000,Health Care Providers,ft_icb_native,2026-01-31,Health Care,Health Care Providers,ft_native_v2,ft_index_membership_filtered,0.95,high,2026-01-31,https://markets.ft.com/data/equities/tearsheet/summary?s=AGL:NYS,2026-01-31T00:00:00+00:00,ft-us-2026-01-31,2026-01-31,,True
2026-01-31,US:AGM:NYQ,US:AGM,AGM:NYQ,AGM,Federal Agricultural Mortgage Corp,NYQ,us,russell3000,Finance and Credit Services,ft_icb_native,2026-01-31,Financials,Finance and Credit Services,ft_native_v2,ft_index_membership_filtered,0.95,high,2026-01-31,https://markets.ft.com/data/equities/tearsheet/summary?s=AGM:NYQ,2026-01-31T00:00:00+00:00,ft-us-2026-01-31,2026-01-31,,True
2026-01-31,US:AGNC:NSQ,US:AGNC,AGNC:NSQ,AGNC,AGNC Investment Corp,NASDAQ,us,russell3000,Mortgage Real Estate Investment Trusts,ft_icb_native,2026-01-31,Financials,Mortgage Real Estate Investment Trusts,ft_native_v2,ft_index_membership_filtered,0.95,high,2026-01-31,https://markets.ft.com/data/equities/tearsheet/summary?s=AGNC:NSQ,2026-01-31T00:00:00+00:00,ft-us-2026-01-31,2026-01-31,,True
2026-01-31,US:AGO:NYQ,US:AGO,AGO:NYQ,AGO,Assured Guaranty Ltd,NYQ,us,russell3000,Non-life Insurance,ft_icb_native,2026-01-31,Financials,Non-life Insurance,ft_native_v2,ft_index_membership_filtered,0.95,high,2026-01-31,https://markets.ft.com/data/equities/tearsheet/summary?s=AGO:NYQ,2026-01-31T00:00:00+00:00,ft-us-2026-01-31,2026-01-31,,True
2026-01-31,US:AGX:NYQ,US:AGX,AGX:NYQ,AGX,Argan Inc,NYQ,us,russell3000,Construction and Materials,ft_icb_native,2026-01-31,Industrials,Construction and Materials,ft_native_v2,ft_index_membership_filtered,0.95,high,2026-01-31,https://markets.ft.com/data/equities/tearsheet/summary?s=AGX:NYQ,2026-01-31T00:00:00+00:00,ft-us-2026-01-31,2026-01-31,,True
2026-01-31,US:AGYS:NSQ,US:AGYS,AGYS:NSQ,AGYS,Agilysys Inc,NASDAQ,us,russell3000,Technology,ft_icb_native,2026-01-31,Technology,Technology,ft_native_v2,ft_index_membership_filtered,0.95,high,2026-01-31,https://markets.ft.com/data/equities/tearsheet/summary?s=AGYS:NSQ,2026-01-31T00:00:00+00:00,ft-us-2026-01-31,2026-01-31,,True
2026-01-31,US:AHCO:NAQ,US:AHCO,AHCO:NAQ,AHCO,Adapthealth Corp,NAQ,us,russell3000,Medical Equipment and Services,ft_icb_native,2026-01-31,Health Care,Medical Equipment and Services,ft_native_v2,ft_index_membership_filtered,0.95,high,2026-01-31,https://markets.ft.com/data/equities/tearsheet/summary?s=AHCO:NAQ,2026-01-31T00:00:00+00:00,ft-us-2026-01-31,2026-01-31,,True
2026-01-31,US:AHH:NYQ,US:AHH,AHH:NYQ,AHH,Armada Hoffler Properties Inc,NYQ,us,russell3000,Real Estate Investment Trusts,ft_icb_native,2026-01-31,Real Estate,Real Estate Investment Trusts,ft_native_v2,ft_index_membership_filtered,0.95,high,2026-01-31,https://markets.ft.com/data/equities/tearsheet/summary?s=AHH:NYQ,2026-01-31T00:00:00+00:00,ft-us-2026-01-31,2026-01-31,,True
2026-01-31,US:AHR:NYS,US:AHR,AHR:NYS,AHR,American Healthcare REIT Inc,NYSE,us,russell3000,Real Estate Investment Trusts,ft_icb_native,2026-01-31,Real Estate,Real Estate Investment Trusts,ft_native_v2,ft_index_membership_filtered,0.95,high,2026-01-31,https://markets.ft.com/data/equities/tearsheet/summary?s=AHR:NYS,2026-01-31T00:00:00+00:00,ft-us-2026-01-31,2026-01-31,,True
2026-01-31,US:AI:NYQ,US:AI,AI:NYQ,AI,C3.ai Inc,NYQ,us,russell3000,Technology,ft_icb_native,2026-01-31,Technology,Technology,ft_native_v2,ft_index_membership_filtered,0.95,high,2026-01-31,https://markets.ft.com/data/equities/tearsheet/summary?s=AI:NYQ,2026-01-31T00:00:00+00:00,ft-us-2026-01-31,2026-01-31,,True
2026-01-31,US:AIG:NYQ,US:AIG,AIG:NYQ,AIG,American International Group Inc,NYQ,us,russell3000,Non-life Insurance,ft_icb_native,2026-01-31,Financials,Non-life Insurance,ft_native_v2,ft_index_membership_filtered,0.95,high,2026-01-31,https://markets.ft.com/data/equities/tearsheet/summary?s=AIG:NYQ,2026-01-31T00:00:00+00:00,ft-us-2026-01-31,2026-01-31,,True
2026-01-31,US:AIN:NYQ,US:AIN,AIN:NYQ,AIN,Albany International Corp,NYQ,us,russell3000,Industrial Engineering,ft_icb_native,2026-01-31,Industrials,Industrial Engineering,ft_native_v2,ft_index_membership_filtered,0.95,high,2026-01-31,https://markets.ft.com/data/equities/tearsheet/summary?s=AIN:NYQ,2026-01-31T00:00:00+00:00,ft-us-2026-01-31,2026-01-31,,True
2026-01-31,US:AIOT:NMQ,US:AIOT,AIOT:NMQ,AIOT,PowerFleet Inc,NMQ,us,russell3000,Technology,ft_icb_native,2026-01-31,Technology,Technology,ft_native_v2,ft_index_membership_filtered,0.95,high,2026-01-31,https://markets.ft.com/data/equities/tearsheet/summary?s=AIOT:NMQ,2026-01-31T00:00:00+00:00,ft-us-2026-01-31,2026-01-31,,True
2026-01-31,US:AIP:NMQ,US:AIP,AIP:NMQ,AIP,Arteris Inc,NMQ,us,russell3000,Technology Hardware and Equipment,ft_icb_native,2026-01-31,Technology,Technology Hardware and Equipment,ft_native_v2,ft_index_membership_filtered,0.95,high,2026-01-31,https://markets.ft.com/data/equities/tearsheet/summary?s=AIP:NMQ,2026-01-31T00:00:00+00:00,ft-us-2026-01-31,2026-01-31,,True
2026-01-31,US:AIR:NYQ,US:AIR,AIR:NYQ,AIR,AAR Corp,NYQ,us,russell3000,Aerospace and Defense,ft_icb_native,2026-01-31,Industrials,Aerospace and Defense,ft_native_v2,ft_index_membership_filtered,0.95,high,2026-01-31,https://markets.ft.com/data/equities/tearsheet/summary?s=AIR:NYQ,2026-01-31T00:00:00+00:00,ft-us-2026-01-31,2026-01-31,,True
2026-01-31,US:AIT:NYQ,US:AIT,AIT:NYQ,AIT,Applied Industrial Technologies Inc,NYQ,us,russell3000,Industrial Support Services,ft_icb_native,2026-01-31,Industrials,Industrial Support Services,ft_native_v2,ft_index_membership_filtered,0.95,high,2026-01-31,https://markets.ft.com/data/equities/tearsheet/summary?s=AIT:NYQ,2026-01-31T00:00:00+00:00,ft-us-2026-01-31,2026-01-31,,True
2026-01-31,US:AIV:NYQ,US:AIV,AIV:NYQ,AIV,Apartment Investment and Management Co,NYQ,us,russell3000,Real Estate Investment Trusts,ft_icb_native,2026-01-31,Real Estate,Real Estate Investment Trusts,ft_native_v2,ft_index_membership_filtered,0.95,high,2026-01-31,https://markets.ft.com/data/equities/tearsheet/summary?s=AIV:NYQ,2026-01-31T00:00:00+00:00,ft-us-2026-01-31,2026-01-31,,True
2026-01-31,US:AIZ:NYQ,US:AIZ,AIZ:NYQ,AIZ,Assurant Inc,NYQ,us,russell3000,Non-life Insurance,ft_icb_native,2026-01-31,Financials,Non-life Insurance,ft_native_v2,ft_index_membership_filtered,0.95,high,2026-01-31,https://markets.ft.com/data/equities/tearsheet/summary?s=AIZ:NYQ,2026-01-31T00:00:00+00:00,ft-us-2026-01-31,2026-01-31,,True
2026-01-31,US:AJG:NYQ,US:AJG,AJG:NYQ,AJG,Arthur J. Gallagher & Co.,NYQ,us,russell3000,Non-life Insurance,ft_icb_native,2026-01-31,Financials,Non-life Insurance,ft_native_v2,ft_index_membership_filtered,0.95,high,2026-01-31,https://markets.ft.com/data/equities/tearsheet/summary?s=AJG:NYQ,2026-01-31T00:00:00+00:00,ft-us-2026-01-31,2026-01-31,,True
2026-01-31,US:AKAM:NSQ,US:AKAM,AKAM:NSQ,AKAM,Akamai Technologies Inc,NASDAQ,us,russell3000,Technology,ft_icb_native,2026-01-31,Technology,Technology,ft_native_v2,ft_index_membership_filtered,0.95,high,2026-01-31,https://markets.ft.com/data/equities/tearsheet/summary?s=AKAM:NSQ,2026-01-31T00:00:00+00:00,ft-us-2026-01-31,2026-01-31,,True
2026-01-31,US:AKBA:NAQ,US:AKBA,AKBA:NAQ,AKBA,Akebia Therapeutics Inc,NAQ,us,russell3000,Pharmaceuticals and Biotechnology,ft_icb_native,2026-01-31,Health Care,Pharmaceuticals and Biotechnology,ft_native_v2,ft_index_membership_filtered,0.95,high,2026-01-31,https://markets.ft.com/data/equities/tearsheet/summary?s=AKBA:NAQ,2026-01-31T00:00:00+00:00,ft-us-2026-01-31,2026-01-31,,True
2026-01-31,US:AKR:NYQ,US:AKR,AKR:NYQ,AKR,Acadia Realty Trust,NYQ,us,russell3000,Real Estate Investment Trusts,ft_icb_native,2026-01-31,Real Estate,Real Estate Investment Trusts,ft_native_v2,ft_index_membership_filtered,0.95,high,2026-01-31,https://markets.ft.com/data/equities/tearsheet/summary?s=AKR:NYQ,2026-01-31T00:00:00+00:00,ft-us-2026-01-31,2026-01-31,,True
2026-01-31,US:AL:NYQ,US:AL,AL:NYQ,AL,Air Lease Corp,NYQ,us,russell3000,Industrial Transportation,ft_icb_native,2026-01-31,Industrials,Industrial Transportation,ft_native_v2,ft_index_membership_filtered,0.95,high,2026-01-31,https://markets.ft.com/data/equities/tearsheet/summary?s=AL:NYQ,2026-01-31T00:00:00+00:00,ft-us-2026-01-31,2026-01-31,,True
2026-01-31,US:ALAB:NSQ,US:ALAB,ALAB:NSQ,ALAB,Astera Labs Inc,NASDAQ,us,russell3000,Technology Hardware and Equipment,ft_icb_native,2026-01-31,Technology,Technology Hardware and Equipment,ft_native_v2,ft_index_membership_filtered,0.95,high,2026-01-31,https://markets.ft.com/data/equities/tearsheet/summary?s=ALAB:NSQ,2026-01-31T00:00:00+00:00,ft-us-2026-01-31,2026-01-31,,True
2026-01-31,US:ALB:NYQ,US:ALB,ALB:NYQ,ALB,Albemarle Corp,NYQ,us,russell3000,Chemicals,ft_icb_native,2026-01-31,Basic Materials,Chemicals,ft_native_v2,ft_index_membership_filtered,0.95,high,2026-01-31,https://markets.ft.com/data/equities/tearsheet/summary?s=ALB:NYQ,2026-01-31T00:00:00+00:00,ft-us-2026-01-31,2026-01-31,,True
2026-01-31,US:ALDX:NAQ,US:ALDX,ALDX:NAQ,ALDX,Aldeyra Therapeutics Inc,NAQ,us,russell3000,Pharmaceuticals and Biotechnology,ft_icb_native,2026-01-31,Health Care,Pharmaceuticals and Biotechnology,ft_native_v2,ft_index_membership_filtered,0.95,high,2026-01-31,https://markets.ft.com/data/equities/tearsheet/summary?s=ALDX:NAQ,2026-01-31T00:00:00+00:00,ft-us-2026-01-31,2026-01-31,,True
2026-01-31,US:ALEC:NSQ,US:ALEC,ALEC:NSQ,ALEC,Alector Inc,NASDAQ,us,russell3000,Pharmaceuticals and Biotechnology,ft_icb_native,2026-01-31,Health Care,Pharmaceuticals and Biotechnology,ft_native_v2,ft_index_membership_filtered,0.95,high,2026-01-31,https://markets.ft.com/data/equities/tearsheet/summary?s=ALEC:NSQ,2026-01-31T00:00:00+00:00,ft-us-2026-01-31,2026-01-31,,True
2026-01-31,US:ALEX:NYQ,US:ALEX,ALEX:NYQ,ALEX,Alexander & Baldwin Inc (Hawaii),NYQ,us,russell3000,Real Estate Investment Trusts,ft_icb_native,2026-01-31,Real Estate,Real Estate Investment Trusts,ft_native_v2,ft_index_membership_filtered,0.95,high,2026-01-31,https://markets.ft.com/data/equities/tearsheet/summary?s=ALEX:NYQ,2026-01-31T00:00:00+00:00,ft-us-2026-01-31,2026-01-31,,True
2026-01-31,US:ALG:NYQ,US:ALG,ALG:NYQ,ALG,Alamo Group Inc,NYQ,us,russell3000,Industrial Engineering,ft_icb_native,2026-01-31,Industrials,Industrial Engineering,ft_native_v2,ft_index_membership_filtered,0.95,high,2026-01-31,https://markets.ft.com/data/equities/tearsheet/summary?s=ALG:NYQ,2026-01-31T00:00:00+00:00,ft-us-2026-01-31,2026-01-31,,True
2026-01-31,US:ALGM:NSQ,US:ALGM,ALGM:NSQ,ALGM,Allegro Microsystems Inc,NASDAQ,us,russell3000,Technology Hardware and Equipment,ft_icb_native,2026-01-31,Technology,Technology Hardware and Equipment,ft_native_v2,ft_index_membership_filtered,0.95,high,2026-01-31,https://markets.ft.com/data/equities/tearsheet/summary?s=ALGM:NSQ,2026-01-31T00:00:00+00:00,ft-us-2026-01-31,2026-01-31,,True
2026-01-31,US:ALGN:NSQ,US:ALGN,ALGN:NSQ,ALGN,Align Technology Inc,NASDAQ,us,russell3000,Medical Equipment and Services,ft_icb_native,2026-01-31,Health Care,Medical Equipment and Services,ft_native_v2,ft_index_membership_filtered,0.95,high,2026-01-31,https://markets.ft.com/data/equities/tearsheet/summary?s=ALGN:NSQ,2026-01-31T00:00:00+00:00,ft-us-2026-01-31,2026-01-31,,True
2026-01-31,US:ALGT:NSQ,US:ALGT,ALGT:NSQ,ALGT,Allegiant Travel Co,NASDAQ,us,russell3000,Travel and Leisure,ft_icb_native,2026-01-31,Industrials,Travel and Leisure,ft_native_v2,ft_index_membership_filtered,0.95,high,2026-01-31,https://markets.ft.com/data/equities/tearsheet/summary?s=ALGT:NSQ,2026-01-31T00:00:00+00:00,ft-us-2026-01-31,2026-01-31,,True
2026-01-31,US:ALH:NYS,US:ALH,ALH:NYS,ALH,Alliance Laundry Holdings Inc,NYSE,us,russell3000,Industrial Engineering,ft_icb_native,2026-01-31,Industrials,Industrial Engineering,ft_native_v2,ft_index_membership_filtered,0.95,high,2026-01-31,https://markets.ft.com/data/equities/tearsheet/summary?s=ALH:NYS,2026-01-31T00:00:00+00:00,ft-us-2026-01-31,2026-01-31,,True
2026-01-31,US:ALHC:NSQ,US:ALHC,ALHC:NSQ,ALHC,Alignment Healthcare Inc,NASDAQ,us,russell3000,Health Care Providers,ft_icb_native,2026-01-31,Health Care,Health Care Providers,ft_native_v2,ft_index_membership_filtered,0.95,high,2026-01-31,https://markets.ft.com/data/equities/tearsheet/summary?s=ALHC:NSQ,2026-01-31T00:00:00+00:00,ft-us-2026-01-31,2026-01-31,,True
2026-01-31,US:ALIT:NYQ,US:ALIT,ALIT:NYQ,ALIT,Alight Inc,NYQ,us,russell3000,Industrial Support Services,ft_icb_native,2026-01-31,Industrials,Industrial Support Services,ft_native_v2,ft_index_membership_filtered,0.95,high,2026-01-31,https://markets.ft.com/data/equities/tearsheet/summary?s=ALIT:NYQ,2026-01-31T00:00:00+00:00,ft-us-2026-01-31,2026-01-31,,True
2026-01-31,US:ALK:NYQ,US:ALK,ALK:NYQ,ALK,Alaska Air Group Inc,NYQ,us,russell3000,Travel and Leisure,ft_icb_native,2026-01-31,Industrials,Travel and Leisure,ft_native_v2,ft_index_membership_filtered,0.95,high,2026-01-31,https://markets.ft.com/data/equities/tearsheet/summary?s=ALK:NYQ,2026-01-31T00:00:00+00:00,ft-us-2026-01-31,2026-01-31,,True
2026-01-31,US:ALKS:NSQ,US:ALKS,ALKS:NSQ,ALKS,Alkermes Plc,NASDAQ,us,russell3000,Pharmaceuticals and Biotechnology,ft_icb_native,2026-01-31,Health Care,Pharmaceuticals and Biotechnology,ft_native_v2,ft_index_membership_filtered,0.95,high,2026-01-31,https://markets.ft.com/data/equities/tearsheet/summary?s=ALKS:NSQ,2026-01-31T00:00:00+00:00,ft-us-2026-01-31,2026-01-31,,True
2026-01-31,US:ALKT:NSQ,US:ALKT,ALKT:NSQ,ALKT,Alkami Technology Inc,NASDAQ,us,russell3000,Technology,ft_icb_native,2026-01-31,Technology,Technology,ft_native_v2,ft_index_membership_filtered,0.95,high,2026-01-31,https://markets.ft.com/data/equities/tearsheet/summary?s=ALKT:NSQ,2026-01-31T00:00:00+00:00,ft-us-2026-01-31,2026-01-31,,True
2026-01-31,US:ALL:NYQ,US:ALL,ALL:NYQ,ALL,Allstate Corp,NYQ,us,russell3000,Non-life Insurance,ft_icb_native,2026-01-31,Financials,Non-life Insurance,ft_native_v2,ft_index_membership_filtered,0.95,high,2026-01-31,https://markets.ft.com/data/equities/tearsheet/summary?s=ALL:NYQ,2026-01-31T00:00:00+00:00,ft-us-2026-01-31,2026-01-31,,True
2026-01-31,US:ALLE:NYQ,US:ALLE,ALLE:NYQ,ALLE,Allegion PLC,NYQ,us,russell3000,Electronic and Electrical Equipment,ft_icb_native,2026-01-31,Industrials,Electronic and Electrical Equipment,ft_native_v2,ft_index_membership_filtered,0.95,high,2026-01-31,https://markets.ft.com/data/equities/tearsheet/summary?s=ALLE:NYQ,2026-01-31T00:00:00+00:00,ft-us-2026-01-31,2026-01-31,,True
2026-01-31,US:ALLO:NSQ,US:ALLO,ALLO:NSQ,ALLO,Allogene Therapeutics Inc,NASDAQ,us,russell3000,Pharmaceuticals and Biotechnology,ft_icb_native,2026-01-31,Health Care,Pharmaceuticals and Biotechnology,ft_native_v2,ft_index_membership_filtered,0.95,high,2026-01-31,https://markets.ft.com/data/equities/tearsheet/summary?s=ALLO:NSQ,2026-01-31T00:00:00+00:00,ft-us-2026-01-31,2026-01-31,,True
2026-01-31,US:ALLY:NYQ,US:ALLY,ALLY:NYQ,ALLY,Ally Financial Inc,NYQ,us,russell3000,Finance and Credit Services,ft_icb_native,2026-01-31,Financials,Finance and Credit Services,ft_native_v2,ft_index_membership_filtered,0.95,high,2026-01-31,https://markets.ft.com/data/equities/tearsheet/summary?s=ALLY:NYQ,2026-01-31T00:00:00+00:00,ft-us-2026-01-31,2026-01-31,,True
2026-01-31,US:ALMS:NSQ,US:ALMS,ALMS:NSQ,ALMS,Alumis Inc,NASDAQ,us,russell3000,Pharmaceuticals and Biotechnology,ft_icb_native,2026-01-31,Health Care,Pharmaceuticals and Biotechnology,ft_native_v2,ft_index_membership_filtered,0.95,high,2026-01-31,https://markets.ft.com/data/equities/tearsheet/summary?s=ALMS:NSQ,2026-01-31T00:00:00+00:00,ft-us-2026-01-31,2026-01-31,,True
2026-01-31,US:ALNT:NMQ,US:ALNT,ALNT:NMQ,ALNT,Allient Inc,NMQ,us,russell3000,Electronic and Electrical Equipment,ft_icb_native,2026-01-31,Industrials,Electronic and Electrical Equipment,ft_native_v2,ft_index_membership_filtered,0.95,high,2026-01-31,https://markets.ft.com/data/equities/tearsheet/summary?s=ALNT:NMQ,2026-01-31T00:00:00+00:00,ft-us-2026-01-31,2026-01-31,,True
2026-01-31,US:ALNY:NSQ,US:ALNY,ALNY:NSQ,ALNY,Alnylam Pharmaceuticals Inc,NASDAQ,us,russell3000,Pharmaceuticals and Biotechnology,ft_icb_native,2026-01-31,Health Care,Pharmaceuticals and Biotechnology,ft_native_v2,ft_index_membership_filtered,0.95,high,2026-01-31,https://markets.ft.com/data/equities/tearsheet/summary?s=ALNY:NSQ,2026-01-31T00:00:00+00:00,ft-us-2026-01-31,2026-01-31,,True
2026-01-31,US:ALRM:NSQ,US:ALRM,ALRM:NSQ,ALRM,Alarm.com Holdings Inc,NASDAQ,us,russell3000,Technology,ft_icb_native,2026-01-31,Technology,Technology,ft_native_v2,ft_index_membership_filtered,0.95,high,2026-01-31,https://markets.ft.com/data/equities/tearsheet/summary?s=ALRM:NSQ,2026-01-31T00:00:00+00:00,ft-us-2026-01-31,2026-01-31,,True
2026-01-31,US:ALRS:NAQ,US:ALRS,ALRS:NAQ,ALRS,Alerus Financial Corp,NAQ,us,russell3000,Investment Banking and Brokerage Services,ft_icb_native,2026-01-31,Financials,Investment Banking and Brokerage Services,ft_native_v2,ft_index_membership_filtered,0.95,high,2026-01-31,https://markets.ft.com/data/equities/tearsheet/summary?s=ALRS:NAQ,2026-01-31T00:00:00+00:00,ft-us-2026-01-31,2026-01-31,,True
2026-01-31,US:ALSN:NYQ,US:ALSN,ALSN:NYQ,ALSN,Allison Transmission Holdings Inc,NYQ,us,russell3000,Industrial Transportation,ft_icb_native,2026-01-31,Industrials,Industrial Transportation,ft_native_v2,ft_index_membership_filtered,0.95,high,2026-01-31,https://markets.ft.com/data/equities/tearsheet/summary?s=ALSN:NYQ,2026-01-31T00:00:00+00:00,ft-us-2026-01-31,2026-01-31,,True
2026-01-31,US:ALT:NMQ,US:ALT,ALT:NMQ,ALT,Altimmune Inc,NMQ,us,russell3000,Pharmaceuticals and Biotechnology,ft_icb_native,2026-01-31,Health Care,Pharmaceuticals and Biotechnology,ft_native_v2,ft_index_membership_filtered,0.95,high,2026-01-31,https://markets.ft.com/data/equities/tearsheet/summary?s=ALT:NMQ,2026-01-31T00:00:00+00:00,ft-us-2026-01-31,2026-01-31,,True
2026-01-31,US:ALTG:NYS,US:ALTG,ALTG:NYS,ALTG,Alta Equipment Group Inc,NYSE,us,russell3000,Industrial Engineering,ft_icb_native,2026-01-31,Industrials,Industrial Engineering,ft_native_v2,ft_index_membership_filtered,0.95,high,2026-01-31,https://markets.ft.com/data/equities/tearsheet/summary?s=ALTG:NYS,2026-01-31T00:00:00+00:00,ft-us-2026-01-31,2026-01-31,,True
2026-01-31,US:ALX:NYQ,US:ALX,ALX:NYQ,ALX,Alexander's Inc,NYQ,us,russell3000,Real Estate Investment Trusts,ft_icb_native,2026-01-31,Real Estate,Real Estate Investment Trusts,ft_native_v2,ft_index_membership_filtered,0.95,high,2026-01-31,https://markets.ft.com/data/equities/tearsheet/summary?s=ALX:NYQ,2026-01-31T00:00:00+00:00,ft-us-2026-01-31,2026-01-31,,True
2026-01-31,US:AM:NYS,US:AM,AM:NYS,AM,Antero Midstream Corp,NYSE,us,russell3000,"Oil, Gas and Coal",ft_icb_native,2026-01-31,Energy,"Oil, Gas and Coal",ft_native_v2,ft_index_membership_filtered,0.95,high,2026-01-31,https://markets.ft.com/data/equities/tearsheet/summary?s=AM:NYS,2026-01-31T00:00:00+00:00,ft-us-2026-01-31,2026-01-31,,True
2026-01-31,US:AMAL:NMQ,US:AMAL,AMAL:NMQ,AMAL,Amalgamated Financial Corp,NMQ,us,russell3000,Banks,ft_icb_native,2026-01-31,Financials,Banks,ft_native_v2,ft_index_membership_filtered,0.95,high,2026-01-31,https://markets.ft.com/data/equities/tearsheet/summary?s=AMAL:NMQ,2026-01-31T00:00:00+00:00,ft-us-2026-01-31,2026-01-31,,True
2026-01-31,US:AMAT:NSQ,US:AMAT,AMAT:NSQ,AMAT,Applied Materials Inc,NASDAQ,us,russell3000,Technology Hardware and Equipment,ft_icb_native,2026-01-31,Technology,Technology Hardware and Equipment,ft_native_v2,ft_index_membership_filtered,0.95,high,2026-01-31,https://markets.ft.com/data/equities/tearsheet/summary?s=AMAT:NSQ,2026-01-31T00:00:00+00:00,ft-us-2026-01-31,2026-01-31,,True
2026-01-31,US:AMBA:NSQ,US:AMBA,AMBA:NSQ,AMBA,Ambarella Inc,NASDAQ,us,russell3000,Technology Hardware and Equipment,ft_icb_native,2026-01-31,Technology,Technology Hardware and Equipment,ft_native_v2,ft_index_membership_filtered,0.95,high,2026-01-31,https://markets.ft.com/data/equities/tearsheet/summary?s=AMBA:NSQ,2026-01-31T00:00:00+00:00,ft-us-2026-01-31,2026-01-31,,True
2026-01-31,US:AMBP:NYS,US:AMBP,AMBP:NYS,AMBP,Ardagh Metal Packaging SA,NYSE,us,russell3000,General Industrials,ft_icb_native,2026-01-31,Industrials,General Industrials,ft_native_v2,ft_index_membership_filtered,0.95,high,2026-01-31,https://markets.ft.com/data/equities/tearsheet/summary?s=AMBP:NYS,2026-01-31T00:00:00+00:00,ft-us-2026-01-31,2026-01-31,,True
2026-01-31,US:AMC:NYQ,US:AMC,AMC:NYQ,AMC,AMC Entertainment Holdings Inc,NYQ,us,russell3000,Media,ft_icb_native,2026-01-31,Telecommunications,Media,ft_native_v2,ft_index_membership_filtered,0.95,high,2026-01-31,https://markets.ft.com/data/equities/tearsheet/summary?s=AMC:NYQ,2026-01-31T00:00:00+00:00,ft-us-2026-01-31,2026-01-31,,True
2026-01-31,US:AMCR:NYS,US:AMCR,AMCR:NYS,AMCR,Amcor PLC,NYSE,us,russell3000,General Industrials,ft_icb_native,2026-01-31,Industrials,General Industrials,ft_native_v2,ft_index_membership_filtered,0.95,high,2026-01-31,https://markets.ft.com/data/equities/tearsheet/summary?s=AMCR:NYS,2026-01-31T00:00:00+00:00,ft-us-2026-01-31,2026-01-31,,True
2026-01-31,US:AMCX:NSQ,US:AMCX,AMCX:NSQ,AMCX,Amc Networks Inc (Nevada),NASDAQ,us,russell3000,Media,ft_icb_native,2026-01-31,Telecommunications,Media,ft_native_v2,ft_index_membership_filtered,0.95,high,2026-01-31,https://markets.ft.com/data/equities/tearsheet/summary?s=AMCX:NSQ,2026-01-31T00:00:00+00:00,ft-us-2026-01-31,2026-01-31,,True
2026-01-31,US:AMD:NSQ,US:AMD,AMD:NSQ,AMD,Advanced Micro Devices Inc,NASDAQ,us,russell3000,Technology Hardware and Equipment,ft_icb_native,2026-01-31,Technology,Technology Hardware and Equipment,ft_native_v2,ft_index_membership_filtered,0.95,high,2026-01-31,https://markets.ft.com/data/equities/tearsheet/summary?s=AMD:NSQ,2026-01-31T00:00:00+00:00,ft-us-2026-01-31,2026-01-31,,True
2026-01-31,US:AME:NYQ,US:AME,AME:NYQ,AME,AMETEK Inc,NYQ,us,russell3000,Electronic and Electrical Equipment,ft_icb_native,2026-01-31,Industrials,Electronic and Electrical Equipment,ft_native_v2,ft_index_membership_filtered,0.95,high,2026-01-31,https://markets.ft.com/data/equities/tearsheet/summary?s=AME:NYQ,2026-01-31T00:00:00+00:00,ft-us-2026-01-31,2026-01-31,,True
2026-01-31,US:AMG:NYQ,US:AMG,AMG:NYQ,AMG,Affiliated Managers Group Inc,NYQ,us,russell3000,Investment Banking and Brokerage Services,ft_icb_native,2026-01-31,Financials,Investment Banking and Brokerage Services,ft_native_v2,ft_index_membership_filtered,0.95,high,2026-01-31,https://markets.ft.com/data/equities/tearsheet/summary?s=AMG:NYQ,2026-01-31T00:00:00+00:00,ft-us-2026-01-31,2026-01-31,,True
2026-01-31,US:AMGN:NSQ,US:AMGN,AMGN:NSQ,AMGN,Amgen Inc,NASDAQ,us,russell3000,Pharmaceuticals and Biotechnology,ft_icb_native,2026-01-31,Health Care,Pharmaceuticals and Biotechnology,ft_native_v2,ft_index_membership_filtered,0.95,high,2026-01-31,https://markets.ft.com/data/equities/tearsheet/summary?s=AMGN:NSQ,2026-01-31T00:00:00+00:00,ft-us-2026-01-31,2026-01-31,,True
2026-01-31,US:AMH:NYQ,US:AMH,AMH:NYQ,AMH,American Homes 4 Rent,NYQ,us,russell3000,Real Estate Investment Trusts,ft_icb_native,2026-01-31,Real Estate,Real Estate Investment Trusts,ft_native_v2,ft_index_membership_filtered,0.95,high,2026-01-31,https://markets.ft.com/data/equities/tearsheet/summary?s=AMH:NYQ,2026-01-31T00:00:00+00:00,ft-us-2026-01-31,2026-01-31,,True
2026-01-31,US:AMKR:NSQ,US:AMKR,AMKR:NSQ,AMKR,Amkor Technology Inc,NASDAQ,us,russell3000,Technology Hardware and Equipment,ft_icb_native,2026-01-31,Technology,Technology Hardware and Equipment,ft_native_v2,ft_index_membership_filtered,0.95,high,2026-01-31,https://markets.ft.com/data/equities/tearsheet/summary?s=AMKR:NSQ,2026-01-31T00:00:00+00:00,ft-us-2026-01-31,2026-01-31,,True
2026-01-31,US:AMLX:NSQ,US:AMLX,AMLX:NSQ,AMLX,Amylyx Pharmaceuticals Inc,NASDAQ,us,russell3000,Pharmaceuticals and Biotechnology,ft_icb_native,2026-01-31,Health Care,Pharmaceuticals and Biotechnology,ft_native_v2,ft_index_membership_filtered,0.95,high,2026-01-31,https://markets.ft.com/data/equities/tearsheet/summary?s=AMLX:NSQ,2026-01-31T00:00:00+00:00,ft-us-2026-01-31,2026-01-31,,True
2026-01-31,US:AMN:NYQ,US:AMN,AMN:NYQ,AMN,AMN Healthcare Services Inc,NYQ,us,russell3000,Health Care Providers,ft_icb_native,2026-01-31,Health Care,Health Care Providers,ft_native_v2,ft_index_membership_filtered,0.95,high,2026-01-31,https://markets.ft.com/data/equities/tearsheet/summary?s=AMN:NYQ,2026-01-31T00:00:00+00:00,ft-us-2026-01-31,2026-01-31,,True
2026-01-31,US:AMP:NYS,US:AMP,AMP:NYS,AMP,Ameriprise Financial Inc,NYSE,us,russell3000,Investment Banking and Brokerage Services,ft_icb_native,2026-01-31,Financials,Investment Banking and Brokerage Services,ft_native_v2,ft_index_membership_filtered,0.95,high,2026-01-31,https://markets.ft.com/data/equities/tearsheet/summary?s=AMP:NYS,2026-01-31T00:00:00+00:00,ft-us-2026-01-31,2026-01-31,,True
2026-01-31,US:AMPH:NSQ,US:AMPH,AMPH:NSQ,AMPH,Amphastar Pharmaceuticals Inc,NASDAQ,us,russell3000,Pharmaceuticals and Biotechnology,ft_icb_native,2026-01-31,Health Care,Pharmaceuticals and Biotechnology,ft_native_v2,ft_index_membership_filtered,0.95,high,2026-01-31,https://markets.ft.com/data/equities/tearsheet/summary?s=AMPH:NSQ,2026-01-31T00:00:00+00:00,ft-us-2026-01-31,2026-01-31,,True
2026-01-31,US:AMPL:NAQ,US:AMPL,AMPL:NAQ,AMPL,Amplitude Inc,NAQ,us,russell3000,Technology,ft_icb_native,2026-01-31,Technology,Technology,ft_native_v2,ft_index_membership_filtered,0.95,high,2026-01-31,https://markets.ft.com/data/equities/tearsheet/summary?s=AMPL:NAQ,2026-01-31T00:00:00+00:00,ft-us-2026-01-31,2026-01-31,,True
2026-01-31,US:AMPX:NYQ,US:AMPX,AMPX:NYQ,AMPX,Amprius Technologies Inc,NYQ,us,russell3000,Electronic and Electrical Equipment,ft_icb_native,2026-01-31,Industrials,Electronic and Electrical Equipment,ft_native_v2,ft_index_membership_filtered,0.95,high,2026-01-31,https://markets.ft.com/data/equities/tearsheet/summary?s=AMPX:NYQ,2026-01-31T00:00:00+00:00,ft-us-2026-01-31,2026-01-31,,True
2026-01-31,US:AMR:NYQ,US:AMR,AMR:NYQ,AMR,Alpha Metallurgical Resources Inc,NYQ,us,russell3000,"Oil, Gas and Coal",ft_icb_native,2026-01-31,Basic Materials,"Oil, Gas and Coal",ft_native_v2,ft_index_membership_filtered,0.95,high,2026-01-31,https://markets.ft.com/data/equities/tearsheet/summary?s=AMR:NYQ,2026-01-31T00:00:00+00:00,ft-us-2026-01-31,2026-01-31,,True
2026-01-31,US:AMRC:NYQ,US:AMRC,AMRC:NYQ,AMRC,Ameresco Inc,NYQ,us,russell3000,Alternative Energy,ft_icb_native,2026-01-31,Industrials,Alternative Energy,ft_native_v2,ft_index_membership_filtered,0.95,high,2026-01-31,https://markets.ft.com/data/equities/tearsheet/summary?s=AMRC:NYQ,2026-01-31T00:00:00+00:00,ft-us-2026-01-31,2026-01-31,,True
2026-01-31,US:AMRX:NSQ,US:AMRX,AMRX:NSQ,AMRX,Amneal Pharmaceuticals Inc,NASDAQ,us,russell3000,Pharmaceuticals and Biotechnology,ft_icb_native,2026-01-31,Health Care,Pharmaceuticals and Biotechnology,ft_native_v2,ft_index_membership_filtered_level3_fallback,0.65,medium,2026-01-31,https://markets.ft.com/data/equities/tearsheet/summary?s=AMRX:NSQ,2026-01-31T00:00:00+00:00,ft-us-2026-01-31,2026-01-31,,True
2026-01-31,US:AMSC:NSQ,US:AMSC,AMSC:NSQ,AMSC,American Superconductor Corp,NASDAQ,us,russell3000,Alternative Energy,ft_icb_native,2026-01-31,Industrials,Alternative Energy,ft_native_v2,ft_index_membership_filtered,0.95,high,2026-01-31,https://markets.ft.com/data/equities/tearsheet/summary?s=AMSC:NSQ,2026-01-31T00:00:00+00:00,ft-us-2026-01-31,2026-01-31,,True
2026-01-31,US:AMSF:NSQ,US:AMSF,AMSF:NSQ,AMSF,Amerisafe Inc,NASDAQ,us,russell3000,Non-life Insurance,ft_icb_native,2026-01-31,Financials,Non-life Insurance,ft_native_v2,ft_index_membership_filtered,0.95,high,2026-01-31,https://markets.ft.com/data/equities/tearsheet/summary?s=AMSF:NSQ,2026-01-31T00:00:00+00:00,ft-us-2026-01-31,2026-01-31,,True
2026-01-31,US:AMT:NYQ,US:AMT,AMT:NYQ,AMT,American Tower Corp,NYQ,us,russell3000,Real Estate Investment Trusts,ft_icb_native,2026-01-31,Real Estate,Real Estate Investment Trusts,ft_native_v2,ft_index_membership_filtered,0.95,high,2026-01-31,https://markets.ft.com/data/equities/tearsheet/summary?s=AMT:NYQ,2026-01-31T00:00:00+00:00,ft-us-2026-01-31,2026-01-31,,True
2026-01-31,US:AMTB:NYQ,US:AMTB,AMTB:NYQ,AMTB,Amerant Bancorp Inc,NYQ,us,russell3000,Banks,ft_icb_native,2026-01-31,Financials,Banks,ft_native_v2,ft_index_membership_filtered,0.95,high,2026-01-31,https://markets.ft.com/data/equities/tearsheet/summary?s=AMTB:NYQ,2026-01-31T00:00:00+00:00,ft-us-2026-01-31,2026-01-31,,True
2026-01-31,US:AMTM:NYS,US:AMTM,AMTM:NYS,AMTM,Amentum Holdings Inc,NYSE,us,russell3000,Industrial Support Services,ft_icb_native,2026-01-31,Industrials,Industrial Support Services,ft_native_v2,ft_index_membership_filtered,0.95,high,2026-01-31,https://markets.ft.com/data/equities/tearsheet/summary?s=AMTM:NYS,2026-01-31T00:00:00+00:00,ft-us-2026-01-31,2026-01-31,,True
2026-01-31,US:AMWD:NSQ,US:AMWD,AMWD:NSQ,AMWD,American Woodmark Corp,NASDAQ,us,russell3000,Construction and Materials,ft_icb_native,2026-01-31,Industrials,Construction and Materials,ft_native_v2,ft_index_membership_filtered,0.95,high,2026-01-31,https://markets.ft.com/data/equities/tearsheet/summary?s=AMWD:NSQ,2026-01-31T00:00:00+00:00,ft-us-2026-01-31,2026-01-31,,True
2026-01-31,US:AMZN:NSQ,US:AMZN,AMZN:NSQ,AMZN,Amazon.com Inc,NASDAQ,us,russell3000,Consumer Discretionary,ft_icb_native,2026-01-31,Consumer Discretionary,Consumer Discretionary,ft_native_v2,ft_index_membership_filtered,0.95,high,2026-01-31,https://markets.ft.com/data/equities/tearsheet/summary?s=AMZN:NSQ,2026-01-31T00:00:00+00:00,ft-us-2026-01-31,2026-01-31,,True
2026-01-31,US:AN:NYQ,US:AN,AN:NYQ,AN,AutoNation Inc,NYQ,us,russell3000,Consumer Discretionary,ft_icb_native,2026-01-31,Consumer Discretionary,Consumer Discretionary,ft_native_v2,ft_index_membership_filtered,0.95,high,2026-01-31,https://markets.ft.com/data/equities/tearsheet/summary?s=AN:NYQ,2026-01-31T00:00:00+00:00,ft-us-2026-01-31,2026-01-31,,True
2026-01-31,US:ANAB:NSQ,US:ANAB,ANAB:NSQ,ANAB,AnaptysBio Inc,NASDAQ,us,russell3000,Pharmaceuticals and Biotechnology,ft_icb_native,2026-01-31,Health Care,Pharmaceuticals and Biotechnology,ft_native_v2,ft_index_membership_filtered,0.95,high,2026-01-31,https://markets.ft.com/data/equities/tearsheet/summary?s=ANAB:NSQ,2026-01-31T00:00:00+00:00,ft-us-2026-01-31,2026-01-31,,True
2026-01-31,US:ANDE:NSQ,US:ANDE,ANDE:NSQ,ANDE,Andersons Inc,NASDAQ,us,russell3000,Food Producers,ft_icb_native,2026-01-31,Consumer Staples,Food Producers,ft_native_v2,ft_index_membership_filtered,0.95,high,2026-01-31,https://markets.ft.com/data/equities/tearsheet/summary?s=ANDE:NSQ,2026-01-31T00:00:00+00:00,ft-us-2026-01-31,2026-01-31,,True
2026-01-31,US:ANET:NYQ,US:ANET,ANET:NYQ,ANET,Arista Networks Inc,NYQ,us,russell3000,Telecommunications Equipment,ft_icb_native,2026-01-31,Technology,Telecommunications Equipment,ft_native_v2,ft_index_membership_filtered,0.95,high,2026-01-31,https://markets.ft.com/data/equities/tearsheet/summary?s=ANET:NYQ,2026-01-31T00:00:00+00:00,ft-us-2026-01-31,2026-01-31,,True
2026-01-31,US:ANF:NYQ,US:ANF,ANF:NYQ,ANF,Abercrombie & Fitch Co,NYQ,us,russell3000,Consumer Discretionary,ft_icb_native,2026-01-31,Consumer Discretionary,Consumer Discretionary,ft_native_v2,ft_index_membership_filtered,0.95,high,2026-01-31,https://markets.ft.com/data/equities/tearsheet/summary?s=ANF:NYQ,2026-01-31T00:00:00+00:00,ft-us-2026-01-31,2026-01-31,,True
2026-01-31,US:ANGI:NSQ,US:ANGI,ANGI:NSQ,ANGI,Angi Inc,NASDAQ,us,russell3000,Technology,ft_icb_native,2026-01-31,Telecommunications,Technology,ft_native_v2,ft_index_membership_filtered,0.95,high,2026-01-31,https://markets.ft.com/data/equities/tearsheet/summary?s=ANGI:NSQ,2026-01-31T00:00:00+00:00,ft-us-2026-01-31,2026-01-31,,True
2026-01-31,US:ANGO:NSQ,US:ANGO,ANGO:NSQ,ANGO,AngioDynamics Inc,NASDAQ,us,russell3000,Medical Equipment and Services,ft_icb_native,2026-01-31,Health Care,Medical Equipment and Services,ft_native_v2,ft_index_membership_filtered,0.95,high,2026-01-31,https://markets.ft.com/data/equities/tearsheet/summary?s=ANGO:NSQ,2026-01-31T00:00:00+00:00,ft-us-2026-01-31,2026-01-31,,True
2026-01-31,US:ANIK:NSQ,US:ANIK,ANIK:NSQ,ANIK,Anika Therapeutics Inc,NASDAQ,us,russell3000,Medical Equipment and Services,ft_icb_native,2026-01-31,Health Care,Medical Equipment and Services,ft_native_v2,ft_index_membership_filtered,0.95,high,2026-01-31,https://markets.ft.com/data/equities/tearsheet/summary?s=ANIK:NSQ,2026-01-31T00:00:00+00:00,ft-us-2026-01-31,2026-01-31,,True
2026-01-31,US:ANIP:NMQ,US:ANIP,ANIP:NMQ,ANIP,ANI Pharmaceuticals Inc,NMQ,us,russell3000,Pharmaceuticals and Biotechnology,ft_icb_native,2026-01-31,Health Care,Pharmaceuticals and Biotechnology,ft_native_v2,ft_index_membership_filtered,0.95,high,2026-01-31,https://markets.ft.com/data/equities/tearsheet/summary?s=ANIP:NMQ,2026-01-31T00:00:00+00:00,ft-us-2026-01-31,2026-01-31,,True
2026-01-31,US:ANNX:NSQ,US:ANNX,ANNX:NSQ,ANNX,Annexon Inc,NASDAQ,us,russell3000,Pharmaceuticals and Biotechnology,ft_icb_native,2026-01-31,Health Care,Pharmaceuticals and Biotechnology,ft_native_v2,ft_index_membership_filtered_level3_fallback,0.65,medium,2026-01-31,https://markets.ft.com/data/equities/tearsheet/summary?s=ANNX:NSQ,2026-01-31T00:00:00+00:00,ft-us-2026-01-31,2026-01-31,,True
2026-01-31,US:AON:NYQ,US:AON,AON:NYQ,AON,Aon PLC,NYQ,us,russell3000,Non-life Insurance,ft_icb_native,2026-01-31,Financials,Non-life Insurance,ft_native_v2,ft_index_membership_filtered,0.95,high,2026-01-31,https://markets.ft.com/data/equities/tearsheet/summary?s=AON:NYQ,2026-01-31T00:00:00+00:00,ft-us-2026-01-31,2026-01-31,,True
2026-01-31,US:AORT:NYQ,US:AORT,AORT:NYQ,AORT,Artivion Inc,NYQ,us,russell3000,Medical Equipment and Services,ft_icb_native,2026-01-31,Health Care,Medical Equipment and Services,ft_native_v2,ft_index_membership_filtered,0.95,high,2026-01-31,https://markets.ft.com/data/equities/tearsheet/summary?s=AORT:NYQ,2026-01-31T00:00:00+00:00,ft-us-2026-01-31,2026-01-31,,True
2026-01-31,US:AOS:NYQ,US:AOS,AOS:NYQ,AOS,A O Smith Corp,NYQ,us,russell3000,Construction and Materials,ft_icb_native,2026-01-31,Industrials,Construction and Materials,ft_native_v2,ft_index_membership_filtered,0.95,high,2026-01-31,https://markets.ft.com/data/equities/tearsheet/summary?s=AOS:NYQ,2026-01-31T00:00:00+00:00,ft-us-2026-01-31,2026-01-31,,True
2026-01-31,US:AOSL:NSQ,US:AOSL,AOSL:NSQ,AOSL,Alpha and Omega Semiconductor Ltd,NASDAQ,us,russell3000,Technology Hardware and Equipment,ft_icb_native,2026-01-31,Technology,Technology Hardware and Equipment,ft_native_v2,ft_index_membership_filtered,0.95,high,2026-01-31,https://markets.ft.com/data/equities/tearsheet/summary?s=AOSL:NSQ,2026-01-31T00:00:00+00:00,ft-us-2026-01-31,2026-01-31,,True
2026-01-31,US:APA:NSQ,US:APA,APA:NSQ,APA,APA Corp (US),NASDAQ,us,russell3000,"Oil, Gas and Coal",ft_icb_native,2026-01-31,Energy,"Oil, Gas and Coal",ft_native_v2,ft_index_membership_filtered,0.95,high,2026-01-31,https://markets.ft.com/data/equities/tearsheet/summary?s=APA:NSQ,2026-01-31T00:00:00+00:00,ft-us-2026-01-31,2026-01-31,,True
2026-01-31,US:APAM:NYQ,US:APAM,APAM:NYQ,APAM,Artisan Partners Asset Management Inc,NYQ,us,russell3000,Investment Banking and Brokerage Services,ft_icb_native,2026-01-31,Financials,Investment Banking and Brokerage Services,ft_native_v2,ft_index_membership_filtered,0.95,high,2026-01-31,https://markets.ft.com/data/equities/tearsheet/summary?s=APAM:NYQ,2026-01-31T00:00:00+00:00,ft-us-2026-01-31,2026-01-31,,True
2026-01-31,US:APD:NYQ,US:APD,APD:NYQ,APD,Air Products and Chemicals Inc,NYQ,us,russell3000,Chemicals,ft_icb_native,2026-01-31,Basic Materials,Chemicals,ft_native_v2,ft_index_membership_filtered,0.95,high,2026-01-31,https://markets.ft.com/data/equities/tearsheet/summary?s=APD:NYQ,2026-01-31T00:00:00+00:00,ft-us-2026-01-31,2026-01-31,,True
2026-01-31,US:APEI:NSQ,US:APEI,APEI:NSQ,APEI,American Public Education Inc,NASDAQ,us,russell3000,Consumer Services,ft_icb_native,2026-01-31,Consumer Discretionary,Consumer Services,ft_native_v2,ft_index_membership_filtered,0.95,high,2026-01-31,https://markets.ft.com/data/equities/tearsheet/summary?s=APEI:NSQ,2026-01-31T00:00:00+00:00,ft-us-2026-01-31,2026-01-31,,True
2026-01-31,US:APG:NYQ,US:APG,APG:NYQ,APG,APi Group Corp,NYQ,us,russell3000,Construction and Materials,ft_icb_native,2026-01-31,Industrials,Construction and Materials,ft_native_v2,ft_index_membership_filtered,0.95,high,2026-01-31,https://markets.ft.com/data/equities/tearsheet/summary?s=APG:NYQ,2026-01-31T00:00:00+00:00,ft-us-2026-01-31,2026-01-31,,True
2026-01-31,US:APGE:NMQ,US:APGE,APGE:NMQ,APGE,Apogee Therapeutics Inc,NMQ,us,russell3000,Pharmaceuticals and Biotechnology,ft_icb_native,2026-01-31,Health Care,Pharmaceuticals and Biotechnology,ft_native_v2,ft_index_membership_filtered,0.95,high,2026-01-31,https://markets.ft.com/data/equities/tearsheet/summary?s=APGE:NMQ,2026-01-31T00:00:00+00:00,ft-us-2026-01-31,2026-01-31,,True
2026-01-31,US:APH:NYQ,US:APH,APH:NYQ,APH,Amphenol Corp,NYQ,us,russell3000,Technology Hardware and Equipment,ft_icb_native,2026-01-31,Technology,Technology Hardware and Equipment,ft_native_v2,ft_index_membership_filtered,0.95,high,2026-01-31,https://markets.ft.com/data/equities/tearsheet/summary?s=APH:NYQ,2026-01-31T00:00:00+00:00,ft-us-2026-01-31,2026-01-31,,True
2026-01-31,US:APLD:NSQ,US:APLD,APLD:NSQ,APLD,Applied Digital Corp,NASDAQ,us,russell3000,Technology,ft_icb_native,2026-01-31,Technology,Technology,ft_native_v2,ft_index_membership_filtered,0.95,high,2026-01-31,https://markets.ft.com/data/equities/tearsheet/summary?s=APLD:NSQ,2026-01-31T00:00:00+00:00,ft-us-2026-01-31,2026-01-31,,True
2026-01-31,US:APLE:NYQ,US:APLE,APLE:NYQ,APLE,Apple Hospitality REIT Inc,NYQ,us,russell3000,Real Estate Investment Trusts,ft_icb_native,2026-01-31,Real Estate,Real Estate Investment Trusts,ft_native_v2,ft_index_membership_filtered,0.95,high,2026-01-31,https://markets.ft.com/data/equities/tearsheet/summary?s=APLE:NYQ,2026-01-31T00:00:00+00:00,ft-us-2026-01-31,2026-01-31,,True
2026-01-31,US:APLS:NSQ,US:APLS,APLS:NSQ,APLS,Apellis Pharmaceuticals Inc,NASDAQ,us,russell3000,Pharmaceuticals and Biotechnology,ft_icb_native,2026-01-31,Health Care,Pharmaceuticals and Biotechnology,ft_native_v2,ft_index_membership_filtered,0.95,high,2026-01-31,https://markets.ft.com/data/equities/tearsheet/summary?s=APLS:NSQ,2026-01-31T00:00:00+00:00,ft-us-2026-01-31,2026-01-31,,True
2026-01-31,US:APO:NYQ,US:APO,APO:NYQ,APO,Apollo Global Management Inc,NYQ,us,russell3000,Investment Banking and Brokerage Services,ft_icb_native,2026-01-31,Financials,Investment Banking and Brokerage Services,ft_native_v2,ft_index_membership_filtered,0.95,high,2026-01-31,https://markets.ft.com/data/equities/tearsheet/summary?s=APO:NYQ,2026-01-31T00:00:00+00:00,ft-us-2026-01-31,2026-01-31,,True
2026-01-31,US:APOG:NSQ,US:APOG,APOG:NSQ,APOG,Apogee Enterprises Inc,NASDAQ,us,russell3000,General Industrials,ft_icb_native,2026-01-31,Industrials,General Industrials,ft_native_v2,ft_index_membership_filtered,0.95,high,2026-01-31,https://markets.ft.com/data/equities/tearsheet/summary?s=APOG:NSQ,2026-01-31T00:00:00+00:00,ft-us-2026-01-31,2026-01-31,,True
2026-01-31,US:APP:NSQ,US:APP,APP:NSQ,APP,Applovin Corp,NASDAQ,us,russell3000,Technology,ft_icb_native,2026-01-31,Technology,Technology,ft_native_v2,ft_index_membership_filtered,0.95,high,2026-01-31,https://markets.ft.com/data/equities/tearsheet/summary?s=APP:NSQ,2026-01-31T00:00:00+00:00,ft-us-2026-01-31,2026-01-31,,True
2026-01-31,US:APPF:NMQ,US:APPF,APPF:NMQ,APPF,Appfolio Inc,NMQ,us,russell3000,Technology,ft_icb_native,2026-01-31,Technology,Technology,ft_native_v2,ft_index_membership_filtered,0.95,high,2026-01-31,https://markets.ft.com/data/equities/tearsheet/summary?s=APPF:NMQ,2026-01-31T00:00:00+00:00,ft-us-2026-01-31,2026-01-31,,True
2026-01-31,US:APPN:NMQ,US:APPN,APPN:NMQ,APPN,Appian Corp,NMQ,us,russell3000,Technology,ft_icb_native,2026-01-31,Technology,Technology,ft_native_v2,ft_index_membership_filtered,0.95,high,2026-01-31,https://markets.ft.com/data/equities/tearsheet/summary?s=APPN:NMQ,2026-01-31T00:00:00+00:00,ft-us-2026-01-31,2026-01-31,,True
2026-01-31,US:APPS:NAQ,US:APPS,APPS:NAQ,APPS,Digital Turbine Inc,NAQ,us,russell3000,Technology,ft_icb_native,2026-01-31,Technology,Technology,ft_native_v2,ft_index_membership_filtered,0.95,high,2026-01-31,https://markets.ft.com/data/equities/tearsheet/summary?s=APPS:NAQ,2026-01-31T00:00:00+00:00,ft-us-2026-01-31,2026-01-31,,True
2026-01-31,US:APTV:NYQ,US:APTV,APTV:NYQ,APTV,Aptiv PLC,NYQ,us,russell3000,Automobiles and Parts,ft_icb_native,2026-01-31,Consumer Discretionary,Automobiles and Parts,ft_native_v2,ft_index_membership_filtered,0.95,high,2026-01-31,https://markets.ft.com/data/equities/tearsheet/summary?s=APTV:NYQ,2026-01-31T00:00:00+00:00,ft-us-2026-01-31,2026-01-31,,True
2026-01-31,US:AQST:NMQ,US:AQST,AQST:NMQ,AQST,Aquestive Therapeutics Inc,NMQ,us,russell3000,Pharmaceuticals and Biotechnology,ft_icb_native,2026-01-31,Health Care,Pharmaceuticals and Biotechnology,ft_native_v2,ft_index_membership_filtered,0.95,high,2026-01-31,https://markets.ft.com/data/equities/tearsheet/summary?s=AQST:NMQ,2026-01-31T00:00:00+00:00,ft-us-2026-01-31,2026-01-31,,True
2026-01-31,US:AR:NYQ,US:AR,AR:NYQ,AR,Antero Resources Corp,NYQ,us,russell3000,"Oil, Gas and Coal",ft_icb_native,2026-01-31,Energy,"Oil, Gas and Coal",ft_native_v2,ft_index_membership_filtered,0.95,high,2026-01-31,https://markets.ft.com/data/equities/tearsheet/summary?s=AR:NYQ,2026-01-31T00:00:00+00:00,ft-us-2026-01-31,2026-01-31,,True
2026-01-31,US:ARAY:NSQ,US:ARAY,ARAY:NSQ,ARAY,Accuray Inc,NASDAQ,us,russell3000,Medical Equipment and Services,ft_icb_native,2026-01-31,Health Care,Medical Equipment and Services,ft_native_v2,ft_index_membership_filtered,0.95,high,2026-01-31,https://markets.ft.com/data/equities/tearsheet/summary?s=ARAY:NSQ,2026-01-31T00:00:00+00:00,ft-us-2026-01-31,2026-01-31,,True
2026-01-31,US:ARCB:NSQ,US:ARCB,ARCB:NSQ,ARCB,ArcBest Corp,NASDAQ,us,russell3000,Industrial Transportation,ft_icb_native,2026-01-31,Industrials,Industrial Transportation,ft_native_v2,ft_index_membership_filtered,0.95,high,2026-01-31,https://markets.ft.com/data/equities/tearsheet/summary?s=ARCB:NSQ,2026-01-31T00:00:00+00:00,ft-us-2026-01-31,2026-01-31,,True
2026-01-31,US:ARCT:NMQ,US:ARCT,ARCT:NMQ,ARCT,Arcturus Therapeutics Holdings Inc,NMQ,us,russell3000,Pharmaceuticals and Biotechnology,ft_icb_native,2026-01-31,Health Care,Pharmaceuticals and Biotechnology,ft_native_v2,ft_index_membership_filtered,0.95,high,2026-01-31,https://markets.ft.com/data/equities/tearsheet/summary?s=ARCT:NMQ,2026-01-31T00:00:00+00:00,ft-us-2026-01-31,2026-01-31,,True
2026-01-31,US:ARDX:NMQ,US:ARDX,ARDX:NMQ,ARDX,Ardelyx Inc,NMQ,us,russell3000,Pharmaceuticals and Biotechnology,ft_icb_native,2026-01-31,Health Care,Pharmaceuticals and Biotechnology,ft_native_v2,ft_index_membership_filtered,0.95,high,2026-01-31,https://markets.ft.com/data/equities/tearsheet/summary?s=ARDX:NMQ,2026-01-31T00:00:00+00:00,ft-us-2026-01-31,2026-01-31,,True
2026-01-31,US:ARE:NYQ,US:ARE,ARE:NYQ,ARE,Alexandria Real Estate Equities Inc,NYQ,us,russell3000,Real Estate Investment Trusts,ft_icb_native,2026-01-31,Real Estate,Real Estate Investment Trusts,ft_native_v2,ft_index_membership_filtered,0.95,high,2026-01-31,https://markets.ft.com/data/equities/tearsheet/summary?s=ARE:NYQ,2026-01-31T00:00:00+00:00,ft-us-2026-01-31,2026-01-31,,True
2026-01-31,US:ARES:NYS,US:ARES,ARES:NYS,ARES,Ares Management Corp,NYSE,us,russell3000,Investment Banking and Brokerage Services,ft_icb_native,2026-01-31,Financials,Investment Banking and Brokerage Services,ft_native_v2,ft_index_membership_filtered,0.95,high,2026-01-31,https://markets.ft.com/data/equities/tearsheet/summary?s=ARES:NYS,2026-01-31T00:00:00+00:00,ft-us-2026-01-31,2026-01-31,,True
2026-01-31,US:ARHS:NSQ,US:ARHS,ARHS:NSQ,ARHS,Arhaus Inc,NASDAQ,us,russell3000,Household Goods and Home Construction,ft_icb_native,2026-01-31,Consumer Discretionary,Household Goods and Home Construction,ft_native_v2,ft_index_membership_filtered,0.95,high,2026-01-31,https://markets.ft.com/data/equities/tearsheet/summary?s=ARHS:NSQ,2026-01-31T00:00:00+00:00,ft-us-2026-01-31,2026-01-31,,True
2026-01-31,US:ARI:NYS,US:ARI,ARI:NYS,ARI,Apollo Commercial Real Estate Finance Inc,NYSE,us,russell3000,Mortgage Real Estate Investment Trusts,ft_icb_native,2026-01-31,Financials,Mortgage Real Estate Investment Trusts,ft_native_v2,ft_index_membership_filtered,0.95,high,2026-01-31,https://markets.ft.com/data/equities/tearsheet/summary?s=ARI:NYS,2026-01-31T00:00:00+00:00,ft-us-2026-01-31,2026-01-31,,True
2026-01-31,US:ARKO:NAQ,US:ARKO,ARKO:NAQ,ARKO,Arko Corp.,NAQ,us,russell3000,Consumer Discretionary,ft_icb_native,2026-01-31,Consumer Discretionary,Consumer Discretionary,ft_native_v2,ft_index_membership_filtered,0.95,high,2026-01-31,https://markets.ft.com/data/equities/tearsheet/summary?s=ARKO:NAQ,2026-01-31T00:00:00+00:00,ft-us-2026-01-31,2026-01-31,,True
2026-01-31,US:ARLO:NYS,US:ARLO,ARLO:NYS,ARLO,Arlo Technologies Inc,NYSE,us,russell3000,Leisure Goods,ft_icb_native,2026-01-31,Consumer Discretionary,Leisure Goods,ft_native_v2,ft_index_membership_filtered,0.95,high,2026-01-31,https://markets.ft.com/data/equities/tearsheet/summary?s=ARLO:NYS,2026-01-31T00:00:00+00:00,ft-us-2026-01-31,2026-01-31,,True
2026-01-31,US:ARMK:NYQ,US:ARMK,ARMK:NYQ,ARMK,Aramark,NYQ,us,russell3000,Travel and Leisure,ft_icb_native,2026-01-31,Consumer Discretionary,Travel and Leisure,ft_native_v2,ft_index_membership_filtered,0.95,high,2026-01-31,https://markets.ft.com/data/equities/tearsheet/summary?s=ARMK:NYQ,2026-01-31T00:00:00+00:00,ft-us-2026-01-31,2026-01-31,,True
2026-01-31,US:AROC:NYS,US:AROC,AROC:NYS,AROC,Archrock Inc,NYSE,us,russell3000,"Oil, Gas and Coal",ft_icb_native,2026-01-31,Energy,"Oil, Gas and Coal",ft_native_v2,ft_index_membership_filtered,0.95,high,2026-01-31,https://markets.ft.com/data/equities/tearsheet/summary?s=AROC:NYS,2026-01-31T00:00:00+00:00,ft-us-2026-01-31,2026-01-31,,True
2026-01-31,US:AROW:NSQ,US:AROW,AROW:NSQ,AROW,Arrow Financial Corp,NASDAQ,us,russell3000,Banks,ft_icb_native,2026-01-31,Financials,Banks,ft_native_v2,ft_index_membership_filtered,0.95,high,2026-01-31,https://markets.ft.com/data/equities/tearsheet/summary?s=AROW:NSQ,2026-01-31T00:00:00+00:00,ft-us-2026-01-31,2026-01-31,,True
2026-01-31,US:ARQT:NSQ,US:ARQT,ARQT:NSQ,ARQT,Arcutis Biotherapeutics Inc,NASDAQ,us,russell3000,Pharmaceuticals and Biotechnology,ft_icb_native,2026-01-31,Health Care,Pharmaceuticals and Biotechnology,ft_native_v2,ft_index_membership_filtered,0.95,high,2026-01-31,https://markets.ft.com/data/equities/tearsheet/summary?s=ARQT:NSQ,2026-01-31T00:00:00+00:00,ft-us-2026-01-31,2026-01-31,,True
2026-01-31,US:ARR:NYQ,US:ARR,ARR:NYQ,ARR,ARMOUR Residential REIT Inc,NYQ,us,russell3000,Mortgage Real Estate Investment Trusts,ft_icb_native,2026-01-31,Financials,Mortgage Real Estate Investment Trusts,ft_native_v2,ft_index_membership_filtered,0.95,high,2026-01-31,https://markets.ft.com/data/equities/tearsheet/summary?s=ARR:NYQ,2026-01-31T00:00:00+00:00,ft-us-2026-01-31,2026-01-31,,True
2026-01-31,US:ARRY:NMQ,US:ARRY,ARRY:NMQ,ARRY,Array Technologies Inc,NMQ,us,russell3000,Alternative Energy,ft_icb_native,2026-01-31,Industrials,Alternative Energy,ft_native_v2,ft_index_membership_filtered,0.95,high,2026-01-31,https://markets.ft.com/data/equities/tearsheet/summary?s=ARRY:NMQ,2026-01-31T00:00:00+00:00,ft-us-2026-01-31,2026-01-31,,True
2026-01-31,US:ARVN:NSQ,US:ARVN,ARVN:NSQ,ARVN,Arvinas Inc,NASDAQ,us,russell3000,Pharmaceuticals and Biotechnology,ft_icb_native,2026-01-31,Health Care,Pharmaceuticals and Biotechnology,ft_native_v2,ft_index_membership_filtered,0.95,high,2026-01-31,https://markets.ft.com/data/equities/tearsheet/summary?s=ARVN:NSQ,2026-01-31T00:00:00+00:00,ft-us-2026-01-31,2026-01-31,,True
2026-01-31,US:ARW:NYQ,US:ARW,ARW:NYQ,ARW,Arrow Electronics Inc,NYQ,us,russell3000,Technology Hardware and Equipment,ft_icb_native,2026-01-31,Technology,Technology Hardware and Equipment,ft_native_v2,ft_index_membership_filtered,0.95,high,2026-01-31,https://markets.ft.com/data/equities/tearsheet/summary?s=ARW:NYQ,2026-01-31T00:00:00+00:00,ft-us-2026-01-31,2026-01-31,,True
2026-01-31,US:ARWR:NSQ,US:ARWR,ARWR:NSQ,ARWR,Arrowhead Pharmaceuticals Inc,NASDAQ,us,russell3000,Pharmaceuticals and Biotechnology,ft_icb_native,2026-01-31,Health Care,Pharmaceuticals and Biotechnology,ft_native_v2,ft_index_membership_filtered,0.95,high,2026-01-31,https://markets.ft.com/data/equities/tearsheet/summary?s=ARWR:NSQ,2026-01-31T00:00:00+00:00,ft-us-2026-01-31,2026-01-31,,True
2026-01-31,US:AS:NYS,US:AS,AS:NYS,AS,Amer Sports Inc,NYSE,us,russell3000,Consumer Discretionary,ft_icb_native,2026-01-31,Consumer Discretionary,Consumer Discretionary,ft_native_v2,ft_index_membership_filtered,0.95,high,2026-01-31,https://markets.ft.com/data/equities/tearsheet/summary?s=AS:NYS,2026-01-31T00:00:00+00:00,ft-us-2026-01-31,2026-01-31,,True
2026-01-31,US:ASAN:NYQ,US:ASAN,ASAN:NYQ,ASAN,Asana Inc,NYQ,us,russell3000,Technology,ft_icb_native,2026-01-31,Technology,Technology,ft_native_v2,ft_index_membership_filtered,0.95,high,2026-01-31,https://markets.ft.com/data/equities/tearsheet/summary?s=ASAN:NYQ,2026-01-31T00:00:00+00:00,ft-us-2026-01-31,2026-01-31,,True
2026-01-31,US:ASB:NYQ,US:ASB,ASB:NYQ,ASB,Associated Banc-Corp,NYQ,us,russell3000,Banks,ft_icb_native,2026-01-31,Financials,Banks,ft_native_v2,ft_index_membership_filtered,0.95,high,2026-01-31,https://markets.ft.com/data/equities/tearsheet/summary?s=ASB:NYQ,2026-01-31T00:00:00+00:00,ft-us-2026-01-31,2026-01-31,,True
2026-01-31,US:ASGN:NYQ,US:ASGN,ASGN:NYQ,ASGN,ASGN Inc,NYQ,us,russell3000,Industrial Support Services,ft_icb_native,2026-01-31,Technology,Industrial Support Services,ft_native_v2,ft_index_membership_filtered,0.95,high,2026-01-31,https://markets.ft.com/data/equities/tearsheet/summary?s=ASGN:NYQ,2026-01-31T00:00:00+00:00,ft-us-2026-01-31,2026-01-31,,True
2026-01-31,US:ASH:NYQ,US:ASH,ASH:NYQ,ASH,Ashland Inc,NYQ,us,russell3000,Chemicals,ft_icb_native,2026-01-31,Basic Materials,Chemicals,ft_native_v2,ft_index_membership_filtered,0.95,high,2026-01-31,https://markets.ft.com/data/equities/tearsheet/summary?s=ASH:NYQ,2026-01-31T00:00:00+00:00,ft-us-2026-01-31,2026-01-31,,True
2026-01-31,US:ASIX:NYS,US:ASIX,ASIX:NYS,ASIX,AdvanSix Inc,NYSE,us,russell3000,Chemicals,ft_icb_native,2026-01-31,Basic Materials,Chemicals,ft_native_v2,ft_index_membership_filtered,0.95,high,2026-01-31,https://markets.ft.com/data/equities/tearsheet/summary?s=ASIX:NYS,2026-01-31T00:00:00+00:00,ft-us-2026-01-31,2026-01-31,,True
2026-01-31,US:ASLE:NAQ,US:ASLE,ASLE:NAQ,ASLE,AerSale Corp,NAQ,us,russell3000,Aerospace and Defense,ft_icb_native,2026-01-31,Industrials,Aerospace and Defense,ft_native_v2,ft_index_membership_filtered,0.95,high,2026-01-31,https://markets.ft.com/data/equities/tearsheet/summary?s=ASLE:NAQ,2026-01-31T00:00:00+00:00,ft-us-2026-01-31,2026-01-31,,True
2026-01-31,US:ASO:NSQ,US:ASO,ASO:NSQ,ASO,Academy Sports and Outdoors Inc,NASDAQ,us,russell3000,Consumer Discretionary,ft_icb_native,2026-01-31,Consumer Discretionary,Consumer Discretionary,ft_native_v2,ft_index_membership_filtered,0.95,high,2026-01-31,https://markets.ft.com/data/equities/tearsheet/summary?s=ASO:NSQ,2026-01-31T00:00:00+00:00,ft-us-2026-01-31,2026-01-31,,True
2026-01-31,US:ASPI:NAQ,US:ASPI,ASPI:NAQ,ASPI,ASP Isotopes Inc,NAQ,us,russell3000,Chemicals,ft_icb_native,2026-01-31,Basic Materials,Chemicals,ft_native_v2,ft_index_membership_filtered,0.95,high,2026-01-31,https://markets.ft.com/data/equities/tearsheet/summary?s=ASPI:NAQ,2026-01-31T00:00:00+00:00,ft-us-2026-01-31,2026-01-31,,True
2026-01-31,US:ASPN:NYQ,US:ASPN,ASPN:NYQ,ASPN,Aspen Aerogels Inc,NYQ,us,russell3000,Construction and Materials,ft_icb_native,2026-01-31,Basic Materials,Construction and Materials,ft_native_v2,ft_index_membership_filtered,0.95,high,2026-01-31,https://markets.ft.com/data/equities/tearsheet/summary?s=ASPN:NYQ,2026-01-31T00:00:00+00:00,ft-us-2026-01-31,2026-01-31,,True
2026-01-31,US:ASTE:NSQ,US:ASTE,ASTE:NSQ,ASTE,Astec Industries Inc,NASDAQ,us,russell3000,Industrial Engineering,ft_icb_native,2026-01-31,Industrials,Industrial Engineering,ft_native_v2,ft_index_membership_filtered,0.95,high,2026-01-31,https://markets.ft.com/data/equities/tearsheet/summary?s=ASTE:NSQ,2026-01-31T00:00:00+00:00,ft-us-2026-01-31,2026-01-31,,True
2026-01-31,US:ASTH:NAQ,US:ASTH,ASTH:NAQ,ASTH,Astrana Health Inc,NAQ,us,russell3000,Health Care Providers,ft_icb_native,2026-01-31,Health Care,Health Care Providers,ft_native_v2,ft_index_membership_filtered,0.95,high,2026-01-31,https://markets.ft.com/data/equities/tearsheet/summary?s=ASTH:NAQ,2026-01-31T00:00:00+00:00,ft-us-2026-01-31,2026-01-31,,True
2026-01-31,US:ASTS:NSQ,US:ASTS,ASTS:NSQ,ASTS,AST SpaceMobile Inc,NASDAQ,us,russell3000,Telecommunications Equipment,ft_icb_native,2026-01-31,Telecommunications,Telecommunications Equipment,ft_native_v2,ft_index_membership_filtered,0.95,high,2026-01-31,https://markets.ft.com/data/equities/tearsheet/summary?s=ASTS:NSQ,2026-01-31T00:00:00+00:00,ft-us-2026-01-31,2026-01-31,,True
2026-01-31,US:ASUR:NAQ,US:ASUR,ASUR:NAQ,ASUR,Asure Software Inc,NAQ,us,russell3000,Technology,ft_icb_native,2026-01-31,Industrials,Technology,ft_native_v2,ft_index_membership_filtered,0.95,high,2026-01-31,https://markets.ft.com/data/equities/tearsheet/summary?s=ASUR:NAQ,2026-01-31T00:00:00+00:00,ft-us-2026-01-31,2026-01-31,,True
2026-01-31,US:ATEC:NSQ,US:ATEC,ATEC:NSQ,ATEC,Alphatec Holdings Inc,NASDAQ,us,russell3000,Medical Equipment and Services,ft_icb_native,2026-01-31,Health Care,Medical Equipment and Services,ft_native_v2,ft_index_membership_filtered,0.95,high,2026-01-31,https://markets.ft.com/data/equities/tearsheet/summary?s=ATEC:NSQ,2026-01-31T00:00:00+00:00,ft-us-2026-01-31,2026-01-31,,True
2026-01-31,US:ATEN:NYQ,US:ATEN,ATEN:NYQ,ATEN,A10 Networks Inc,NYQ,us,russell3000,Technology,ft_icb_native,2026-01-31,Technology,Technology,ft_native_v2,ft_index_membership_filtered,0.95,high,2026-01-31,https://markets.ft.com/data/equities/tearsheet/summary?s=ATEN:NYQ,2026-01-31T00:00:00+00:00,ft-us-2026-01-31,2026-01-31,,True
2026-01-31,US:ATEX:NAQ,US:ATEX,ATEX:NAQ,ATEX,Anterix Inc,NAQ,us,russell3000,Telecommunications Service Providers,ft_icb_native,2026-01-31,Telecommunications,Telecommunications Service Providers,ft_native_v2,ft_index_membership_filtered,0.95,high,2026-01-31,https://markets.ft.com/data/equities/tearsheet/summary?s=ATEX:NAQ,2026-01-31T00:00:00+00:00,ft-us-2026-01-31,2026-01-31,,True
2026-01-31,US:ATGE:NYQ,US:ATGE,ATGE:NYQ,ATGE,Adtalem Global Education Inc,NYQ,us,russell3000,Consumer Services,ft_icb_native,2026-01-31,Consumer Discretionary,Consumer Services,ft_native_v2,ft_index_membership_filtered,0.95,high,2026-01-31,https://markets.ft.com/data/equities/tearsheet/summary?s=ATGE:NYQ,2026-01-31T00:00:00+00:00,ft-us-2026-01-31,2026-01-31,,True
2026-01-31,US:ATI:NYQ,US:ATI,ATI:NYQ,ATI,ATI Inc,NYQ,us,russell3000,Aerospace and Defense,ft_icb_native,2026-01-31,Industrials,Aerospace and Defense,ft_native_v2,ft_index_membership_filtered,0.95,high,2026-01-31,https://markets.ft.com/data/equities/tearsheet/summary?s=ATI:NYQ,2026-01-31T00:00:00+00:00,ft-us-2026-01-31,2026-01-31,,True
2026-01-31,US:ATKR:NYQ,US:ATKR,ATKR:NYQ,ATKR,Atkore Inc,NYQ,us,russell3000,Electronic and Electrical Equipment,ft_icb_native,2026-01-31,Industrials,Electronic and Electrical Equipment,ft_native_v2,ft_index_membership_filtered,0.95,high,2026-01-31,https://markets.ft.com/data/equities/tearsheet/summary?s=ATKR:NYQ,2026-01-31T00:00:00+00:00,ft-us-2026-01-31,2026-01-31,,True
2026-01-31,US:ATMU:NYS,US:ATMU,ATMU:NYS,ATMU,Atmus Filtration Technologies Inc,NYSE,us,russell3000,Automobiles and Parts,ft_icb_native,2026-01-31,Consumer Discretionary,Automobiles and Parts,ft_native_v2,ft_index_membership_filtered,0.95,high,2026-01-31,https://markets.ft.com/data/equities/tearsheet/summary?s=ATMU:NYS,2026-01-31T00:00:00+00:00,ft-us-2026-01-31,2026-01-31,,True
2026-01-31,US:ATNI:NSQ,US:ATNI,ATNI:NSQ,ATNI,ATN International Inc,NASDAQ,us,russell3000,Telecommunications Service Providers,ft_icb_native,2026-01-31,Telecommunications,Telecommunications Service Providers,ft_native_v2,ft_index_membership_filtered,0.95,high,2026-01-31,https://markets.ft.com/data/equities/tearsheet/summary?s=ATNI:NSQ,2026-01-31T00:00:00+00:00,ft-us-2026-01-31,2026-01-31,,True
2026-01-31,US:ATO:NYQ,US:ATO,ATO:NYQ,ATO,Atmos Energy Corp,NYQ,us,russell3000,"Gas, Water and Multi-utilities",ft_icb_native,2026-01-31,Utilities,"Gas, Water and Multi-utilities",ft_native_v2,ft_index_membership_filtered,0.95,high,2026-01-31,https://markets.ft.com/data/equities/tearsheet/summary?s=ATO:NYQ,2026-01-31T00:00:00+00:00,ft-us-2026-01-31,2026-01-31,,True
2026-01-31,US:ATR:NYQ,US:ATR,ATR:NYQ,ATR,Aptargroup Inc,NYQ,us,russell3000,General Industrials,ft_icb_native,2026-01-31,Basic Materials,General Industrials,ft_native_v2,ft_index_membership_filtered,0.95,high,2026-01-31,https://markets.ft.com/data/equities/tearsheet/summary?s=ATR:NYQ,2026-01-31T00:00:00+00:00,ft-us-2026-01-31,2026-01-31,,True
2026-01-31,US:ATRC:NMQ,US:ATRC,ATRC:NMQ,ATRC,AtriCure Inc,NMQ,us,russell3000,Medical Equipment and Services,ft_icb_native,2026-01-31,Health Care,Medical Equipment and Services,ft_native_v2,ft_index_membership_filtered,0.95,high,2026-01-31,https://markets.ft.com/data/equities/tearsheet/summary?s=ATRC:NMQ,2026-01-31T00:00:00+00:00,ft-us-2026-01-31,2026-01-31,,True
2026-01-31,US:ATRO:NSQ,US:ATRO,ATRO:NSQ,ATRO,Astronics Corp,NASDAQ,us,russell3000,Aerospace and Defense,ft_icb_native,2026-01-31,Industrials,Aerospace and Defense,ft_native_v2,ft_index_membership_filtered,0.95,high,2026-01-31,https://markets.ft.com/data/equities/tearsheet/summary?s=ATRO:NSQ,2026-01-31T00:00:00+00:00,ft-us-2026-01-31,2026-01-31,,True
2026-01-31,US:ATYR:NAQ,US:ATYR,ATYR:NAQ,ATYR,aTyr Pharma Inc,NAQ,us,russell3000,Pharmaceuticals and Biotechnology,ft_icb_native,2026-01-31,Health Care,Pharmaceuticals and Biotechnology,ft_native_v2,ft_index_membership_filtered,0.95,high,2026-01-31,https://markets.ft.com/data/equities/tearsheet/summary?s=ATYR:NAQ,2026-01-31T00:00:00+00:00,ft-us-2026-01-31,2026-01-31,,True
2026-01-31,US:AUB:NYQ,US:AUB,AUB:NYQ,AUB,Atlantic Union Bankshares Corp,NYQ,us,russell3000,Banks,ft_icb_native,2026-01-31,Financials,Banks,ft_native_v2,ft_index_membership_filtered,0.95,high,2026-01-31,https://markets.ft.com/data/equities/tearsheet/summary?s=AUB:NYQ,2026-01-31T00:00:00+00:00,ft-us-2026-01-31,2026-01-31,,True
2026-01-31,US:AUPH:NMQ,US:AUPH,AUPH:NMQ,AUPH,Aurinia Pharmaceuticals Inc,NMQ,us,russell3000,Pharmaceuticals and Biotechnology,ft_icb_native,2026-01-31,Health Care,Pharmaceuticals and Biotechnology,ft_native_v2,ft_index_membership_filtered,0.95,high,2026-01-31,https://markets.ft.com/data/equities/tearsheet/summary?s=AUPH:NMQ,2026-01-31T00:00:00+00:00,ft-us-2026-01-31,2026-01-31,,True
2026-01-31,US:AUR:NSQ,US:AUR,AUR:NSQ,AUR,Aurora Innovation Inc,NASDAQ,us,russell3000,Electronic and Electrical Equipment,ft_icb_native,2026-01-31,Technology,Electronic and Electrical Equipment,ft_native_v2,ft_index_membership_filtered,0.95,high,2026-01-31,https://markets.ft.com/data/equities/tearsheet/summary?s=AUR:NSQ,2026-01-31T00:00:00+00:00,ft-us-2026-01-31,2026-01-31,,True
2026-01-31,US:AURA:NMQ,US:AURA,AURA:NMQ,AURA,Aura Biosciences Inc,NMQ,us,russell3000,Pharmaceuticals and Biotechnology,ft_icb_native,2026-01-31,Health Care,Pharmaceuticals and Biotechnology,ft_native_v2,ft_index_membership_filtered,0.95,high,2026-01-31,https://markets.ft.com/data/equities/tearsheet/summary?s=AURA:NMQ,2026-01-31T00:00:00+00:00,ft-us-2026-01-31,2026-01-31,,True
2026-01-31,US:AVA:NYQ,US:AVA,AVA:NYQ,AVA,Avista Corp,NYQ,us,russell3000,"Gas, Water and Multi-utilities",ft_icb_native,2026-01-31,Utilities,"Gas, Water and Multi-utilities",ft_native_v2,ft_index_membership_filtered,0.95,high,2026-01-31,https://markets.ft.com/data/equities/tearsheet/summary?s=AVA:NYQ,2026-01-31T00:00:00+00:00,ft-us-2026-01-31,2026-01-31,,True
2026-01-31,US:AVAH:NSQ,US:AVAH,AVAH:NSQ,AVAH,Aveanna Healthcare Holdings Inc,NASDAQ,us,russell3000,Health Care Providers,ft_icb_native,2026-01-31,Health Care,Health Care Providers,ft_native_v2,ft_index_membership_filtered,0.95,high,2026-01-31,https://markets.ft.com/data/equities/tearsheet/summary?s=AVAH:NSQ,2026-01-31T00:00:00+00:00,ft-us-2026-01-31,2026-01-31,,True
2026-01-31,US:AVAV:NSQ,US:AVAV,AVAV:NSQ,AVAV,AeroVironment Inc,NASDAQ,us,russell3000,Aerospace and Defense,ft_icb_native,2026-01-31,Industrials,Aerospace and Defense,ft_native_v2,ft_index_membership_filtered,0.95,high,2026-01-31,https://markets.ft.com/data/equities/tearsheet/summary?s=AVAV:NSQ,2026-01-31T00:00:00+00:00,ft-us-2026-01-31,2026-01-31,,True
2026-01-31,US:AVB:NYQ,US:AVB,AVB:NYQ,AVB,AvalonBay Communities Inc,NYQ,us,russell3000,Real Estate Investment Trusts,ft_icb_native,2026-01-31,Real Estate,Real Estate Investment Trusts,ft_native_v2,ft_index_membership_filtered,0.95,high,2026-01-31,https://markets.ft.com/data/equities/tearsheet/summary?s=AVB:NYQ,2026-01-31T00:00:00+00:00,ft-us-2026-01-31,2026-01-31,,True
2026-01-31,US:AVBP:NMQ,US:AVBP,AVBP:NMQ,AVBP,ArriVent BioPharma Inc,NMQ,us,russell3000,Pharmaceuticals and Biotechnology,ft_icb_native,2026-01-31,Health Care,Pharmaceuticals and Biotechnology,ft_native_v2,ft_index_membership_filtered,0.95,high,2026-01-31,https://markets.ft.com/data/equities/tearsheet/summary?s=AVBP:NMQ,2026-01-31T00:00:00+00:00,ft-us-2026-01-31,2026-01-31,,True
2026-01-31,US:AVD:NYQ,US:AVD,AVD:NYQ,AVD,American Vanguard Corp,NYQ,us,russell3000,Chemicals,ft_icb_native,2026-01-31,Basic Materials,Chemicals,ft_native_v2,ft_index_membership_filtered,0.95,high,2026-01-31,https://markets.ft.com/data/equities/tearsheet/summary?s=AVD:NYQ,2026-01-31T00:00:00+00:00,ft-us-2026-01-31,2026-01-31,,True
2026-01-31,US:AVGO:NSQ,US:AVGO,AVGO:NSQ,AVGO,Broadcom Inc,NASDAQ,us,russell3000,Technology Hardware and Equipment,ft_icb_native,2026-01-31,Technology,Technology Hardware and Equipment,ft_native_v2,ft_index_membership_filtered,0.95,high,2026-01-31,https://markets.ft.com/data/equities/tearsheet/summary?s=AVGO:NSQ,2026-01-31T00:00:00+00:00,ft-us-2026-01-31,2026-01-31,,True
2026-01-31,US:AVIR:NSQ,US:AVIR,AVIR:NSQ,AVIR,Atea Pharmaceuticals Inc,NASDAQ,us,russell3000,Pharmaceuticals and Biotechnology,ft_icb_native,2026-01-31,Health Care,Pharmaceuticals and Biotechnology,ft_native_v2,ft_index_membership_filtered,0.95,high,2026-01-31,https://markets.ft.com/data/equities/tearsheet/summary?s=AVIR:NSQ,2026-01-31T00:00:00+00:00,ft-us-2026-01-31,2026-01-31,,True
2026-01-31,US:AVNS:NYS,US:AVNS,AVNS:NYS,AVNS,Avanos Medical Inc,NYSE,us,russell3000,Medical Equipment and Services,ft_icb_native,2026-01-31,Health Care,Medical Equipment and Services,ft_native_v2,ft_index_membership_filtered,0.95,high,2026-01-31,https://markets.ft.com/data/equities/tearsheet/summary?s=AVNS:NYS,2026-01-31T00:00:00+00:00,ft-us-2026-01-31,2026-01-31,,True
2026-01-31,US:AVNT:NYQ,US:AVNT,AVNT:NYQ,AVNT,Avient Corp,NYQ,us,russell3000,Chemicals,ft_icb_native,2026-01-31,Basic Materials,Chemicals,ft_native_v2,ft_index_membership_filtered,0.95,high,2026-01-31,https://markets.ft.com/data/equities/tearsheet/summary?s=AVNT:NYQ,2026-01-31T00:00:00+00:00,ft-us-2026-01-31,2026-01-31,,True
2026-01-31,US:AVNW:NSQ,US:AVNW,AVNW:NSQ,AVNW,Aviat Networks Inc,NASDAQ,us,russell3000,Telecommunications Equipment,ft_icb_native,2026-01-31,Technology,Telecommunications Equipment,ft_native_v2,ft_index_membership_filtered,0.95,high,2026-01-31,https://markets.ft.com/data/equities/tearsheet/summary?s=AVNW:NSQ,2026-01-31T00:00:00+00:00,ft-us-2026-01-31,2026-01-31,,True
2026-01-31,US:AVO:NSQ,US:AVO,AVO:NSQ,AVO,Mission Produce Inc,NASDAQ,us,russell3000,Food Producers,ft_icb_native,2026-01-31,Consumer Staples,Food Producers,ft_native_v2,ft_index_membership_filtered,0.95,high,2026-01-31,https://markets.ft.com/data/equities/tearsheet/summary?s=AVO:NSQ,2026-01-31T00:00:00+00:00,ft-us-2026-01-31,2026-01-31,,True
2026-01-31,US:AVPT:NSQ,US:AVPT,AVPT:NSQ,AVPT,AvePoint Inc,NASDAQ,us,russell3000,Technology,ft_icb_native,2026-01-31,Technology,Technology,ft_native_v2,ft_index_membership_filtered,0.95,high,2026-01-31,https://markets.ft.com/data/equities/tearsheet/summary?s=AVPT:NSQ,2026-01-31T00:00:00+00:00,ft-us-2026-01-31,2026-01-31,,True
2026-01-31,US:AVT:NSQ,US:AVT,AVT:NSQ,AVT,Avnet Inc,NASDAQ,us,russell3000,Technology Hardware and Equipment,ft_icb_native,2026-01-31,Technology,Technology Hardware and Equipment,ft_native_v2,ft_index_membership_filtered,0.95,high,2026-01-31,https://markets.ft.com/data/equities/tearsheet/summary?s=AVT:NSQ,2026-01-31T00:00:00+00:00,ft-us-2026-01-31,2026-01-31,,True
2026-01-31,US:AVTR:NYQ,US:AVTR,AVTR:NYQ,AVTR,Avantor Inc,NYQ,us,russell3000,Medical Equipment and Services,ft_icb_native,2026-01-31,Health Care,Medical Equipment and Services,ft_native_v2,ft_index_membership_filtered,0.95,high,2026-01-31,https://markets.ft.com/data/equities/tearsheet/summary?s=AVTR:NYQ,2026-01-31T00:00:00+00:00,ft-us-2026-01-31,2026-01-31,,True
2026-01-31,US:AVXL:NSQ,US:AVXL,AVXL:NSQ,AVXL,Anavex Life Sciences Corp,NASDAQ,us,russell3000,Pharmaceuticals and Biotechnology,ft_icb_native,2026-01-31,Health Care,Pharmaceuticals and Biotechnology,ft_native_v2,ft_index_membership_filtered,0.95,high,2026-01-31,https://markets.ft.com/data/equities/tearsheet/summary?s=AVXL:NSQ,2026-01-31T00:00:00+00:00,ft-us-2026-01-31,2026-01-31,,True
2026-01-31,US:AVY:NYQ,US:AVY,AVY:NYQ,AVY,Avery Dennison Corp,NYQ,us,russell3000,Industrial Materials,ft_icb_native,2026-01-31,Basic Materials,Industrial Materials,ft_native_v2,ft_index_membership_filtered,0.95,high,2026-01-31,https://markets.ft.com/data/equities/tearsheet/summary?s=AVY:NYQ,2026-01-31T00:00:00+00:00,ft-us-2026-01-31,2026-01-31,,True
2026-01-31,US:AWI:NYS,US:AWI,AWI:NYS,AWI,Armstrong World Industries Inc,NYSE,us,russell3000,Construction and Materials,ft_icb_native,2026-01-31,Industrials,Construction and Materials,ft_native_v2,ft_index_membership_filtered,0.95,high,2026-01-31,https://markets.ft.com/data/equities/tearsheet/summary?s=AWI:NYS,2026-01-31T00:00:00+00:00,ft-us-2026-01-31,2026-01-31,,True
2026-01-31,US:AWK:NYS,US:AWK,AWK:NYS,AWK,American Water Works Co Inc,NYSE,us,russell3000,"Gas, Water and Multi-utilities",ft_icb_native,2026-01-31,Utilities,"Gas, Water and Multi-utilities",ft_native_v2,ft_index_membership_filtered,0.95,high,2026-01-31,https://markets.ft.com/data/equities/tearsheet/summary?s=AWK:NYS,2026-01-31T00:00:00+00:00,ft-us-2026-01-31,2026-01-31,,True
2026-01-31,US:AWR:NYQ,US:AWR,AWR:NYQ,AWR,American States Water Co,NYQ,us,russell3000,"Gas, Water and Multi-utilities",ft_icb_native,2026-01-31,Utilities,"Gas, Water and Multi-utilities",ft_native_v2,ft_index_membership_filtered,0.95,high,2026-01-31,https://markets.ft.com/data/equities/tearsheet/summary?s=AWR:NYQ,2026-01-31T00:00:00+00:00,ft-us-2026-01-31,2026-01-31,,True
2026-01-31,US:AX:NYQ,US:AX,AX:NYQ,AX,Axos Financial Inc,NYQ,us,russell3000,Banks,ft_icb_native,2026-01-31,Financials,Banks,ft_native_v2,ft_index_membership_filtered,0.95,high,2026-01-31,https://markets.ft.com/data/equities/tearsheet/summary?s=AX:NYQ,2026-01-31T00:00:00+00:00,ft-us-2026-01-31,2026-01-31,,True
2026-01-31,US:AXGN:NAQ,US:AXGN,AXGN:NAQ,AXGN,AxoGen Inc,NAQ,us,russell3000,Medical Equipment and Services,ft_icb_native,2026-01-31,Health Care,Medical Equipment and Services,ft_native_v2,ft_index_membership_filtered,0.95,high,2026-01-31,https://markets.ft.com/data/equities/tearsheet/summary?s=AXGN:NAQ,2026-01-31T00:00:00+00:00,ft-us-2026-01-31,2026-01-31,,True
2026-01-31,US:AXON:NSQ,US:AXON,AXON:NSQ,AXON,Axon Enterprise Inc,NASDAQ,us,russell3000,Aerospace and Defense,ft_icb_native,2026-01-31,Industrials,Aerospace and Defense,ft_native_v2,ft_index_membership_filtered,0.95,high,2026-01-31,https://markets.ft.com/data/equities/tearsheet/summary?s=AXON:NSQ,2026-01-31T00:00:00+00:00,ft-us-2026-01-31,2026-01-31,,True
2026-01-31,US:AXP:NYQ,US:AXP,AXP:NYQ,AXP,American Express Co,NYQ,us,russell3000,Industrial Support Services,ft_icb_native,2026-01-31,Financials,Industrial Support Services,ft_native_v2,ft_index_membership_filtered,0.95,high,2026-01-31,https://markets.ft.com/data/equities/tearsheet/summary?s=AXP:NYQ,2026-01-31T00:00:00+00:00,ft-us-2026-01-31,2026-01-31,,True
2026-01-31,US:AXS:NYQ,US:AXS,AXS:NYQ,AXS,AXIS Capital Holdings Ltd,NYQ,us,russell3000,Non-life Insurance,ft_icb_native,2026-01-31,Financials,Non-life Insurance,ft_native_v2,ft_index_membership_filtered,0.95,high,2026-01-31,https://markets.ft.com/data/equities/tearsheet/summary?s=AXS:NYQ,2026-01-31T00:00:00+00:00,ft-us-2026-01-31,2026-01-31,,True
2026-01-31,US:AXSM:NMQ,US:AXSM,AXSM:NMQ,AXSM,Axsome Therapeutics Inc,NMQ,us,russell3000,Pharmaceuticals and Biotechnology,ft_icb_native,2026-01-31,Health Care,Pharmaceuticals and Biotechnology,ft_native_v2,ft_index_membership_filtered,0.95,high,2026-01-31,https://markets.ft.com/data/equities/tearsheet/summary?s=AXSM:NMQ,2026-01-31T00:00:00+00:00,ft-us-2026-01-31,2026-01-31,,True
2026-01-31,US:AXTA:NYQ,US:AXTA,AXTA:NYQ,AXTA,Axalta Coating Systems Ltd,NYQ,us,russell3000,General Industrials,ft_icb_native,2026-01-31,Basic Materials,General Industrials,ft_native_v2,ft_index_membership_filtered,0.95,high,2026-01-31,https://markets.ft.com/data/equities/tearsheet/summary?s=AXTA:NYQ,2026-01-31T00:00:00+00:00,ft-us-2026-01-31,2026-01-31,,True
2026-01-31,US:AYI:NYQ,US:AYI,AYI:NYQ,AYI,Acuity Inc,NYQ,us,russell3000,Construction and Materials,ft_icb_native,2026-01-31,Industrials,Construction and Materials,ft_native_v2,ft_index_membership_filtered,0.95,high,2026-01-31,https://markets.ft.com/data/equities/tearsheet/summary?s=AYI:NYQ,2026-01-31T00:00:00+00:00,ft-us-2026-01-31,2026-01-31,,True
2026-01-31,US:AZO:NYQ,US:AZO,AZO:NYQ,AZO,Autozone Inc,NYQ,us,russell3000,Consumer Discretionary,ft_icb_native,2026-01-31,Consumer Discretionary,Consumer Discretionary,ft_native_v2,ft_index_membership_filtered,0.95,high,2026-01-31,https://markets.ft.com/data/equities/tearsheet/summary?s=AZO:NYQ,2026-01-31T00:00:00+00:00,ft-us-2026-01-31,2026-01-31,,True
2026-01-31,US:AZTA:NSQ,US:AZTA,AZTA:NSQ,AZTA,Azenta Inc,NASDAQ,us,russell3000,Medical Equipment and Services,ft_icb_native,2026-01-31,Health Care,Medical Equipment and Services,ft_native_v2,ft_index_membership_filtered,0.95,high,2026-01-31,https://markets.ft.com/data/equities/tearsheet/summary?s=AZTA:NSQ,2026-01-31T00:00:00+00:00,ft-us-2026-01-31,2026-01-31,,True
2026-01-31,US:AZZ:NYQ,US:AZZ,AZZ:NYQ,AZZ,AZZ Inc,NYQ,us,russell3000,General Industrials,ft_icb_native,2026-01-31,Industrials,General Industrials,ft_native_v2,ft_index_membership_filtered,0.95,high,2026-01-31,https://markets.ft.com/data/equities/tearsheet/summary?s=AZZ:NYQ,2026-01-31T00:00:00+00:00,ft-us-2026-01-31,2026-01-31,,True
2026-01-31,US:BA:NYQ,US:BA,BA:NYQ,BA,Boeing Co,NYQ,us,russell3000,Aerospace and Defense,ft_icb_native,2026-01-31,Industrials,Aerospace and Defense,ft_native_v2,ft_index_membership_filtered,0.95,high,2026-01-31,https://markets.ft.com/data/equities/tearsheet/summary?s=BA:NYQ,2026-01-31T00:00:00+00:00,ft-us-2026-01-31,2026-01-31,,True
2026-01-31,US:BAC:NYQ,US:BAC,BAC:NYQ,BAC,Bank of America Corp,NYQ,us,russell3000,Banks,ft_icb_native,2026-01-31,Financials,Banks,ft_native_v2,ft_index_membership_filtered,0.95,high,2026-01-31,https://markets.ft.com/data/equities/tearsheet/summary?s=BAC:NYQ,2026-01-31T00:00:00+00:00,ft-us-2026-01-31,2026-01-31,,True
2026-01-31,US:BAH:NYQ,US:BAH,BAH:NYQ,BAH,Booz Allen Hamilton Holding Corp,NYQ,us,russell3000,Industrial Support Services,ft_icb_native,2026-01-31,Industrials,Industrial Support Services,ft_native_v2,ft_index_membership_filtered,0.95,high,2026-01-31,https://markets.ft.com/data/equities/tearsheet/summary?s=BAH:NYQ,2026-01-31T00:00:00+00:00,ft-us-2026-01-31,2026-01-31,,True
2026-01-31,US:BALL:NYQ,US:BALL,BALL:NYQ,BALL,Ball Corp,NYQ,us,russell3000,General Industrials,ft_icb_native,2026-01-31,Basic Materials,General Industrials,ft_native_v2,ft_index_membership_filtered,0.95,high,2026-01-31,https://markets.ft.com/data/equities/tearsheet/summary?s=BALL:NYQ,2026-01-31T00:00:00+00:00,ft-us-2026-01-31,2026-01-31,,True
2026-01-31,US:BANC:NYQ,US:BANC,BANC:NYQ,BANC,Banc of California Inc,NYQ,us,russell3000,Banks,ft_icb_native,2026-01-31,Financials,Banks,ft_native_v2,ft_index_membership_filtered,0.95,high,2026-01-31,https://markets.ft.com/data/equities/tearsheet/summary?s=BANC:NYQ,2026-01-31T00:00:00+00:00,ft-us-2026-01-31,2026-01-31,,True
2026-01-31,US:BAND:NSQ,US:BAND,BAND:NSQ,BAND,Bandwidth Inc,NASDAQ,us,russell3000,Technology,ft_icb_native,2026-01-31,Telecommunications,Technology,ft_native_v2,ft_index_membership_filtered,0.95,high,2026-01-31,https://markets.ft.com/data/equities/tearsheet/summary?s=BAND:NSQ,2026-01-31T00:00:00+00:00,ft-us-2026-01-31,2026-01-31,,True
2026-01-31,US:BANF:NSQ,US:BANF,BANF:NSQ,BANF,BancFirst Corp,NASDAQ,us,russell3000,Banks,ft_icb_native,2026-01-31,Financials,Banks,ft_native_v2,ft_index_membership_filtered,0.95,high,2026-01-31,https://markets.ft.com/data/equities/tearsheet/summary?s=BANF:NSQ,2026-01-31T00:00:00+00:00,ft-us-2026-01-31,2026-01-31,,True
2026-01-31,US:BANR:NSQ,US:BANR,BANR:NSQ,BANR,Banner Corp,NASDAQ,us,russell3000,Banks,ft_icb_native,2026-01-31,Financials,Banks,ft_native_v2,ft_index_membership_filtered,0.95,high,2026-01-31,https://markets.ft.com/data/equities/tearsheet/summary?s=BANR:NSQ,2026-01-31T00:00:00+00:00,ft-us-2026-01-31,2026-01-31,,True
2026-01-31,US:BATRA:NSQ,US:BATRA,BATRA:NSQ,BATRA,Atlanta Braves Holdings Inc,NASDAQ,us,russell3000,Travel and Leisure,ft_icb_native,2026-01-31,Telecommunications,Travel and Leisure,ft_native_v2,ft_index_membership_filtered,0.95,high,2026-01-31,https://markets.ft.com/data/equities/tearsheet/summary?s=BATRA:NSQ,2026-01-31T00:00:00+00:00,ft-us-2026-01-31,2026-01-31,,True
2026-01-31,US:BATRK:NSQ,US:BATRK,BATRK:NSQ,BATRK,Liberty Braves Group,NASDAQ,us,russell3000,Travel and Leisure,ft_icb_native,2026-01-31,Telecommunications,Travel and Leisure,ft_native_v2,ft_index_membership_filtered,0.95,high,2026-01-31,https://markets.ft.com/data/equities/tearsheet/summary?s=BATRK:NSQ,2026-01-31T00:00:00+00:00,ft-us-2026-01-31,2026-01-31,,True
2026-01-31,US:BAX:NYQ,US:BAX,BAX:NYQ,BAX,Baxter International Inc,NYQ,us,russell3000,Medical Equipment and Services,ft_icb_native,2026-01-31,Health Care,Medical Equipment and Services,ft_native_v2,ft_index_membership_filtered,0.95,high,2026-01-31,https://markets.ft.com/data/equities/tearsheet/summary?s=BAX:NYQ,2026-01-31T00:00:00+00:00,ft-us-2026-01-31,2026-01-31,,True
2026-01-31,US:BBAI:NYS,US:BBAI,BBAI:NYS,BBAI,BigBear.ai Holdings Inc,NYSE,us,russell3000,Technology,ft_icb_native,2026-01-31,Technology,Technology,ft_native_v2,ft_index_membership_filtered,0.95,high,2026-01-31,https://markets.ft.com/data/equities/tearsheet/summary?s=BBAI:NYS,2026-01-31T00:00:00+00:00,ft-us-2026-01-31,2026-01-31,,True
2026-01-31,US:BBBY:NYQ,US:BBBY,BBBY:NYQ,BBBY,Bed Bath & Beyond Inc,NYQ,us,russell3000,Consumer Discretionary,ft_icb_native,2026-01-31,Consumer Discretionary,Consumer Discretionary,ft_native_v2,ft_index_membership_filtered,0.95,high,2026-01-31,https://markets.ft.com/data/equities/tearsheet/summary?s=BBBY:NYQ,2026-01-31T00:00:00+00:00,ft-us-2026-01-31,2026-01-31,,True
2026-01-31,US:BBIO:NSQ,US:BBIO,BBIO:NSQ,BBIO,BridgeBio Pharma Inc,NASDAQ,us,russell3000,Pharmaceuticals and Biotechnology,ft_icb_native,2026-01-31,Health Care,Pharmaceuticals and Biotechnology,ft_native_v2,ft_index_membership_filtered,0.95,high,2026-01-31,https://markets.ft.com/data/equities/tearsheet/summary?s=BBIO:NSQ,2026-01-31T00:00:00+00:00,ft-us-2026-01-31,2026-01-31,,True
2026-01-31,US:BBNX:NMQ,US:BBNX,BBNX:NMQ,BBNX,Beta Bionics Inc,NMQ,us,russell3000,Medical Equipment and Services,ft_icb_native,2026-01-31,Health Care,Medical Equipment and Services,ft_native_v2,ft_index_membership_filtered,0.95,high,2026-01-31,https://markets.ft.com/data/equities/tearsheet/summary?s=BBNX:NMQ,2026-01-31T00:00:00+00:00,ft-us-2026-01-31,2026-01-31,,True
2026-01-31,US:BBSI:NSQ,US:BBSI,BBSI:NSQ,BBSI,Barrett Business Services Inc,NASDAQ,us,russell3000,Industrial Support Services,ft_icb_native,2026-01-31,Industrials,Industrial Support Services,ft_native_v2,ft_index_membership_filtered,0.95,high,2026-01-31,https://markets.ft.com/data/equities/tearsheet/summary?s=BBSI:NSQ,2026-01-31T00:00:00+00:00,ft-us-2026-01-31,2026-01-31,,True
2026-01-31,US:BBT:NYQ,US:BBT,BBT:NYQ,BBT,Beacon Financial Corp,NYQ,us,russell3000,Banks,ft_icb_native,2026-01-31,Financials,Banks,ft_native_v2,ft_index_membership_filtered,0.95,high,2026-01-31,https://markets.ft.com/data/equities/tearsheet/summary?s=BBT:NYQ,2026-01-31T00:00:00+00:00,ft-us-2026-01-31,2026-01-31,,True
2026-01-31,US:BBW:NYQ,US:BBW,BBW:NYQ,BBW,Build-A-Bear Workshop Inc,NYQ,us,russell3000,Consumer Discretionary,ft_icb_native,2026-01-31,Consumer Discretionary,Consumer Discretionary,ft_native_v2,ft_index_membership_filtered,0.95,high,2026-01-31,https://markets.ft.com/data/equities/tearsheet/summary?s=BBW:NYQ,2026-01-31T00:00:00+00:00,ft-us-2026-01-31,2026-01-31,,True
2026-01-31,US:BBWI:NYQ,US:BBWI,BBWI:NYQ,BBWI,Bath & Body Works Inc,NYQ,us,russell3000,Consumer Discretionary,ft_icb_native,2026-01-31,Consumer Discretionary,Consumer Discretionary,ft_native_v2,ft_index_membership_filtered,0.95,high,2026-01-31,https://markets.ft.com/data/equities/tearsheet/summary?s=BBWI:NYQ,2026-01-31T00:00:00+00:00,ft-us-2026-01-31,2026-01-31,,True
2026-01-31,US:BBY:NYQ,US:BBY,BBY:NYQ,BBY,Best Buy Co Inc,NYQ,us,russell3000,Consumer Discretionary,ft_icb_native,2026-01-31,Consumer Discretionary,Consumer Discretionary,ft_native_v2,ft_index_membership_filtered,0.95,high,2026-01-31,https://markets.ft.com/data/equities/tearsheet/summary?s=BBY:NYQ,2026-01-31T00:00:00+00:00,ft-us-2026-01-31,2026-01-31,,True
2026-01-31,US:BC:NYQ,US:BC,BC:NYQ,BC,Brunswick Corp,NYQ,us,russell3000,Industrial Engineering,ft_icb_native,2026-01-31,Consumer Discretionary,Industrial Engineering,ft_native_v2,ft_index_membership_filtered,0.95,high,2026-01-31,https://markets.ft.com/data/equities/tearsheet/summary?s=BC:NYQ,2026-01-31T00:00:00+00:00,ft-us-2026-01-31,2026-01-31,,True
2026-01-31,US:BCAL:NAQ,US:BCAL,BCAL:NAQ,BCAL,California Bancorp,NAQ,us,russell3000,Banks,ft_icb_native,2026-01-31,Financials,Banks,ft_native_v2,ft_index_membership_filtered,0.95,high,2026-01-31,https://markets.ft.com/data/equities/tearsheet/summary?s=BCAL:NAQ,2026-01-31T00:00:00+00:00,ft-us-2026-01-31,2026-01-31,,True
2026-01-31,US:BCAX:NMQ,US:BCAX,BCAX:NMQ,BCAX,Bicara Therapeutics Inc,NMQ,us,russell3000,Pharmaceuticals and Biotechnology,ft_icb_native,2026-01-31,Health Care,Pharmaceuticals and Biotechnology,ft_native_v2,ft_index_membership_filtered,0.95,high,2026-01-31,https://markets.ft.com/data/equities/tearsheet/summary?s=BCAX:NMQ,2026-01-31T00:00:00+00:00,ft-us-2026-01-31,2026-01-31,,True
2026-01-31,US:BCBP:NMQ,US:BCBP,BCBP:NMQ,BCBP,BCB Bancorp Inc,NMQ,us,russell3000,Banks,ft_icb_native,2026-01-31,Financials,Banks,ft_native_v2,ft_index_membership_filtered,0.95,high,2026-01-31,https://markets.ft.com/data/equities/tearsheet/summary?s=BCBP:NMQ,2026-01-31T00:00:00+00:00,ft-us-2026-01-31,2026-01-31,,True
2026-01-31,US:BCC:NYQ,US:BCC,BCC:NYQ,BCC,Boise Cascade Co,NYQ,us,russell3000,Construction and Materials,ft_icb_native,2026-01-31,Industrials,Construction and Materials,ft_native_v2,ft_index_membership_filtered,0.95,high,2026-01-31,https://markets.ft.com/data/equities/tearsheet/summary?s=BCC:NYQ,2026-01-31T00:00:00+00:00,ft-us-2026-01-31,2026-01-31,,True
2026-01-31,US:BCML:NSQ,US:BCML,BCML:NSQ,BCML,BayCom Corp,NASDAQ,us,russell3000,Banks,ft_icb_native,2026-01-31,Financials,Banks,ft_native_v2,ft_index_membership_filtered,0.95,high,2026-01-31,https://markets.ft.com/data/equities/tearsheet/summary?s=BCML:NSQ,2026-01-31T00:00:00+00:00,ft-us-2026-01-31,2026-01-31,,True
2026-01-31,US:BCO:NYS,US:BCO,BCO:NYS,BCO,Brinks Co,NYSE,us,russell3000,Industrial Support Services,ft_icb_native,2026-01-31,Industrials,Industrial Support Services,ft_native_v2,ft_index_membership_filtered,0.95,high,2026-01-31,https://markets.ft.com/data/equities/tearsheet/summary?s=BCO:NYS,2026-01-31T00:00:00+00:00,ft-us-2026-01-31,2026-01-31,,True
2026-01-31,US:BCPC:NSQ,US:BCPC,BCPC:NSQ,BCPC,Balchem Corp,NASDAQ,us,russell3000,Chemicals,ft_icb_native,2026-01-31,Basic Materials,Chemicals,ft_native_v2,ft_index_membership_filtered,0.95,high,2026-01-31,https://markets.ft.com/data/equities/tearsheet/summary?s=BCPC:NSQ,2026-01-31T00:00:00+00:00,ft-us-2026-01-31,2026-01-31,,True
2026-01-31,US:BCRX:NSQ,US:BCRX,BCRX:NSQ,BCRX,BioCryst Pharmaceuticals Inc,NASDAQ,us,russell3000,Pharmaceuticals and Biotechnology,ft_icb_native,2026-01-31,Health Care,Pharmaceuticals and Biotechnology,ft_native_v2,ft_index_membership_filtered,0.95,high,2026-01-31,https://markets.ft.com/data/equities/tearsheet/summary?s=BCRX:NSQ,2026-01-31T00:00:00+00:00,ft-us-2026-01-31,2026-01-31,,True
2026-01-31,US:BDC:NYQ,US:BDC,BDC:NYQ,BDC,Belden Inc,NYQ,us,russell3000,Electronic and Electrical Equipment,ft_icb_native,2026-01-31,Technology,Electronic and Electrical Equipment,ft_native_v2,ft_index_membership_filtered,0.95,high,2026-01-31,https://markets.ft.com/data/equities/tearsheet/summary?s=BDC:NYQ,2026-01-31T00:00:00+00:00,ft-us-2026-01-31,2026-01-31,,True
2026-01-31,US:BDN:NYQ,US:BDN,BDN:NYQ,BDN,Brandywine Realty Trust,NYQ,us,russell3000,Real Estate Investment Trusts,ft_icb_native,2026-01-31,Real Estate,Real Estate Investment Trusts,ft_native_v2,ft_index_membership_filtered,0.95,high,2026-01-31,https://markets.ft.com/data/equities/tearsheet/summary?s=BDN:NYQ,2026-01-31T00:00:00+00:00,ft-us-2026-01-31,2026-01-31,,True
2026-01-31,US:BDX:NYQ,US:BDX,BDX:NYQ,BDX,Becton Dickinson and Co,NYQ,us,russell3000,Medical Equipment and Services,ft_icb_native,2026-01-31,Health Care,Medical Equipment and Services,ft_native_v2,ft_index_membership_filtered,0.95,high,2026-01-31,https://markets.ft.com/data/equities/tearsheet/summary?s=BDX:NYQ,2026-01-31T00:00:00+00:00,ft-us-2026-01-31,2026-01-31,,True
2026-01-31,US:BE:NYQ,US:BE,BE:NYQ,BE,Bloom Energy Corp,NYQ,us,russell3000,Industrial Engineering,ft_icb_native,2026-01-31,Industrials,Industrial Engineering,ft_native_v2,ft_index_membership_filtered,0.95,high,2026-01-31,https://markets.ft.com/data/equities/tearsheet/summary?s=BE:NYQ,2026-01-31T00:00:00+00:00,ft-us-2026-01-31,2026-01-31,,True
2026-01-31,US:BEAM:NSQ,US:BEAM,BEAM:NSQ,BEAM,Beam Therapeutics Inc,NASDAQ,us,russell3000,Pharmaceuticals and Biotechnology,ft_icb_native,2026-01-31,Health Care,Pharmaceuticals and Biotechnology,ft_native_v2,ft_index_membership_filtered,0.95,high,2026-01-31,https://markets.ft.com/data/equities/tearsheet/summary?s=BEAM:NSQ,2026-01-31T00:00:00+00:00,ft-us-2026-01-31,2026-01-31,,True
2026-01-31,US:BELFB:NSQ,US:BELFB,BELFB:NSQ,BELFB,Bel Fuse,NASDAQ,us,russell3000,Electronic and Electrical Equipment,ft_icb_native,2026-01-31,Technology,Electronic and Electrical Equipment,ft_native_v2,ft_index_membership_filtered,0.95,high,2026-01-31,https://markets.ft.com/data/equities/tearsheet/summary?s=BELFB:NSQ,2026-01-31T00:00:00+00:00,ft-us-2026-01-31,2026-01-31,,True
2026-01-31,US:BEN:NYQ,US:BEN,BEN:NYQ,BEN,Franklin Resources Inc,NYQ,us,russell3000,Investment Banking and Brokerage Services,ft_icb_native,2026-01-31,Financials,Investment Banking and Brokerage Services,ft_native_v2,ft_index_membership_filtered,0.95,high,2026-01-31,https://markets.ft.com/data/equities/tearsheet/summary?s=BEN:NYQ,2026-01-31T00:00:00+00:00,ft-us-2026-01-31,2026-01-31,,True
2026-01-31,US:BETR:NMQ,US:BETR,BETR:NMQ,BETR,Better Home & Finance Holding Co,NMQ,us,russell3000,Finance and Credit Services,ft_icb_native,2026-01-31,Financials,Finance and Credit Services,ft_native_v2,ft_index_membership_filtered,0.95,high,2026-01-31,https://markets.ft.com/data/equities/tearsheet/summary?s=BETR:NMQ,2026-01-31T00:00:00+00:00,ft-us-2026-01-31,2026-01-31,,True
2026-01-31,US:BF.A:NYQ,US:BF.A,BF.A:NYQ,BF.A,Brown-Forman,NYQ,us,russell3000,Beverages,ft_icb_native,2026-01-31,Consumer Staples,Beverages,ft_native_v2,ft_index_membership_filtered,0.95,high,2026-01-31,https://markets.ft.com/data/equities/tearsheet/summary?s=BF.A:NYQ,2026-01-31T00:00:00+00:00,ft-us-2026-01-31,2026-01-31,,True
2026-01-31,US:BF.B:NYQ,US:BF.B,BF.B:NYQ,BF.B,Brown-Forman Corp,NYQ,us,russell3000,Beverages,ft_icb_native,2026-01-31,Consumer Staples,Beverages,ft_native_v2,ft_index_membership_filtered,0.95,high,2026-01-31,https://markets.ft.com/data/equities/tearsheet/summary?s=BF.B:NYQ,2026-01-31T00:00:00+00:00,ft-us-2026-01-31,2026-01-31,,True
2026-01-31,US:BFAM:NYQ,US:BFAM,BFAM:NYQ,BFAM,Bright Horizons Family Solutions Inc,NYQ,us,russell3000,Consumer Services,ft_icb_native,2026-01-31,Consumer Discretionary,Consumer Services,ft_native_v2,ft_index_membership_filtered,0.95,high,2026-01-31,https://markets.ft.com/data/equities/tearsheet/summary?s=BFAM:NYQ,2026-01-31T00:00:00+00:00,ft-us-2026-01-31,2026-01-31,,True
2026-01-31,US:BFC:NAQ,US:BFC,BFC:NAQ,BFC,Bank First Corp,NAQ,us,russell3000,Banks,ft_icb_native,2026-01-31,Financials,Banks,ft_native_v2,ft_index_membership_filtered,0.95,high,2026-01-31,https://markets.ft.com/data/equities/tearsheet/summary?s=BFC:NAQ,2026-01-31T00:00:00+00:00,ft-us-2026-01-31,2026-01-31,,True
2026-01-31,US:BFH:NYQ,US:BFH,BFH:NYQ,BFH,Bread Financial Holdings Inc,NYQ,us,russell3000,Finance and Credit Services,ft_icb_native,2026-01-31,Financials,Finance and Credit Services,ft_native_v2,ft_index_membership_filtered,0.95,high,2026-01-31,https://markets.ft.com/data/equities/tearsheet/summary?s=BFH:NYQ,2026-01-31T00:00:00+00:00,ft-us-2026-01-31,2026-01-31,,True
2026-01-31,US:BFLY:NYS,US:BFLY,BFLY:NYS,BFLY,Butterfly Network Inc,NYSE,us,russell3000,Medical Equipment and Services,ft_icb_native,2026-01-31,Health Care,Medical Equipment and Services,ft_native_v2,ft_index_membership_filtered,0.95,high,2026-01-31,https://markets.ft.com/data/equities/tearsheet/summary?s=BFLY:NYS,2026-01-31T00:00:00+00:00,ft-us-2026-01-31,2026-01-31,,True
2026-01-31,US:BFS:NYQ,US:BFS,BFS:NYQ,BFS,Saul Centers Inc,NYQ,us,russell3000,Real Estate Investment Trusts,ft_icb_native,2026-01-31,Real Estate,Real Estate Investment Trusts,ft_native_v2,ft_index_membership_filtered,0.95,high,2026-01-31,https://markets.ft.com/data/equities/tearsheet/summary?s=BFS:NYQ,2026-01-31T00:00:00+00:00,ft-us-2026-01-31,2026-01-31,,True
2026-01-31,US:BFST:NSQ,US:BFST,BFST:NSQ,BFST,Business First Bancshares Inc,NASDAQ,us,russell3000,Banks,ft_icb_native,2026-01-31,Financials,Banks,ft_native_v2,ft_index_membership_filtered,0.95,high,2026-01-31,https://markets.ft.com/data/equities/tearsheet/summary?s=BFST:NSQ,2026-01-31T00:00:00+00:00,ft-us-2026-01-31,2026-01-31,,True
2026-01-31,US:BG:NYQ,US:BG,BG:NYQ,BG,Bunge Global SA,NYQ,us,russell3000,Food Producers,ft_icb_native,2026-01-31,Consumer Staples,Food Producers,ft_native_v2,ft_index_membership_filtered,0.95,high,2026-01-31,https://markets.ft.com/data/equities/tearsheet/summary?s=BG:NYQ,2026-01-31T00:00:00+00:00,ft-us-2026-01-31,2026-01-31,,True
2026-01-31,US:BGC:NSQ,US:BGC,BGC:NSQ,BGC,Bgc Group Inc,NASDAQ,us,russell3000,Investment Banking and Brokerage Services,ft_icb_native,2026-01-31,Financials,Investment Banking and Brokerage Services,ft_native_v2,ft_index_membership_filtered,0.95,high,2026-01-31,https://markets.ft.com/data/equities/tearsheet/summary?s=BGC:NSQ,2026-01-31T00:00:00+00:00,ft-us-2026-01-31,2026-01-31,,True
2026-01-31,US:BGS:NYS,US:BGS,BGS:NYS,BGS,B&G Foods Inc,NYSE,us,russell3000,Food Producers,ft_icb_native,2026-01-31,Consumer Staples,Food Producers,ft_native_v2,ft_index_membership_filtered,0.95,high,2026-01-31,https://markets.ft.com/data/equities/tearsheet/summary?s=BGS:NYS,2026-01-31T00:00:00+00:00,ft-us-2026-01-31,2026-01-31,,True
2026-01-31,US:BHB:ASQ,US:BHB,BHB:ASQ,BHB,Bar Harbor Bankshares,ASQ,us,russell3000,Banks,ft_icb_native,2026-01-31,Financials,Banks,ft_native_v2,ft_index_membership_filtered,0.95,high,2026-01-31,https://markets.ft.com/data/equities/tearsheet/summary?s=BHB:ASQ,2026-01-31T00:00:00+00:00,ft-us-2026-01-31,2026-01-31,,True
2026-01-31,US:BHE:NYQ,US:BHE,BHE:NYQ,BHE,Benchmark Electronics Inc,NYQ,us,russell3000,Technology Hardware and Equipment,ft_icb_native,2026-01-31,Technology,Technology Hardware and Equipment,ft_native_v2,ft_index_membership_filtered,0.95,high,2026-01-31,https://markets.ft.com/data/equities/tearsheet/summary?s=BHE:NYQ,2026-01-31T00:00:00+00:00,ft-us-2026-01-31,2026-01-31,,True
2026-01-31,US:BHF:NSQ,US:BHF,BHF:NSQ,BHF,Brighthouse Financial Inc,NASDAQ,us,russell3000,Life Insurance,ft_icb_native,2026-01-31,Financials,Life Insurance,ft_native_v2,ft_index_membership_filtered,0.95,high,2026-01-31,https://markets.ft.com/data/equities/tearsheet/summary?s=BHF:NSQ,2026-01-31T00:00:00+00:00,ft-us-2026-01-31,2026-01-31,,True
2026-01-31,US:BHR:NYS,US:BHR,BHR:NYS,BHR,Ashford Hospitality Prime,NYSE,us,russell3000,Real Estate Investment Trusts,ft_icb_native,2026-01-31,Real Estate,Real Estate Investment Trusts,ft_native_v2,ft_index_membership_filtered,0.95,high,2026-01-31,https://markets.ft.com/data/equities/tearsheet/summary?s=BHR:NYS,2026-01-31T00:00:00+00:00,ft-us-2026-01-31,2026-01-31,,True
2026-01-31,US:BHRB:NAQ,US:BHRB,BHRB:NAQ,BHRB,Burke & Herbert Financial Services Corp,NAQ,us,russell3000,Banks,ft_icb_native,2026-01-31,Financials,Banks,ft_native_v2,ft_index_membership_filtered,0.95,high,2026-01-31,https://markets.ft.com/data/equities/tearsheet/summary?s=BHRB:NAQ,2026-01-31T00:00:00+00:00,ft-us-2026-01-31,2026-01-31,,True
2026-01-31,US:BHVN:NYS,US:BHVN,BHVN:NYS,BHVN,Biohaven Ltd,NYSE,us,russell3000,Pharmaceuticals and Biotechnology,ft_icb_native,2026-01-31,Health Care,Pharmaceuticals and Biotechnology,ft_native_v2,ft_index_membership_filtered,0.95,high,2026-01-31,https://markets.ft.com/data/equities/tearsheet/summary?s=BHVN:NYS,2026-01-31T00:00:00+00:00,ft-us-2026-01-31,2026-01-31,,True
2026-01-31,US:BIIB:NSQ,US:BIIB,BIIB:NSQ,BIIB,Biogen Inc,NASDAQ,us,russell3000,Pharmaceuticals and Biotechnology,ft_icb_native,2026-01-31,Health Care,Pharmaceuticals and Biotechnology,ft_native_v2,ft_index_membership_filtered,0.95,high,2026-01-31,https://markets.ft.com/data/equities/tearsheet/summary?s=BIIB:NSQ,2026-01-31T00:00:00+00:00,ft-us-2026-01-31,2026-01-31,,True
2026-01-31,US:BILL:NYQ,US:BILL,BILL:NYQ,BILL,BILL Holdings Inc,NYQ,us,russell3000,Industrial Support Services,ft_icb_native,2026-01-31,Technology,Industrial Support Services,ft_native_v2,ft_index_membership_filtered,0.95,high,2026-01-31,https://markets.ft.com/data/equities/tearsheet/summary?s=BILL:NYQ,2026-01-31T00:00:00+00:00,ft-us-2026-01-31,2026-01-31,,True
2026-01-31,US:BIO:NYQ,US:BIO,BIO:NYQ,BIO,Bio Rad Laboratories Inc,NYQ,us,russell3000,Medical Equipment and Services,ft_icb_native,2026-01-31,Health Care,Medical Equipment and Services,ft_native_v2,ft_index_membership_filtered,0.95,high,2026-01-31,https://markets.ft.com/data/equities/tearsheet/summary?s=BIO:NYQ,2026-01-31T00:00:00+00:00,ft-us-2026-01-31,2026-01-31,,True
2026-01-31,US:BIRK:NYS,US:BIRK,BIRK:NYS,BIRK,Birkenstock Holding PLC,NYSE,us,russell3000,Personal Goods,ft_icb_native,2026-01-31,Consumer Discretionary,Personal Goods,ft_native_v2,ft_index_membership_filtered,0.95,high,2026-01-31,https://markets.ft.com/data/equities/tearsheet/summary?s=BIRK:NYS,2026-01-31T00:00:00+00:00,ft-us-2026-01-31,2026-01-31,,True
2026-01-31,US:BJ:NYQ,US:BJ,BJ:NYQ,BJ,BJ's Wholesale Club Holdings Inc,NYQ,us,russell3000,Consumer Discretionary,ft_icb_native,2026-01-31,Consumer Staples,Consumer Discretionary,ft_native_v2,ft_index_membership_filtered,0.95,high,2026-01-31,https://markets.ft.com/data/equities/tearsheet/summary?s=BJ:NYQ,2026-01-31T00:00:00+00:00,ft-us-2026-01-31,2026-01-31,,True
2026-01-31,US:BJRI:NSQ,US:BJRI,BJRI:NSQ,BJRI,BJ's Restaurants Inc,NASDAQ,us,russell3000,Travel and Leisure,ft_icb_native,2026-01-31,Consumer Discretionary,Travel and Leisure,ft_native_v2,ft_index_membership_filtered,0.95,high,2026-01-31,https://markets.ft.com/data/equities/tearsheet/summary?s=BJRI:NSQ,2026-01-31T00:00:00+00:00,ft-us-2026-01-31,2026-01-31,,True
2026-01-31,US:BK:NYQ,US:BK,BK:NYQ,BK,Bank of New York Mellon Corp,NYQ,us,russell3000,Investment Banking and Brokerage Services,ft_icb_native,2026-01-31,Financials,Investment Banking and Brokerage Services,ft_native_v2,ft_index_membership_filtered,0.95,high,2026-01-31,https://markets.ft.com/data/equities/tearsheet/summary?s=BK:NYQ,2026-01-31T00:00:00+00:00,ft-us-2026-01-31,2026-01-31,,True
2026-01-31,US:BKD:NYS,US:BKD,BKD:NYS,BKD,Brookdale Senior Living Inc,NYSE,us,russell3000,Health Care Providers,ft_icb_native,2026-01-31,Health Care,Health Care Providers,ft_native_v2,ft_index_membership_filtered,0.95,high,2026-01-31,https://markets.ft.com/data/equities/tearsheet/summary?s=BKD:NYS,2026-01-31T00:00:00+00:00,ft-us-2026-01-31,2026-01-31,,True
2026-01-31,US:BKE:NYQ,US:BKE,BKE:NYQ,BKE,Buckle Inc,NYQ,us,russell3000,Consumer Discretionary,ft_icb_native,2026-01-31,Consumer Discretionary,Consumer Discretionary,ft_native_v2,ft_index_membership_filtered,0.95,high,2026-01-31,https://markets.ft.com/data/equities/tearsheet/summary?s=BKE:NYQ,2026-01-31T00:00:00+00:00,ft-us-2026-01-31,2026-01-31,,True
2026-01-31,US:BKH:NYQ,US:BKH,BKH:NYQ,BKH,Black Hills Corp,NYQ,us,russell3000,"Gas, Water and Multi-utilities",ft_icb_native,2026-01-31,Utilities,"Gas, Water and Multi-utilities",ft_native_v2,ft_index_membership_filtered,0.95,high,2026-01-31,https://markets.ft.com/data/equities/tearsheet/summary?s=BKH:NYQ,2026-01-31T00:00:00+00:00,ft-us-2026-01-31,2026-01-31,,True
2026-01-31,US:BKNG:NSQ,US:BKNG,BKNG:NSQ,BKNG,Booking Holdings Inc,NASDAQ,us,russell3000,Travel and Leisure,ft_icb_native,2026-01-31,Consumer Discretionary,Travel and Leisure,ft_native_v2,ft_index_membership_filtered,0.95,high,2026-01-31,https://markets.ft.com/data/equities/tearsheet/summary?s=BKNG:NSQ,2026-01-31T00:00:00+00:00,ft-us-2026-01-31,2026-01-31,,True
2026-01-31,US:BKR:NSQ,US:BKR,BKR:NSQ,BKR,Baker Hughes Co,NASDAQ,us,russell3000,"Oil, Gas and Coal",ft_icb_native,2026-01-31,Energy,"Oil, Gas and Coal",ft_native_v2,ft_index_membership_filtered,0.95,high,2026-01-31,https://markets.ft.com/data/equities/tearsheet/summary?s=BKR:NSQ,2026-01-31T00:00:00+00:00,ft-us-2026-01-31,2026-01-31,,True
2026-01-31,US:BKSY:NYQ,US:BKSY,BKSY:NYQ,BKSY,Blacksky Technology Inc,NYQ,us,russell3000,Aerospace and Defense,ft_icb_native,2026-01-31,Industrials,Aerospace and Defense,ft_native_v2,ft_index_membership_filtered,0.95,high,2026-01-31,https://markets.ft.com/data/equities/tearsheet/summary?s=BKSY:NYQ,2026-01-31T00:00:00+00:00,ft-us-2026-01-31,2026-01-31,,True
2026-01-31,US:BKU:NYQ,US:BKU,BKU:NYQ,BKU,BankUnited Inc,NYQ,us,russell3000,Banks,ft_icb_native,2026-01-31,Financials,Banks,ft_native_v2,ft_index_membership_filtered,0.95,high,2026-01-31,https://markets.ft.com/data/equities/tearsheet/summary?s=BKU:NYQ,2026-01-31T00:00:00+00:00,ft-us-2026-01-31,2026-01-31,,True
2026-01-31,US:BKV:NYQ,US:BKV,BKV:NYQ,BKV,BKV Corp,NYQ,us,russell3000,"Oil, Gas and Coal",ft_icb_native,2026-01-31,Energy,"Oil, Gas and Coal",ft_native_v2,ft_index_membership_filtered,0.95,high,2026-01-31,https://markets.ft.com/data/equities/tearsheet/summary?s=BKV:NYQ,2026-01-31T00:00:00+00:00,ft-us-2026-01-31,2026-01-31,,True
2026-01-31,US:BL:NSQ,US:BL,BL:NSQ,BL,BlackLine Inc,NASDAQ,us,russell3000,Technology,ft_icb_native,2026-01-31,Technology,Technology,ft_native_v2,ft_index_membership_filtered,0.95,high,2026-01-31,https://markets.ft.com/data/equities/tearsheet/summary?s=BL:NSQ,2026-01-31T00:00:00+00:00,ft-us-2026-01-31,2026-01-31,,True
2026-01-31,US:BLBD:NMQ,US:BLBD,BLBD:NMQ,BLBD,Blue Bird Corp,NMQ,us,russell3000,Industrial Transportation,ft_icb_native,2026-01-31,Industrials,Industrial Transportation,ft_native_v2,ft_index_membership_filtered,0.95,high,2026-01-31,https://markets.ft.com/data/equities/tearsheet/summary?s=BLBD:NMQ,2026-01-31T00:00:00+00:00,ft-us-2026-01-31,2026-01-31,,True
2026-01-31,US:BLD:NYQ,US:BLD,BLD:NYQ,BLD,TopBuild Corp,NYQ,us,russell3000,Construction and Materials,ft_icb_native,2026-01-31,Consumer Discretionary,Construction and Materials,ft_native_v2,ft_index_membership_filtered,0.95,high,2026-01-31,https://markets.ft.com/data/equities/tearsheet/summary?s=BLD:NYQ,2026-01-31T00:00:00+00:00,ft-us-2026-01-31,2026-01-31,,True
2026-01-31,US:BLDR:NYQ,US:BLDR,BLDR:NYQ,BLDR,Builders FirstSource Inc,NYQ,us,russell3000,Construction and Materials,ft_icb_native,2026-01-31,Industrials,Construction and Materials,ft_native_v2,ft_index_membership_filtered,0.95,high,2026-01-31,https://markets.ft.com/data/equities/tearsheet/summary?s=BLDR:NYQ,2026-01-31T00:00:00+00:00,ft-us-2026-01-31,2026-01-31,,True
2026-01-31,US:BLFS:NAQ,US:BLFS,BLFS:NAQ,BLFS,BioLife Solutions Inc,NAQ,us,russell3000,Medical Equipment and Services,ft_icb_native,2026-01-31,Health Care,Medical Equipment and Services,ft_native_v2,ft_index_membership_filtered,0.95,high,2026-01-31,https://markets.ft.com/data/equities/tearsheet/summary?s=BLFS:NAQ,2026-01-31T00:00:00+00:00,ft-us-2026-01-31,2026-01-31,,True
2026-01-31,US:BLFY:NSQ,US:BLFY,BLFY:NSQ,BLFY,Blue Foundry Bancorp,NASDAQ,us,russell3000,Banks,ft_icb_native,2026-01-31,Financials,Banks,ft_native_v2,ft_index_membership_filtered,0.95,high,2026-01-31,https://markets.ft.com/data/equities/tearsheet/summary?s=BLFY:NSQ,2026-01-31T00:00:00+00:00,ft-us-2026-01-31,2026-01-31,,True
2026-01-31,US:BLK:NYQ,US:BLK,BLK:NYQ,BLK,BlackRock Inc,NYQ,us,russell3000,Investment Banking and Brokerage Services,ft_icb_native,2026-01-31,Financials,Investment Banking and Brokerage Services,ft_native_v2,ft_index_membership_filtered,0.95,high,2026-01-31,https://markets.ft.com/data/equities/tearsheet/summary?s=BLK:NYQ,2026-01-31T00:00:00+00:00,ft-us-2026-01-31,2026-01-31,,True
2026-01-31,US:BLKB:NSQ,US:BLKB,BLKB:NSQ,BLKB,Blackbaud Inc,NASDAQ,us,russell3000,Technology,ft_icb_native,2026-01-31,Technology,Technology,ft_native_v2,ft_index_membership_filtered,0.95,high,2026-01-31,https://markets.ft.com/data/equities/tearsheet/summary?s=BLKB:NSQ,2026-01-31T00:00:00+00:00,ft-us-2026-01-31,2026-01-31,,True
2026-01-31,US:BLMN:NSQ,US:BLMN,BLMN:NSQ,BLMN,Bloomin' Brands Inc,NASDAQ,us,russell3000,Travel and Leisure,ft_icb_native,2026-01-31,Consumer Discretionary,Travel and Leisure,ft_native_v2,ft_index_membership_filtered,0.95,high,2026-01-31,https://markets.ft.com/data/equities/tearsheet/summary?s=BLMN:NSQ,2026-01-31T00:00:00+00:00,ft-us-2026-01-31,2026-01-31,,True
2026-01-31,US:BLND:NYQ,US:BLND,BLND:NYQ,BLND,Blend Labs Inc,NYQ,us,russell3000,Technology,ft_icb_native,2026-01-31,Technology,Technology,ft_native_v2,ft_index_membership_filtered,0.95,high,2026-01-31,https://markets.ft.com/data/equities/tearsheet/summary?s=BLND:NYQ,2026-01-31T00:00:00+00:00,ft-us-2026-01-31,2026-01-31,,True
2026-01-31,US:BMBL:NSQ,US:BMBL,BMBL:NSQ,BMBL,Bumble Inc,NASDAQ,us,russell3000,Technology,ft_icb_native,2026-01-31,Telecommunications,Technology,ft_native_v2,ft_index_membership_filtered,0.95,high,2026-01-31,https://markets.ft.com/data/equities/tearsheet/summary?s=BMBL:NSQ,2026-01-31T00:00:00+00:00,ft-us-2026-01-31,2026-01-31,,True
2026-01-31,US:BMI:NYQ,US:BMI,BMI:NYQ,BMI,Badger Meter Inc,NYQ,us,russell3000,Electronic and Electrical Equipment,ft_icb_native,2026-01-31,Technology,Electronic and Electrical Equipment,ft_native_v2,ft_index_membership_filtered,0.95,high,2026-01-31,https://markets.ft.com/data/equities/tearsheet/summary?s=BMI:NYQ,2026-01-31T00:00:00+00:00,ft-us-2026-01-31,2026-01-31,,True
2026-01-31,US:BMRC:NSQ,US:BMRC,BMRC:NSQ,BMRC,Bank of Marin Bancorp,NASDAQ,us,russell3000,Banks,ft_icb_native,2026-01-31,Financials,Banks,ft_native_v2,ft_index_membership_filtered,0.95,high,2026-01-31,https://markets.ft.com/data/equities/tearsheet/summary?s=BMRC:NSQ,2026-01-31T00:00:00+00:00,ft-us-2026-01-31,2026-01-31,,True
2026-01-31,US:BMRN:NSQ,US:BMRN,BMRN:NSQ,BMRN,BioMarin Pharmaceutical Inc,NASDAQ,us,russell3000,Pharmaceuticals and Biotechnology,ft_icb_native,2026-01-31,Health Care,Pharmaceuticals and Biotechnology,ft_native_v2,ft_index_membership_filtered,0.95,high,2026-01-31,https://markets.ft.com/data/equities/tearsheet/summary?s=BMRN:NSQ,2026-01-31T00:00:00+00:00,ft-us-2026-01-31,2026-01-31,,True
2026-01-31,US:BMY:NYQ,US:BMY,BMY:NYQ,BMY,Bristol-Myers Squibb Co,NYQ,us,russell3000,Pharmaceuticals and Biotechnology,ft_icb_native,2026-01-31,Health Care,Pharmaceuticals and Biotechnology,ft_native_v2,ft_index_membership_filtered,0.95,high,2026-01-31,https://markets.ft.com/data/equities/tearsheet/summary?s=BMY:NYQ,2026-01-31T00:00:00+00:00,ft-us-2026-01-31,2026-01-31,,True
2026-01-31,US:BNL:NYQ,US:BNL,BNL:NYQ,BNL,Broadstone Net Lease Inc,NYQ,us,russell3000,Real Estate Investment Trusts,ft_icb_native,2026-01-31,Real Estate,Real Estate Investment Trusts,ft_native_v2,ft_index_membership_filtered,0.95,high,2026-01-31,https://markets.ft.com/data/equities/tearsheet/summary?s=BNL:NYQ,2026-01-31T00:00:00+00:00,ft-us-2026-01-31,2026-01-31,,True
2026-01-31,US:BOC:NYQ,US:BOC,BOC:NYQ,BOC,Boston Omaha Corp,NYQ,us,russell3000,Media,ft_icb_native,2026-01-31,Telecommunications,Media,ft_native_v2,ft_index_membership_filtered,0.95,high,2026-01-31,https://markets.ft.com/data/equities/tearsheet/summary?s=BOC:NYQ,2026-01-31T00:00:00+00:00,ft-us-2026-01-31,2026-01-31,,True
2026-01-31,US:BOH:NYQ,US:BOH,BOH:NYQ,BOH,Bank of Hawaii Corp,NYQ,us,russell3000,Banks,ft_icb_native,2026-01-31,Financials,Banks,ft_native_v2,ft_index_membership_filtered,0.95,high,2026-01-31,https://markets.ft.com/data/equities/tearsheet/summary?s=BOH:NYQ,2026-01-31T00:00:00+00:00,ft-us-2026-01-31,2026-01-31,,True
2026-01-31,US:BOKF:NSQ,US:BOKF,BOKF:NSQ,BOKF,BOK Financial Corp,NASDAQ,us,russell3000,Banks,ft_icb_native,2026-01-31,Financials,Banks,ft_native_v2,ft_index_membership_filtered,0.95,high,2026-01-31,https://markets.ft.com/data/equities/tearsheet/summary?s=BOKF:NSQ,2026-01-31T00:00:00+00:00,ft-us-2026-01-31,2026-01-31,,True
2026-01-31,US:BOOM:NSQ,US:BOOM,BOOM:NSQ,BOOM,DMC Global Inc,NASDAQ,us,russell3000,"Oil, Gas and Coal",ft_icb_native,2026-01-31,Energy,"Oil, Gas and Coal",ft_native_v2,ft_index_membership_filtered,0.95,high,2026-01-31,https://markets.ft.com/data/equities/tearsheet/summary?s=BOOM:NSQ,2026-01-31T00:00:00+00:00,ft-us-2026-01-31,2026-01-31,,True
2026-01-31,US:BOOT:NYQ,US:BOOT,BOOT:NYQ,BOOT,Boot Barn Holdings Inc,NYQ,us,russell3000,Consumer Discretionary,ft_icb_native,2026-01-31,Consumer Discretionary,Consumer Discretionary,ft_native_v2,ft_index_membership_filtered,0.95,high,2026-01-31,https://markets.ft.com/data/equities/tearsheet/summary?s=BOOT:NYQ,2026-01-31T00:00:00+00:00,ft-us-2026-01-31,2026-01-31,,True
2026-01-31,US:BOW:NYS,US:BOW,BOW:NYS,BOW,Bowhead Specialty Holdings Inc,NYSE,us,russell3000,Non-life Insurance,ft_icb_native,2026-01-31,Financials,Non-life Insurance,ft_native_v2,ft_index_membership_filtered,0.95,high,2026-01-31,https://markets.ft.com/data/equities/tearsheet/summary?s=BOW:NYS,2026-01-31T00:00:00+00:00,ft-us-2026-01-31,2026-01-31,,True
2026-01-31,US:BOX:NYQ,US:BOX,BOX:NYQ,BOX,Box Inc,NYQ,us,russell3000,Technology,ft_icb_native,2026-01-31,Technology,Technology,ft_native_v2,ft_index_membership_filtered,0.95,high,2026-01-31,https://markets.ft.com/data/equities/tearsheet/summary?s=BOX:NYQ,2026-01-31T00:00:00+00:00,ft-us-2026-01-31,2026-01-31,,True
2026-01-31,US:BPOP:NSQ,US:BPOP,BPOP:NSQ,BPOP,Popular Inc,NASDAQ,us,russell3000,Banks,ft_icb_native,2026-01-31,Financials,Banks,ft_native_v2,ft_index_membership_filtered,0.95,high,2026-01-31,https://markets.ft.com/data/equities/tearsheet/summary?s=BPOP:NSQ,2026-01-31T00:00:00+00:00,ft-us-2026-01-31,2026-01-31,,True
2026-01-31,US:BR:NYS,US:BR,BR:NYS,BR,Broadridge Financial Solutions Inc,NYSE,us,russell3000,Investment Banking and Brokerage Services,ft_icb_native,2026-01-31,Financials,Investment Banking and Brokerage Services,ft_native_v2,ft_index_membership_filtered,0.95,high,2026-01-31,https://markets.ft.com/data/equities/tearsheet/summary?s=BR:NYS,2026-01-31T00:00:00+00:00,ft-us-2026-01-31,2026-01-31,,True
2026-01-31,US:BRBR:NYQ,US:BRBR,BRBR:NYQ,BRBR,Bellring Brands Inc,NYQ,us,russell3000,Food Producers,ft_icb_native,2026-01-31,Consumer Staples,Food Producers,ft_native_v2,ft_index_membership_filtered,0.95,high,2026-01-31,https://markets.ft.com/data/equities/tearsheet/summary?s=BRBR:NYQ,2026-01-31T00:00:00+00:00,ft-us-2026-01-31,2026-01-31,,True
2026-01-31,US:BRCC:NYQ,US:BRCC,BRCC:NYQ,BRCC,BRC Inc,NYQ,us,russell3000,Beverages,ft_icb_native,2026-01-31,Consumer Staples,Beverages,ft_native_v2,ft_index_membership_filtered,0.95,high,2026-01-31,https://markets.ft.com/data/equities/tearsheet/summary?s=BRCC:NYQ,2026-01-31T00:00:00+00:00,ft-us-2026-01-31,2026-01-31,,True
2026-01-31,US:BRK.B:NYQ,US:BRK.B,BRK.B:NYQ,BRK.B,Berkshire Hathaway,NYQ,us,russell3000,Investment Banking and Brokerage Services,ft_icb_native,2026-01-31,Financials,Investment Banking and Brokerage Services,ft_native_v2,ft_index_membership_filtered,0.95,high,2026-01-31,https://markets.ft.com/data/equities/tearsheet/summary?s=BRK.B:NYQ,2026-01-31T00:00:00+00:00,ft-us-2026-01-31,2026-01-31,,True
2026-01-31,US:BRKR:NSQ,US:BRKR,BRKR:NSQ,BRKR,Bruker Corp,NASDAQ,us,russell3000,Medical Equipment and Services,ft_icb_native,2026-01-31,Health Care,Medical Equipment and Services,ft_native_v2,ft_index_membership_filtered,0.95,high,2026-01-31,https://markets.ft.com/data/equities/tearsheet/summary?s=BRKR:NSQ,2026-01-31T00:00:00+00:00,ft-us-2026-01-31,2026-01-31,,True
2026-01-31,US:BRO:NYQ,US:BRO,BRO:NYQ,BRO,Brown & Brown Inc,NYQ,us,russell3000,Non-life Insurance,ft_icb_native,2026-01-31,Financials,Non-life Insurance,ft_native_v2,ft_index_membership_filtered,0.95,high,2026-01-31,https://markets.ft.com/data/equities/tearsheet/summary?s=BRO:NYQ,2026-01-31T00:00:00+00:00,ft-us-2026-01-31,2026-01-31,,True
2026-01-31,US:BROS:NYQ,US:BROS,BROS:NYQ,BROS,Dutch Bros Inc,NYQ,us,russell3000,Travel and Leisure,ft_icb_native,2026-01-31,Consumer Discretionary,Travel and Leisure,ft_native_v2,ft_index_membership_filtered,0.95,high,2026-01-31,https://markets.ft.com/data/equities/tearsheet/summary?s=BROS:NYQ,2026-01-31T00:00:00+00:00,ft-us-2026-01-31,2026-01-31,,True
2026-01-31,US:BRSL:NYS,US:BRSL,BRSL:NYS,BRSL,Brightstar Lottery PLC,NYSE,us,russell3000,Travel and Leisure,ft_icb_native,2026-01-31,Consumer Discretionary,Travel and Leisure,ft_native_v2,ft_index_membership_filtered,0.95,high,2026-01-31,https://markets.ft.com/data/equities/tearsheet/summary?s=BRSL:NYS,2026-01-31T00:00:00+00:00,ft-us-2026-01-31,2026-01-31,,True
2026-01-31,US:BRSP:NYS,US:BRSP,BRSP:NYS,BRSP,Brightspire Capital Inc,NYSE,us,russell3000,Mortgage Real Estate Investment Trusts,ft_icb_native,2026-01-31,Financials,Mortgage Real Estate Investment Trusts,ft_native_v2,ft_index_membership_filtered,0.95,high,2026-01-31,https://markets.ft.com/data/equities/tearsheet/summary?s=BRSP:NYS,2026-01-31T00:00:00+00:00,ft-us-2026-01-31,2026-01-31,,True
2026-01-31,US:BRX:NYQ,US:BRX,BRX:NYQ,BRX,Brixmor Property Group Inc,NYQ,us,russell3000,Real Estate Investment Trusts,ft_icb_native,2026-01-31,Real Estate,Real Estate Investment Trusts,ft_native_v2,ft_index_membership_filtered,0.95,high,2026-01-31,https://markets.ft.com/data/equities/tearsheet/summary?s=BRX:NYQ,2026-01-31T00:00:00+00:00,ft-us-2026-01-31,2026-01-31,,True
2026-01-31,US:BRZE:NSQ,US:BRZE,BRZE:NSQ,BRZE,Braze Inc,NASDAQ,us,russell3000,Technology,ft_icb_native,2026-01-31,Technology,Technology,ft_native_v2,ft_index_membership_filtered,0.95,high,2026-01-31,https://markets.ft.com/data/equities/tearsheet/summary?s=BRZE:NSQ,2026-01-31T00:00:00+00:00,ft-us-2026-01-31,2026-01-31,,True
2026-01-31,US:BSRR:NSQ,US:BSRR,BSRR:NSQ,BSRR,Sierra Bancorp,NASDAQ,us,russell3000,Banks,ft_icb_native,2026-01-31,Financials,Banks,ft_native_v2,ft_index_membership_filtered,0.95,high,2026-01-31,https://markets.ft.com/data/equities/tearsheet/summary?s=BSRR:NSQ,2026-01-31T00:00:00+00:00,ft-us-2026-01-31,2026-01-31,,True
2026-01-31,US:BSX:NYQ,US:BSX,BSX:NYQ,BSX,Boston Scientific Corp,NYQ,us,russell3000,Medical Equipment and Services,ft_icb_native,2026-01-31,Health Care,Medical Equipment and Services,ft_native_v2,ft_index_membership_filtered,0.95,high,2026-01-31,https://markets.ft.com/data/equities/tearsheet/summary?s=BSX:NYQ,2026-01-31T00:00:00+00:00,ft-us-2026-01-31,2026-01-31,,True
2026-01-31,US:BSY:NSQ,US:BSY,BSY:NSQ,BSY,Bentley Systems Inc,NASDAQ,us,russell3000,Technology,ft_icb_native,2026-01-31,Technology,Technology,ft_native_v2,ft_index_membership_filtered,0.95,high,2026-01-31,https://markets.ft.com/data/equities/tearsheet/summary?s=BSY:NSQ,2026-01-31T00:00:00+00:00,ft-us-2026-01-31,2026-01-31,,True
2026-01-31,US:BTBT:NAQ,US:BTBT,BTBT:NAQ,BTBT,Bit Digital Inc,NAQ,us,russell3000,Technology Hardware and Equipment,ft_icb_native,2026-01-31,Technology,Technology Hardware and Equipment,ft_native_v2,ft_index_membership_filtered,0.95,high,2026-01-31,https://markets.ft.com/data/equities/tearsheet/summary?s=BTBT:NAQ,2026-01-31T00:00:00+00:00,ft-us-2026-01-31,2026-01-31,,True
2026-01-31,US:BTSG:NSQ,US:BTSG,BTSG:NSQ,BTSG,Brightspring Health Services Inc,NASDAQ,us,russell3000,Health Care Providers,ft_icb_native,2026-01-31,Health Care,Health Care Providers,ft_native_v2,ft_index_membership_filtered,0.95,high,2026-01-31,https://markets.ft.com/data/equities/tearsheet/summary?s=BTSG:NSQ,2026-01-31T00:00:00+00:00,ft-us-2026-01-31,2026-01-31,,True
2026-01-31,US:BTU:NYS,US:BTU,BTU:NYS,BTU,Peabody Energy Corp,NYSE,us,russell3000,"Oil, Gas and Coal",ft_icb_native,2026-01-31,Energy,"Oil, Gas and Coal",ft_native_v2,ft_index_membership_filtered,0.95,high,2026-01-31,https://markets.ft.com/data/equities/tearsheet/summary?s=BTU:NYS,2026-01-31T00:00:00+00:00,ft-us-2026-01-31,2026-01-31,,True
2026-01-31,US:BULL:NAQ,US:BULL,BULL:NAQ,BULL,Webull Corp,NAQ,us,russell3000,Investment Banking and Brokerage Services,ft_icb_native,2026-01-31,Financials,Investment Banking and Brokerage Services,ft_native_v2,ft_index_membership_filtered,0.95,high,2026-01-31,https://markets.ft.com/data/equities/tearsheet/summary?s=BULL:NAQ,2026-01-31T00:00:00+00:00,ft-us-2026-01-31,2026-01-31,,True
2026-01-31,US:BUR:NYQ,US:BUR,BUR:NYQ,BUR,Burford Capital Ltd,NYQ,us,russell3000,Investment Banking and Brokerage Services,ft_icb_native,2026-01-31,Financials,Investment Banking and Brokerage Services,ft_native_v2,ft_index_membership_filtered,0.95,high,2026-01-31,https://markets.ft.com/data/equities/tearsheet/summary?s=BUR:NYQ,2026-01-31T00:00:00+00:00,ft-us-2026-01-31,2026-01-31,,True
2026-01-31,US:BURL:NYS,US:BURL,BURL:NYS,BURL,Burlington Stores Inc,NYSE,us,russell3000,Consumer Discretionary,ft_icb_native,2026-01-31,Consumer Discretionary,Consumer Discretionary,ft_native_v2,ft_index_membership_filtered,0.95,high,2026-01-31,https://markets.ft.com/data/equities/tearsheet/summary?s=BURL:NYS,2026-01-31T00:00:00+00:00,ft-us-2026-01-31,2026-01-31,,True
2026-01-31,US:BUSE:NSQ,US:BUSE,BUSE:NSQ,BUSE,First Busey Corp,NASDAQ,us,russell3000,Banks,ft_icb_native,2026-01-31,Financials,Banks,ft_native_v2,ft_index_membership_filtered,0.95,high,2026-01-31,https://markets.ft.com/data/equities/tearsheet/summary?s=BUSE:NSQ,2026-01-31T00:00:00+00:00,ft-us-2026-01-31,2026-01-31,,True
2026-01-31,US:BV:NYS,US:BV,BV:NYS,BV,Brightview Holdings Inc,NYSE,us,russell3000,Industrial Support Services,ft_icb_native,2026-01-31,Industrials,Industrial Support Services,ft_native_v2,ft_index_membership_filtered,0.95,high,2026-01-31,https://markets.ft.com/data/equities/tearsheet/summary?s=BV:NYS,2026-01-31T00:00:00+00:00,ft-us-2026-01-31,2026-01-31,,True
2026-01-31,US:BVS:NSQ,US:BVS,BVS:NSQ,BVS,Bioventus Inc,NASDAQ,us,russell3000,Pharmaceuticals and Biotechnology,ft_icb_native,2026-01-31,Health Care,Pharmaceuticals and Biotechnology,ft_native_v2,ft_index_membership_filtered_level3_fallback,0.65,medium,2026-01-31,https://markets.ft.com/data/equities/tearsheet/summary?s=BVS:NSQ,2026-01-31T00:00:00+00:00,ft-us-2026-01-31,2026-01-31,,True
2026-01-31,US:BWA:NYQ,US:BWA,BWA:NYQ,BWA,Borgwarner Inc,NYQ,us,russell3000,Automobiles and Parts,ft_icb_native,2026-01-31,Consumer Discretionary,Automobiles and Parts,ft_native_v2,ft_index_membership_filtered,0.95,high,2026-01-31,https://markets.ft.com/data/equities/tearsheet/summary?s=BWA:NYQ,2026-01-31T00:00:00+00:00,ft-us-2026-01-31,2026-01-31,,True
2026-01-31,US:BWB:NAQ,US:BWB,BWB:NAQ,BWB,Bridgewater Bancshares Inc,NAQ,us,russell3000,Banks,ft_icb_native,2026-01-31,Financials,Banks,ft_native_v2,ft_index_membership_filtered,0.95,high,2026-01-31,https://markets.ft.com/data/equities/tearsheet/summary?s=BWB:NAQ,2026-01-31T00:00:00+00:00,ft-us-2026-01-31,2026-01-31,,True
2026-01-31,US:BWIN:NSQ,US:BWIN,BWIN:NSQ,BWIN,Baldwin Insurance Group Inc,NASDAQ,us,russell3000,Non-life Insurance,ft_icb_native,2026-01-31,Financials,Non-life Insurance,ft_native_v2,ft_index_membership_filtered,0.95,high,2026-01-31,https://markets.ft.com/data/equities/tearsheet/summary?s=BWIN:NSQ,2026-01-31T00:00:00+00:00,ft-us-2026-01-31,2026-01-31,,True
2026-01-31,US:BWMN:NMQ,US:BWMN,BWMN:NMQ,BWMN,Bowman Consulting Group Ltd,NMQ,us,russell3000,Construction and Materials,ft_icb_native,2026-01-31,Industrials,Construction and Materials,ft_native_v2,ft_index_membership_filtered,0.95,high,2026-01-31,https://markets.ft.com/data/equities/tearsheet/summary?s=BWMN:NMQ,2026-01-31T00:00:00+00:00,ft-us-2026-01-31,2026-01-31,,True
2026-01-31,US:BWXT:NYQ,US:BWXT,BWXT:NYQ,BWXT,BWX Technologies Inc,NYQ,us,russell3000,Aerospace and Defense,ft_icb_native,2026-01-31,Industrials,Aerospace and Defense,ft_native_v2,ft_index_membership_filtered,0.95,high,2026-01-31,https://markets.ft.com/data/equities/tearsheet/summary?s=BWXT:NYQ,2026-01-31T00:00:00+00:00,ft-us-2026-01-31,2026-01-31,,True
2026-01-31,US:BX:NYS,US:BX,BX:NYS,BX,Blackstone Inc,NYSE,us,russell3000,Investment Banking and Brokerage Services,ft_icb_native,2026-01-31,Financials,Investment Banking and Brokerage Services,ft_native_v2,ft_index_membership_filtered,0.95,high,2026-01-31,https://markets.ft.com/data/equities/tearsheet/summary?s=BX:NYS,2026-01-31T00:00:00+00:00,ft-us-2026-01-31,2026-01-31,,True
2026-01-31,US:BXC:NYQ,US:BXC,BXC:NYQ,BXC,Bluelinx Holdings Inc,NYQ,us,russell3000,Construction and Materials,ft_icb_native,2026-01-31,Industrials,Construction and Materials,ft_native_v2,ft_index_membership_filtered,0.95,high,2026-01-31,https://markets.ft.com/data/equities/tearsheet/summary?s=BXC:NYQ,2026-01-31T00:00:00+00:00,ft-us-2026-01-31,2026-01-31,,True
2026-01-31,US:BXMT:NYQ,US:BXMT,BXMT:NYQ,BXMT,Blackstone Mortgage Trust Inc,NYQ,us,russell3000,Mortgage Real Estate Investment Trusts,ft_icb_native,2026-01-31,Financials,Mortgage Real Estate Investment Trusts,ft_native_v2,ft_index_membership_filtered,0.95,high,2026-01-31,https://markets.ft.com/data/equities/tearsheet/summary?s=BXMT:NYQ,2026-01-31T00:00:00+00:00,ft-us-2026-01-31,2026-01-31,,True
2026-01-31,US:BXP:NYQ,US:BXP,BXP:NYQ,BXP,BXP Inc,NYQ,us,russell3000,Real Estate Investment Trusts,ft_icb_native,2026-01-31,Real Estate,Real Estate Investment Trusts,ft_native_v2,ft_index_membership_filtered,0.95,high,2026-01-31,https://markets.ft.com/data/equities/tearsheet/summary?s=BXP:NYQ,2026-01-31T00:00:00+00:00,ft-us-2026-01-31,2026-01-31,,True
2026-01-31,US:BY:NYQ,US:BY,BY:NYQ,BY,Byline Bancorp Inc,NYQ,us,russell3000,Banks,ft_icb_native,2026-01-31,Financials,Banks,ft_native_v2,ft_index_membership_filtered,0.95,high,2026-01-31,https://markets.ft.com/data/equities/tearsheet/summary?s=BY:NYQ,2026-01-31T00:00:00+00:00,ft-us-2026-01-31,2026-01-31,,True
2026-01-31,US:BYD:NYQ,US:BYD,BYD:NYQ,BYD,Boyd Gaming Corp,NYQ,us,russell3000,Travel and Leisure,ft_icb_native,2026-01-31,Consumer Discretionary,Travel and Leisure,ft_native_v2,ft_index_membership_filtered,0.95,high,2026-01-31,https://markets.ft.com/data/equities/tearsheet/summary?s=BYD:NYQ,2026-01-31T00:00:00+00:00,ft-us-2026-01-31,2026-01-31,,True
2026-01-31,US:BYND:NSQ,US:BYND,BYND:NSQ,BYND,Beyond Meat Inc,NASDAQ,us,russell3000,Food Producers,ft_icb_native,2026-01-31,Consumer Staples,Food Producers,ft_native_v2,ft_index_membership_filtered,0.95,high,2026-01-31,https://markets.ft.com/data/equities/tearsheet/summary?s=BYND:NSQ,2026-01-31T00:00:00+00:00,ft-us-2026-01-31,2026-01-31,,True
2026-01-31,US:BYRN:NAQ,US:BYRN,BYRN:NAQ,BYRN,Byrna Technologies Inc,NAQ,us,russell3000,Aerospace and Defense,ft_icb_native,2026-01-31,Industrials,Aerospace and Defense,ft_native_v2,ft_index_membership_filtered,0.95,high,2026-01-31,https://markets.ft.com/data/equities/tearsheet/summary?s=BYRN:NAQ,2026-01-31T00:00:00+00:00,ft-us-2026-01-31,2026-01-31,,True
2026-01-31,US:BZH:NYQ,US:BZH,BZH:NYQ,BZH,Beazer Homes USA Inc,NYQ,us,russell3000,Household Goods and Home Construction,ft_icb_native,2026-01-31,Consumer Discretionary,Household Goods and Home Construction,ft_native_v2,ft_index_membership_filtered,0.95,high,2026-01-31,https://markets.ft.com/data/equities/tearsheet/summary?s=BZH:NYQ,2026-01-31T00:00:00+00:00,ft-us-2026-01-31,2026-01-31,,True
2026-01-31,US:C:NYQ,US:C,C:NYQ,C,Citigroup Inc,NYQ,us,russell3000,Banks,ft_icb_native,2026-01-31,Financials,Banks,ft_native_v2,ft_index_membership_filtered,0.95,high,2026-01-31,https://markets.ft.com/data/equities/tearsheet/summary?s=C:NYQ,2026-01-31T00:00:00+00:00,ft-us-2026-01-31,2026-01-31,,True
2026-01-31,US:CABO:NYS,US:CABO,CABO:NYS,CABO,Cable One Inc,NYSE,us,russell3000,Telecommunications Service Providers,ft_icb_native,2026-01-31,Telecommunications,Telecommunications Service Providers,ft_native_v2,ft_index_membership_filtered,0.95,high,2026-01-31,https://markets.ft.com/data/equities/tearsheet/summary?s=CABO:NYS,2026-01-31T00:00:00+00:00,ft-us-2026-01-31,2026-01-31,,True
2026-01-31,US:CAC:NSQ,US:CAC,CAC:NSQ,CAC,Camden National Corp,NASDAQ,us,russell3000,Banks,ft_icb_native,2026-01-31,Financials,Banks,ft_native_v2,ft_index_membership_filtered,0.95,high,2026-01-31,https://markets.ft.com/data/equities/tearsheet/summary?s=CAC:NSQ,2026-01-31T00:00:00+00:00,ft-us-2026-01-31,2026-01-31,,True
2026-01-31,US:CACC:NSQ,US:CACC,CACC:NSQ,CACC,Credit Acceptance Corp,NASDAQ,us,russell3000,Finance and Credit Services,ft_icb_native,2026-01-31,Financials,Finance and Credit Services,ft_native_v2,ft_index_membership_filtered,0.95,high,2026-01-31,https://markets.ft.com/data/equities/tearsheet/summary?s=CACC:NSQ,2026-01-31T00:00:00+00:00,ft-us-2026-01-31,2026-01-31,,True
2026-01-31,US:CACI:NYQ,US:CACI,CACI:NYQ,CACI,CACI International Inc,NYQ,us,russell3000,Technology,ft_icb_native,2026-01-31,Industrials,Technology,ft_native_v2,ft_index_membership_filtered,0.95,high,2026-01-31,https://markets.ft.com/data/equities/tearsheet/summary?s=CACI:NYQ,2026-01-31T00:00:00+00:00,ft-us-2026-01-31,2026-01-31,,True
2026-01-31,US:CAG:NYQ,US:CAG,CAG:NYQ,CAG,Conagra Brands Inc,NYQ,us,russell3000,Food Producers,ft_icb_native,2026-01-31,Consumer Staples,Food Producers,ft_native_v2,ft_index_membership_filtered,0.95,high,2026-01-31,https://markets.ft.com/data/equities/tearsheet/summary?s=CAG:NYQ,2026-01-31T00:00:00+00:00,ft-us-2026-01-31,2026-01-31,,True
2026-01-31,US:CAH:NYQ,US:CAH,CAH:NYQ,CAH,Cardinal Health Inc,NYQ,us,russell3000,Pharmaceuticals and Biotechnology,ft_icb_native,2026-01-31,Health Care,Pharmaceuticals and Biotechnology,ft_native_v2,ft_index_membership_filtered,0.95,high,2026-01-31,https://markets.ft.com/data/equities/tearsheet/summary?s=CAH:NYQ,2026-01-31T00:00:00+00:00,ft-us-2026-01-31,2026-01-31,,True
2026-01-31,US:CAI:NSQ,US:CAI,CAI:NSQ,CAI,Caris Life Sciences Inc,NASDAQ,us,russell3000,Pharmaceuticals and Biotechnology,ft_icb_native,2026-01-31,Health Care,Pharmaceuticals and Biotechnology,ft_native_v2,ft_index_membership_filtered,0.95,high,2026-01-31,https://markets.ft.com/data/equities/tearsheet/summary?s=CAI:NSQ,2026-01-31T00:00:00+00:00,ft-us-2026-01-31,2026-01-31,,True
2026-01-31,US:CAKE:NSQ,US:CAKE,CAKE:NSQ,CAKE,Cheesecake Factory Inc,NASDAQ,us,russell3000,Travel and Leisure,ft_icb_native,2026-01-31,Consumer Discretionary,Travel and Leisure,ft_native_v2,ft_index_membership_filtered,0.95,high,2026-01-31,https://markets.ft.com/data/equities/tearsheet/summary?s=CAKE:NSQ,2026-01-31T00:00:00+00:00,ft-us-2026-01-31,2026-01-31,,True
2026-01-31,US:CAL:NYQ,US:CAL,CAL:NYQ,CAL,Caleres Inc,NYQ,us,russell3000,Consumer Discretionary,ft_icb_native,2026-01-31,Consumer Discretionary,Consumer Discretionary,ft_native_v2,ft_index_membership_filtered,0.95,high,2026-01-31,https://markets.ft.com/data/equities/tearsheet/summary?s=CAL:NYQ,2026-01-31T00:00:00+00:00,ft-us-2026-01-31,2026-01-31,,True
2026-01-31,US:CALM:NSQ,US:CALM,CALM:NSQ,CALM,Cal-Maine Foods Inc,NASDAQ,us,russell3000,Food Producers,ft_icb_native,2026-01-31,Consumer Staples,Food Producers,ft_native_v2,ft_index_membership_filtered,0.95,high,2026-01-31,https://markets.ft.com/data/equities/tearsheet/summary?s=CALM:NSQ,2026-01-31T00:00:00+00:00,ft-us-2026-01-31,2026-01-31,,True
2026-01-31,US:CALX:NYQ,US:CALX,CALX:NYQ,CALX,Calix Inc,NYQ,us,russell3000,Telecommunications Equipment,ft_icb_native,2026-01-31,Technology,Telecommunications Equipment,ft_native_v2,ft_index_membership_filtered,0.95,high,2026-01-31,https://markets.ft.com/data/equities/tearsheet/summary?s=CALX:NYQ,2026-01-31T00:00:00+00:00,ft-us-2026-01-31,2026-01-31,,True
2026-01-31,US:CALY:NYQ,US:CALY,CALY:NYQ,CALY,Callaway Golf Co,NYQ,us,russell3000,Leisure Goods,ft_icb_native,2026-01-31,Consumer Discretionary,Leisure Goods,ft_native_v2,ft_index_membership_filtered,0.95,high,2026-01-31,https://markets.ft.com/data/equities/tearsheet/summary?s=CALY:NYQ,2026-01-31T00:00:00+00:00,ft-us-2026-01-31,2026-01-31,,True
2026-01-31,US:CAPR:NAQ,US:CAPR,CAPR:NAQ,CAPR,Capricor Therapeutics Inc,NAQ,us,russell3000,Pharmaceuticals and Biotechnology,ft_icb_native,2026-01-31,Health Care,Pharmaceuticals and Biotechnology,ft_native_v2,ft_index_membership_filtered,0.95,high,2026-01-31,https://markets.ft.com/data/equities/tearsheet/summary?s=CAPR:NAQ,2026-01-31T00:00:00+00:00,ft-us-2026-01-31,2026-01-31,,True
2026-01-31,US:CAR:NSQ,US:CAR,CAR:NSQ,CAR,Avis Budget Group Inc,NASDAQ,us,russell3000,Consumer Services,ft_icb_native,2026-01-31,Industrials,Consumer Services,ft_native_v2,ft_index_membership_filtered,0.95,high,2026-01-31,https://markets.ft.com/data/equities/tearsheet/summary?s=CAR:NSQ,2026-01-31T00:00:00+00:00,ft-us-2026-01-31,2026-01-31,,True
2026-01-31,US:CARE:NSQ,US:CARE,CARE:NSQ,CARE,Carter Bankshares Inc,NASDAQ,us,russell3000,Banks,ft_icb_native,2026-01-31,Financials,Banks,ft_native_v2,ft_index_membership_filtered,0.95,high,2026-01-31,https://markets.ft.com/data/equities/tearsheet/summary?s=CARE:NSQ,2026-01-31T00:00:00+00:00,ft-us-2026-01-31,2026-01-31,,True
2026-01-31,US:CARG:NSQ,US:CARG,CARG:NSQ,CARG,CarGurus Inc,NASDAQ,us,russell3000,Technology,ft_icb_native,2026-01-31,Telecommunications,Technology,ft_native_v2,ft_index_membership_filtered,0.95,high,2026-01-31,https://markets.ft.com/data/equities/tearsheet/summary?s=CARG:NSQ,2026-01-31T00:00:00+00:00,ft-us-2026-01-31,2026-01-31,,True
2026-01-31,US:CARR:NYQ,US:CARR,CARR:NYQ,CARR,Carrier Global Corp,NYQ,us,russell3000,Construction and Materials,ft_icb_native,2026-01-31,Industrials,Construction and Materials,ft_native_v2,ft_index_membership_filtered,0.95,high,2026-01-31,https://markets.ft.com/data/equities/tearsheet/summary?s=CARR:NYQ,2026-01-31T00:00:00+00:00,ft-us-2026-01-31,2026-01-31,,True
2026-01-31,US:CARS:NYS,US:CARS,CARS:NYS,CARS,Cars.com Inc,NYSE,us,russell3000,Consumer Services,ft_icb_native,2026-01-31,Consumer Discretionary,Consumer Services,ft_native_v2,ft_index_membership_filtered,0.95,high,2026-01-31,https://markets.ft.com/data/equities/tearsheet/summary?s=CARS:NYS,2026-01-31T00:00:00+00:00,ft-us-2026-01-31,2026-01-31,,True
2026-01-31,US:CART:NSQ,US:CART,CART:NSQ,CART,Maplebear Inc,NASDAQ,us,russell3000,Technology,ft_icb_native,2026-01-31,Consumer Staples,Technology,ft_native_v2,ft_index_membership_filtered,0.95,high,2026-01-31,https://markets.ft.com/data/equities/tearsheet/summary?s=CART:NSQ,2026-01-31T00:00:00+00:00,ft-us-2026-01-31,2026-01-31,,True
2026-01-31,US:CASH:NSQ,US:CASH,CASH:NSQ,CASH,Pathward Financial Inc,NASDAQ,us,russell3000,Banks,ft_icb_native,2026-01-31,Financials,Banks,ft_native_v2,ft_index_membership_filtered,0.95,high,2026-01-31,https://markets.ft.com/data/equities/tearsheet/summary?s=CASH:NSQ,2026-01-31T00:00:00+00:00,ft-us-2026-01-31,2026-01-31,,True
2026-01-31,US:CASS:NSQ,US:CASS,CASS:NSQ,CASS,Cass Information Systems Inc,NASDAQ,us,russell3000,Industrial Support Services,ft_icb_native,2026-01-31,Financials,Industrial Support Services,ft_native_v2,ft_index_membership_filtered,0.95,high,2026-01-31,https://markets.ft.com/data/equities/tearsheet/summary?s=CASS:NSQ,2026-01-31T00:00:00+00:00,ft-us-2026-01-31,2026-01-31,,True
2026-01-31,US:CASY:NSQ,US:CASY,CASY:NSQ,CASY,Caseys General Stores Inc,NASDAQ,us,russell3000,"Personal Care, Drug and Grocery Stores",ft_icb_native,2026-01-31,Consumer Staples,"Personal Care, Drug and Grocery Stores",ft_native_v2,ft_index_membership_filtered,0.95,high,2026-01-31,https://markets.ft.com/data/equities/tearsheet/summary?s=CASY:NSQ,2026-01-31T00:00:00+00:00,ft-us-2026-01-31,2026-01-31,,True
2026-01-31,US:CAT:NYQ,US:CAT,CAT:NYQ,CAT,Caterpillar Inc,NYQ,us,russell3000,Industrial Engineering,ft_icb_native,2026-01-31,Industrials,Industrial Engineering,ft_native_v2,ft_index_membership_filtered,0.95,high,2026-01-31,https://markets.ft.com/data/equities/tearsheet/summary?s=CAT:NYQ,2026-01-31T00:00:00+00:00,ft-us-2026-01-31,2026-01-31,,True
2026-01-31,US:CATX:ASQ,US:CATX,CATX:ASQ,CATX,Perspective Therapeutics Inc,ASQ,us,russell3000,Pharmaceuticals and Biotechnology,ft_icb_native,2026-01-31,Health Care,Pharmaceuticals and Biotechnology,ft_native_v2,ft_index_membership_filtered,0.95,high,2026-01-31,https://markets.ft.com/data/equities/tearsheet/summary?s=CATX:ASQ,2026-01-31T00:00:00+00:00,ft-us-2026-01-31,2026-01-31,,True
2026-01-31,US:CATY:NSQ,US:CATY,CATY:NSQ,CATY,Cathay General Bancorp,NASDAQ,us,russell3000,Banks,ft_icb_native,2026-01-31,Financials,Banks,ft_native_v2,ft_index_membership_filtered,0.95,high,2026-01-31,https://markets.ft.com/data/equities/tearsheet/summary?s=CATY:NSQ,2026-01-31T00:00:00+00:00,ft-us-2026-01-31,2026-01-31,,True
2026-01-31,US:CAVA:NYS,US:CAVA,CAVA:NYS,CAVA,CAVA Group Inc,NYSE,us,russell3000,Travel and Leisure,ft_icb_native,2026-01-31,Consumer Discretionary,Travel and Leisure,ft_native_v2,ft_index_membership_filtered,0.95,high,2026-01-31,https://markets.ft.com/data/equities/tearsheet/summary?s=CAVA:NYS,2026-01-31T00:00:00+00:00,ft-us-2026-01-31,2026-01-31,,True
2026-01-31,US:CB:NYQ,US:CB,CB:NYQ,CB,Chubb Ltd,NYQ,us,russell3000,Non-life Insurance,ft_icb_native,2026-01-31,Financials,Non-life Insurance,ft_native_v2,ft_index_membership_filtered,0.95,high,2026-01-31,https://markets.ft.com/data/equities/tearsheet/summary?s=CB:NYQ,2026-01-31T00:00:00+00:00,ft-us-2026-01-31,2026-01-31,,True
2026-01-31,US:CBAN:NYQ,US:CBAN,CBAN:NYQ,CBAN,Colony Bankcorp Inc,NYQ,us,russell3000,Banks,ft_icb_native,2026-01-31,Financials,Banks,ft_native_v2,ft_index_membership_filtered,0.95,high,2026-01-31,https://markets.ft.com/data/equities/tearsheet/summary?s=CBAN:NYQ,2026-01-31T00:00:00+00:00,ft-us-2026-01-31,2026-01-31,,True
2026-01-31,US:CBL:NYQ,US:CBL,CBL:NYQ,CBL,CBL & Associates Properties Inc,NYQ,us,russell3000,Real Estate Investment Trusts,ft_icb_native,2026-01-31,Real Estate,Real Estate Investment Trusts,ft_native_v2,ft_index_membership_filtered,0.95,high,2026-01-31,https://markets.ft.com/data/equities/tearsheet/summary?s=CBL:NYQ,2026-01-31T00:00:00+00:00,ft-us-2026-01-31,2026-01-31,,True
2026-01-31,US:CBLL:NSQ,US:CBLL,CBLL:NSQ,CBLL,Ceribell Inc,NASDAQ,us,russell3000,Medical Equipment and Services,ft_icb_native,2026-01-31,Health Care,Medical Equipment and Services,ft_native_v2,ft_index_membership_filtered,0.95,high,2026-01-31,https://markets.ft.com/data/equities/tearsheet/summary?s=CBLL:NSQ,2026-01-31T00:00:00+00:00,ft-us-2026-01-31,2026-01-31,,True
2026-01-31,US:CBOE:NYS,US:CBOE,CBOE:NYS,CBOE,Cboe Global Markets Inc,NYSE,us,russell3000,Investment Banking and Brokerage Services,ft_icb_native,2026-01-31,Financials,Investment Banking and Brokerage Services,ft_native_v2,ft_index_membership_filtered,0.95,high,2026-01-31,https://markets.ft.com/data/equities/tearsheet/summary?s=CBOE:NYS,2026-01-31T00:00:00+00:00,ft-us-2026-01-31,2026-01-31,,True
2026-01-31,US:CBRE:NYQ,US:CBRE,CBRE:NYQ,CBRE,CBRE Group Inc,NYQ,us,russell3000,Real Estate Investment and Services,ft_icb_native,2026-01-31,Real Estate,Real Estate Investment and Services,ft_native_v2,ft_index_membership_filtered,0.95,high,2026-01-31,https://markets.ft.com/data/equities/tearsheet/summary?s=CBRE:NYQ,2026-01-31T00:00:00+00:00,ft-us-2026-01-31,2026-01-31,,True
2026-01-31,US:CBRL:NSQ,US:CBRL,CBRL:NSQ,CBRL,Cracker Barrel Old Country Store Inc,NASDAQ,us,russell3000,Travel and Leisure,ft_icb_native,2026-01-31,Consumer Discretionary,Travel and Leisure,ft_native_v2,ft_index_membership_filtered,0.95,high,2026-01-31,https://markets.ft.com/data/equities/tearsheet/summary?s=CBRL:NSQ,2026-01-31T00:00:00+00:00,ft-us-2026-01-31,2026-01-31,,True
2026-01-31,US:CBSH:NSQ,US:CBSH,CBSH:NSQ,CBSH,Commerce Bancshares Inc,NASDAQ,us,russell3000,Banks,ft_icb_native,2026-01-31,Financials,Banks,ft_native_v2,ft_index_membership_filtered,0.95,high,2026-01-31,https://markets.ft.com/data/equities/tearsheet/summary?s=CBSH:NSQ,2026-01-31T00:00:00+00:00,ft-us-2026-01-31,2026-01-31,,True
2026-01-31,US:CBT:NYQ,US:CBT,CBT:NYQ,CBT,Cabot Corp,NYQ,us,russell3000,Chemicals,ft_icb_native,2026-01-31,Basic Materials,Chemicals,ft_native_v2,ft_index_membership_filtered,0.95,high,2026-01-31,https://markets.ft.com/data/equities/tearsheet/summary?s=CBT:NYQ,2026-01-31T00:00:00+00:00,ft-us-2026-01-31,2026-01-31,,True
2026-01-31,US:CBU:NYQ,US:CBU,CBU:NYQ,CBU,Community Financial System Inc,NYQ,us,russell3000,Banks,ft_icb_native,2026-01-31,Financials,Banks,ft_native_v2,ft_index_membership_filtered,0.95,high,2026-01-31,https://markets.ft.com/data/equities/tearsheet/summary?s=CBU:NYQ,2026-01-31T00:00:00+00:00,ft-us-2026-01-31,2026-01-31,,True
2026-01-31,US:CBZ:NYQ,US:CBZ,CBZ:NYQ,CBZ,CBIZ Inc,NYQ,us,russell3000,Industrial Support Services,ft_icb_native,2026-01-31,Industrials,Industrial Support Services,ft_native_v2,ft_index_membership_filtered,0.95,high,2026-01-31,https://markets.ft.com/data/equities/tearsheet/summary?s=CBZ:NYQ,2026-01-31T00:00:00+00:00,ft-us-2026-01-31,2026-01-31,,True
2026-01-31,US:CC:NYQ,US:CC,CC:NYQ,CC,Chemours Co,NYQ,us,russell3000,Chemicals,ft_icb_native,2026-01-31,Basic Materials,Chemicals,ft_native_v2,ft_index_membership_filtered,0.95,high,2026-01-31,https://markets.ft.com/data/equities/tearsheet/summary?s=CC:NYQ,2026-01-31T00:00:00+00:00,ft-us-2026-01-31,2026-01-31,,True
2026-01-31,US:CCB:NSQ,US:CCB,CCB:NSQ,CCB,Coastal Financial Corp (EVERETT),NASDAQ,us,russell3000,Banks,ft_icb_native,2026-01-31,Financials,Banks,ft_native_v2,ft_index_membership_filtered,0.95,high,2026-01-31,https://markets.ft.com/data/equities/tearsheet/summary?s=CCB:NSQ,2026-01-31T00:00:00+00:00,ft-us-2026-01-31,2026-01-31,,True
2026-01-31,US:CCBG:NSQ,US:CCBG,CCBG:NSQ,CCBG,Capital City Bank Group Inc,NASDAQ,us,russell3000,Banks,ft_icb_native,2026-01-31,Financials,Banks,ft_native_v2,ft_index_membership_filtered,0.95,high,2026-01-31,https://markets.ft.com/data/equities/tearsheet/summary?s=CCBG:NSQ,2026-01-31T00:00:00+00:00,ft-us-2026-01-31,2026-01-31,,True
2026-01-31,US:CCC:NSQ,US:CCC,CCC:NSQ,CCC,CCC Intelligent Solutions Holdings Inc,NASDAQ,us,russell3000,Technology,ft_icb_native,2026-01-31,Technology,Technology,ft_native_v2,ft_index_membership_filtered,0.95,high,2026-01-31,https://markets.ft.com/data/equities/tearsheet/summary?s=CCC:NSQ,2026-01-31T00:00:00+00:00,ft-us-2026-01-31,2026-01-31,,True
2026-01-31,US:CCI:NYQ,US:CCI,CCI:NYQ,CCI,Crown Castle Inc,NYQ,us,russell3000,Real Estate Investment Trusts,ft_icb_native,2026-01-31,Real Estate,Real Estate Investment Trusts,ft_native_v2,ft_index_membership_filtered,0.95,high,2026-01-31,https://markets.ft.com/data/equities/tearsheet/summary?s=CCI:NYQ,2026-01-31T00:00:00+00:00,ft-us-2026-01-31,2026-01-31,,True
2026-01-31,US:CCK:NYQ,US:CCK,CCK:NYQ,CCK,Crown Holdings Inc,NYQ,us,russell3000,General Industrials,ft_icb_native,2026-01-31,Basic Materials,General Industrials,ft_native_v2,ft_index_membership_filtered,0.95,high,2026-01-31,https://markets.ft.com/data/equities/tearsheet/summary?s=CCK:NYQ,2026-01-31T00:00:00+00:00,ft-us-2026-01-31,2026-01-31,,True
2026-01-31,US:CCL:NYQ,US:CCL,CCL:NYQ,CCL,Carnival Corp,NYQ,us,russell3000,Travel and Leisure,ft_icb_native,2026-01-31,Consumer Discretionary,Travel and Leisure,ft_native_v2,ft_index_membership_filtered,0.95,high,2026-01-31,https://markets.ft.com/data/equities/tearsheet/summary?s=CCL:NYQ,2026-01-31T00:00:00+00:00,ft-us-2026-01-31,2026-01-31,,True
2026-01-31,US:CCNE:NSQ,US:CCNE,CCNE:NSQ,CCNE,CNB Financial Corp,NASDAQ,us,russell3000,Banks,ft_icb_native,2026-01-31,Financials,Banks,ft_native_v2,ft_index_membership_filtered,0.95,high,2026-01-31,https://markets.ft.com/data/equities/tearsheet/summary?s=CCNE:NSQ,2026-01-31T00:00:00+00:00,ft-us-2026-01-31,2026-01-31,,True
2026-01-31,US:CCOI:NSQ,US:CCOI,CCOI:NSQ,CCOI,Cogent Communications Holdings Inc,NASDAQ,us,russell3000,Telecommunications Service Providers,ft_icb_native,2026-01-31,Telecommunications,Telecommunications Service Providers,ft_native_v2,ft_index_membership_filtered,0.95,high,2026-01-31,https://markets.ft.com/data/equities/tearsheet/summary?s=CCOI:NSQ,2026-01-31T00:00:00+00:00,ft-us-2026-01-31,2026-01-31,,True
2026-01-31,US:CCRN:NSQ,US:CCRN,CCRN:NSQ,CCRN,Cross Country Healthcare Inc,NASDAQ,us,russell3000,Industrial Support Services,ft_icb_native,2026-01-31,Health Care,Industrial Support Services,ft_native_v2,ft_index_membership_filtered,0.95,high,2026-01-31,https://markets.ft.com/data/equities/tearsheet/summary?s=CCRN:NSQ,2026-01-31T00:00:00+00:00,ft-us-2026-01-31,2026-01-31,,True
2026-01-31,US:CCS:NYQ,US:CCS,CCS:NYQ,CCS,Century Communities Inc,NYQ,us,russell3000,Household Goods and Home Construction,ft_icb_native,2026-01-31,Consumer Discretionary,Household Goods and Home Construction,ft_native_v2,ft_index_membership_filtered,0.95,high,2026-01-31,https://markets.ft.com/data/equities/tearsheet/summary?s=CCS:NYQ,2026-01-31T00:00:00+00:00,ft-us-2026-01-31,2026-01-31,,True
2026-01-31,US:CCSI:NSQ,US:CCSI,CCSI:NSQ,CCSI,Consensus Cloud Solutions Inc,NASDAQ,us,russell3000,Technology,ft_icb_native,2026-01-31,Technology,Technology,ft_native_v2,ft_index_membership_filtered,0.95,high,2026-01-31,https://markets.ft.com/data/equities/tearsheet/summary?s=CCSI:NSQ,2026-01-31T00:00:00+00:00,ft-us-2026-01-31,2026-01-31,,True
2026-01-31,US:CDE:NYQ,US:CDE,CDE:NYQ,CDE,Coeur Mining Inc,NYQ,us,russell3000,Precious Metals and Mining,ft_icb_native,2026-01-31,Basic Materials,Precious Metals and Mining,ft_native_v2,ft_index_membership_filtered,0.95,high,2026-01-31,https://markets.ft.com/data/equities/tearsheet/summary?s=CDE:NYQ,2026-01-31T00:00:00+00:00,ft-us-2026-01-31,2026-01-31,,True
2026-01-31,US:CDNA:NMQ,US:CDNA,CDNA:NMQ,CDNA,CareDx Inc,NMQ,us,russell3000,Medical Equipment and Services,ft_icb_native,2026-01-31,Health Care,Medical Equipment and Services,ft_native_v2,ft_index_membership_filtered,0.95,high,2026-01-31,https://markets.ft.com/data/equities/tearsheet/summary?s=CDNA:NMQ,2026-01-31T00:00:00+00:00,ft-us-2026-01-31,2026-01-31,,True
2026-01-31,US:CDNS:NSQ,US:CDNS,CDNS:NSQ,CDNS,Cadence Design Systems Inc,NASDAQ,us,russell3000,Technology,ft_icb_native,2026-01-31,Technology,Technology,ft_native_v2,ft_index_membership_filtered,0.95,high,2026-01-31,https://markets.ft.com/data/equities/tearsheet/summary?s=CDNS:NSQ,2026-01-31T00:00:00+00:00,ft-us-2026-01-31,2026-01-31,,True
2026-01-31,US:CDP:NYQ,US:CDP,CDP:NYQ,CDP,COPT Defense Properties,NYQ,us,russell3000,Real Estate Investment Trusts,ft_icb_native,2026-01-31,Real Estate,Real Estate Investment Trusts,ft_native_v2,ft_index_membership_filtered,0.95,high,2026-01-31,https://markets.ft.com/data/equities/tearsheet/summary?s=CDP:NYQ,2026-01-31T00:00:00+00:00,ft-us-2026-01-31,2026-01-31,,True
2026-01-31,US:CDRE:NYQ,US:CDRE,CDRE:NYQ,CDRE,Cadre Holdings Inc,NYQ,us,russell3000,Aerospace and Defense,ft_icb_native,2026-01-31,Industrials,Aerospace and Defense,ft_native_v2,ft_index_membership_filtered,0.95,high,2026-01-31,https://markets.ft.com/data/equities/tearsheet/summary?s=CDRE:NYQ,2026-01-31T00:00:00+00:00,ft-us-2026-01-31,2026-01-31,,True
2026-01-31,US:CDW:NSQ,US:CDW,CDW:NSQ,CDW,CDW Corp,NASDAQ,us,russell3000,Technology Hardware and Equipment,ft_icb_native,2026-01-31,Technology,Technology Hardware and Equipment,ft_native_v2,ft_index_membership_filtered,0.95,high,2026-01-31,https://markets.ft.com/data/equities/tearsheet/summary?s=CDW:NSQ,2026-01-31T00:00:00+00:00,ft-us-2026-01-31,2026-01-31,,True
2026-01-31,US:CDXS:NSQ,US:CDXS,CDXS:NSQ,CDXS,Codexis Inc,NASDAQ,us,russell3000,Pharmaceuticals and Biotechnology,ft_icb_native,2026-01-31,Health Care,Pharmaceuticals and Biotechnology,ft_native_v2,ft_index_membership_filtered,0.95,high,2026-01-31,https://markets.ft.com/data/equities/tearsheet/summary?s=CDXS:NSQ,2026-01-31T00:00:00+00:00,ft-us-2026-01-31,2026-01-31,,True
2026-01-31,US:CE:NYQ,US:CE,CE:NYQ,CE,Celanese Corp,NYQ,us,russell3000,Chemicals,ft_icb_native,2026-01-31,Basic Materials,Chemicals,ft_native_v2,ft_index_membership_filtered,0.95,high,2026-01-31,https://markets.ft.com/data/equities/tearsheet/summary?s=CE:NYQ,2026-01-31T00:00:00+00:00,ft-us-2026-01-31,2026-01-31,,True
2026-01-31,US:CECO:NSQ,US:CECO,CECO:NSQ,CECO,CECO Environmental Corp,NASDAQ,us,russell3000,Electronic and Electrical Equipment,ft_icb_native,2026-01-31,Industrials,Electronic and Electrical Equipment,ft_native_v2,ft_index_membership_filtered,0.95,high,2026-01-31,https://markets.ft.com/data/equities/tearsheet/summary?s=CECO:NSQ,2026-01-31T00:00:00+00:00,ft-us-2026-01-31,2026-01-31,,True
2026-01-31,US:CEG:NSQ,US:CEG,CEG:NSQ,CEG,Constellation Energy Corp,NASDAQ,us,russell3000,Electricity,ft_icb_native,2026-01-31,Utilities,Electricity,ft_native_v2,ft_index_membership_filtered,0.95,high,2026-01-31,https://markets.ft.com/data/equities/tearsheet/summary?s=CEG:NSQ,2026-01-31T00:00:00+00:00,ft-us-2026-01-31,2026-01-31,,True
2026-01-31,US:CELC:NAQ,US:CELC,CELC:NAQ,CELC,Celcuity Inc,NAQ,us,russell3000,Pharmaceuticals and Biotechnology,ft_icb_native,2026-01-31,Health Care,Pharmaceuticals and Biotechnology,ft_native_v2,ft_index_membership_filtered,0.95,high,2026-01-31,https://markets.ft.com/data/equities/tearsheet/summary?s=CELC:NAQ,2026-01-31T00:00:00+00:00,ft-us-2026-01-31,2026-01-31,,True
2026-01-31,US:CELH:NAQ,US:CELH,CELH:NAQ,CELH,Celsius Holdings Inc,NAQ,us,russell3000,Beverages,ft_icb_native,2026-01-31,Consumer Staples,Beverages,ft_native_v2,ft_index_membership_filtered,0.95,high,2026-01-31,https://markets.ft.com/data/equities/tearsheet/summary?s=CELH:NAQ,2026-01-31T00:00:00+00:00,ft-us-2026-01-31,2026-01-31,,True
2026-01-31,US:CENT:NSQ,US:CENT,CENT:NSQ,CENT,Central Garden & Pet Co,NASDAQ,us,russell3000,Household Goods and Home Construction,ft_icb_native,2026-01-31,Consumer Staples,Household Goods and Home Construction,ft_native_v2,ft_index_membership_filtered,0.95,high,2026-01-31,https://markets.ft.com/data/equities/tearsheet/summary?s=CENT:NSQ,2026-01-31T00:00:00+00:00,ft-us-2026-01-31,2026-01-31,,True
2026-01-31,US:CENTA:NSQ,US:CENTA,CENTA:NSQ,CENTA,Central Garden & Pet,NASDAQ,us,russell3000,Household Goods and Home Construction,ft_icb_native,2026-01-31,Consumer Staples,Household Goods and Home Construction,ft_native_v2,ft_index_membership_filtered,0.95,high,2026-01-31,https://markets.ft.com/data/equities/tearsheet/summary?s=CENTA:NSQ,2026-01-31T00:00:00+00:00,ft-us-2026-01-31,2026-01-31,,True
2026-01-31,US:CENX:NSQ,US:CENX,CENX:NSQ,CENX,Century Aluminum Co,NASDAQ,us,russell3000,Industrial Metals and Mining,ft_icb_native,2026-01-31,Basic Materials,Industrial Metals and Mining,ft_native_v2,ft_index_membership_filtered,0.95,high,2026-01-31,https://markets.ft.com/data/equities/tearsheet/summary?s=CENX:NSQ,2026-01-31T00:00:00+00:00,ft-us-2026-01-31,2026-01-31,,True
2026-01-31,US:CERS:NMQ,US:CERS,CERS:NMQ,CERS,Cerus Corp,NMQ,us,russell3000,Medical Equipment and Services,ft_icb_native,2026-01-31,Health Care,Medical Equipment and Services,ft_native_v2,ft_index_membership_filtered,0.95,high,2026-01-31,https://markets.ft.com/data/equities/tearsheet/summary?s=CERS:NMQ,2026-01-31T00:00:00+00:00,ft-us-2026-01-31,2026-01-31,,True
2026-01-31,US:CERT:NSQ,US:CERT,CERT:NSQ,CERT,Certara Inc,NASDAQ,us,russell3000,Medical Equipment and Services,ft_icb_native,2026-01-31,Health Care,Medical Equipment and Services,ft_native_v2,ft_index_membership_filtered,0.95,high,2026-01-31,https://markets.ft.com/data/equities/tearsheet/summary?s=CERT:NSQ,2026-01-31T00:00:00+00:00,ft-us-2026-01-31,2026-01-31,,True
2026-01-31,US:CEVA:NSQ,US:CEVA,CEVA:NSQ,CEVA,CEVA Inc,NASDAQ,us,russell3000,Technology Hardware and Equipment,ft_icb_native,2026-01-31,Technology,Technology Hardware and Equipment,ft_native_v2,ft_index_membership_filtered,0.95,high,2026-01-31,https://markets.ft.com/data/equities/tearsheet/summary?s=CEVA:NSQ,2026-01-31T00:00:00+00:00,ft-us-2026-01-31,2026-01-31,,True
2026-01-31,US:CF:NYS,US:CF,CF:NYS,CF,CF Industries Holdings Inc,NYSE,us,russell3000,Chemicals,ft_icb_native,2026-01-31,Basic Materials,Chemicals,ft_native_v2,ft_index_membership_filtered,0.95,high,2026-01-31,https://markets.ft.com/data/equities/tearsheet/summary?s=CF:NYS,2026-01-31T00:00:00+00:00,ft-us-2026-01-31,2026-01-31,,True
2026-01-31,US:CFFN:NSQ,US:CFFN,CFFN:NSQ,CFFN,Capitol Federal Financial Inc,NASDAQ,us,russell3000,Banks,ft_icb_native,2026-01-31,Financials,Banks,ft_native_v2,ft_index_membership_filtered,0.95,high,2026-01-31,https://markets.ft.com/data/equities/tearsheet/summary?s=CFFN:NSQ,2026-01-31T00:00:00+00:00,ft-us-2026-01-31,2026-01-31,,True
2026-01-31,US:CFG:NYQ,US:CFG,CFG:NYQ,CFG,Citizens Financial Group Inc,NYQ,us,russell3000,Banks,ft_icb_native,2026-01-31,Financials,Banks,ft_native_v2,ft_index_membership_filtered,0.95,high,2026-01-31,https://markets.ft.com/data/equities/tearsheet/summary?s=CFG:NYQ,2026-01-31T00:00:00+00:00,ft-us-2026-01-31,2026-01-31,,True
2026-01-31,US:CFLT:NSQ,US:CFLT,CFLT:NSQ,CFLT,Confluent Inc,NASDAQ,us,russell3000,Technology,ft_icb_native,2026-01-31,Technology,Technology,ft_native_v2,ft_index_membership_filtered,0.95,high,2026-01-31,https://markets.ft.com/data/equities/tearsheet/summary?s=CFLT:NSQ,2026-01-31T00:00:00+00:00,ft-us-2026-01-31,2026-01-31,,True
2026-01-31,US:CFR:NYQ,US:CFR,CFR:NYQ,CFR,Cullen/Frost Bankers Inc,NYQ,us,russell3000,Banks,ft_icb_native,2026-01-31,Financials,Banks,ft_native_v2,ft_index_membership_filtered,0.95,high,2026-01-31,https://markets.ft.com/data/equities/tearsheet/summary?s=CFR:NYQ,2026-01-31T00:00:00+00:00,ft-us-2026-01-31,2026-01-31,,True
2026-01-31,US:CG:NSQ,US:CG,CG:NSQ,CG,Carlyle Group Inc,NASDAQ,us,russell3000,Investment Banking and Brokerage Services,ft_icb_native,2026-01-31,Financials,Investment Banking and Brokerage Services,ft_native_v2,ft_index_membership_filtered,0.95,high,2026-01-31,https://markets.ft.com/data/equities/tearsheet/summary?s=CG:NSQ,2026-01-31T00:00:00+00:00,ft-us-2026-01-31,2026-01-31,,True
2026-01-31,US:CGEM:NSQ,US:CGEM,CGEM:NSQ,CGEM,Cullinan Therapeutics Inc,NASDAQ,us,russell3000,Pharmaceuticals and Biotechnology,ft_icb_native,2026-01-31,Health Care,Pharmaceuticals and Biotechnology,ft_native_v2,ft_index_membership_filtered_level3_fallback,0.65,medium,2026-01-31,https://markets.ft.com/data/equities/tearsheet/summary?s=CGEM:NSQ,2026-01-31T00:00:00+00:00,ft-us-2026-01-31,2026-01-31,,True
2026-01-31,US:CGNX:NSQ,US:CGNX,CGNX:NSQ,CGNX,Cognex Corp,NASDAQ,us,russell3000,Electronic and Electrical Equipment,ft_icb_native,2026-01-31,Technology,Electronic and Electrical Equipment,ft_native_v2,ft_index_membership_filtered,0.95,high,2026-01-31,https://markets.ft.com/data/equities/tearsheet/summary?s=CGNX:NSQ,2026-01-31T00:00:00+00:00,ft-us-2026-01-31,2026-01-31,,True
2026-01-31,US:CGON:NSQ,US:CGON,CGON:NSQ,CGON,CG Oncology Inc,NASDAQ,us,russell3000,Pharmaceuticals and Biotechnology,ft_icb_native,2026-01-31,Health Care,Pharmaceuticals and Biotechnology,ft_native_v2,ft_index_membership_filtered,0.95,high,2026-01-31,https://markets.ft.com/data/equities/tearsheet/summary?s=CGON:NSQ,2026-01-31T00:00:00+00:00,ft-us-2026-01-31,2026-01-31,,True
2026-01-31,US:CHCO:NSQ,US:CHCO,CHCO:NSQ,CHCO,City Holding Co,NASDAQ,us,russell3000,Banks,ft_icb_native,2026-01-31,Financials,Banks,ft_native_v2,ft_index_membership_filtered,0.95,high,2026-01-31,https://markets.ft.com/data/equities/tearsheet/summary?s=CHCO:NSQ,2026-01-31T00:00:00+00:00,ft-us-2026-01-31,2026-01-31,,True
2026-01-31,US:CHCT:NYQ,US:CHCT,CHCT:NYQ,CHCT,Community Healthcare Trust Inc,NYQ,us,russell3000,Real Estate Investment Trusts,ft_icb_native,2026-01-31,Real Estate,Real Estate Investment Trusts,ft_native_v2,ft_index_membership_filtered,0.95,high,2026-01-31,https://markets.ft.com/data/equities/tearsheet/summary?s=CHCT:NYQ,2026-01-31T00:00:00+00:00,ft-us-2026-01-31,2026-01-31,,True
2026-01-31,US:CHD:NYQ,US:CHD,CHD:NYQ,CHD,Church & Dwight Co Inc,NYQ,us,russell3000,"Personal Care, Drug and Grocery Stores",ft_icb_native,2026-01-31,Consumer Staples,"Personal Care, Drug and Grocery Stores",ft_native_v2,ft_index_membership_filtered,0.95,high,2026-01-31,https://markets.ft.com/data/equities/tearsheet/summary?s=CHD:NYQ,2026-01-31T00:00:00+00:00,ft-us-2026-01-31,2026-01-31,,True
2026-01-31,US:CHDN:NSQ,US:CHDN,CHDN:NSQ,CHDN,Churchill Downs Inc,NASDAQ,us,russell3000,Travel and Leisure,ft_icb_native,2026-01-31,Consumer Discretionary,Travel and Leisure,ft_native_v2,ft_index_membership_filtered,0.95,high,2026-01-31,https://markets.ft.com/data/equities/tearsheet/summary?s=CHDN:NSQ,2026-01-31T00:00:00+00:00,ft-us-2026-01-31,2026-01-31,,True
2026-01-31,US:CHE:NYQ,US:CHE,CHE:NYQ,CHE,Chemed Corp,NYQ,us,russell3000,Health Care Providers,ft_icb_native,2026-01-31,Health Care,Health Care Providers,ft_native_v2,ft_index_membership_filtered,0.95,high,2026-01-31,https://markets.ft.com/data/equities/tearsheet/summary?s=CHE:NYQ,2026-01-31T00:00:00+00:00,ft-us-2026-01-31,2026-01-31,,True
2026-01-31,US:CHEF:NSQ,US:CHEF,CHEF:NSQ,CHEF,Chefs' Warehouse Inc,NASDAQ,us,russell3000,"Personal Care, Drug and Grocery Stores",ft_icb_native,2026-01-31,Consumer Staples,"Personal Care, Drug and Grocery Stores",ft_native_v2,ft_index_membership_filtered,0.95,high,2026-01-31,https://markets.ft.com/data/equities/tearsheet/summary?s=CHEF:NSQ,2026-01-31T00:00:00+00:00,ft-us-2026-01-31,2026-01-31,,True
2026-01-31,US:CHH:NYQ,US:CHH,CHH:NYQ,CHH,Choice Hotels International Inc,NYQ,us,russell3000,Travel and Leisure,ft_icb_native,2026-01-31,Consumer Discretionary,Travel and Leisure,ft_native_v2,ft_index_membership_filtered,0.95,high,2026-01-31,https://markets.ft.com/data/equities/tearsheet/summary?s=CHH:NYQ,2026-01-31T00:00:00+00:00,ft-us-2026-01-31,2026-01-31,,True
2026-01-31,US:CHRD:NSQ,US:CHRD,CHRD:NSQ,CHRD,Chord Energy Corp,NASDAQ,us,russell3000,"Oil, Gas and Coal",ft_icb_native,2026-01-31,Energy,"Oil, Gas and Coal",ft_native_v2,ft_index_membership_filtered_level3_fallback,0.65,medium,2026-01-31,https://markets.ft.com/data/equities/tearsheet/summary?s=CHRD:NSQ,2026-01-31T00:00:00+00:00,ft-us-2026-01-31,2026-01-31,,True
2026-01-31,US:CHRS:NMQ,US:CHRS,CHRS:NMQ,CHRS,Coherus Oncology Inc,NMQ,us,russell3000,Pharmaceuticals and Biotechnology,ft_icb_native,2026-01-31,Health Care,Pharmaceuticals and Biotechnology,ft_native_v2,ft_index_membership_filtered,0.95,high,2026-01-31,https://markets.ft.com/data/equities/tearsheet/summary?s=CHRS:NMQ,2026-01-31T00:00:00+00:00,ft-us-2026-01-31,2026-01-31,,True
2026-01-31,US:CHRW:NSQ,US:CHRW,CHRW:NSQ,CHRW,CH Robinson Worldwide Inc,NASDAQ,us,russell3000,Industrial Transportation,ft_icb_native,2026-01-31,Industrials,Industrial Transportation,ft_native_v2,ft_index_membership_filtered,0.95,high,2026-01-31,https://markets.ft.com/data/equities/tearsheet/summary?s=CHRW:NSQ,2026-01-31T00:00:00+00:00,ft-us-2026-01-31,2026-01-31,,True
2026-01-31,US:CHTR:NSQ,US:CHTR,CHTR:NSQ,CHTR,Charter Communications Inc,NASDAQ,us,russell3000,Telecommunications Service Providers,ft_icb_native,2026-01-31,Telecommunications,Telecommunications Service Providers,ft_native_v2,ft_index_membership_filtered,0.95,high,2026-01-31,https://markets.ft.com/data/equities/tearsheet/summary?s=CHTR:NSQ,2026-01-31T00:00:00+00:00,ft-us-2026-01-31,2026-01-31,,True
2026-01-31,US:CHWY:NYQ,US:CHWY,CHWY:NYQ,CHWY,Chewy Inc,NYQ,us,russell3000,Consumer Discretionary,ft_icb_native,2026-01-31,Consumer Discretionary,Consumer Discretionary,ft_native_v2,ft_index_membership_filtered,0.95,high,2026-01-31,https://markets.ft.com/data/equities/tearsheet/summary?s=CHWY:NYQ,2026-01-31T00:00:00+00:00,ft-us-2026-01-31,2026-01-31,,True
2026-01-31,US:CI:NYQ,US:CI,CI:NYQ,CI,Cigna Group,NYQ,us,russell3000,Health Care Providers,ft_icb_native,2026-01-31,Health Care,Health Care Providers,ft_native_v2,ft_index_membership_filtered,0.95,high,2026-01-31,https://markets.ft.com/data/equities/tearsheet/summary?s=CI:NYQ,2026-01-31T00:00:00+00:00,ft-us-2026-01-31,2026-01-31,,True
2026-01-31,US:CIEN:NYQ,US:CIEN,CIEN:NYQ,CIEN,Ciena Corp,NYQ,us,russell3000,Telecommunications Equipment,ft_icb_native,2026-01-31,Technology,Telecommunications Equipment,ft_native_v2,ft_index_membership_filtered,0.95,high,2026-01-31,https://markets.ft.com/data/equities/tearsheet/summary?s=CIEN:NYQ,2026-01-31T00:00:00+00:00,ft-us-2026-01-31,2026-01-31,,True
2026-01-31,US:CIFR:NSQ,US:CIFR,CIFR:NSQ,CIFR,Cipher Mining Inc,NASDAQ,us,russell3000,Technology,ft_icb_native,2026-01-31,Technology,Technology,ft_native_v2,ft_index_membership_filtered,0.95,high,2026-01-31,https://markets.ft.com/data/equities/tearsheet/summary?s=CIFR:NSQ,2026-01-31T00:00:00+00:00,ft-us-2026-01-31,2026-01-31,,True
2026-01-31,US:CIM:NYS,US:CIM,CIM:NYS,CIM,Chimera Investment Corp,NYSE,us,russell3000,Mortgage Real Estate Investment Trusts,ft_icb_native,2026-01-31,Financials,Mortgage Real Estate Investment Trusts,ft_native_v2,ft_index_membership_filtered,0.95,high,2026-01-31,https://markets.ft.com/data/equities/tearsheet/summary?s=CIM:NYS,2026-01-31T00:00:00+00:00,ft-us-2026-01-31,2026-01-31,,True
2026-01-31,US:CINF:NSQ,US:CINF,CINF:NSQ,CINF,Cincinnati Financial Corp,NASDAQ,us,russell3000,Non-life Insurance,ft_icb_native,2026-01-31,Financials,Non-life Insurance,ft_native_v2,ft_index_membership_filtered,0.95,high,2026-01-31,https://markets.ft.com/data/equities/tearsheet/summary?s=CINF:NSQ,2026-01-31T00:00:00+00:00,ft-us-2026-01-31,2026-01-31,,True
2026-01-31,US:CIVB:NAQ,US:CIVB,CIVB:NAQ,CIVB,Civista Bancshares Inc,NAQ,us,russell3000,Banks,ft_icb_native,2026-01-31,Financials,Banks,ft_native_v2,ft_index_membership_filtered,0.95,high,2026-01-31,https://markets.ft.com/data/equities/tearsheet/summary?s=CIVB:NAQ,2026-01-31T00:00:00+00:00,ft-us-2026-01-31,2026-01-31,,True
2026-01-31,US:CL:NYQ,US:CL,CL:NYQ,CL,Colgate-Palmolive Co,NYQ,us,russell3000,"Personal Care, Drug and Grocery Stores",ft_icb_native,2026-01-31,Consumer Staples,"Personal Care, Drug and Grocery Stores",ft_native_v2,ft_index_membership_filtered,0.95,high,2026-01-31,https://markets.ft.com/data/equities/tearsheet/summary?s=CL:NYQ,2026-01-31T00:00:00+00:00,ft-us-2026-01-31,2026-01-31,,True
2026-01-31,US:CLB:NYQ,US:CLB,CLB:NYQ,CLB,Core Laboratories Inc,NYQ,us,russell3000,"Oil, Gas and Coal",ft_icb_native,2026-01-31,Energy,"Oil, Gas and Coal",ft_native_v2,ft_index_membership_filtered,0.95,high,2026-01-31,https://markets.ft.com/data/equities/tearsheet/summary?s=CLB:NYQ,2026-01-31T00:00:00+00:00,ft-us-2026-01-31,2026-01-31,,True
2026-01-31,US:CLBK:NSQ,US:CLBK,CLBK:NSQ,CLBK,Columbia Financial Inc,NASDAQ,us,russell3000,Banks,ft_icb_native,2026-01-31,Financials,Banks,ft_native_v2,ft_index_membership_filtered,0.95,high,2026-01-31,https://markets.ft.com/data/equities/tearsheet/summary?s=CLBK:NSQ,2026-01-31T00:00:00+00:00,ft-us-2026-01-31,2026-01-31,,True
2026-01-31,US:CLDT:NYQ,US:CLDT,CLDT:NYQ,CLDT,Chatham Lodging Trust,NYQ,us,russell3000,Real Estate Investment Trusts,ft_icb_native,2026-01-31,Real Estate,Real Estate Investment Trusts,ft_native_v2,ft_index_membership_filtered,0.95,high,2026-01-31,https://markets.ft.com/data/equities/tearsheet/summary?s=CLDT:NYQ,2026-01-31T00:00:00+00:00,ft-us-2026-01-31,2026-01-31,,True
2026-01-31,US:CLDX:NAQ,US:CLDX,CLDX:NAQ,CLDX,Celldex Therapeutics Inc,NAQ,us,russell3000,Pharmaceuticals and Biotechnology,ft_icb_native,2026-01-31,Health Care,Pharmaceuticals and Biotechnology,ft_native_v2,ft_index_membership_filtered,0.95,high,2026-01-31,https://markets.ft.com/data/equities/tearsheet/summary?s=CLDX:NAQ,2026-01-31T00:00:00+00:00,ft-us-2026-01-31,2026-01-31,,True
2026-01-31,US:CLF:NYQ,US:CLF,CLF:NYQ,CLF,Cleveland-Cliffs Inc,NYQ,us,russell3000,Industrial Metals and Mining,ft_icb_native,2026-01-31,Basic Materials,Industrial Metals and Mining,ft_native_v2,ft_index_membership_filtered,0.95,high,2026-01-31,https://markets.ft.com/data/equities/tearsheet/summary?s=CLF:NYQ,2026-01-31T00:00:00+00:00,ft-us-2026-01-31,2026-01-31,,True
2026-01-31,US:CLFD:NMQ,US:CLFD,CLFD:NMQ,CLFD,Clearfield Inc,NMQ,us,russell3000,Telecommunications Equipment,ft_icb_native,2026-01-31,Technology,Telecommunications Equipment,ft_native_v2,ft_index_membership_filtered,0.95,high,2026-01-31,https://markets.ft.com/data/equities/tearsheet/summary?s=CLFD:NMQ,2026-01-31T00:00:00+00:00,ft-us-2026-01-31,2026-01-31,,True
2026-01-31,US:CLH:NYQ,US:CLH,CLH:NYQ,CLH,Clean Harbors Inc,NYQ,us,russell3000,Waste and Disposal Services,ft_icb_native,2026-01-31,Industrials,Waste and Disposal Services,ft_native_v2,ft_index_membership_filtered,0.95,high,2026-01-31,https://markets.ft.com/data/equities/tearsheet/summary?s=CLH:NYQ,2026-01-31T00:00:00+00:00,ft-us-2026-01-31,2026-01-31,,True
2026-01-31,US:CLMB:NMQ,US:CLMB,CLMB:NMQ,CLMB,Climb Global Solutions Inc,NMQ,us,russell3000,Technology,ft_icb_native,2026-01-31,Technology,Technology,ft_native_v2,ft_index_membership_filtered,0.95,high,2026-01-31,https://markets.ft.com/data/equities/tearsheet/summary?s=CLMB:NMQ,2026-01-31T00:00:00+00:00,ft-us-2026-01-31,2026-01-31,,True
2026-01-31,US:CLMT:NSQ,US:CLMT,CLMT:NSQ,CLMT,Calumet Inc,NASDAQ,us,russell3000,"Oil, Gas and Coal",ft_icb_native,2026-01-31,Energy,"Oil, Gas and Coal",ft_native_v2,ft_index_membership_filtered,0.95,high,2026-01-31,https://markets.ft.com/data/equities/tearsheet/summary?s=CLMT:NSQ,2026-01-31T00:00:00+00:00,ft-us-2026-01-31,2026-01-31,,True
2026-01-31,US:CLNE:NSQ,US:CLNE,CLNE:NSQ,CLNE,Clean Energy Fuels Corp,NASDAQ,us,russell3000,Consumer Discretionary,ft_icb_native,2026-01-31,Energy,Consumer Discretionary,ft_native_v2,ft_index_membership_filtered,0.95,high,2026-01-31,https://markets.ft.com/data/equities/tearsheet/summary?s=CLNE:NSQ,2026-01-31T00:00:00+00:00,ft-us-2026-01-31,2026-01-31,,True
2026-01-31,US:CLOV:NSQ,US:CLOV,CLOV:NSQ,CLOV,Clover Health Investments Corp,NASDAQ,us,russell3000,Health Care Providers,ft_icb_native,2026-01-31,Health Care,Health Care Providers,ft_native_v2,ft_index_membership_filtered,0.95,high,2026-01-31,https://markets.ft.com/data/equities/tearsheet/summary?s=CLOV:NSQ,2026-01-31T00:00:00+00:00,ft-us-2026-01-31,2026-01-31,,True
2026-01-31,US:CLPT:NAQ,US:CLPT,CLPT:NAQ,CLPT,Clearpoint Neuro Inc,NAQ,us,russell3000,Medical Equipment and Services,ft_icb_native,2026-01-31,Health Care,Medical Equipment and Services,ft_native_v2,ft_index_membership_filtered,0.95,high,2026-01-31,https://markets.ft.com/data/equities/tearsheet/summary?s=CLPT:NAQ,2026-01-31T00:00:00+00:00,ft-us-2026-01-31,2026-01-31,,True
2026-01-31,US:CLSK:NAQ,US:CLSK,CLSK:NAQ,CLSK,CleanSpark Inc,NAQ,us,russell3000,Technology,ft_icb_native,2026-01-31,Technology,Technology,ft_native_v2,ft_index_membership_filtered,0.95,high,2026-01-31,https://markets.ft.com/data/equities/tearsheet/summary?s=CLSK:NAQ,2026-01-31T00:00:00+00:00,ft-us-2026-01-31,2026-01-31,,True
2026-01-31,US:CLVT:NYS,US:CLVT,CLVT:NYS,CLVT,Clarivate PLC,NYSE,us,russell3000,Technology,ft_icb_native,2026-01-31,Technology,Technology,ft_native_v2,ft_index_membership_filtered,0.95,high,2026-01-31,https://markets.ft.com/data/equities/tearsheet/summary?s=CLVT:NYS,2026-01-31T00:00:00+00:00,ft-us-2026-01-31,2026-01-31,,True
2026-01-31,US:CLW:NYS,US:CLW,CLW:NYS,CLW,Clearwater Paper Corp,NYSE,us,russell3000,Industrial Materials,ft_icb_native,2026-01-31,Basic Materials,Industrial Materials,ft_native_v2,ft_index_membership_filtered,0.95,high,2026-01-31,https://markets.ft.com/data/equities/tearsheet/summary?s=CLW:NYS,2026-01-31T00:00:00+00:00,ft-us-2026-01-31,2026-01-31,,True
2026-01-31,US:CLX:NYQ,US:CLX,CLX:NYQ,CLX,Clorox Co,NYQ,us,russell3000,"Personal Care, Drug and Grocery Stores",ft_icb_native,2026-01-31,Consumer Staples,"Personal Care, Drug and Grocery Stores",ft_native_v2,ft_index_membership_filtered,0.95,high,2026-01-31,https://markets.ft.com/data/equities/tearsheet/summary?s=CLX:NYQ,2026-01-31T00:00:00+00:00,ft-us-2026-01-31,2026-01-31,,True
2026-01-31,US:CMC:NYQ,US:CMC,CMC:NYQ,CMC,Commercial Metals Co,NYQ,us,russell3000,Industrial Metals and Mining,ft_icb_native,2026-01-31,Basic Materials,Industrial Metals and Mining,ft_native_v2,ft_index_membership_filtered,0.95,high,2026-01-31,https://markets.ft.com/data/equities/tearsheet/summary?s=CMC:NYQ,2026-01-31T00:00:00+00:00,ft-us-2026-01-31,2026-01-31,,True
2026-01-31,US:CMCO:NSQ,US:CMCO,CMCO:NSQ,CMCO,Columbus McKinnon Corp,NASDAQ,us,russell3000,Industrial Engineering,ft_icb_native,2026-01-31,Industrials,Industrial Engineering,ft_native_v2,ft_index_membership_filtered,0.95,high,2026-01-31,https://markets.ft.com/data/equities/tearsheet/summary?s=CMCO:NSQ,2026-01-31T00:00:00+00:00,ft-us-2026-01-31,2026-01-31,,True
2026-01-31,US:CMCSA:NSQ,US:CMCSA,CMCSA:NSQ,CMCSA,Comcast Corp,NASDAQ,us,russell3000,Telecommunications Service Providers,ft_icb_native,2026-01-31,Telecommunications,Telecommunications Service Providers,ft_native_v2,ft_index_membership_filtered,0.95,high,2026-01-31,https://markets.ft.com/data/equities/tearsheet/summary?s=CMCSA:NSQ,2026-01-31T00:00:00+00:00,ft-us-2026-01-31,2026-01-31,,True
2026-01-31,US:CME:NSQ,US:CME,CME:NSQ,CME,CME Group Inc,NASDAQ,us,russell3000,Investment Banking and Brokerage Services,ft_icb_native,2026-01-31,Financials,Investment Banking and Brokerage Services,ft_native_v2,ft_index_membership_filtered,0.95,high,2026-01-31,https://markets.ft.com/data/equities/tearsheet/summary?s=CME:NSQ,2026-01-31T00:00:00+00:00,ft-us-2026-01-31,2026-01-31,,True
2026-01-31,US:CMG:NYS,US:CMG,CMG:NYS,CMG,Chipotle Mexican Grill Inc,NYSE,us,russell3000,Travel and Leisure,ft_icb_native,2026-01-31,Consumer Discretionary,Travel and Leisure,ft_native_v2,ft_index_membership_filtered,0.95,high,2026-01-31,https://markets.ft.com/data/equities/tearsheet/summary?s=CMG:NYS,2026-01-31T00:00:00+00:00,ft-us-2026-01-31,2026-01-31,,True
2026-01-31,US:CMI:NYQ,US:CMI,CMI:NYQ,CMI,Cummins Inc,NYQ,us,russell3000,Industrial Engineering,ft_icb_native,2026-01-31,Industrials,Industrial Engineering,ft_native_v2,ft_index_membership_filtered,0.95,high,2026-01-31,https://markets.ft.com/data/equities/tearsheet/summary?s=CMI:NYQ,2026-01-31T00:00:00+00:00,ft-us-2026-01-31,2026-01-31,,True
2026-01-31,US:CMP:NYQ,US:CMP,CMP:NYQ,CMP,Compass Minerals International Inc,NYQ,us,russell3000,Industrial Metals and Mining,ft_icb_native,2026-01-31,Basic Materials,Industrial Metals and Mining,ft_native_v2,ft_index_membership_filtered,0.95,high,2026-01-31,https://markets.ft.com/data/equities/tearsheet/summary?s=CMP:NYQ,2026-01-31T00:00:00+00:00,ft-us-2026-01-31,2026-01-31,,True
2026-01-31,US:CMPR:NSQ,US:CMPR,CMPR:NSQ,CMPR,Cimpress PLC,NASDAQ,us,russell3000,Industrial Support Services,ft_icb_native,2026-01-31,Industrials,Industrial Support Services,ft_native_v2,ft_index_membership_filtered,0.95,high,2026-01-31,https://markets.ft.com/data/equities/tearsheet/summary?s=CMPR:NSQ,2026-01-31T00:00:00+00:00,ft-us-2026-01-31,2026-01-31,,True
2026-01-31,US:CMPX:NAQ,US:CMPX,CMPX:NAQ,CMPX,Compass Therapeutics Inc.,NAQ,us,russell3000,Pharmaceuticals and Biotechnology,ft_icb_native,2026-01-31,Health Care,Pharmaceuticals and Biotechnology,ft_native_v2,ft_index_membership_filtered,0.95,high,2026-01-31,https://markets.ft.com/data/equities/tearsheet/summary?s=CMPX:NAQ,2026-01-31T00:00:00+00:00,ft-us-2026-01-31,2026-01-31,,True
2026-01-31,US:CMRC:NMQ,US:CMRC,CMRC:NMQ,CMRC,Commerce.com Inc,NMQ,us,russell3000,Technology,ft_icb_native,2026-01-31,Technology,Technology,ft_native_v2,ft_index_membership_filtered,0.95,high,2026-01-31,https://markets.ft.com/data/equities/tearsheet/summary?s=CMRC:NMQ,2026-01-31T00:00:00+00:00,ft-us-2026-01-31,2026-01-31,,True
2026-01-31,US:CMS:NYQ,US:CMS,CMS:NYQ,CMS,CMS Energy Corp,NYQ,us,russell3000,Electricity,ft_icb_native,2026-01-31,Utilities,Electricity,ft_native_v2,ft_index_membership_filtered,0.95,high,2026-01-31,https://markets.ft.com/data/equities/tearsheet/summary?s=CMS:NYQ,2026-01-31T00:00:00+00:00,ft-us-2026-01-31,2026-01-31,,True
2026-01-31,US:CMT:ASQ,US:CMT,CMT:ASQ,CMT,Core Molding Technologies Inc,ASQ,us,russell3000,General Industrials,ft_icb_native,2026-01-31,Basic Materials,General Industrials,ft_native_v2,ft_index_membership_filtered,0.95,high,2026-01-31,https://markets.ft.com/data/equities/tearsheet/summary?s=CMT:ASQ,2026-01-31T00:00:00+00:00,ft-us-2026-01-31,2026-01-31,,True
2026-01-31,US:CMTG:NYS,US:CMTG,CMTG:NYS,CMTG,Claros Mortgage Trust Inc,NYSE,us,russell3000,Mortgage Real Estate Investment Trusts,ft_icb_native,2026-01-31,Financials,Mortgage Real Estate Investment Trusts,ft_native_v2,ft_index_membership_filtered,0.95,high,2026-01-31,https://markets.ft.com/data/equities/tearsheet/summary?s=CMTG:NYS,2026-01-31T00:00:00+00:00,ft-us-2026-01-31,2026-01-31,,True
2026-01-31,US:CNA:NYQ,US:CNA,CNA:NYQ,CNA,CNA Financial Corp,NYQ,us,russell3000,Non-life Insurance,ft_icb_native,2026-01-31,Financials,Non-life Insurance,ft_native_v2,ft_index_membership_filtered,0.95,high,2026-01-31,https://markets.ft.com/data/equities/tearsheet/summary?s=CNA:NYQ,2026-01-31T00:00:00+00:00,ft-us-2026-01-31,2026-01-31,,True
2026-01-31,US:CNC:NYQ,US:CNC,CNC:NYQ,CNC,Centene Corp,NYQ,us,russell3000,Health Care Providers,ft_icb_native,2026-01-31,Health Care,Health Care Providers,ft_native_v2,ft_index_membership_filtered,0.95,high,2026-01-31,https://markets.ft.com/data/equities/tearsheet/summary?s=CNC:NYQ,2026-01-31T00:00:00+00:00,ft-us-2026-01-31,2026-01-31,,True
2026-01-31,US:CNDT:NSQ,US:CNDT,CNDT:NSQ,CNDT,Conduent Inc,NASDAQ,us,russell3000,Industrial Support Services,ft_icb_native,2026-01-31,Industrials,Industrial Support Services,ft_native_v2,ft_index_membership_filtered,0.95,high,2026-01-31,https://markets.ft.com/data/equities/tearsheet/summary?s=CNDT:NSQ,2026-01-31T00:00:00+00:00,ft-us-2026-01-31,2026-01-31,,True
2026-01-31,US:CNH:NYS,US:CNH,CNH:NYS,CNH,CNH Industrial NV,NYSE,us,russell3000,Industrial Engineering,ft_icb_native,2026-01-31,Industrials,Industrial Engineering,ft_native_v2,ft_index_membership_filtered,0.95,high,2026-01-31,https://markets.ft.com/data/equities/tearsheet/summary?s=CNH:NYS,2026-01-31T00:00:00+00:00,ft-us-2026-01-31,2026-01-31,,True
2026-01-31,US:CNK:NYS,US:CNK,CNK:NYS,CNK,Cinemark Holdings Inc,NYSE,us,russell3000,Media,ft_icb_native,2026-01-31,Consumer Discretionary,Media,ft_native_v2,ft_index_membership_filtered,0.95,high,2026-01-31,https://markets.ft.com/data/equities/tearsheet/summary?s=CNK:NYS,2026-01-31T00:00:00+00:00,ft-us-2026-01-31,2026-01-31,,True
2026-01-31,US:CNM:NYS,US:CNM,CNM:NYS,CNM,Core & Main Inc,NYSE,us,russell3000,Industrial Support Services,ft_icb_native,2026-01-31,Industrials,Industrial Support Services,ft_native_v2,ft_index_membership_filtered,0.95,high,2026-01-31,https://markets.ft.com/data/equities/tearsheet/summary?s=CNM:NYS,2026-01-31T00:00:00+00:00,ft-us-2026-01-31,2026-01-31,,True
2026-01-31,US:CNMD:NYQ,US:CNMD,CNMD:NYQ,CNMD,Conmed Corp,NYQ,us,russell3000,Medical Equipment and Services,ft_icb_native,2026-01-31,Health Care,Medical Equipment and Services,ft_native_v2,ft_index_membership_filtered,0.95,high,2026-01-31,https://markets.ft.com/data/equities/tearsheet/summary?s=CNMD:NYQ,2026-01-31T00:00:00+00:00,ft-us-2026-01-31,2026-01-31,,True
2026-01-31,US:CNNE:NYQ,US:CNNE,CNNE:NYQ,CNNE,Cannae Holdings Inc,NYQ,us,russell3000,Investment Banking and Brokerage Services,ft_icb_native,2026-01-31,Financials,Investment Banking and Brokerage Services,ft_native_v2,ft_index_membership_filtered,0.95,high,2026-01-31,https://markets.ft.com/data/equities/tearsheet/summary?s=CNNE:NYQ,2026-01-31T00:00:00+00:00,ft-us-2026-01-31,2026-01-31,,True
2026-01-31,US:CNO:NYQ,US:CNO,CNO:NYQ,CNO,CNO Financial Group Inc,NYQ,us,russell3000,Life Insurance,ft_icb_native,2026-01-31,Financials,Life Insurance,ft_native_v2,ft_index_membership_filtered,0.95,high,2026-01-31,https://markets.ft.com/data/equities/tearsheet/summary?s=CNO:NYQ,2026-01-31T00:00:00+00:00,ft-us-2026-01-31,2026-01-31,,True
2026-01-31,US:CNOB:NSQ,US:CNOB,CNOB:NSQ,CNOB,ConnectOne Bancorp Inc,NASDAQ,us,russell3000,Banks,ft_icb_native,2026-01-31,Financials,Banks,ft_native_v2,ft_index_membership_filtered,0.95,high,2026-01-31,https://markets.ft.com/data/equities/tearsheet/summary?s=CNOB:NSQ,2026-01-31T00:00:00+00:00,ft-us-2026-01-31,2026-01-31,,True
2026-01-31,US:CNP:NYQ,US:CNP,CNP:NYQ,CNP,CenterPoint Energy Inc,NYQ,us,russell3000,"Gas, Water and Multi-utilities",ft_icb_native,2026-01-31,Utilities,"Gas, Water and Multi-utilities",ft_native_v2,ft_index_membership_filtered,0.95,high,2026-01-31,https://markets.ft.com/data/equities/tearsheet/summary?s=CNP:NYQ,2026-01-31T00:00:00+00:00,ft-us-2026-01-31,2026-01-31,,True
2026-01-31,US:CNR:NYS,US:CNR,CNR:NYS,CNR,Core Natural Resources Inc,NYSE,us,russell3000,"Oil, Gas and Coal",ft_icb_native,2026-01-31,Energy,"Oil, Gas and Coal",ft_native_v2,ft_index_membership_filtered,0.95,high,2026-01-31,https://markets.ft.com/data/equities/tearsheet/summary?s=CNR:NYS,2026-01-31T00:00:00+00:00,ft-us-2026-01-31,2026-01-31,,True
2026-01-31,US:CNS:NYQ,US:CNS,CNS:NYQ,CNS,Cohen & Steers Inc,NYQ,us,russell3000,Investment Banking and Brokerage Services,ft_icb_native,2026-01-31,Financials,Investment Banking and Brokerage Services,ft_native_v2,ft_index_membership_filtered,0.95,high,2026-01-31,https://markets.ft.com/data/equities/tearsheet/summary?s=CNS:NYQ,2026-01-31T00:00:00+00:00,ft-us-2026-01-31,2026-01-31,,True
2026-01-31,US:CNX:NYQ,US:CNX,CNX:NYQ,CNX,CNX Resources Corp,NYQ,us,russell3000,"Oil, Gas and Coal",ft_icb_native,2026-01-31,Energy,"Oil, Gas and Coal",ft_native_v2,ft_index_membership_filtered,0.95,high,2026-01-31,https://markets.ft.com/data/equities/tearsheet/summary?s=CNX:NYQ,2026-01-31T00:00:00+00:00,ft-us-2026-01-31,2026-01-31,,True
2026-01-31,US:CNXC:NSQ,US:CNXC,CNXC:NSQ,CNXC,Concentrix Corp,NASDAQ,us,russell3000,Technology,ft_icb_native,2026-01-31,Industrials,Technology,ft_native_v2,ft_index_membership_filtered,0.95,high,2026-01-31,https://markets.ft.com/data/equities/tearsheet/summary?s=CNXC:NSQ,2026-01-31T00:00:00+00:00,ft-us-2026-01-31,2026-01-31,,True
2026-01-31,US:CNXN:NSQ,US:CNXN,CNXN:NSQ,CNXN,PC Connection Inc,NASDAQ,us,russell3000,Technology Hardware and Equipment,ft_icb_native,2026-01-31,Technology,Technology Hardware and Equipment,ft_native_v2,ft_index_membership_filtered,0.95,high,2026-01-31,https://markets.ft.com/data/equities/tearsheet/summary?s=CNXN:NSQ,2026-01-31T00:00:00+00:00,ft-us-2026-01-31,2026-01-31,,True
2026-01-31,US:COCO:NSQ,US:COCO,COCO:NSQ,COCO,Vita Coco Company Inc,NASDAQ,us,russell3000,Beverages,ft_icb_native,2026-01-31,Consumer Staples,Beverages,ft_native_v2,ft_index_membership_filtered,0.95,high,2026-01-31,https://markets.ft.com/data/equities/tearsheet/summary?s=COCO:NSQ,2026-01-31T00:00:00+00:00,ft-us-2026-01-31,2026-01-31,,True
2026-01-31,US:CODI:NYQ,US:CODI,CODI:NYQ,CODI,Compass Diversified Holdings,NYQ,us,russell3000,Investment Banking and Brokerage Services,ft_icb_native,2026-01-31,Financials,Investment Banking and Brokerage Services,ft_native_v2,ft_index_membership_filtered,0.95,high,2026-01-31,https://markets.ft.com/data/equities/tearsheet/summary?s=CODI:NYQ,2026-01-31T00:00:00+00:00,ft-us-2026-01-31,2026-01-31,,True
2026-01-31,US:COF:NYQ,US:COF,COF:NYQ,COF,Capital One Financial Corp,NYQ,us,russell3000,Industrial Support Services,ft_icb_native,2026-01-31,Financials,Industrial Support Services,ft_native_v2,ft_index_membership_filtered,0.95,high,2026-01-31,https://markets.ft.com/data/equities/tearsheet/summary?s=COF:NYQ,2026-01-31T00:00:00+00:00,ft-us-2026-01-31,2026-01-31,,True
2026-01-31,US:COFS:NAQ,US:COFS,COFS:NAQ,COFS,ChoiceOne Financial Services Inc,NAQ,us,russell3000,Banks,ft_icb_native,2026-01-31,Financials,Banks,ft_native_v2,ft_index_membership_filtered,0.95,high,2026-01-31,https://markets.ft.com/data/equities/tearsheet/summary?s=COFS:NAQ,2026-01-31T00:00:00+00:00,ft-us-2026-01-31,2026-01-31,,True
2026-01-31,US:COGT:NSQ,US:COGT,COGT:NSQ,COGT,Cogent Biosciences Inc,NASDAQ,us,russell3000,Pharmaceuticals and Biotechnology,ft_icb_native,2026-01-31,Health Care,Pharmaceuticals and Biotechnology,ft_native_v2,ft_index_membership_filtered,0.95,high,2026-01-31,https://markets.ft.com/data/equities/tearsheet/summary?s=COGT:NSQ,2026-01-31T00:00:00+00:00,ft-us-2026-01-31,2026-01-31,,True
2026-01-31,US:COHR:NYQ,US:COHR,COHR:NYQ,COHR,Coherent Corp,NYQ,us,russell3000,Technology Hardware and Equipment,ft_icb_native,2026-01-31,Technology,Technology Hardware and Equipment,ft_native_v2,ft_index_membership_filtered,0.95,high,2026-01-31,https://markets.ft.com/data/equities/tearsheet/summary?s=COHR:NYQ,2026-01-31T00:00:00+00:00,ft-us-2026-01-31,2026-01-31,,True
2026-01-31,US:COHU:NSQ,US:COHU,COHU:NSQ,COHU,Cohu Inc,NASDAQ,us,russell3000,Technology Hardware and Equipment,ft_icb_native,2026-01-31,Technology,Technology Hardware and Equipment,ft_native_v2,ft_index_membership_filtered,0.95,high,2026-01-31,https://markets.ft.com/data/equities/tearsheet/summary?s=COHU:NSQ,2026-01-31T00:00:00+00:00,ft-us-2026-01-31,2026-01-31,,True
2026-01-31,US:COIN:NSQ,US:COIN,COIN:NSQ,COIN,Coinbase Global Inc,NASDAQ,us,russell3000,Investment Banking and Brokerage Services,ft_icb_native,2026-01-31,Financials,Investment Banking and Brokerage Services,ft_native_v2,ft_index_membership_filtered,0.95,high,2026-01-31,https://markets.ft.com/data/equities/tearsheet/summary?s=COIN:NSQ,2026-01-31T00:00:00+00:00,ft-us-2026-01-31,2026-01-31,,True
2026-01-31,US:COKE:NSQ,US:COKE,COKE:NSQ,COKE,Coca-Cola Consolidated Inc,NASDAQ,us,russell3000,Beverages,ft_icb_native,2026-01-31,Consumer Staples,Beverages,ft_native_v2,ft_index_membership_filtered,0.95,high,2026-01-31,https://markets.ft.com/data/equities/tearsheet/summary?s=COKE:NSQ,2026-01-31T00:00:00+00:00,ft-us-2026-01-31,2026-01-31,,True
2026-01-31,US:COLB:NSQ,US:COLB,COLB:NSQ,COLB,Columbia Banking System Inc,NASDAQ,us,russell3000,Banks,ft_icb_native,2026-01-31,Financials,Banks,ft_native_v2,ft_index_membership_filtered,0.95,high,2026-01-31,https://markets.ft.com/data/equities/tearsheet/summary?s=COLB:NSQ,2026-01-31T00:00:00+00:00,ft-us-2026-01-31,2026-01-31,,True
2026-01-31,US:COLD:NYS,US:COLD,COLD:NYS,COLD,Americold Realty Trust Inc,NYSE,us,russell3000,Real Estate Investment Trusts,ft_icb_native,2026-01-31,Real Estate,Real Estate Investment Trusts,ft_native_v2,ft_index_membership_filtered,0.95,high,2026-01-31,https://markets.ft.com/data/equities/tearsheet/summary?s=COLD:NYS,2026-01-31T00:00:00+00:00,ft-us-2026-01-31,2026-01-31,,True
2026-01-31,US:COLL:NSQ,US:COLL,COLL:NSQ,COLL,Collegium Pharmaceutical Inc,NASDAQ,us,russell3000,Pharmaceuticals and Biotechnology,ft_icb_native,2026-01-31,Health Care,Pharmaceuticals and Biotechnology,ft_native_v2,ft_index_membership_filtered,0.95,high,2026-01-31,https://markets.ft.com/data/equities/tearsheet/summary?s=COLL:NSQ,2026-01-31T00:00:00+00:00,ft-us-2026-01-31,2026-01-31,,True
2026-01-31,US:COLM:NSQ,US:COLM,COLM:NSQ,COLM,Columbia Sportswear Co,NASDAQ,us,russell3000,Personal Goods,ft_icb_native,2026-01-31,Consumer Discretionary,Personal Goods,ft_native_v2,ft_index_membership_filtered,0.95,high,2026-01-31,https://markets.ft.com/data/equities/tearsheet/summary?s=COLM:NSQ,2026-01-31T00:00:00+00:00,ft-us-2026-01-31,2026-01-31,,True
2026-01-31,US:COMP:NYQ,US:COMP,COMP:NYQ,COMP,Compass Inc,NYQ,us,russell3000,Real Estate Investment and Services,ft_icb_native,2026-01-31,Real Estate,Real Estate Investment and Services,ft_native_v2,ft_index_membership_filtered,0.95,high,2026-01-31,https://markets.ft.com/data/equities/tearsheet/summary?s=COMP:NYQ,2026-01-31T00:00:00+00:00,ft-us-2026-01-31,2026-01-31,,True
2026-01-31,US:CON:NYQ,US:CON,CON:NYQ,CON,Concentra Group Holdings Parent Inc,NYQ,us,russell3000,Health Care Providers,ft_icb_native,2026-01-31,Health Care,Health Care Providers,ft_native_v2,ft_index_membership_filtered,0.95,high,2026-01-31,https://markets.ft.com/data/equities/tearsheet/summary?s=CON:NYQ,2026-01-31T00:00:00+00:00,ft-us-2026-01-31,2026-01-31,,True
2026-01-31,US:COO:NSQ,US:COO,COO:NSQ,COO,Cooper Companies Inc,NASDAQ,us,russell3000,Medical Equipment and Services,ft_icb_native,2026-01-31,Health Care,Medical Equipment and Services,ft_native_v2,ft_index_membership_filtered,0.95,high,2026-01-31,https://markets.ft.com/data/equities/tearsheet/summary?s=COO:NSQ,2026-01-31T00:00:00+00:00,ft-us-2026-01-31,2026-01-31,,True
2026-01-31,US:COP:NYQ,US:COP,COP:NYQ,COP,ConocoPhillips,NYQ,us,russell3000,"Oil, Gas and Coal",ft_icb_native,2026-01-31,Energy,"Oil, Gas and Coal",ft_native_v2,ft_index_membership_filtered,0.95,high,2026-01-31,https://markets.ft.com/data/equities/tearsheet/summary?s=COP:NYQ,2026-01-31T00:00:00+00:00,ft-us-2026-01-31,2026-01-31,,True
2026-01-31,US:COR:NYQ,US:COR,COR:NYQ,COR,Cencora Inc,NYQ,us,russell3000,"Personal Care, Drug and Grocery Stores",ft_icb_native,2026-01-31,Health Care,"Personal Care, Drug and Grocery Stores",ft_native_v2,ft_index_membership_filtered,0.95,high,2026-01-31,https://markets.ft.com/data/equities/tearsheet/summary?s=COR:NYQ,2026-01-31T00:00:00+00:00,ft-us-2026-01-31,2026-01-31,,True
2026-01-31,US:CORT:NAQ,US:CORT,CORT:NAQ,CORT,Corcept Therapeutics Inc,NAQ,us,russell3000,Pharmaceuticals and Biotechnology,ft_icb_native,2026-01-31,Health Care,Pharmaceuticals and Biotechnology,ft_native_v2,ft_index_membership_filtered,0.95,high,2026-01-31,https://markets.ft.com/data/equities/tearsheet/summary?s=CORT:NAQ,2026-01-31T00:00:00+00:00,ft-us-2026-01-31,2026-01-31,,True
2026-01-31,US:CORZ:NSQ,US:CORZ,CORZ:NSQ,CORZ,Core Scientific Inc,NASDAQ,us,russell3000,Technology,ft_icb_native,2026-01-31,Technology,Technology,ft_native_v2,ft_index_membership_filtered,0.95,high,2026-01-31,https://markets.ft.com/data/equities/tearsheet/summary?s=CORZ:NSQ,2026-01-31T00:00:00+00:00,ft-us-2026-01-31,2026-01-31,,True
2026-01-31,US:COST:NSQ,US:COST,COST:NSQ,COST,Costco Wholesale Corp,NASDAQ,us,russell3000,Consumer Discretionary,ft_icb_native,2026-01-31,Consumer Staples,Consumer Discretionary,ft_native_v2,ft_index_membership_filtered,0.95,high,2026-01-31,https://markets.ft.com/data/equities/tearsheet/summary?s=COST:NSQ,2026-01-31T00:00:00+00:00,ft-us-2026-01-31,2026-01-31,,True
2026-01-31,US:COTY:NYQ,US:COTY,COTY:NYQ,COTY,Coty Inc,NYQ,us,russell3000,Personal Goods,ft_icb_native,2026-01-31,Consumer Staples,Personal Goods,ft_native_v2,ft_index_membership_filtered,0.95,high,2026-01-31,https://markets.ft.com/data/equities/tearsheet/summary?s=COTY:NYQ,2026-01-31T00:00:00+00:00,ft-us-2026-01-31,2026-01-31,,True
2026-01-31,US:COUR:NYS,US:COUR,COUR:NYS,COUR,Coursera Inc,NYSE,us,russell3000,Consumer Services,ft_icb_native,2026-01-31,Consumer Discretionary,Consumer Services,ft_native_v2,ft_index_membership_filtered,0.95,high,2026-01-31,https://markets.ft.com/data/equities/tearsheet/summary?s=COUR:NYS,2026-01-31T00:00:00+00:00,ft-us-2026-01-31,2026-01-31,,True
2026-01-31,US:CPAY:NYQ,US:CPAY,CPAY:NYQ,CPAY,Corpay Inc,NYQ,us,russell3000,Industrial Support Services,ft_icb_native,2026-01-31,Financials,Industrial Support Services,ft_native_v2,ft_index_membership_filtered,0.95,high,2026-01-31,https://markets.ft.com/data/equities/tearsheet/summary?s=CPAY:NYQ,2026-01-31T00:00:00+00:00,ft-us-2026-01-31,2026-01-31,,True
2026-01-31,US:CPB:NSQ,US:CPB,CPB:NSQ,CPB,Campbell's Co,NASDAQ,us,russell3000,Food Producers,ft_icb_native,2026-01-31,Consumer Staples,Food Producers,ft_native_v2,ft_index_membership_filtered,0.95,high,2026-01-31,https://markets.ft.com/data/equities/tearsheet/summary?s=CPB:NSQ,2026-01-31T00:00:00+00:00,ft-us-2026-01-31,2026-01-31,,True
2026-01-31,US:CPF:NYQ,US:CPF,CPF:NYQ,CPF,Central Pacific Financial Corp,NYQ,us,russell3000,Banks,ft_icb_native,2026-01-31,Financials,Banks,ft_native_v2,ft_index_membership_filtered,0.95,high,2026-01-31,https://markets.ft.com/data/equities/tearsheet/summary?s=CPF:NYQ,2026-01-31T00:00:00+00:00,ft-us-2026-01-31,2026-01-31,,True
2026-01-31,US:CPK:NYQ,US:CPK,CPK:NYQ,CPK,Chesapeake Utilities Corp,NYQ,us,russell3000,"Gas, Water and Multi-utilities",ft_icb_native,2026-01-31,Utilities,"Gas, Water and Multi-utilities",ft_native_v2,ft_index_membership_filtered,0.95,high,2026-01-31,https://markets.ft.com/data/equities/tearsheet/summary?s=CPK:NYQ,2026-01-31T00:00:00+00:00,ft-us-2026-01-31,2026-01-31,,True
2026-01-31,US:CPNG:NYQ,US:CPNG,CPNG:NYQ,CPNG,Coupang Inc,NYQ,us,russell3000,Consumer Discretionary,ft_icb_native,2026-01-31,Consumer Discretionary,Consumer Discretionary,ft_native_v2,ft_index_membership_filtered,0.95,high,2026-01-31,https://markets.ft.com/data/equities/tearsheet/summary?s=CPNG:NYQ,2026-01-31T00:00:00+00:00,ft-us-2026-01-31,2026-01-31,,True
2026-01-31,US:CPRI:NYQ,US:CPRI,CPRI:NYQ,CPRI,Capri Holdings Ltd,NYQ,us,russell3000,Consumer Discretionary,ft_icb_native,2026-01-31,Consumer Discretionary,Consumer Discretionary,ft_native_v2,ft_index_membership_filtered,0.95,high,2026-01-31,https://markets.ft.com/data/equities/tearsheet/summary?s=CPRI:NYQ,2026-01-31T00:00:00+00:00,ft-us-2026-01-31,2026-01-31,,True
2026-01-31,US:CPRT:NSQ,US:CPRT,CPRT:NSQ,CPRT,Copart Inc,NASDAQ,us,russell3000,Consumer Services,ft_icb_native,2026-01-31,Industrials,Consumer Services,ft_native_v2,ft_index_membership_filtered,0.95,high,2026-01-31,https://markets.ft.com/data/equities/tearsheet/summary?s=CPRT:NSQ,2026-01-31T00:00:00+00:00,ft-us-2026-01-31,2026-01-31,,True
2026-01-31,US:CPRX:NAQ,US:CPRX,CPRX:NAQ,CPRX,Catalyst Pharmaceuticals Inc,NAQ,us,russell3000,Pharmaceuticals and Biotechnology,ft_icb_native,2026-01-31,Health Care,Pharmaceuticals and Biotechnology,ft_native_v2,ft_index_membership_filtered,0.95,high,2026-01-31,https://markets.ft.com/data/equities/tearsheet/summary?s=CPRX:NAQ,2026-01-31T00:00:00+00:00,ft-us-2026-01-31,2026-01-31,,True
2026-01-31,US:CPS:NYQ,US:CPS,CPS:NYQ,CPS,Cooper-Standard Holdings Inc,NYQ,us,russell3000,Automobiles and Parts,ft_icb_native,2026-01-31,Consumer Discretionary,Automobiles and Parts,ft_native_v2,ft_index_membership_filtered,0.95,high,2026-01-31,https://markets.ft.com/data/equities/tearsheet/summary?s=CPS:NYQ,2026-01-31T00:00:00+00:00,ft-us-2026-01-31,2026-01-31,,True
2026-01-31,US:CPT:NYQ,US:CPT,CPT:NYQ,CPT,Camden Property Trust,NYQ,us,russell3000,Real Estate Investment Trusts,ft_icb_native,2026-01-31,Real Estate,Real Estate Investment Trusts,ft_native_v2,ft_index_membership_filtered,0.95,high,2026-01-31,https://markets.ft.com/data/equities/tearsheet/summary?s=CPT:NYQ,2026-01-31T00:00:00+00:00,ft-us-2026-01-31,2026-01-31,,True
2026-01-31,US:CR:NYQ,US:CR,CR:NYQ,CR,Crane Co,NYQ,us,russell3000,Electronic and Electrical Equipment,ft_icb_native,2026-01-31,Industrials,Electronic and Electrical Equipment,ft_native_v2,ft_index_membership_filtered,0.95,high,2026-01-31,https://markets.ft.com/data/equities/tearsheet/summary?s=CR:NYQ,2026-01-31T00:00:00+00:00,ft-us-2026-01-31,2026-01-31,,True
2026-01-31,US:CRAI:NSQ,US:CRAI,CRAI:NSQ,CRAI,CRA International Inc,NASDAQ,us,russell3000,Industrial Support Services,ft_icb_native,2026-01-31,Industrials,Industrial Support Services,ft_native_v2,ft_index_membership_filtered,0.95,high,2026-01-31,https://markets.ft.com/data/equities/tearsheet/summary?s=CRAI:NSQ,2026-01-31T00:00:00+00:00,ft-us-2026-01-31,2026-01-31,,True
2026-01-31,US:CRC:NYQ,US:CRC,CRC:NYQ,CRC,California Resources Corp,NYQ,us,russell3000,"Oil, Gas and Coal",ft_icb_native,2026-01-31,Energy,"Oil, Gas and Coal",ft_native_v2,ft_index_membership_filtered,0.95,high,2026-01-31,https://markets.ft.com/data/equities/tearsheet/summary?s=CRC:NYQ,2026-01-31T00:00:00+00:00,ft-us-2026-01-31,2026-01-31,,True
2026-01-31,US:CRCL:NYS,US:CRCL,CRCL:NYS,CRCL,Circle Internet Group Inc,NYSE,us,russell3000,Investment Banking and Brokerage Services,ft_icb_native,2026-01-31,Financials,Investment Banking and Brokerage Services,ft_native_v2,ft_index_membership_filtered,0.95,high,2026-01-31,https://markets.ft.com/data/equities/tearsheet/summary?s=CRCL:NYS,2026-01-31T00:00:00+00:00,ft-us-2026-01-31,2026-01-31,,True
2026-01-31,US:CRCT:NSQ,US:CRCT,CRCT:NSQ,CRCT,Cricut Inc,NASDAQ,us,russell3000,Household Goods and Home Construction,ft_icb_native,2026-01-31,Consumer Discretionary,Household Goods and Home Construction,ft_native_v2,ft_index_membership_filtered,0.95,high,2026-01-31,https://markets.ft.com/data/equities/tearsheet/summary?s=CRCT:NSQ,2026-01-31T00:00:00+00:00,ft-us-2026-01-31,2026-01-31,,True
2026-01-31,US:CRDO:NSQ,US:CRDO,CRDO:NSQ,CRDO,Credo Technology Group Holding Ltd,NASDAQ,us,russell3000,Technology Hardware and Equipment,ft_icb_native,2026-01-31,Technology,Technology Hardware and Equipment,ft_native_v2,ft_index_membership_filtered,0.95,high,2026-01-31,https://markets.ft.com/data/equities/tearsheet/summary?s=CRDO:NSQ,2026-01-31T00:00:00+00:00,ft-us-2026-01-31,2026-01-31,,True
2026-01-31,US:CRGY:NYS,US:CRGY,CRGY:NYS,CRGY,Crescent Energy Co,NYSE,us,russell3000,"Oil, Gas and Coal",ft_icb_native,2026-01-31,Energy,"Oil, Gas and Coal",ft_native_v2,ft_index_membership_filtered,0.95,high,2026-01-31,https://markets.ft.com/data/equities/tearsheet/summary?s=CRGY:NYS,2026-01-31T00:00:00+00:00,ft-us-2026-01-31,2026-01-31,,True
2026-01-31,US:CRH:NYQ,US:CRH,CRH:NYQ,CRH,CRH PLC,NYQ,us,russell3000,Construction and Materials,ft_icb_native,2026-01-31,Basic Materials,Construction and Materials,ft_native_v2,ft_index_membership_filtered,0.95,high,2026-01-31,https://markets.ft.com/data/equities/tearsheet/summary?s=CRH:NYQ,2026-01-31T00:00:00+00:00,ft-us-2026-01-31,2026-01-31,,True
2026-01-31,US:CRI:NYQ,US:CRI,CRI:NYQ,CRI,Carter's Inc,NYQ,us,russell3000,Personal Goods,ft_icb_native,2026-01-31,Consumer Discretionary,Personal Goods,ft_native_v2,ft_index_membership_filtered,0.95,high,2026-01-31,https://markets.ft.com/data/equities/tearsheet/summary?s=CRI:NYQ,2026-01-31T00:00:00+00:00,ft-us-2026-01-31,2026-01-31,,True
2026-01-31,US:CRK:NYQ,US:CRK,CRK:NYQ,CRK,Comstock Resources Inc,NYQ,us,russell3000,"Oil, Gas and Coal",ft_icb_native,2026-01-31,Energy,"Oil, Gas and Coal",ft_native_v2,ft_index_membership_filtered,0.95,high,2026-01-31,https://markets.ft.com/data/equities/tearsheet/summary?s=CRK:NYQ,2026-01-31T00:00:00+00:00,ft-us-2026-01-31,2026-01-31,,True
2026-01-31,US:CRL:NYQ,US:CRL,CRL:NYQ,CRL,Charles River Laboratories International Inc,NYQ,us,russell3000,Pharmaceuticals and Biotechnology,ft_icb_native,2026-01-31,Health Care,Pharmaceuticals and Biotechnology,ft_native_v2,ft_index_membership_filtered,0.95,high,2026-01-31,https://markets.ft.com/data/equities/tearsheet/summary?s=CRL:NYQ,2026-01-31T00:00:00+00:00,ft-us-2026-01-31,2026-01-31,,True
2026-01-31,US:CRM:NYQ,US:CRM,CRM:NYQ,CRM,Salesforce Inc,NYQ,us,russell3000,Technology,ft_icb_native,2026-01-31,Technology,Technology,ft_native_v2,ft_index_membership_filtered,0.95,high,2026-01-31,https://markets.ft.com/data/equities/tearsheet/summary?s=CRM:NYQ,2026-01-31T00:00:00+00:00,ft-us-2026-01-31,2026-01-31,,True
2026-01-31,US:CRMD:NMQ,US:CRMD,CRMD:NMQ,CRMD,CorMedix Inc,NMQ,us,russell3000,Pharmaceuticals and Biotechnology,ft_icb_native,2026-01-31,Health Care,Pharmaceuticals and Biotechnology,ft_native_v2,ft_index_membership_filtered,0.95,high,2026-01-31,https://markets.ft.com/data/equities/tearsheet/summary?s=CRMD:NMQ,2026-01-31T00:00:00+00:00,ft-us-2026-01-31,2026-01-31,,True
2026-01-31,US:CRMT:NSQ,US:CRMT,CRMT:NSQ,CRMT,America's CAR-MART Inc,NASDAQ,us,russell3000,Consumer Discretionary,ft_icb_native,2026-01-31,Consumer Discretionary,Consumer Discretionary,ft_native_v2,ft_index_membership_filtered,0.95,high,2026-01-31,https://markets.ft.com/data/equities/tearsheet/summary?s=CRMT:NSQ,2026-01-31T00:00:00+00:00,ft-us-2026-01-31,2026-01-31,,True
2026-01-31,US:CRNC:NSQ,US:CRNC,CRNC:NSQ,CRNC,Cerence Inc,NASDAQ,us,russell3000,Technology,ft_icb_native,2026-01-31,Technology,Technology,ft_native_v2,ft_index_membership_filtered,0.95,high,2026-01-31,https://markets.ft.com/data/equities/tearsheet/summary?s=CRNC:NSQ,2026-01-31T00:00:00+00:00,ft-us-2026-01-31,2026-01-31,,True
2026-01-31,US:CRNX:NSQ,US:CRNX,CRNX:NSQ,CRNX,Crinetics Pharmaceuticals Inc,NASDAQ,us,russell3000,Pharmaceuticals and Biotechnology,ft_icb_native,2026-01-31,Health Care,Pharmaceuticals and Biotechnology,ft_native_v2,ft_index_membership_filtered,0.95,high,2026-01-31,https://markets.ft.com/data/equities/tearsheet/summary?s=CRNX:NSQ,2026-01-31T00:00:00+00:00,ft-us-2026-01-31,2026-01-31,,True
2026-01-31,US:CROX:NSQ,US:CROX,CROX:NSQ,CROX,Crocs Inc,NASDAQ,us,russell3000,Personal Goods,ft_icb_native,2026-01-31,Consumer Discretionary,Personal Goods,ft_native_v2,ft_index_membership_filtered,0.95,high,2026-01-31,https://markets.ft.com/data/equities/tearsheet/summary?s=CROX:NSQ,2026-01-31T00:00:00+00:00,ft-us-2026-01-31,2026-01-31,,True
2026-01-31,US:CRS:NYQ,US:CRS,CRS:NYQ,CRS,Carpenter Technology Corp,NYQ,us,russell3000,Industrial Metals and Mining,ft_icb_native,2026-01-31,Industrials,Industrial Metals and Mining,ft_native_v2,ft_index_membership_filtered,0.95,high,2026-01-31,https://markets.ft.com/data/equities/tearsheet/summary?s=CRS:NYQ,2026-01-31T00:00:00+00:00,ft-us-2026-01-31,2026-01-31,,True
2026-01-31,US:CRSP:NMQ,US:CRSP,CRSP:NMQ,CRSP,CRISPR Therapeutics AG,NMQ,us,russell3000,Pharmaceuticals and Biotechnology,ft_icb_native,2026-01-31,Health Care,Pharmaceuticals and Biotechnology,ft_native_v2,ft_index_membership_filtered,0.95,high,2026-01-31,https://markets.ft.com/data/equities/tearsheet/summary?s=CRSP:NMQ,2026-01-31T00:00:00+00:00,ft-us-2026-01-31,2026-01-31,,True
2026-01-31,US:CRSR:NSQ,US:CRSR,CRSR:NSQ,CRSR,Corsair Gaming Inc,NASDAQ,us,russell3000,Technology Hardware and Equipment,ft_icb_native,2026-01-31,Technology,Technology Hardware and Equipment,ft_native_v2,ft_index_membership_filtered_level3_fallback,0.65,medium,2026-01-31,https://markets.ft.com/data/equities/tearsheet/summary?s=CRSR:NSQ,2026-01-31T00:00:00+00:00,ft-us-2026-01-31,2026-01-31,,True
2026-01-31,US:CRUS:NSQ,US:CRUS,CRUS:NSQ,CRUS,Cirrus Logic Inc,NASDAQ,us,russell3000,Technology Hardware and Equipment,ft_icb_native,2026-01-31,Technology,Technology Hardware and Equipment,ft_native_v2,ft_index_membership_filtered,0.95,high,2026-01-31,https://markets.ft.com/data/equities/tearsheet/summary?s=CRUS:NSQ,2026-01-31T00:00:00+00:00,ft-us-2026-01-31,2026-01-31,,True
2026-01-31,US:CRVL:NSQ,US:CRVL,CRVL:NSQ,CRVL,CorVel Corp,NASDAQ,us,russell3000,Health Care Providers,ft_icb_native,2026-01-31,Health Care,Health Care Providers,ft_native_v2,ft_index_membership_filtered,0.95,high,2026-01-31,https://markets.ft.com/data/equities/tearsheet/summary?s=CRVL:NSQ,2026-01-31T00:00:00+00:00,ft-us-2026-01-31,2026-01-31,,True
2026-01-31,US:CRVS:NMQ,US:CRVS,CRVS:NMQ,CRVS,Corvus Pharmaceuticals Inc,NMQ,us,russell3000,Pharmaceuticals and Biotechnology,ft_icb_native,2026-01-31,Health Care,Pharmaceuticals and Biotechnology,ft_native_v2,ft_index_membership_filtered,0.95,high,2026-01-31,https://markets.ft.com/data/equities/tearsheet/summary?s=CRVS:NMQ,2026-01-31T00:00:00+00:00,ft-us-2026-01-31,2026-01-31,,True
2026-01-31,US:CRWD:NSQ,US:CRWD,CRWD:NSQ,CRWD,CrowdStrike Holdings Inc,NASDAQ,us,russell3000,Technology,ft_icb_native,2026-01-31,Technology,Technology,ft_native_v2,ft_index_membership_filtered,0.95,high,2026-01-31,https://markets.ft.com/data/equities/tearsheet/summary?s=CRWD:NSQ,2026-01-31T00:00:00+00:00,ft-us-2026-01-31,2026-01-31,,True
2026-01-31,US:CSCO:NSQ,US:CSCO,CSCO:NSQ,CSCO,Cisco Systems Inc,NASDAQ,us,russell3000,Telecommunications Equipment,ft_icb_native,2026-01-31,Technology,Telecommunications Equipment,ft_native_v2,ft_index_membership_filtered,0.95,high,2026-01-31,https://markets.ft.com/data/equities/tearsheet/summary?s=CSCO:NSQ,2026-01-31T00:00:00+00:00,ft-us-2026-01-31,2026-01-31,,True
2026-01-31,US:CSGP:NSQ,US:CSGP,CSGP:NSQ,CSGP,CoStar Group Inc,NASDAQ,us,russell3000,Real Estate Investment and Services,ft_icb_native,2026-01-31,Real Estate,Real Estate Investment and Services,ft_native_v2,ft_index_membership_filtered,0.95,high,2026-01-31,https://markets.ft.com/data/equities/tearsheet/summary?s=CSGP:NSQ,2026-01-31T00:00:00+00:00,ft-us-2026-01-31,2026-01-31,,True
2026-01-31,US:CSGS:NSQ,US:CSGS,CSGS:NSQ,CSGS,Csg Systems International Inc,NASDAQ,us,russell3000,Technology,ft_icb_native,2026-01-31,Industrials,Technology,ft_native_v2,ft_index_membership_filtered,0.95,high,2026-01-31,https://markets.ft.com/data/equities/tearsheet/summary?s=CSGS:NSQ,2026-01-31T00:00:00+00:00,ft-us-2026-01-31,2026-01-31,,True
2026-01-31,US:CSL:NYQ,US:CSL,CSL:NYQ,CSL,Carlisle Companies Inc,NYQ,us,russell3000,Construction and Materials,ft_icb_native,2026-01-31,Industrials,Construction and Materials,ft_native_v2,ft_index_membership_filtered,0.95,high,2026-01-31,https://markets.ft.com/data/equities/tearsheet/summary?s=CSL:NYQ,2026-01-31T00:00:00+00:00,ft-us-2026-01-31,2026-01-31,,True
2026-01-31,US:CSR:NYQ,US:CSR,CSR:NYQ,CSR,Centerspace,NYQ,us,russell3000,Real Estate Investment Trusts,ft_icb_native,2026-01-31,Real Estate,Real Estate Investment Trusts,ft_native_v2,ft_index_membership_filtered,0.95,high,2026-01-31,https://markets.ft.com/data/equities/tearsheet/summary?s=CSR:NYQ,2026-01-31T00:00:00+00:00,ft-us-2026-01-31,2026-01-31,,True
2026-01-31,US:CSTL:NMQ,US:CSTL,CSTL:NMQ,CSTL,Castle Biosciences Inc,NMQ,us,russell3000,Pharmaceuticals and Biotechnology,ft_icb_native,2026-01-31,Health Care,Pharmaceuticals and Biotechnology,ft_native_v2,ft_index_membership_filtered,0.95,high,2026-01-31,https://markets.ft.com/data/equities/tearsheet/summary?s=CSTL:NMQ,2026-01-31T00:00:00+00:00,ft-us-2026-01-31,2026-01-31,,True
2026-01-31,US:CSTM:NYQ,US:CSTM,CSTM:NYQ,CSTM,Constellium SE,NYQ,us,russell3000,Industrial Metals and Mining,ft_icb_native,2026-01-31,Basic Materials,Industrial Metals and Mining,ft_native_v2,ft_index_membership_filtered,0.95,high,2026-01-31,https://markets.ft.com/data/equities/tearsheet/summary?s=CSTM:NYQ,2026-01-31T00:00:00+00:00,ft-us-2026-01-31,2026-01-31,,True
2026-01-31,US:CSV:NYQ,US:CSV,CSV:NYQ,CSV,Carriage Services Inc,NYQ,us,russell3000,Consumer Services,ft_icb_native,2026-01-31,Consumer Discretionary,Consumer Services,ft_native_v2,ft_index_membership_filtered,0.95,high,2026-01-31,https://markets.ft.com/data/equities/tearsheet/summary?s=CSV:NYQ,2026-01-31T00:00:00+00:00,ft-us-2026-01-31,2026-01-31,,True
2026-01-31,US:CSW:NYS,US:CSW,CSW:NYS,CSW,CSW Industrials Inc,NYSE,us,russell3000,Construction and Materials,ft_icb_native,2026-01-31,Industrials,Construction and Materials,ft_native_v2,ft_index_membership_filtered,0.95,high,2026-01-31,https://markets.ft.com/data/equities/tearsheet/summary?s=CSW:NYS,2026-01-31T00:00:00+00:00,ft-us-2026-01-31,2026-01-31,,True
2026-01-31,US:CSX:NSQ,US:CSX,CSX:NSQ,CSX,CSX Corp,NASDAQ,us,russell3000,Industrial Transportation,ft_icb_native,2026-01-31,Industrials,Industrial Transportation,ft_native_v2,ft_index_membership_filtered,0.95,high,2026-01-31,https://markets.ft.com/data/equities/tearsheet/summary?s=CSX:NSQ,2026-01-31T00:00:00+00:00,ft-us-2026-01-31,2026-01-31,,True
2026-01-31,US:CTAS:NSQ,US:CTAS,CTAS:NSQ,CTAS,Cintas Corp,NASDAQ,us,russell3000,Industrial Support Services,ft_icb_native,2026-01-31,Industrials,Industrial Support Services,ft_native_v2,ft_index_membership_filtered,0.95,high,2026-01-31,https://markets.ft.com/data/equities/tearsheet/summary?s=CTAS:NSQ,2026-01-31T00:00:00+00:00,ft-us-2026-01-31,2026-01-31,,True
2026-01-31,US:CTBI:NSQ,US:CTBI,CTBI:NSQ,CTBI,Community Trust Bancorp Inc,NASDAQ,us,russell3000,Banks,ft_icb_native,2026-01-31,Financials,Banks,ft_native_v2,ft_index_membership_filtered,0.95,high,2026-01-31,https://markets.ft.com/data/equities/tearsheet/summary?s=CTBI:NSQ,2026-01-31T00:00:00+00:00,ft-us-2026-01-31,2026-01-31,,True
2026-01-31,US:CTKB:NSQ,US:CTKB,CTKB:NSQ,CTKB,Cytek Biosciences Inc,NASDAQ,us,russell3000,Pharmaceuticals and Biotechnology,ft_icb_native,2026-01-31,Health Care,Pharmaceuticals and Biotechnology,ft_native_v2,ft_index_membership_filtered_level3_fallback,0.65,medium,2026-01-31,https://markets.ft.com/data/equities/tearsheet/summary?s=CTKB:NSQ,2026-01-31T00:00:00+00:00,ft-us-2026-01-31,2026-01-31,,True
2026-01-31,US:CTLP:NSQ,US:CTLP,CTLP:NSQ,CTLP,Cantaloupe Inc,NASDAQ,us,russell3000,Industrial Support Services,ft_icb_native,2026-01-31,Financials,Industrial Support Services,ft_native_v2,ft_index_membership_filtered,0.95,high,2026-01-31,https://markets.ft.com/data/equities/tearsheet/summary?s=CTLP:NSQ,2026-01-31T00:00:00+00:00,ft-us-2026-01-31,2026-01-31,,True
2026-01-31,US:CTO:NYQ,US:CTO,CTO:NYQ,CTO,CTO Realty Growth Inc,NYQ,us,russell3000,Real Estate Investment Trusts,ft_icb_native,2026-01-31,Real Estate,Real Estate Investment Trusts,ft_native_v2,ft_index_membership_filtered,0.95,high,2026-01-31,https://markets.ft.com/data/equities/tearsheet/summary?s=CTO:NYQ,2026-01-31T00:00:00+00:00,ft-us-2026-01-31,2026-01-31,,True
2026-01-31,US:CTOS:NYQ,US:CTOS,CTOS:NYQ,CTOS,Custom Truck One Source Inc,NYQ,us,russell3000,Industrial Transportation,ft_icb_native,2026-01-31,Industrials,Industrial Transportation,ft_native_v2,ft_index_membership_filtered,0.95,high,2026-01-31,https://markets.ft.com/data/equities/tearsheet/summary?s=CTOS:NYQ,2026-01-31T00:00:00+00:00,ft-us-2026-01-31,2026-01-31,,True
2026-01-31,US:CTRA:NYQ,US:CTRA,CTRA:NYQ,CTRA,Coterra Energy Inc,NYQ,us,russell3000,"Oil, Gas and Coal",ft_icb_native,2026-01-31,Energy,"Oil, Gas and Coal",ft_native_v2,ft_index_membership_filtered,0.95,high,2026-01-31,https://markets.ft.com/data/equities/tearsheet/summary?s=CTRA:NYQ,2026-01-31T00:00:00+00:00,ft-us-2026-01-31,2026-01-31,,True
2026-01-31,US:CTRE:NYQ,US:CTRE,CTRE:NYQ,CTRE,CareTrust REIT Inc,NYQ,us,russell3000,Real Estate Investment Trusts,ft_icb_native,2026-01-31,Real Estate,Real Estate Investment Trusts,ft_native_v2,ft_index_membership_filtered,0.95,high,2026-01-31,https://markets.ft.com/data/equities/tearsheet/summary?s=CTRE:NYQ,2026-01-31T00:00:00+00:00,ft-us-2026-01-31,2026-01-31,,True
2026-01-31,US:CTRI:NYS,US:CTRI,CTRI:NYS,CTRI,Centuri Holdings Inc,NYSE,us,russell3000,Construction and Materials,ft_icb_native,2026-01-31,Industrials,Construction and Materials,ft_native_v2,ft_index_membership_filtered,0.95,high,2026-01-31,https://markets.ft.com/data/equities/tearsheet/summary?s=CTRI:NYS,2026-01-31T00:00:00+00:00,ft-us-2026-01-31,2026-01-31,,True
2026-01-31,US:CTS:NYQ,US:CTS,CTS:NYQ,CTS,CTS Corp,NYQ,us,russell3000,Technology Hardware and Equipment,ft_icb_native,2026-01-31,Technology,Technology Hardware and Equipment,ft_native_v2,ft_index_membership_filtered,0.95,high,2026-01-31,https://markets.ft.com/data/equities/tearsheet/summary?s=CTS:NYQ,2026-01-31T00:00:00+00:00,ft-us-2026-01-31,2026-01-31,,True
2026-01-31,US:CTSH:NSQ,US:CTSH,CTSH:NSQ,CTSH,Cognizant Technology Solutions Corp,NASDAQ,us,russell3000,Technology,ft_icb_native,2026-01-31,Technology,Technology,ft_native_v2,ft_index_membership_filtered,0.95,high,2026-01-31,https://markets.ft.com/data/equities/tearsheet/summary?s=CTSH:NSQ,2026-01-31T00:00:00+00:00,ft-us-2026-01-31,2026-01-31,,True
2026-01-31,US:CTVA:NYS,US:CTVA,CTVA:NYS,CTVA,Corteva Inc,NYSE,us,russell3000,Food Producers,ft_icb_native,2026-01-31,Consumer Staples,Food Producers,ft_native_v2,ft_index_membership_filtered,0.95,high,2026-01-31,https://markets.ft.com/data/equities/tearsheet/summary?s=CTVA:NYS,2026-01-31T00:00:00+00:00,ft-us-2026-01-31,2026-01-31,,True
2026-01-31,US:CUBE:NYQ,US:CUBE,CUBE:NYQ,CUBE,CubeSmart,NYQ,us,russell3000,Real Estate Investment Trusts,ft_icb_native,2026-01-31,Real Estate,Real Estate Investment Trusts,ft_native_v2,ft_index_membership_filtered,0.95,high,2026-01-31,https://markets.ft.com/data/equities/tearsheet/summary?s=CUBE:NYQ,2026-01-31T00:00:00+00:00,ft-us-2026-01-31,2026-01-31,,True
2026-01-31,US:CUBI:NYQ,US:CUBI,CUBI:NYQ,CUBI,Customers Bancorp Inc,NYQ,us,russell3000,Banks,ft_icb_native,2026-01-31,Financials,Banks,ft_native_v2,ft_index_membership_filtered,0.95,high,2026-01-31,https://markets.ft.com/data/equities/tearsheet/summary?s=CUBI:NYQ,2026-01-31T00:00:00+00:00,ft-us-2026-01-31,2026-01-31,,True
2026-01-31,US:CURB:NYQ,US:CURB,CURB:NYQ,CURB,Curbline Properties Corp.,NYQ,us,russell3000,Real Estate Investment Trusts,ft_icb_native,2026-01-31,Real Estate,Real Estate Investment Trusts,ft_native_v2,ft_index_membership_filtered,0.95,high,2026-01-31,https://markets.ft.com/data/equities/tearsheet/summary?s=CURB:NYQ,2026-01-31T00:00:00+00:00,ft-us-2026-01-31,2026-01-31,,True
2026-01-31,US:CUZ:NYQ,US:CUZ,CUZ:NYQ,CUZ,Cousins Properties Inc,NYQ,us,russell3000,Real Estate Investment Trusts,ft_icb_native,2026-01-31,Real Estate,Real Estate Investment Trusts,ft_native_v2,ft_index_membership_filtered,0.95,high,2026-01-31,https://markets.ft.com/data/equities/tearsheet/summary?s=CUZ:NYQ,2026-01-31T00:00:00+00:00,ft-us-2026-01-31,2026-01-31,,True
2026-01-31,US:CVBF:NSQ,US:CVBF,CVBF:NSQ,CVBF,CVB Financial Corp,NASDAQ,us,russell3000,Banks,ft_icb_native,2026-01-31,Financials,Banks,ft_native_v2,ft_index_membership_filtered,0.95,high,2026-01-31,https://markets.ft.com/data/equities/tearsheet/summary?s=CVBF:NSQ,2026-01-31T00:00:00+00:00,ft-us-2026-01-31,2026-01-31,,True
2026-01-31,US:CVCO:NSQ,US:CVCO,CVCO:NSQ,CVCO,Cavco Industries Inc,NASDAQ,us,russell3000,Household Goods and Home Construction,ft_icb_native,2026-01-31,Consumer Discretionary,Household Goods and Home Construction,ft_native_v2,ft_index_membership_filtered,0.95,high,2026-01-31,https://markets.ft.com/data/equities/tearsheet/summary?s=CVCO:NSQ,2026-01-31T00:00:00+00:00,ft-us-2026-01-31,2026-01-31,,True
2026-01-31,US:CVGW:NSQ,US:CVGW,CVGW:NSQ,CVGW,Calavo Growers Inc,NASDAQ,us,russell3000,Food Producers,ft_icb_native,2026-01-31,Consumer Staples,Food Producers,ft_native_v2,ft_index_membership_filtered,0.95,high,2026-01-31,https://markets.ft.com/data/equities/tearsheet/summary?s=CVGW:NSQ,2026-01-31T00:00:00+00:00,ft-us-2026-01-31,2026-01-31,,True
2026-01-31,US:CVI:NYQ,US:CVI,CVI:NYQ,CVI,CVR Energy Inc,NYQ,us,russell3000,"Oil, Gas and Coal",ft_icb_native,2026-01-31,Energy,"Oil, Gas and Coal",ft_native_v2,ft_index_membership_filtered,0.95,high,2026-01-31,https://markets.ft.com/data/equities/tearsheet/summary?s=CVI:NYQ,2026-01-31T00:00:00+00:00,ft-us-2026-01-31,2026-01-31,,True
2026-01-31,US:CVLG:NYQ,US:CVLG,CVLG:NYQ,CVLG,Covenant Logistics Group Inc,NYQ,us,russell3000,Industrial Transportation,ft_icb_native,2026-01-31,Industrials,Industrial Transportation,ft_native_v2,ft_index_membership_filtered,0.95,high,2026-01-31,https://markets.ft.com/data/equities/tearsheet/summary?s=CVLG:NYQ,2026-01-31T00:00:00+00:00,ft-us-2026-01-31,2026-01-31,,True
2026-01-31,US:CVLT:NSQ,US:CVLT,CVLT:NSQ,CVLT,Commvault Systems Inc,NASDAQ,us,russell3000,Technology,ft_icb_native,2026-01-31,Technology,Technology,ft_native_v2,ft_index_membership_filtered,0.95,high,2026-01-31,https://markets.ft.com/data/equities/tearsheet/summary?s=CVLT:NSQ,2026-01-31T00:00:00+00:00,ft-us-2026-01-31,2026-01-31,,True
2026-01-31,US:CVNA:NYQ,US:CVNA,CVNA:NYQ,CVNA,Carvana Co,NYQ,us,russell3000,Consumer Discretionary,ft_icb_native,2026-01-31,Consumer Discretionary,Consumer Discretionary,ft_native_v2,ft_index_membership_filtered,0.95,high,2026-01-31,https://markets.ft.com/data/equities/tearsheet/summary?s=CVNA:NYQ,2026-01-31T00:00:00+00:00,ft-us-2026-01-31,2026-01-31,,True
2026-01-31,US:CVRX:NSQ,US:CVRX,CVRX:NSQ,CVRX,CVRx Inc,NASDAQ,us,russell3000,Pharmaceuticals and Biotechnology,ft_icb_native,2026-01-31,Health Care,Pharmaceuticals and Biotechnology,ft_native_v2,ft_index_membership_filtered_level3_fallback,0.65,medium,2026-01-31,https://markets.ft.com/data/equities/tearsheet/summary?s=CVRX:NSQ,2026-01-31T00:00:00+00:00,ft-us-2026-01-31,2026-01-31,,True
2026-01-31,US:CVS:NYQ,US:CVS,CVS:NYQ,CVS,CVS Health Corp,NYQ,us,russell3000,"Personal Care, Drug and Grocery Stores",ft_icb_native,2026-01-31,Health Care,"Personal Care, Drug and Grocery Stores",ft_native_v2,ft_index_membership_filtered,0.95,high,2026-01-31,https://markets.ft.com/data/equities/tearsheet/summary?s=CVS:NYQ,2026-01-31T00:00:00+00:00,ft-us-2026-01-31,2026-01-31,,True
2026-01-31,US:CVX:NYQ,US:CVX,CVX:NYQ,CVX,Chevron Corp,NYQ,us,russell3000,"Oil, Gas and Coal",ft_icb_native,2026-01-31,Energy,"Oil, Gas and Coal",ft_native_v2,ft_index_membership_filtered,0.95,high,2026-01-31,https://markets.ft.com/data/equities/tearsheet/summary?s=CVX:NYQ,2026-01-31T00:00:00+00:00,ft-us-2026-01-31,2026-01-31,,True
2026-01-31,US:CW:NYQ,US:CW,CW:NYQ,CW,Curtiss-Wright Corp,NYQ,us,russell3000,Aerospace and Defense,ft_icb_native,2026-01-31,Industrials,Aerospace and Defense,ft_native_v2,ft_index_membership_filtered,0.95,high,2026-01-31,https://markets.ft.com/data/equities/tearsheet/summary?s=CW:NYQ,2026-01-31T00:00:00+00:00,ft-us-2026-01-31,2026-01-31,,True
2026-01-31,US:CWAN:NYQ,US:CWAN,CWAN:NYQ,CWAN,Clearwater Analytics Holdings Inc,NYQ,us,russell3000,Finance and Credit Services,ft_icb_native,2026-01-31,Technology,Finance and Credit Services,ft_native_v2,ft_index_membership_filtered,0.95,high,2026-01-31,https://markets.ft.com/data/equities/tearsheet/summary?s=CWAN:NYQ,2026-01-31T00:00:00+00:00,ft-us-2026-01-31,2026-01-31,,True
2026-01-31,US:CWBC:NAQ,US:CWBC,CWBC:NAQ,CWBC,Community West Bancshares,NAQ,us,russell3000,Banks,ft_icb_native,2026-01-31,Financials,Banks,ft_native_v2,ft_index_membership_filtered,0.95,high,2026-01-31,https://markets.ft.com/data/equities/tearsheet/summary?s=CWBC:NAQ,2026-01-31T00:00:00+00:00,ft-us-2026-01-31,2026-01-31,,True
2026-01-31,US:CWCO:NSQ,US:CWCO,CWCO:NSQ,CWCO,Consolidated Water Co Ltd,NASDAQ,us,russell3000,"Gas, Water and Multi-utilities",ft_icb_native,2026-01-31,Utilities,"Gas, Water and Multi-utilities",ft_native_v2,ft_index_membership_filtered,0.95,high,2026-01-31,https://markets.ft.com/data/equities/tearsheet/summary?s=CWCO:NSQ,2026-01-31T00:00:00+00:00,ft-us-2026-01-31,2026-01-31,,True
2026-01-31,US:CWEN:NYS,US:CWEN,CWEN:NYS,CWEN,Clearway Energy Inc,NYSE,us,russell3000,Electricity,ft_icb_native,2026-01-31,Utilities,Electricity,ft_native_v2,ft_index_membership_filtered,0.95,high,2026-01-31,https://markets.ft.com/data/equities/tearsheet/summary?s=CWEN:NYS,2026-01-31T00:00:00+00:00,ft-us-2026-01-31,2026-01-31,,True
2026-01-31,US:CWEN.A:NYQ,US:CWEN.A,CWEN.A:NYQ,CWEN.A,Clearway Energy Inc,NYQ,us,russell3000,Electricity,ft_icb_native,2026-01-31,Utilities,Electricity,ft_native_v2,ft_index_membership_filtered,0.95,high,2026-01-31,https://markets.ft.com/data/equities/tearsheet/summary?s=CWEN.A:NYQ,2026-01-31T00:00:00+00:00,ft-us-2026-01-31,2026-01-31,,True
2026-01-31,US:CWH:NYS,US:CWH,CWH:NYS,CWH,Camping World Holdings Inc,NYSE,us,russell3000,Leisure Goods,ft_icb_native,2026-01-31,Consumer Discretionary,Leisure Goods,ft_native_v2,ft_index_membership_filtered,0.95,high,2026-01-31,https://markets.ft.com/data/equities/tearsheet/summary?s=CWH:NYS,2026-01-31T00:00:00+00:00,ft-us-2026-01-31,2026-01-31,,True
2026-01-31,US:CWK:NYQ,US:CWK,CWK:NYQ,CWK,Cushman & Wakefield Ltd,NYQ,us,russell3000,Real Estate Investment and Services,ft_icb_native,2026-01-31,Real Estate,Real Estate Investment and Services,ft_native_v2,ft_index_membership_filtered,0.95,high,2026-01-31,https://markets.ft.com/data/equities/tearsheet/summary?s=CWK:NYQ,2026-01-31T00:00:00+00:00,ft-us-2026-01-31,2026-01-31,,True
2026-01-31,US:CWST:NSQ,US:CWST,CWST:NSQ,CWST,Casella Waste Systems Inc,NASDAQ,us,russell3000,Waste and Disposal Services,ft_icb_native,2026-01-31,Industrials,Waste and Disposal Services,ft_native_v2,ft_index_membership_filtered,0.95,high,2026-01-31,https://markets.ft.com/data/equities/tearsheet/summary?s=CWST:NSQ,2026-01-31T00:00:00+00:00,ft-us-2026-01-31,2026-01-31,,True
2026-01-31,US:CWT:NYQ,US:CWT,CWT:NYQ,CWT,California Water Service Group,NYQ,us,russell3000,"Gas, Water and Multi-utilities",ft_icb_native,2026-01-31,Utilities,"Gas, Water and Multi-utilities",ft_native_v2,ft_index_membership_filtered,0.95,high,2026-01-31,https://markets.ft.com/data/equities/tearsheet/summary?s=CWT:NYQ,2026-01-31T00:00:00+00:00,ft-us-2026-01-31,2026-01-31,,True
2026-01-31,US:CXM:NYQ,US:CXM,CXM:NYQ,CXM,Sprinklr Inc,NYQ,us,russell3000,Technology,ft_icb_native,2026-01-31,Technology,Technology,ft_native_v2,ft_index_membership_filtered,0.95,high,2026-01-31,https://markets.ft.com/data/equities/tearsheet/summary?s=CXM:NYQ,2026-01-31T00:00:00+00:00,ft-us-2026-01-31,2026-01-31,,True
2026-01-31,US:CXT:NYQ,US:CXT,CXT:NYQ,CXT,Crane NXT Co,NYQ,us,russell3000,Electronic and Electrical Equipment,ft_icb_native,2026-01-31,Technology,Electronic and Electrical Equipment,ft_native_v2,ft_index_membership_filtered,0.95,high,2026-01-31,https://markets.ft.com/data/equities/tearsheet/summary?s=CXT:NYQ,2026-01-31T00:00:00+00:00,ft-us-2026-01-31,2026-01-31,,True
2026-01-31,US:CXW:NYQ,US:CXW,CXW:NYQ,CXW,CoreCivic Inc,NYQ,us,russell3000,Industrial Support Services,ft_icb_native,2026-01-31,Industrials,Industrial Support Services,ft_native_v2,ft_index_membership_filtered,0.95,high,2026-01-31,https://markets.ft.com/data/equities/tearsheet/summary?s=CXW:NYQ,2026-01-31T00:00:00+00:00,ft-us-2026-01-31,2026-01-31,,True
2026-01-31,US:CYH:NYQ,US:CYH,CYH:NYQ,CYH,Community Health Systems Inc,NYQ,us,russell3000,Health Care Providers,ft_icb_native,2026-01-31,Health Care,Health Care Providers,ft_native_v2,ft_index_membership_filtered,0.95,high,2026-01-31,https://markets.ft.com/data/equities/tearsheet/summary?s=CYH:NYQ,2026-01-31T00:00:00+00:00,ft-us-2026-01-31,2026-01-31,,True
2026-01-31,US:CYRX:NAQ,US:CYRX,CYRX:NAQ,CYRX,Cryoport Inc,NAQ,us,russell3000,Industrial Support Services,ft_icb_native,2026-01-31,Health Care,Industrial Support Services,ft_native_v2,ft_index_membership_filtered,0.95,high,2026-01-31,https://markets.ft.com/data/equities/tearsheet/summary?s=CYRX:NAQ,2026-01-31T00:00:00+00:00,ft-us-2026-01-31,2026-01-31,,True
2026-01-31,US:CYTK:NSQ,US:CYTK,CYTK:NSQ,CYTK,Cytokinetics Inc,NASDAQ,us,russell3000,Pharmaceuticals and Biotechnology,ft_icb_native,2026-01-31,Health Care,Pharmaceuticals and Biotechnology,ft_native_v2,ft_index_membership_filtered,0.95,high,2026-01-31,https://markets.ft.com/data/equities/tearsheet/summary?s=CYTK:NSQ,2026-01-31T00:00:00+00:00,ft-us-2026-01-31,2026-01-31,,True
2026-01-31,US:CZFS:NAQ,US:CZFS,CZFS:NAQ,CZFS,Citizens Financial Services Inc,NAQ,us,russell3000,Banks,ft_icb_native,2026-01-31,Financials,Banks,ft_native_v2,ft_index_membership_filtered,0.95,high,2026-01-31,https://markets.ft.com/data/equities/tearsheet/summary?s=CZFS:NAQ,2026-01-31T00:00:00+00:00,ft-us-2026-01-31,2026-01-31,,True
2026-01-31,US:CZNC:NAQ,US:CZNC,CZNC:NAQ,CZNC,Citizens & Northern Corp,NAQ,us,russell3000,Banks,ft_icb_native,2026-01-31,Financials,Banks,ft_native_v2,ft_index_membership_filtered,0.95,high,2026-01-31,https://markets.ft.com/data/equities/tearsheet/summary?s=CZNC:NAQ,2026-01-31T00:00:00+00:00,ft-us-2026-01-31,2026-01-31,,True
2026-01-31,US:CZR:NSQ,US:CZR,CZR:NSQ,CZR,Caesars Entertainment Inc,NASDAQ,us,russell3000,Travel and Leisure,ft_icb_native,2026-01-31,Consumer Discretionary,Travel and Leisure,ft_native_v2,ft_index_membership_filtered,0.95,high,2026-01-31,https://markets.ft.com/data/equities/tearsheet/summary?s=CZR:NSQ,2026-01-31T00:00:00+00:00,ft-us-2026-01-31,2026-01-31,,True
2026-01-31,US:D:NYQ,US:D,D:NYQ,D,Dominion Energy Inc,NYQ,us,russell3000,Electricity,ft_icb_native,2026-01-31,Utilities,Electricity,ft_native_v2,ft_index_membership_filtered,0.95,high,2026-01-31,https://markets.ft.com/data/equities/tearsheet/summary?s=D:NYQ,2026-01-31T00:00:00+00:00,ft-us-2026-01-31,2026-01-31,,True
2026-01-31,US:DAKT:NSQ,US:DAKT,DAKT:NSQ,DAKT,Daktronics Inc,NASDAQ,us,russell3000,Technology Hardware and Equipment,ft_icb_native,2026-01-31,Technology,Technology Hardware and Equipment,ft_native_v2,ft_index_membership_filtered,0.95,high,2026-01-31,https://markets.ft.com/data/equities/tearsheet/summary?s=DAKT:NSQ,2026-01-31T00:00:00+00:00,ft-us-2026-01-31,2026-01-31,,True
2026-01-31,US:DAL:NYS,US:DAL,DAL:NYS,DAL,Delta Air Lines Inc,NYSE,us,russell3000,Travel and Leisure,ft_icb_native,2026-01-31,Consumer Discretionary,Travel and Leisure,ft_native_v2,ft_index_membership_filtered,0.95,high,2026-01-31,https://markets.ft.com/data/equities/tearsheet/summary?s=DAL:NYS,2026-01-31T00:00:00+00:00,ft-us-2026-01-31,2026-01-31,,True
2026-01-31,US:DAN:NYQ,US:DAN,DAN:NYQ,DAN,Dana Inc,NYQ,us,russell3000,Automobiles and Parts,ft_icb_native,2026-01-31,Consumer Discretionary,Automobiles and Parts,ft_native_v2,ft_index_membership_filtered,0.95,high,2026-01-31,https://markets.ft.com/data/equities/tearsheet/summary?s=DAN:NYQ,2026-01-31T00:00:00+00:00,ft-us-2026-01-31,2026-01-31,,True
2026-01-31,US:DAR:NYQ,US:DAR,DAR:NYQ,DAR,Darling Ingredients Inc,NYQ,us,russell3000,Food Producers,ft_icb_native,2026-01-31,Consumer Staples,Food Producers,ft_native_v2,ft_index_membership_filtered,0.95,high,2026-01-31,https://markets.ft.com/data/equities/tearsheet/summary?s=DAR:NYQ,2026-01-31T00:00:00+00:00,ft-us-2026-01-31,2026-01-31,,True
2026-01-31,US:DASH:NSQ,US:DASH,DASH:NSQ,DASH,DoorDash Inc,NASDAQ,us,russell3000,Technology,ft_icb_native,2026-01-31,Consumer Discretionary,Technology,ft_native_v2,ft_index_membership_filtered,0.95,high,2026-01-31,https://markets.ft.com/data/equities/tearsheet/summary?s=DASH:NSQ,2026-01-31T00:00:00+00:00,ft-us-2026-01-31,2026-01-31,,True
2026-01-31,US:DAVE:NMQ,US:DAVE,DAVE:NMQ,DAVE,Dave Inc,NMQ,us,russell3000,Finance and Credit Services,ft_icb_native,2026-01-31,Financials,Finance and Credit Services,ft_native_v2,ft_index_membership_filtered,0.95,high,2026-01-31,https://markets.ft.com/data/equities/tearsheet/summary?s=DAVE:NMQ,2026-01-31T00:00:00+00:00,ft-us-2026-01-31,2026-01-31,,True
2026-01-31,US:DAWN:NSQ,US:DAWN,DAWN:NSQ,DAWN,Day One Biopharmaceuticals Inc,NASDAQ,us,russell3000,Pharmaceuticals and Biotechnology,ft_icb_native,2026-01-31,Health Care,Pharmaceuticals and Biotechnology,ft_native_v2,ft_index_membership_filtered_level3_fallback,0.65,medium,2026-01-31,https://markets.ft.com/data/equities/tearsheet/summary?s=DAWN:NSQ,2026-01-31T00:00:00+00:00,ft-us-2026-01-31,2026-01-31,,True
2026-01-31,US:DBD:NYS,US:DBD,DBD:NYS,DBD,Diebold Nixdorf Inc,NYSE,us,russell3000,Technology,ft_icb_native,2026-01-31,Technology,Technology,ft_native_v2,ft_index_membership_filtered,0.95,high,2026-01-31,https://markets.ft.com/data/equities/tearsheet/summary?s=DBD:NYS,2026-01-31T00:00:00+00:00,ft-us-2026-01-31,2026-01-31,,True
2026-01-31,US:DBI:NYQ,US:DBI,DBI:NYQ,DBI,Designer Brands Inc,NYQ,us,russell3000,Consumer Discretionary,ft_icb_native,2026-01-31,Consumer Discretionary,Consumer Discretionary,ft_native_v2,ft_index_membership_filtered,0.95,high,2026-01-31,https://markets.ft.com/data/equities/tearsheet/summary?s=DBI:NYQ,2026-01-31T00:00:00+00:00,ft-us-2026-01-31,2026-01-31,,True
2026-01-31,US:DBRG:NYS,US:DBRG,DBRG:NYS,DBRG,Colony NorthStar,NYSE,us,russell3000,Real Estate Investment and Services,ft_icb_native,2026-01-31,Real Estate,Real Estate Investment and Services,ft_native_v2,ft_index_membership_filtered,0.95,high,2026-01-31,https://markets.ft.com/data/equities/tearsheet/summary?s=DBRG:NYS,2026-01-31T00:00:00+00:00,ft-us-2026-01-31,2026-01-31,,True
2026-01-31,US:DBX:NSQ,US:DBX,DBX:NSQ,DBX,Dropbox Inc,NASDAQ,us,russell3000,Technology,ft_icb_native,2026-01-31,Technology,Technology,ft_native_v2,ft_index_membership_filtered,0.95,high,2026-01-31,https://markets.ft.com/data/equities/tearsheet/summary?s=DBX:NSQ,2026-01-31T00:00:00+00:00,ft-us-2026-01-31,2026-01-31,,True
2026-01-31,US:DC:ASQ,US:DC,DC:ASQ,DC,Dakota Gold Corp,ASQ,us,russell3000,Precious Metals and Mining,ft_icb_native,2026-01-31,Basic Materials,Precious Metals and Mining,ft_native_v2,ft_index_membership_filtered,0.95,high,2026-01-31,https://markets.ft.com/data/equities/tearsheet/summary?s=DC:ASQ,2026-01-31T00:00:00+00:00,ft-us-2026-01-31,2026-01-31,,True
2026-01-31,US:DCGO:NAQ,US:DCGO,DCGO:NAQ,DCGO,DocGo Inc,NAQ,us,russell3000,Health Care Providers,ft_icb_native,2026-01-31,Health Care,Health Care Providers,ft_native_v2,ft_index_membership_filtered,0.95,high,2026-01-31,https://markets.ft.com/data/equities/tearsheet/summary?s=DCGO:NAQ,2026-01-31T00:00:00+00:00,ft-us-2026-01-31,2026-01-31,,True
2026-01-31,US:DCH:NYQ,US:DCH,DCH:NYQ,DCH,Dauch Corp,NYQ,us,russell3000,Automobiles and Parts,ft_icb_native,2026-01-31,Consumer Discretionary,Automobiles and Parts,ft_native_v2,ft_index_membership_filtered,0.95,high,2026-01-31,https://markets.ft.com/data/equities/tearsheet/summary?s=DCH:NYQ,2026-01-31T00:00:00+00:00,ft-us-2026-01-31,2026-01-31,,True
2026-01-31,US:DCI:NYQ,US:DCI,DCI:NYQ,DCI,Donaldson Company Inc,NYQ,us,russell3000,Electronic and Electrical Equipment,ft_icb_native,2026-01-31,Industrials,Electronic and Electrical Equipment,ft_native_v2,ft_index_membership_filtered,0.95,high,2026-01-31,https://markets.ft.com/data/equities/tearsheet/summary?s=DCI:NYQ,2026-01-31T00:00:00+00:00,ft-us-2026-01-31,2026-01-31,,True
2026-01-31,US:DCO:NYQ,US:DCO,DCO:NYQ,DCO,Ducommun Inc,NYQ,us,russell3000,Aerospace and Defense,ft_icb_native,2026-01-31,Industrials,Aerospace and Defense,ft_native_v2,ft_index_membership_filtered,0.95,high,2026-01-31,https://markets.ft.com/data/equities/tearsheet/summary?s=DCO:NYQ,2026-01-31T00:00:00+00:00,ft-us-2026-01-31,2026-01-31,,True
2026-01-31,US:DCOM:NSQ,US:DCOM,DCOM:NSQ,DCOM,Dime Community Bancshares Inc,NASDAQ,us,russell3000,Banks,ft_icb_native,2026-01-31,Financials,Banks,ft_native_v2,ft_index_membership_filtered,0.95,high,2026-01-31,https://markets.ft.com/data/equities/tearsheet/summary?s=DCOM:NSQ,2026-01-31T00:00:00+00:00,ft-us-2026-01-31,2026-01-31,,True
2026-01-31,US:DD:NYQ,US:DD,DD:NYQ,DD,Dupont De Nemours Inc,NYQ,us,russell3000,General Industrials,ft_icb_native,2026-01-31,Basic Materials,General Industrials,ft_native_v2,ft_index_membership_filtered,0.95,high,2026-01-31,https://markets.ft.com/data/equities/tearsheet/summary?s=DD:NYQ,2026-01-31T00:00:00+00:00,ft-us-2026-01-31,2026-01-31,,True
2026-01-31,US:DDD:NYQ,US:DDD,DDD:NYQ,DDD,3D Systems Corp,NYQ,us,russell3000,Industrial Engineering,ft_icb_native,2026-01-31,Industrials,Industrial Engineering,ft_native_v2,ft_index_membership_filtered,0.95,high,2026-01-31,https://markets.ft.com/data/equities/tearsheet/summary?s=DDD:NYQ,2026-01-31T00:00:00+00:00,ft-us-2026-01-31,2026-01-31,,True
2026-01-31,US:DDOG:NSQ,US:DDOG,DDOG:NSQ,DDOG,Datadog Inc,NASDAQ,us,russell3000,Technology,ft_icb_native,2026-01-31,Technology,Technology,ft_native_v2,ft_index_membership_filtered,0.95,high,2026-01-31,https://markets.ft.com/data/equities/tearsheet/summary?s=DDOG:NSQ,2026-01-31T00:00:00+00:00,ft-us-2026-01-31,2026-01-31,,True
2026-01-31,US:DDS:NYQ,US:DDS,DDS:NYQ,DDS,Dillard's Inc,NYQ,us,russell3000,Consumer Discretionary,ft_icb_native,2026-01-31,Consumer Discretionary,Consumer Discretionary,ft_native_v2,ft_index_membership_filtered,0.95,high,2026-01-31,https://markets.ft.com/data/equities/tearsheet/summary?s=DDS:NYQ,2026-01-31T00:00:00+00:00,ft-us-2026-01-31,2026-01-31,,True
2026-01-31,US:DE:NYQ,US:DE,DE:NYQ,DE,Deere & Co,NYQ,us,russell3000,Industrial Engineering,ft_icb_native,2026-01-31,Industrials,Industrial Engineering,ft_native_v2,ft_index_membership_filtered,0.95,high,2026-01-31,https://markets.ft.com/data/equities/tearsheet/summary?s=DE:NYQ,2026-01-31T00:00:00+00:00,ft-us-2026-01-31,2026-01-31,,True
2026-01-31,US:DEA:NYQ,US:DEA,DEA:NYQ,DEA,Easterly Government Properties Inc,NYQ,us,russell3000,Real Estate Investment Trusts,ft_icb_native,2026-01-31,Real Estate,Real Estate Investment Trusts,ft_native_v2,ft_index_membership_filtered,0.95,high,2026-01-31,https://markets.ft.com/data/equities/tearsheet/summary?s=DEA:NYQ,2026-01-31T00:00:00+00:00,ft-us-2026-01-31,2026-01-31,,True
2026-01-31,US:DECK:NYQ,US:DECK,DECK:NYQ,DECK,Deckers Outdoor Corp,NYQ,us,russell3000,Personal Goods,ft_icb_native,2026-01-31,Consumer Discretionary,Personal Goods,ft_native_v2,ft_index_membership_filtered,0.95,high,2026-01-31,https://markets.ft.com/data/equities/tearsheet/summary?s=DECK:NYQ,2026-01-31T00:00:00+00:00,ft-us-2026-01-31,2026-01-31,,True
2026-01-31,US:DEI:NYS,US:DEI,DEI:NYS,DEI,Douglas Emmett Inc,NYSE,us,russell3000,Real Estate Investment Trusts,ft_icb_native,2026-01-31,Real Estate,Real Estate Investment Trusts,ft_native_v2,ft_index_membership_filtered,0.95,high,2026-01-31,https://markets.ft.com/data/equities/tearsheet/summary?s=DEI:NYS,2026-01-31T00:00:00+00:00,ft-us-2026-01-31,2026-01-31,,True
2026-01-31,US:DELL:NYQ,US:DELL,DELL:NYQ,DELL,Dell Technologies Inc,NYQ,us,russell3000,Technology Hardware and Equipment,ft_icb_native,2026-01-31,Technology,Technology Hardware and Equipment,ft_native_v2,ft_index_membership_filtered,0.95,high,2026-01-31,https://markets.ft.com/data/equities/tearsheet/summary?s=DELL:NYQ,2026-01-31T00:00:00+00:00,ft-us-2026-01-31,2026-01-31,,True
2026-01-31,US:DFH:NYQ,US:DFH,DFH:NYQ,DFH,Dream Finders Homes Inc,NYQ,us,russell3000,Household Goods and Home Construction,ft_icb_native,2026-01-31,Consumer Discretionary,Household Goods and Home Construction,ft_native_v2,ft_index_membership_filtered,0.95,high,2026-01-31,https://markets.ft.com/data/equities/tearsheet/summary?s=DFH:NYQ,2026-01-31T00:00:00+00:00,ft-us-2026-01-31,2026-01-31,,True
2026-01-31,US:DFIN:NYS,US:DFIN,DFIN:NYS,DFIN,Donnelley Financial Solutions Inc,NYSE,us,russell3000,Industrial Support Services,ft_icb_native,2026-01-31,Industrials,Industrial Support Services,ft_native_v2,ft_index_membership_filtered,0.95,high,2026-01-31,https://markets.ft.com/data/equities/tearsheet/summary?s=DFIN:NYS,2026-01-31T00:00:00+00:00,ft-us-2026-01-31,2026-01-31,,True
2026-01-31,US:DFTX:NSQ,US:DFTX,DFTX:NSQ,DFTX,Definium Therapeutics Inc,NASDAQ,us,russell3000,Pharmaceuticals and Biotechnology,ft_icb_native,2026-01-31,Health Care,Pharmaceuticals and Biotechnology,ft_native_v2,ft_index_membership_filtered,0.95,high,2026-01-31,https://markets.ft.com/data/equities/tearsheet/summary?s=DFTX:NSQ,2026-01-31T00:00:00+00:00,ft-us-2026-01-31,2026-01-31,,True
2026-01-31,US:DG:NYQ,US:DG,DG:NYQ,DG,Dollar General Corp,NYQ,us,russell3000,Consumer Discretionary,ft_icb_native,2026-01-31,Consumer Staples,Consumer Discretionary,ft_native_v2,ft_index_membership_filtered,0.95,high,2026-01-31,https://markets.ft.com/data/equities/tearsheet/summary?s=DG:NYQ,2026-01-31T00:00:00+00:00,ft-us-2026-01-31,2026-01-31,,True
2026-01-31,US:DGICA:NSQ,US:DGICA,DGICA:NSQ,DGICA,Donegal Group Inc,NASDAQ,us,russell3000,Non-life Insurance,ft_icb_native,2026-01-31,Financials,Non-life Insurance,ft_native_v2,ft_index_membership_filtered,0.95,high,2026-01-31,https://markets.ft.com/data/equities/tearsheet/summary?s=DGICA:NSQ,2026-01-31T00:00:00+00:00,ft-us-2026-01-31,2026-01-31,,True
2026-01-31,US:DGII:NSQ,US:DGII,DGII:NSQ,DGII,Digi International Inc,NASDAQ,us,russell3000,Telecommunications Equipment,ft_icb_native,2026-01-31,Technology,Telecommunications Equipment,ft_native_v2,ft_index_membership_filtered,0.95,high,2026-01-31,https://markets.ft.com/data/equities/tearsheet/summary?s=DGII:NSQ,2026-01-31T00:00:00+00:00,ft-us-2026-01-31,2026-01-31,,True
2026-01-31,US:DGX:NYQ,US:DGX,DGX:NYQ,DGX,Quest Diagnostics Inc,NYQ,us,russell3000,Medical Equipment and Services,ft_icb_native,2026-01-31,Health Care,Medical Equipment and Services,ft_native_v2,ft_index_membership_filtered,0.95,high,2026-01-31,https://markets.ft.com/data/equities/tearsheet/summary?s=DGX:NYQ,2026-01-31T00:00:00+00:00,ft-us-2026-01-31,2026-01-31,,True
2026-01-31,US:DH:NSQ,US:DH,DH:NSQ,DH,Definitive Healthcare Corp,NASDAQ,us,russell3000,Health Care Providers,ft_icb_native,2026-01-31,Health Care,Health Care Providers,ft_native_v2,ft_index_membership_filtered,0.95,high,2026-01-31,https://markets.ft.com/data/equities/tearsheet/summary?s=DH:NSQ,2026-01-31T00:00:00+00:00,ft-us-2026-01-31,2026-01-31,,True
2026-01-31,US:DHC:NSQ,US:DHC,DHC:NSQ,DHC,Diversified Healthcare Trust,NASDAQ,us,russell3000,Real Estate Investment Trusts,ft_icb_native,2026-01-31,Real Estate,Real Estate Investment Trusts,ft_native_v2,ft_index_membership_filtered,0.95,high,2026-01-31,https://markets.ft.com/data/equities/tearsheet/summary?s=DHC:NSQ,2026-01-31T00:00:00+00:00,ft-us-2026-01-31,2026-01-31,,True
2026-01-31,US:DHI:NYQ,US:DHI,DHI:NYQ,DHI,D.R. Horton Inc,NYQ,us,russell3000,Household Goods and Home Construction,ft_icb_native,2026-01-31,Consumer Discretionary,Household Goods and Home Construction,ft_native_v2,ft_index_membership_filtered,0.95,high,2026-01-31,https://markets.ft.com/data/equities/tearsheet/summary?s=DHI:NYQ,2026-01-31T00:00:00+00:00,ft-us-2026-01-31,2026-01-31,,True
2026-01-31,US:DHIL:NSQ,US:DHIL,DHIL:NSQ,DHIL,Diamond Hill Investment Group Inc,NASDAQ,us,russell3000,Investment Banking and Brokerage Services,ft_icb_native,2026-01-31,Financials,Investment Banking and Brokerage Services,ft_native_v2,ft_index_membership_filtered,0.95,high,2026-01-31,https://markets.ft.com/data/equities/tearsheet/summary?s=DHIL:NSQ,2026-01-31T00:00:00+00:00,ft-us-2026-01-31,2026-01-31,,True
2026-01-31,US:DHR:NYQ,US:DHR,DHR:NYQ,DHR,Danaher Corp,NYQ,us,russell3000,Medical Equipment and Services,ft_icb_native,2026-01-31,Health Care,Medical Equipment and Services,ft_native_v2,ft_index_membership_filtered,0.95,high,2026-01-31,https://markets.ft.com/data/equities/tearsheet/summary?s=DHR:NYQ,2026-01-31T00:00:00+00:00,ft-us-2026-01-31,2026-01-31,,True
2026-01-31,US:DIN:NYQ,US:DIN,DIN:NYQ,DIN,Dine Brands Global Inc,NYQ,us,russell3000,Travel and Leisure,ft_icb_native,2026-01-31,Consumer Discretionary,Travel and Leisure,ft_native_v2,ft_index_membership_filtered,0.95,high,2026-01-31,https://markets.ft.com/data/equities/tearsheet/summary?s=DIN:NYQ,2026-01-31T00:00:00+00:00,ft-us-2026-01-31,2026-01-31,,True
2026-01-31,US:DINO:NYS,US:DINO,DINO:NYS,DINO,HF Sinclair Corp,NYSE,us,russell3000,"Oil, Gas and Coal",ft_icb_native,2026-01-31,Energy,"Oil, Gas and Coal",ft_native_v2,ft_index_membership_filtered,0.95,high,2026-01-31,https://markets.ft.com/data/equities/tearsheet/summary?s=DINO:NYS,2026-01-31T00:00:00+00:00,ft-us-2026-01-31,2026-01-31,,True
2026-01-31,US:DIOD:NSQ,US:DIOD,DIOD:NSQ,DIOD,Diodes Inc,NASDAQ,us,russell3000,Technology Hardware and Equipment,ft_icb_native,2026-01-31,Technology,Technology Hardware and Equipment,ft_native_v2,ft_index_membership_filtered,0.95,high,2026-01-31,https://markets.ft.com/data/equities/tearsheet/summary?s=DIOD:NSQ,2026-01-31T00:00:00+00:00,ft-us-2026-01-31,2026-01-31,,True
2026-01-31,US:DIS:NYQ,US:DIS,DIS:NYQ,DIS,Walt Disney Co,NYQ,us,russell3000,Media,ft_icb_native,2026-01-31,Telecommunications,Media,ft_native_v2,ft_index_membership_filtered,0.95,high,2026-01-31,https://markets.ft.com/data/equities/tearsheet/summary?s=DIS:NYQ,2026-01-31T00:00:00+00:00,ft-us-2026-01-31,2026-01-31,,True
2026-01-31,US:DJCO:NAQ,US:DJCO,DJCO:NAQ,DJCO,Daily Journal Corp,NAQ,us,russell3000,Media,ft_icb_native,2026-01-31,Technology,Media,ft_native_v2,ft_index_membership_filtered,0.95,high,2026-01-31,https://markets.ft.com/data/equities/tearsheet/summary?s=DJCO:NAQ,2026-01-31T00:00:00+00:00,ft-us-2026-01-31,2026-01-31,,True
2026-01-31,US:DJT:NMQ,US:DJT,DJT:NMQ,DJT,Trump Media & Technology Group Corp,NMQ,us,russell3000,Technology,ft_icb_native,2026-01-31,Telecommunications,Technology,ft_native_v2,ft_index_membership_filtered,0.95,high,2026-01-31,https://markets.ft.com/data/equities/tearsheet/summary?s=DJT:NMQ,2026-01-31T00:00:00+00:00,ft-us-2026-01-31,2026-01-31,,True
2026-01-31,US:DK:NYS,US:DK,DK:NYS,DK,Delek US Holdings Inc,NYSE,us,russell3000,"Oil, Gas and Coal",ft_icb_native,2026-01-31,Energy,"Oil, Gas and Coal",ft_native_v2,ft_index_membership_filtered,0.95,high,2026-01-31,https://markets.ft.com/data/equities/tearsheet/summary?s=DK:NYS,2026-01-31T00:00:00+00:00,ft-us-2026-01-31,2026-01-31,,True
2026-01-31,US:DKNG:NSQ,US:DKNG,DKNG:NSQ,DKNG,Draftkings Inc,NASDAQ,us,russell3000,Travel and Leisure,ft_icb_native,2026-01-31,Consumer Discretionary,Travel and Leisure,ft_native_v2,ft_index_membership_filtered,0.95,high,2026-01-31,https://markets.ft.com/data/equities/tearsheet/summary?s=DKNG:NSQ,2026-01-31T00:00:00+00:00,ft-us-2026-01-31,2026-01-31,,True
2026-01-31,US:DKS:NYQ,US:DKS,DKS:NYQ,DKS,DICK'S Sporting Goods Inc,NYQ,us,russell3000,Consumer Discretionary,ft_icb_native,2026-01-31,Consumer Discretionary,Consumer Discretionary,ft_native_v2,ft_index_membership_filtered,0.95,high,2026-01-31,https://markets.ft.com/data/equities/tearsheet/summary?s=DKS:NYQ,2026-01-31T00:00:00+00:00,ft-us-2026-01-31,2026-01-31,,True
2026-01-31,US:DLB:NYQ,US:DLB,DLB:NYQ,DLB,Dolby Laboratories Inc,NYQ,us,russell3000,Technology,ft_icb_native,2026-01-31,Technology,Technology,ft_native_v2,ft_index_membership_filtered,0.95,high,2026-01-31,https://markets.ft.com/data/equities/tearsheet/summary?s=DLB:NYQ,2026-01-31T00:00:00+00:00,ft-us-2026-01-31,2026-01-31,,True
2026-01-31,US:DLR:NYQ,US:DLR,DLR:NYQ,DLR,Digital Realty Trust Inc,NYQ,us,russell3000,Real Estate Investment Trusts,ft_icb_native,2026-01-31,Real Estate,Real Estate Investment Trusts,ft_native_v2,ft_index_membership_filtered,0.95,high,2026-01-31,https://markets.ft.com/data/equities/tearsheet/summary?s=DLR:NYQ,2026-01-31T00:00:00+00:00,ft-us-2026-01-31,2026-01-31,,True
2026-01-31,US:DLTR:NSQ,US:DLTR,DLTR:NSQ,DLTR,Dollar Tree Inc,NASDAQ,us,russell3000,Consumer Discretionary,ft_icb_native,2026-01-31,Consumer Staples,Consumer Discretionary,ft_native_v2,ft_index_membership_filtered,0.95,high,2026-01-31,https://markets.ft.com/data/equities/tearsheet/summary?s=DLTR:NSQ,2026-01-31T00:00:00+00:00,ft-us-2026-01-31,2026-01-31,,True
2026-01-31,US:DLX:NYQ,US:DLX,DLX:NYQ,DLX,Deluxe Corp,NYQ,us,russell3000,Industrial Support Services,ft_icb_native,2026-01-31,Industrials,Industrial Support Services,ft_native_v2,ft_index_membership_filtered,0.95,high,2026-01-31,https://markets.ft.com/data/equities/tearsheet/summary?s=DLX:NYQ,2026-01-31T00:00:00+00:00,ft-us-2026-01-31,2026-01-31,,True
2026-01-31,US:DMRC:NSQ,US:DMRC,DMRC:NSQ,DMRC,Digimarc Corp,NASDAQ,us,russell3000,Technology,ft_icb_native,2026-01-31,Technology,Technology,ft_native_v2,ft_index_membership_filtered,0.95,high,2026-01-31,https://markets.ft.com/data/equities/tearsheet/summary?s=DMRC:NSQ,2026-01-31T00:00:00+00:00,ft-us-2026-01-31,2026-01-31,,True
2026-01-31,US:DNLI:NSQ,US:DNLI,DNLI:NSQ,DNLI,Denali Therapeutics Inc,NASDAQ,us,russell3000,Pharmaceuticals and Biotechnology,ft_icb_native,2026-01-31,Health Care,Pharmaceuticals and Biotechnology,ft_native_v2,ft_index_membership_filtered,0.95,high,2026-01-31,https://markets.ft.com/data/equities/tearsheet/summary?s=DNLI:NSQ,2026-01-31T00:00:00+00:00,ft-us-2026-01-31,2026-01-31,,True
2026-01-31,US:DNOW:NYS,US:DNOW,DNOW:NYS,DNOW,DNOW Inc,NYSE,us,russell3000,"Oil, Gas and Coal",ft_icb_native,2026-01-31,Energy,"Oil, Gas and Coal",ft_native_v2,ft_index_membership_filtered,0.95,high,2026-01-31,https://markets.ft.com/data/equities/tearsheet/summary?s=DNOW:NYS,2026-01-31T00:00:00+00:00,ft-us-2026-01-31,2026-01-31,,True
2026-01-31,US:DNTH:NAQ,US:DNTH,DNTH:NAQ,DNTH,Dianthus Therapeutics Inc,NAQ,us,russell3000,Pharmaceuticals and Biotechnology,ft_icb_native,2026-01-31,Health Care,Pharmaceuticals and Biotechnology,ft_native_v2,ft_index_membership_filtered,0.95,high,2026-01-31,https://markets.ft.com/data/equities/tearsheet/summary?s=DNTH:NAQ,2026-01-31T00:00:00+00:00,ft-us-2026-01-31,2026-01-31,,True
2026-01-31,US:DNUT:NSQ,US:DNUT,DNUT:NSQ,DNUT,Krispy Kreme Inc,NASDAQ,us,russell3000,Travel and Leisure,ft_icb_native,2026-01-31,Consumer Discretionary,Travel and Leisure,ft_native_v2,ft_index_membership_filtered,0.95,high,2026-01-31,https://markets.ft.com/data/equities/tearsheet/summary?s=DNUT:NSQ,2026-01-31T00:00:00+00:00,ft-us-2026-01-31,2026-01-31,,True
2026-01-31,US:DOC:NYQ,US:DOC,DOC:NYQ,DOC,Healthpeak Properties Inc,NYQ,us,russell3000,Real Estate Investment Trusts,ft_icb_native,2026-01-31,Real Estate,Real Estate Investment Trusts,ft_native_v2,ft_index_membership_filtered,0.95,high,2026-01-31,https://markets.ft.com/data/equities/tearsheet/summary?s=DOC:NYQ,2026-01-31T00:00:00+00:00,ft-us-2026-01-31,2026-01-31,,True
2026-01-31,US:DOCN:NYS,US:DOCN,DOCN:NYS,DOCN,DigitalOcean Holdings Inc,NYSE,us,russell3000,Technology,ft_icb_native,2026-01-31,Technology,Technology,ft_native_v2,ft_index_membership_filtered,0.95,high,2026-01-31,https://markets.ft.com/data/equities/tearsheet/summary?s=DOCN:NYS,2026-01-31T00:00:00+00:00,ft-us-2026-01-31,2026-01-31,,True
2026-01-31,US:DOCS:NYS,US:DOCS,DOCS:NYS,DOCS,Doximity Inc,NYSE,us,russell3000,Health Care Providers,ft_icb_native,2026-01-31,Health Care,Health Care Providers,ft_native_v2,ft_index_membership_filtered,0.95,high,2026-01-31,https://markets.ft.com/data/equities/tearsheet/summary?s=DOCS:NYS,2026-01-31T00:00:00+00:00,ft-us-2026-01-31,2026-01-31,,True
2026-01-31,US:DOCU:NSQ,US:DOCU,DOCU:NSQ,DOCU,DocuSign Inc,NASDAQ,us,russell3000,Technology,ft_icb_native,2026-01-31,Technology,Technology,ft_native_v2,ft_index_membership_filtered,0.95,high,2026-01-31,https://markets.ft.com/data/equities/tearsheet/summary?s=DOCU:NSQ,2026-01-31T00:00:00+00:00,ft-us-2026-01-31,2026-01-31,,True
2026-01-31,US:DOMO:NMQ,US:DOMO,DOMO:NMQ,DOMO,Domo Inc,NMQ,us,russell3000,Technology,ft_icb_native,2026-01-31,Technology,Technology,ft_native_v2,ft_index_membership_filtered,0.95,high,2026-01-31,https://markets.ft.com/data/equities/tearsheet/summary?s=DOMO:NMQ,2026-01-31T00:00:00+00:00,ft-us-2026-01-31,2026-01-31,,True
2026-01-31,US:DORM:NSQ,US:DORM,DORM:NSQ,DORM,Dorman Products Inc,NASDAQ,us,russell3000,Automobiles and Parts,ft_icb_native,2026-01-31,Consumer Discretionary,Automobiles and Parts,ft_native_v2,ft_index_membership_filtered,0.95,high,2026-01-31,https://markets.ft.com/data/equities/tearsheet/summary?s=DORM:NSQ,2026-01-31T00:00:00+00:00,ft-us-2026-01-31,2026-01-31,,True
2026-01-31,US:DOV:NYQ,US:DOV,DOV:NYQ,DOV,Dover Corp,NYQ,us,russell3000,General Industrials,ft_icb_native,2026-01-31,Industrials,General Industrials,ft_native_v2,ft_index_membership_filtered,0.95,high,2026-01-31,https://markets.ft.com/data/equities/tearsheet/summary?s=DOV:NYQ,2026-01-31T00:00:00+00:00,ft-us-2026-01-31,2026-01-31,,True
2026-01-31,US:DOW:NYQ,US:DOW,DOW:NYQ,DOW,Dow Inc,NYQ,us,russell3000,General Industrials,ft_icb_native,2026-01-31,Basic Materials,General Industrials,ft_native_v2,ft_index_membership_filtered,0.95,high,2026-01-31,https://markets.ft.com/data/equities/tearsheet/summary?s=DOW:NYQ,2026-01-31T00:00:00+00:00,ft-us-2026-01-31,2026-01-31,,True
2026-01-31,US:DOX:NSQ,US:DOX,DOX:NSQ,DOX,Amdocs Ltd,NASDAQ,us,russell3000,Technology,ft_icb_native,2026-01-31,Technology,Technology,ft_native_v2,ft_index_membership_filtered,0.95,high,2026-01-31,https://markets.ft.com/data/equities/tearsheet/summary?s=DOX:NSQ,2026-01-31T00:00:00+00:00,ft-us-2026-01-31,2026-01-31,,True
2026-01-31,US:DPZ:NSQ,US:DPZ,DPZ:NSQ,DPZ,Domino's Pizza Inc,NASDAQ,us,russell3000,Consumer Services,ft_icb_native,2026-01-31,Consumer Discretionary,Consumer Services,ft_native_v2,ft_index_membership_filtered_level3_fallback,0.65,medium,2026-01-31,https://markets.ft.com/data/equities/tearsheet/summary?s=DPZ:NSQ,2026-01-31T00:00:00+00:00,ft-us-2026-01-31,2026-01-31,,True
2026-01-31,US:DRH:NSQ,US:DRH,DRH:NSQ,DRH,Diamondrock Hospitality Co,NASDAQ,us,russell3000,Real Estate Investment Trusts,ft_icb_native,2026-01-31,Real Estate,Real Estate Investment Trusts,ft_native_v2,ft_index_membership_filtered,0.95,high,2026-01-31,https://markets.ft.com/data/equities/tearsheet/summary?s=DRH:NSQ,2026-01-31T00:00:00+00:00,ft-us-2026-01-31,2026-01-31,,True
2026-01-31,US:DRI:NYQ,US:DRI,DRI:NYQ,DRI,Darden Restaurants Inc,NYQ,us,russell3000,Travel and Leisure,ft_icb_native,2026-01-31,Consumer Discretionary,Travel and Leisure,ft_native_v2,ft_index_membership_filtered,0.95,high,2026-01-31,https://markets.ft.com/data/equities/tearsheet/summary?s=DRI:NYQ,2026-01-31T00:00:00+00:00,ft-us-2026-01-31,2026-01-31,,True
2026-01-31,US:DRS:NSQ,US:DRS,DRS:NSQ,DRS,Leonardo DRS Inc,NASDAQ,us,russell3000,Aerospace and Defense,ft_icb_native,2026-01-31,Industrials,Aerospace and Defense,ft_native_v2,ft_index_membership_filtered,0.95,high,2026-01-31,https://markets.ft.com/data/equities/tearsheet/summary?s=DRS:NSQ,2026-01-31T00:00:00+00:00,ft-us-2026-01-31,2026-01-31,,True
2026-01-31,US:DRUG:NAQ,US:DRUG,DRUG:NAQ,DRUG,Bright Minds Biosciences Inc,NAQ,us,russell3000,Pharmaceuticals and Biotechnology,ft_icb_native,2026-01-31,Health Care,Pharmaceuticals and Biotechnology,ft_native_v2,ft_index_membership_filtered,0.95,high,2026-01-31,https://markets.ft.com/data/equities/tearsheet/summary?s=DRUG:NAQ,2026-01-31T00:00:00+00:00,ft-us-2026-01-31,2026-01-31,,True
2026-01-31,US:DRVN:NSQ,US:DRVN,DRVN:NSQ,DRVN,Driven Brands Holdings Inc,NASDAQ,us,russell3000,Automobiles and Parts,ft_icb_native,2026-01-31,Consumer Discretionary,Automobiles and Parts,ft_native_v2,ft_index_membership_filtered,0.95,high,2026-01-31,https://markets.ft.com/data/equities/tearsheet/summary?s=DRVN:NSQ,2026-01-31T00:00:00+00:00,ft-us-2026-01-31,2026-01-31,,True
2026-01-31,US:DSGN:NSQ,US:DSGN,DSGN:NSQ,DSGN,Design Therapeutics Inc,NASDAQ,us,russell3000,Pharmaceuticals and Biotechnology,ft_icb_native,2026-01-31,Health Care,Pharmaceuticals and Biotechnology,ft_native_v2,ft_index_membership_filtered_level3_fallback,0.65,medium,2026-01-31,https://markets.ft.com/data/equities/tearsheet/summary?s=DSGN:NSQ,2026-01-31T00:00:00+00:00,ft-us-2026-01-31,2026-01-31,,True
2026-01-31,US:DSGR:NSQ,US:DSGR,DSGR:NSQ,DSGR,Distribution Solutions Group Inc,NASDAQ,us,russell3000,Industrial Support Services,ft_icb_native,2026-01-31,Industrials,Industrial Support Services,ft_native_v2,ft_index_membership_filtered,0.95,high,2026-01-31,https://markets.ft.com/data/equities/tearsheet/summary?s=DSGR:NSQ,2026-01-31T00:00:00+00:00,ft-us-2026-01-31,2026-01-31,,True
2026-01-31,US:DSP:NSQ,US:DSP,DSP:NSQ,DSP,Viant Technology Inc,NASDAQ,us,russell3000,Technology Hardware and Equipment,ft_icb_native,2026-01-31,Technology,Technology Hardware and Equipment,ft_native_v2,ft_index_membership_filtered_level3_fallback,0.65,medium,2026-01-31,https://markets.ft.com/data/equities/tearsheet/summary?s=DSP:NSQ,2026-01-31T00:00:00+00:00,ft-us-2026-01-31,2026-01-31,,True
2026-01-31,US:DT:NYQ,US:DT,DT:NYQ,DT,Dynatrace Inc,NYQ,us,russell3000,Technology,ft_icb_native,2026-01-31,Technology,Technology,ft_native_v2,ft_index_membership_filtered,0.95,high,2026-01-31,https://markets.ft.com/data/equities/tearsheet/summary?s=DT:NYQ,2026-01-31T00:00:00+00:00,ft-us-2026-01-31,2026-01-31,,True
2026-01-31,US:DTE:NYQ,US:DTE,DTE:NYQ,DTE,DTE Energy Co,NYQ,us,russell3000,Electricity,ft_icb_native,2026-01-31,Utilities,Electricity,ft_native_v2,ft_index_membership_filtered,0.95,high,2026-01-31,https://markets.ft.com/data/equities/tearsheet/summary?s=DTE:NYQ,2026-01-31T00:00:00+00:00,ft-us-2026-01-31,2026-01-31,,True
2026-01-31,US:DTM:NYS,US:DTM,DTM:NYS,DTM,DT Midstream Inc,NYSE,us,russell3000,"Oil, Gas and Coal",ft_icb_native,2026-01-31,Energy,"Oil, Gas and Coal",ft_native_v2,ft_index_membership_filtered,0.95,high,2026-01-31,https://markets.ft.com/data/equities/tearsheet/summary?s=DTM:NYS,2026-01-31T00:00:00+00:00,ft-us-2026-01-31,2026-01-31,,True
2026-01-31,US:DUK:NYQ,US:DUK,DUK:NYQ,DUK,Duke Energy Corp,NYQ,us,russell3000,"Gas, Water and Multi-utilities",ft_icb_native,2026-01-31,Utilities,"Gas, Water and Multi-utilities",ft_native_v2,ft_index_membership_filtered,0.95,high,2026-01-31,https://markets.ft.com/data/equities/tearsheet/summary?s=DUK:NYQ,2026-01-31T00:00:00+00:00,ft-us-2026-01-31,2026-01-31,,True
2026-01-31,US:DUOL:NSQ,US:DUOL,DUOL:NSQ,DUOL,Duolingo Inc,NASDAQ,us,russell3000,Consumer Services,ft_icb_native,2026-01-31,Consumer Discretionary,Consumer Services,ft_native_v2,ft_index_membership_filtered,0.95,high,2026-01-31,https://markets.ft.com/data/equities/tearsheet/summary?s=DUOL:NSQ,2026-01-31T00:00:00+00:00,ft-us-2026-01-31,2026-01-31,,True
2026-01-31,US:DV:NYS,US:DV,DV:NYS,DV,DoubleVerify Holdings Inc,NYSE,us,russell3000,Technology,ft_icb_native,2026-01-31,Technology,Technology,ft_native_v2,ft_index_membership_filtered,0.95,high,2026-01-31,https://markets.ft.com/data/equities/tearsheet/summary?s=DV:NYS,2026-01-31T00:00:00+00:00,ft-us-2026-01-31,2026-01-31,,True
2026-01-31,US:DVA:NYQ,US:DVA,DVA:NYQ,DVA,DaVita Inc,NYQ,us,russell3000,Health Care Providers,ft_icb_native,2026-01-31,Health Care,Health Care Providers,ft_native_v2,ft_index_membership_filtered,0.95,high,2026-01-31,https://markets.ft.com/data/equities/tearsheet/summary?s=DVA:NYQ,2026-01-31T00:00:00+00:00,ft-us-2026-01-31,2026-01-31,,True
2026-01-31,US:DVN:NYQ,US:DVN,DVN:NYQ,DVN,Devon Energy Corp,NYQ,us,russell3000,"Oil, Gas and Coal",ft_icb_native,2026-01-31,Energy,"Oil, Gas and Coal",ft_native_v2,ft_index_membership_filtered,0.95,high,2026-01-31,https://markets.ft.com/data/equities/tearsheet/summary?s=DVN:NYQ,2026-01-31T00:00:00+00:00,ft-us-2026-01-31,2026-01-31,,True
2026-01-31,US:DX:NYQ,US:DX,DX:NYQ,DX,Dynex Capital Inc,NYQ,us,russell3000,Mortgage Real Estate Investment Trusts,ft_icb_native,2026-01-31,Financials,Mortgage Real Estate Investment Trusts,ft_native_v2,ft_index_membership_filtered,0.95,high,2026-01-31,https://markets.ft.com/data/equities/tearsheet/summary?s=DX:NYQ,2026-01-31T00:00:00+00:00,ft-us-2026-01-31,2026-01-31,,True
2026-01-31,US:DXC:NYQ,US:DXC,DXC:NYQ,DXC,DXC Technology Co,NYQ,us,russell3000,Technology,ft_icb_native,2026-01-31,Technology,Technology,ft_native_v2,ft_index_membership_filtered,0.95,high,2026-01-31,https://markets.ft.com/data/equities/tearsheet/summary?s=DXC:NYQ,2026-01-31T00:00:00+00:00,ft-us-2026-01-31,2026-01-31,,True
2026-01-31,US:DXCM:NSQ,US:DXCM,DXCM:NSQ,DXCM,Dexcom Inc,NASDAQ,us,russell3000,Medical Equipment and Services,ft_icb_native,2026-01-31,Health Care,Medical Equipment and Services,ft_native_v2,ft_index_membership_filtered,0.95,high,2026-01-31,https://markets.ft.com/data/equities/tearsheet/summary?s=DXCM:NSQ,2026-01-31T00:00:00+00:00,ft-us-2026-01-31,2026-01-31,,True
2026-01-31,US:DXPE:NSQ,US:DXPE,DXPE:NSQ,DXPE,DXP Enterprises Inc,NASDAQ,us,russell3000,Industrial Support Services,ft_icb_native,2026-01-31,Industrials,Industrial Support Services,ft_native_v2,ft_index_membership_filtered,0.95,high,2026-01-31,https://markets.ft.com/data/equities/tearsheet/summary?s=DXPE:NSQ,2026-01-31T00:00:00+00:00,ft-us-2026-01-31,2026-01-31,,True
2026-01-31,US:DY:NYQ,US:DY,DY:NYQ,DY,Dycom Industries Inc,NYQ,us,russell3000,Construction and Materials,ft_icb_native,2026-01-31,Industrials,Construction and Materials,ft_native_v2,ft_index_membership_filtered,0.95,high,2026-01-31,https://markets.ft.com/data/equities/tearsheet/summary?s=DY:NYQ,2026-01-31T00:00:00+00:00,ft-us-2026-01-31,2026-01-31,,True
2026-01-31,US:DYN:NSQ,US:DYN,DYN:NSQ,DYN,Dyne Therapeutics Inc,NASDAQ,us,russell3000,Pharmaceuticals and Biotechnology,ft_icb_native,2026-01-31,Health Care,Pharmaceuticals and Biotechnology,ft_native_v2,ft_index_membership_filtered_level3_fallback,0.65,medium,2026-01-31,https://markets.ft.com/data/equities/tearsheet/summary?s=DYN:NSQ,2026-01-31T00:00:00+00:00,ft-us-2026-01-31,2026-01-31,,True
2026-01-31,US:EA:NSQ,US:EA,EA:NSQ,EA,Electronic Arts Inc,NASDAQ,us,russell3000,Leisure Goods,ft_icb_native,2026-01-31,Telecommunications,Leisure Goods,ft_native_v2,ft_index_membership_filtered,0.95,high,2026-01-31,https://markets.ft.com/data/equities/tearsheet/summary?s=EA:NSQ,2026-01-31T00:00:00+00:00,ft-us-2026-01-31,2026-01-31,,True
2026-01-31,US:EAT:NYQ,US:EAT,EAT:NYQ,EAT,Brinker International Inc,NYQ,us,russell3000,Travel and Leisure,ft_icb_native,2026-01-31,Consumer Discretionary,Travel and Leisure,ft_native_v2,ft_index_membership_filtered,0.95,high,2026-01-31,https://markets.ft.com/data/equities/tearsheet/summary?s=EAT:NYQ,2026-01-31T00:00:00+00:00,ft-us-2026-01-31,2026-01-31,,True
2026-01-31,US:EB:NYQ,US:EB,EB:NYQ,EB,Eventbrite Inc,NYQ,us,russell3000,Technology,ft_icb_native,2026-01-31,Telecommunications,Technology,ft_native_v2,ft_index_membership_filtered,0.95,high,2026-01-31,https://markets.ft.com/data/equities/tearsheet/summary?s=EB:NYQ,2026-01-31T00:00:00+00:00,ft-us-2026-01-31,2026-01-31,,True
2026-01-31,US:EBAY:NSQ,US:EBAY,EBAY:NSQ,EBAY,eBay Inc,NASDAQ,us,russell3000,Consumer Services,ft_icb_native,2026-01-31,Consumer Discretionary,Consumer Services,ft_native_v2,ft_index_membership_filtered,0.95,high,2026-01-31,https://markets.ft.com/data/equities/tearsheet/summary?s=EBAY:NSQ,2026-01-31T00:00:00+00:00,ft-us-2026-01-31,2026-01-31,,True
2026-01-31,US:EBC:NSQ,US:EBC,EBC:NSQ,EBC,Eastern Bankshares Inc,NASDAQ,us,russell3000,Banks,ft_icb_native,2026-01-31,Financials,Banks,ft_native_v2,ft_index_membership_filtered,0.95,high,2026-01-31,https://markets.ft.com/data/equities/tearsheet/summary?s=EBC:NSQ,2026-01-31T00:00:00+00:00,ft-us-2026-01-31,2026-01-31,,True
2026-01-31,US:EBF:NYQ,US:EBF,EBF:NYQ,EBF,Ennis Inc,NYQ,us,russell3000,Industrial Support Services,ft_icb_native,2026-01-31,Industrials,Industrial Support Services,ft_native_v2,ft_index_membership_filtered,0.95,high,2026-01-31,https://markets.ft.com/data/equities/tearsheet/summary?s=EBF:NYQ,2026-01-31T00:00:00+00:00,ft-us-2026-01-31,2026-01-31,,True
2026-01-31,US:EBS:NYS,US:EBS,EBS:NYS,EBS,Emergent BioSolutions Inc,NYSE,us,russell3000,Pharmaceuticals and Biotechnology,ft_icb_native,2026-01-31,Health Care,Pharmaceuticals and Biotechnology,ft_native_v2,ft_index_membership_filtered,0.95,high,2026-01-31,https://markets.ft.com/data/equities/tearsheet/summary?s=EBS:NYS,2026-01-31T00:00:00+00:00,ft-us-2026-01-31,2026-01-31,,True
2026-01-31,US:ECG:NYS,US:ECG,ECG:NYS,ECG,Everus Construction Group Inc,NYSE,us,russell3000,Construction and Materials,ft_icb_native,2026-01-31,Industrials,Construction and Materials,ft_native_v2,ft_index_membership_filtered,0.95,high,2026-01-31,https://markets.ft.com/data/equities/tearsheet/summary?s=ECG:NYS,2026-01-31T00:00:00+00:00,ft-us-2026-01-31,2026-01-31,,True
2026-01-31,US:ECL:NYQ,US:ECL,ECL:NYQ,ECL,Ecolab Inc,NYQ,us,russell3000,Chemicals,ft_icb_native,2026-01-31,Basic Materials,Chemicals,ft_native_v2,ft_index_membership_filtered,0.95,high,2026-01-31,https://markets.ft.com/data/equities/tearsheet/summary?s=ECL:NYQ,2026-01-31T00:00:00+00:00,ft-us-2026-01-31,2026-01-31,,True
2026-01-31,US:ECPG:NSQ,US:ECPG,ECPG:NSQ,ECPG,Encore Capital Group Inc,NASDAQ,us,russell3000,Finance and Credit Services,ft_icb_native,2026-01-31,Financials,Finance and Credit Services,ft_native_v2,ft_index_membership_filtered,0.95,high,2026-01-31,https://markets.ft.com/data/equities/tearsheet/summary?s=ECPG:NSQ,2026-01-31T00:00:00+00:00,ft-us-2026-01-31,2026-01-31,,True
2026-01-31,US:ECVT:NYQ,US:ECVT,ECVT:NYQ,ECVT,Ecovyst Inc,NYQ,us,russell3000,Chemicals,ft_icb_native,2026-01-31,Basic Materials,Chemicals,ft_native_v2,ft_index_membership_filtered,0.95,high,2026-01-31,https://markets.ft.com/data/equities/tearsheet/summary?s=ECVT:NYQ,2026-01-31T00:00:00+00:00,ft-us-2026-01-31,2026-01-31,,True
2026-01-31,US:ED:NYQ,US:ED,ED:NYQ,ED,Consolidated Edison Inc,NYQ,us,russell3000,Electricity,ft_icb_native,2026-01-31,Utilities,Electricity,ft_native_v2,ft_index_membership_filtered,0.95,high,2026-01-31,https://markets.ft.com/data/equities/tearsheet/summary?s=ED:NYQ,2026-01-31T00:00:00+00:00,ft-us-2026-01-31,2026-01-31,,True
2026-01-31,US:EDIT:NSQ,US:EDIT,EDIT:NSQ,EDIT,Editas Medicine Inc,NASDAQ,us,russell3000,Pharmaceuticals and Biotechnology,ft_icb_native,2026-01-31,Health Care,Pharmaceuticals and Biotechnology,ft_native_v2,ft_index_membership_filtered,0.95,high,2026-01-31,https://markets.ft.com/data/equities/tearsheet/summary?s=EDIT:NSQ,2026-01-31T00:00:00+00:00,ft-us-2026-01-31,2026-01-31,,True
2026-01-31,US:EE:NYQ,US:EE,EE:NYQ,EE,Excelerate Energy Inc,NYQ,us,russell3000,"Gas, Water and Multi-utilities",ft_icb_native,2026-01-31,Energy,"Gas, Water and Multi-utilities",ft_native_v2,ft_index_membership_filtered,0.95,high,2026-01-31,https://markets.ft.com/data/equities/tearsheet/summary?s=EE:NYQ,2026-01-31T00:00:00+00:00,ft-us-2026-01-31,2026-01-31,,True
2026-01-31,US:EEFT:NSQ,US:EEFT,EEFT:NSQ,EEFT,Euronet Worldwide Inc,NASDAQ,us,russell3000,Industrial Support Services,ft_icb_native,2026-01-31,Financials,Industrial Support Services,ft_native_v2,ft_index_membership_filtered,0.95,high,2026-01-31,https://markets.ft.com/data/equities/tearsheet/summary?s=EEFT:NSQ,2026-01-31T00:00:00+00:00,ft-us-2026-01-31,2026-01-31,,True
2026-01-31,US:EFC:NYQ,US:EFC,EFC:NYQ,EFC,Ellington Financial Inc,NYQ,us,russell3000,Mortgage Real Estate Investment Trusts,ft_icb_native,2026-01-31,Financials,Mortgage Real Estate Investment Trusts,ft_native_v2,ft_index_membership_filtered,0.95,high,2026-01-31,https://markets.ft.com/data/equities/tearsheet/summary?s=EFC:NYQ,2026-01-31T00:00:00+00:00,ft-us-2026-01-31,2026-01-31,,True
2026-01-31,US:EFSC:NSQ,US:EFSC,EFSC:NSQ,EFSC,Enterprise Financial Services Corp,NASDAQ,us,russell3000,Banks,ft_icb_native,2026-01-31,Financials,Banks,ft_native_v2,ft_index_membership_filtered,0.95,high,2026-01-31,https://markets.ft.com/data/equities/tearsheet/summary?s=EFSC:NSQ,2026-01-31T00:00:00+00:00,ft-us-2026-01-31,2026-01-31,,True
2026-01-31,US:EFX:NYQ,US:EFX,EFX:NYQ,EFX,Equifax Inc,NYQ,us,russell3000,Industrial Support Services,ft_icb_native,2026-01-31,Industrials,Industrial Support Services,ft_native_v2,ft_index_membership_filtered,0.95,high,2026-01-31,https://markets.ft.com/data/equities/tearsheet/summary?s=EFX:NYQ,2026-01-31T00:00:00+00:00,ft-us-2026-01-31,2026-01-31,,True
2026-01-31,US:EG:NYQ,US:EG,EG:NYQ,EG,Everest Group Ltd,NYQ,us,russell3000,Non-life Insurance,ft_icb_native,2026-01-31,Financials,Non-life Insurance,ft_native_v2,ft_index_membership_filtered,0.95,high,2026-01-31,https://markets.ft.com/data/equities/tearsheet/summary?s=EG:NYQ,2026-01-31T00:00:00+00:00,ft-us-2026-01-31,2026-01-31,,True
2026-01-31,US:EGBN:NAQ,US:EGBN,EGBN:NAQ,EGBN,Eagle Bancorp Inc,NAQ,us,russell3000,Banks,ft_icb_native,2026-01-31,Financials,Banks,ft_native_v2,ft_index_membership_filtered,0.95,high,2026-01-31,https://markets.ft.com/data/equities/tearsheet/summary?s=EGBN:NAQ,2026-01-31T00:00:00+00:00,ft-us-2026-01-31,2026-01-31,,True
2026-01-31,US:EGHT:NSQ,US:EGHT,EGHT:NSQ,EGHT,8x8 Inc,NASDAQ,us,russell3000,Telecommunications Service Providers,ft_icb_native,2026-01-31,Technology,Telecommunications Service Providers,ft_native_v2,ft_index_membership_filtered,0.95,high,2026-01-31,https://markets.ft.com/data/equities/tearsheet/summary?s=EGHT:NSQ,2026-01-31T00:00:00+00:00,ft-us-2026-01-31,2026-01-31,,True
2026-01-31,US:EGP:NYQ,US:EGP,EGP:NYQ,EGP,Eastgroup Properties Inc,NYQ,us,russell3000,Real Estate Investment Trusts,ft_icb_native,2026-01-31,Real Estate,Real Estate Investment Trusts,ft_native_v2,ft_index_membership_filtered,0.95,high,2026-01-31,https://markets.ft.com/data/equities/tearsheet/summary?s=EGP:NYQ,2026-01-31T00:00:00+00:00,ft-us-2026-01-31,2026-01-31,,True
2026-01-31,US:EGY:NYQ,US:EGY,EGY:NYQ,EGY,VAALCO Energy Inc,NYQ,us,russell3000,"Oil, Gas and Coal",ft_icb_native,2026-01-31,Energy,"Oil, Gas and Coal",ft_native_v2,ft_index_membership_filtered,0.95,high,2026-01-31,https://markets.ft.com/data/equities/tearsheet/summary?s=EGY:NYQ,2026-01-31T00:00:00+00:00,ft-us-2026-01-31,2026-01-31,,True
2026-01-31,US:EHAB:NYS,US:EHAB,EHAB:NYS,EHAB,Enhabit Inc,NYSE,us,russell3000,Health Care Providers,ft_icb_native,2026-01-31,Health Care,Health Care Providers,ft_native_v2,ft_index_membership_filtered,0.95,high,2026-01-31,https://markets.ft.com/data/equities/tearsheet/summary?s=EHAB:NYS,2026-01-31T00:00:00+00:00,ft-us-2026-01-31,2026-01-31,,True
2026-01-31,US:EHC:NYQ,US:EHC,EHC:NYQ,EHC,Encompass Health Corp,NYQ,us,russell3000,Health Care Providers,ft_icb_native,2026-01-31,Health Care,Health Care Providers,ft_native_v2,ft_index_membership_filtered,0.95,high,2026-01-31,https://markets.ft.com/data/equities/tearsheet/summary?s=EHC:NYQ,2026-01-31T00:00:00+00:00,ft-us-2026-01-31,2026-01-31,,True
2026-01-31,US:EIG:NYS,US:EIG,EIG:NYS,EIG,Employers Holdings Inc,NYSE,us,russell3000,Non-life Insurance,ft_icb_native,2026-01-31,Financials,Non-life Insurance,ft_native_v2,ft_index_membership_filtered,0.95,high,2026-01-31,https://markets.ft.com/data/equities/tearsheet/summary?s=EIG:NYS,2026-01-31T00:00:00+00:00,ft-us-2026-01-31,2026-01-31,,True
2026-01-31,US:EIX:NYQ,US:EIX,EIX:NYQ,EIX,Edison International,NYQ,us,russell3000,Electricity,ft_icb_native,2026-01-31,Utilities,Electricity,ft_native_v2,ft_index_membership_filtered,0.95,high,2026-01-31,https://markets.ft.com/data/equities/tearsheet/summary?s=EIX:NYQ,2026-01-31T00:00:00+00:00,ft-us-2026-01-31,2026-01-31,,True
2026-01-31,US:EL:NYQ,US:EL,EL:NYQ,EL,Estee Lauder Companies Inc,NYQ,us,russell3000,Personal Goods,ft_icb_native,2026-01-31,Consumer Staples,Personal Goods,ft_native_v2,ft_index_membership_filtered,0.95,high,2026-01-31,https://markets.ft.com/data/equities/tearsheet/summary?s=EL:NYQ,2026-01-31T00:00:00+00:00,ft-us-2026-01-31,2026-01-31,,True
2026-01-31,US:ELAN:NYQ,US:ELAN,ELAN:NYQ,ELAN,Elanco Animal Health Inc,NYQ,us,russell3000,Pharmaceuticals and Biotechnology,ft_icb_native,2026-01-31,Health Care,Pharmaceuticals and Biotechnology,ft_native_v2,ft_index_membership_filtered,0.95,high,2026-01-31,https://markets.ft.com/data/equities/tearsheet/summary?s=ELAN:NYQ,2026-01-31T00:00:00+00:00,ft-us-2026-01-31,2026-01-31,,True
2026-01-31,US:ELF:NYS,US:ELF,ELF:NYS,ELF,elf Beauty Inc,NYSE,us,russell3000,Personal Goods,ft_icb_native,2026-01-31,Consumer Discretionary,Personal Goods,ft_native_v2,ft_index_membership_filtered,0.95,high,2026-01-31,https://markets.ft.com/data/equities/tearsheet/summary?s=ELF:NYS,2026-01-31T00:00:00+00:00,ft-us-2026-01-31,2026-01-31,,True
2026-01-31,US:ELS:NYQ,US:ELS,ELS:NYQ,ELS,Equity LifeStyle Properties Inc,NYQ,us,russell3000,Real Estate Investment Trusts,ft_icb_native,2026-01-31,Real Estate,Real Estate Investment Trusts,ft_native_v2,ft_index_membership_filtered,0.95,high,2026-01-31,https://markets.ft.com/data/equities/tearsheet/summary?s=ELS:NYQ,2026-01-31T00:00:00+00:00,ft-us-2026-01-31,2026-01-31,,True
2026-01-31,US:ELV:NYQ,US:ELV,ELV:NYQ,ELV,Elevance Health Inc,NYQ,us,russell3000,Health Care Providers,ft_icb_native,2026-01-31,Health Care,Health Care Providers,ft_native_v2,ft_index_membership_filtered,0.95,high,2026-01-31,https://markets.ft.com/data/equities/tearsheet/summary?s=ELV:NYQ,2026-01-31T00:00:00+00:00,ft-us-2026-01-31,2026-01-31,,True
2026-01-31,US:ELVN:NSQ,US:ELVN,ELVN:NSQ,ELVN,Enliven Therapeutics Inc,NASDAQ,us,russell3000,Pharmaceuticals and Biotechnology,ft_icb_native,2026-01-31,Health Care,Pharmaceuticals and Biotechnology,ft_native_v2,ft_index_membership_filtered,0.95,high,2026-01-31,https://markets.ft.com/data/equities/tearsheet/summary?s=ELVN:NSQ,2026-01-31T00:00:00+00:00,ft-us-2026-01-31,2026-01-31,,True
2026-01-31,US:EMBC:NSQ,US:EMBC,EMBC:NSQ,EMBC,Embecta Corp,NASDAQ,us,russell3000,Medical Equipment and Services,ft_icb_native,2026-01-31,Health Care,Medical Equipment and Services,ft_native_v2,ft_index_membership_filtered,0.95,high,2026-01-31,https://markets.ft.com/data/equities/tearsheet/summary?s=EMBC:NSQ,2026-01-31T00:00:00+00:00,ft-us-2026-01-31,2026-01-31,,True
2026-01-31,US:EME:NYQ,US:EME,EME:NYQ,EME,EMCOR Group Inc,NYQ,us,russell3000,Construction and Materials,ft_icb_native,2026-01-31,Industrials,Construction and Materials,ft_native_v2,ft_index_membership_filtered,0.95,high,2026-01-31,https://markets.ft.com/data/equities/tearsheet/summary?s=EME:NYQ,2026-01-31T00:00:00+00:00,ft-us-2026-01-31,2026-01-31,,True
2026-01-31,US:EMN:NYQ,US:EMN,EMN:NYQ,EMN,Eastman Chemical Co,NYQ,us,russell3000,Chemicals,ft_icb_native,2026-01-31,Basic Materials,Chemicals,ft_native_v2,ft_index_membership_filtered,0.95,high,2026-01-31,https://markets.ft.com/data/equities/tearsheet/summary?s=EMN:NYQ,2026-01-31T00:00:00+00:00,ft-us-2026-01-31,2026-01-31,,True
2026-01-31,US:EMR:NYQ,US:EMR,EMR:NYQ,EMR,Emerson Electric Co,NYQ,us,russell3000,Electronic and Electrical Equipment,ft_icb_native,2026-01-31,Industrials,Electronic and Electrical Equipment,ft_native_v2,ft_index_membership_filtered,0.95,high,2026-01-31,https://markets.ft.com/data/equities/tearsheet/summary?s=EMR:NYQ,2026-01-31T00:00:00+00:00,ft-us-2026-01-31,2026-01-31,,True
2026-01-31,US:ENOV:NYS,US:ENOV,ENOV:NYS,ENOV,Enovis Corp,NYSE,us,russell3000,Medical Equipment and Services,ft_icb_native,2026-01-31,Health Care,Medical Equipment and Services,ft_native_v2,ft_index_membership_filtered,0.95,high,2026-01-31,https://markets.ft.com/data/equities/tearsheet/summary?s=ENOV:NYS,2026-01-31T00:00:00+00:00,ft-us-2026-01-31,2026-01-31,,True
2026-01-31,US:ENPH:NMQ,US:ENPH,ENPH:NMQ,ENPH,Enphase Energy Inc,NMQ,us,russell3000,Alternative Energy,ft_icb_native,2026-01-31,Technology,Alternative Energy,ft_native_v2,ft_index_membership_filtered,0.95,high,2026-01-31,https://markets.ft.com/data/equities/tearsheet/summary?s=ENPH:NMQ,2026-01-31T00:00:00+00:00,ft-us-2026-01-31,2026-01-31,,True
2026-01-31,US:ENR:NYQ,US:ENR,ENR:NYQ,ENR,Energizer Holdings Inc,NYQ,us,russell3000,"Personal Care, Drug and Grocery Stores",ft_icb_native,2026-01-31,Consumer Staples,"Personal Care, Drug and Grocery Stores",ft_native_v2,ft_index_membership_filtered,0.95,high,2026-01-31,https://markets.ft.com/data/equities/tearsheet/summary?s=ENR:NYQ,2026-01-31T00:00:00+00:00,ft-us-2026-01-31,2026-01-31,,True
2026-01-31,US:ENS:NYQ,US:ENS,ENS:NYQ,ENS,EnerSys,NYQ,us,russell3000,Electronic and Electrical Equipment,ft_icb_native,2026-01-31,Industrials,Electronic and Electrical Equipment,ft_native_v2,ft_index_membership_filtered,0.95,high,2026-01-31,https://markets.ft.com/data/equities/tearsheet/summary?s=ENS:NYQ,2026-01-31T00:00:00+00:00,ft-us-2026-01-31,2026-01-31,,True
2026-01-31,US:ENSG:NSQ,US:ENSG,ENSG:NSQ,ENSG,Ensign Group Inc,NASDAQ,us,russell3000,Health Care Providers,ft_icb_native,2026-01-31,Health Care,Health Care Providers,ft_native_v2,ft_index_membership_filtered,0.95,high,2026-01-31,https://markets.ft.com/data/equities/tearsheet/summary?s=ENSG:NSQ,2026-01-31T00:00:00+00:00,ft-us-2026-01-31,2026-01-31,,True
2026-01-31,US:ENTA:NSQ,US:ENTA,ENTA:NSQ,ENTA,Enanta Pharmaceuticals Inc,NASDAQ,us,russell3000,Pharmaceuticals and Biotechnology,ft_icb_native,2026-01-31,Health Care,Pharmaceuticals and Biotechnology,ft_native_v2,ft_index_membership_filtered,0.95,high,2026-01-31,https://markets.ft.com/data/equities/tearsheet/summary?s=ENTA:NSQ,2026-01-31T00:00:00+00:00,ft-us-2026-01-31,2026-01-31,,True
2026-01-31,US:ENTG:NSQ,US:ENTG,ENTG:NSQ,ENTG,Entegris Inc,NASDAQ,us,russell3000,Technology Hardware and Equipment,ft_icb_native,2026-01-31,Technology,Technology Hardware and Equipment,ft_native_v2,ft_index_membership_filtered,0.95,high,2026-01-31,https://markets.ft.com/data/equities/tearsheet/summary?s=ENTG:NSQ,2026-01-31T00:00:00+00:00,ft-us-2026-01-31,2026-01-31,,True
2026-01-31,US:ENVA:NYQ,US:ENVA,ENVA:NYQ,ENVA,Enova International Inc,NYQ,us,russell3000,Finance and Credit Services,ft_icb_native,2026-01-31,Financials,Finance and Credit Services,ft_native_v2,ft_index_membership_filtered,0.95,high,2026-01-31,https://markets.ft.com/data/equities/tearsheet/summary?s=ENVA:NYQ,2026-01-31T00:00:00+00:00,ft-us-2026-01-31,2026-01-31,,True
2026-01-31,US:ENVX:NSQ,US:ENVX,ENVX:NSQ,ENVX,Enovix Corp,NASDAQ,us,russell3000,Electronic and Electrical Equipment,ft_icb_native,2026-01-31,Industrials,Electronic and Electrical Equipment,ft_native_v2,ft_index_membership_filtered,0.95,high,2026-01-31,https://markets.ft.com/data/equities/tearsheet/summary?s=ENVX:NSQ,2026-01-31T00:00:00+00:00,ft-us-2026-01-31,2026-01-31,,True
2026-01-31,US:EOG:NYQ,US:EOG,EOG:NYQ,EOG,EOG Resources Inc,NYQ,us,russell3000,"Oil, Gas and Coal",ft_icb_native,2026-01-31,Energy,"Oil, Gas and Coal",ft_native_v2,ft_index_membership_filtered,0.95,high,2026-01-31,https://markets.ft.com/data/equities/tearsheet/summary?s=EOG:NYQ,2026-01-31T00:00:00+00:00,ft-us-2026-01-31,2026-01-31,,True
2026-01-31,US:EOLS:NMQ,US:EOLS,EOLS:NMQ,EOLS,Evolus Inc,NMQ,us,russell3000,Pharmaceuticals and Biotechnology,ft_icb_native,2026-01-31,Health Care,Pharmaceuticals and Biotechnology,ft_native_v2,ft_index_membership_filtered,0.95,high,2026-01-31,https://markets.ft.com/data/equities/tearsheet/summary?s=EOLS:NMQ,2026-01-31T00:00:00+00:00,ft-us-2026-01-31,2026-01-31,,True
2026-01-31,US:EOSE:NAQ,US:EOSE,EOSE:NAQ,EOSE,Eos Energy Enterprises Inc,NAQ,us,russell3000,Electronic and Electrical Equipment,ft_icb_native,2026-01-31,Industrials,Electronic and Electrical Equipment,ft_native_v2,ft_index_membership_filtered,0.95,high,2026-01-31,https://markets.ft.com/data/equities/tearsheet/summary?s=EOSE:NAQ,2026-01-31T00:00:00+00:00,ft-us-2026-01-31,2026-01-31,,True
2026-01-31,US:EPAC:NYQ,US:EPAC,EPAC:NYQ,EPAC,Enerpac Tool Group Corp,NYQ,us,russell3000,General Industrials,ft_icb_native,2026-01-31,Industrials,General Industrials,ft_native_v2,ft_index_membership_filtered,0.95,high,2026-01-31,https://markets.ft.com/data/equities/tearsheet/summary?s=EPAC:NYQ,2026-01-31T00:00:00+00:00,ft-us-2026-01-31,2026-01-31,,True
2026-01-31,US:EPAM:NYQ,US:EPAM,EPAM:NYQ,EPAM,Epam Systems Inc,NYQ,us,russell3000,Technology,ft_icb_native,2026-01-31,Technology,Technology,ft_native_v2,ft_index_membership_filtered,0.95,high,2026-01-31,https://markets.ft.com/data/equities/tearsheet/summary?s=EPAM:NYQ,2026-01-31T00:00:00+00:00,ft-us-2026-01-31,2026-01-31,,True
2026-01-31,US:EPC:NYQ,US:EPC,EPC:NYQ,EPC,Edgewell Personal Care Co,NYQ,us,russell3000,"Personal Care, Drug and Grocery Stores",ft_icb_native,2026-01-31,Consumer Staples,"Personal Care, Drug and Grocery Stores",ft_native_v2,ft_index_membership_filtered,0.95,high,2026-01-31,https://markets.ft.com/data/equities/tearsheet/summary?s=EPC:NYQ,2026-01-31T00:00:00+00:00,ft-us-2026-01-31,2026-01-31,,True
2026-01-31,US:EPM:ASQ,US:EPM,EPM:ASQ,EPM,Evolution Petroleum Corp,ASQ,us,russell3000,"Oil, Gas and Coal",ft_icb_native,2026-01-31,Energy,"Oil, Gas and Coal",ft_native_v2,ft_index_membership_filtered,0.95,high,2026-01-31,https://markets.ft.com/data/equities/tearsheet/summary?s=EPM:ASQ,2026-01-31T00:00:00+00:00,ft-us-2026-01-31,2026-01-31,,True
2026-01-31,US:EPR:NYQ,US:EPR,EPR:NYQ,EPR,EPR Properties,NYQ,us,russell3000,Real Estate Investment Trusts,ft_icb_native,2026-01-31,Real Estate,Real Estate Investment Trusts,ft_native_v2,ft_index_membership_filtered,0.95,high,2026-01-31,https://markets.ft.com/data/equities/tearsheet/summary?s=EPR:NYQ,2026-01-31T00:00:00+00:00,ft-us-2026-01-31,2026-01-31,,True
2026-01-31,US:EPRT:NYQ,US:EPRT,EPRT:NYQ,EPRT,Essential Properties Realty Trust Inc,NYQ,us,russell3000,Real Estate Investment Trusts,ft_icb_native,2026-01-31,Real Estate,Real Estate Investment Trusts,ft_native_v2,ft_index_membership_filtered,0.95,high,2026-01-31,https://markets.ft.com/data/equities/tearsheet/summary?s=EPRT:NYQ,2026-01-31T00:00:00+00:00,ft-us-2026-01-31,2026-01-31,,True
2026-01-31,US:EQBK:NYQ,US:EQBK,EQBK:NYQ,EQBK,Equity Bancshares Inc,NYQ,us,russell3000,Banks,ft_icb_native,2026-01-31,Financials,Banks,ft_native_v2,ft_index_membership_filtered,0.95,high,2026-01-31,https://markets.ft.com/data/equities/tearsheet/summary?s=EQBK:NYQ,2026-01-31T00:00:00+00:00,ft-us-2026-01-31,2026-01-31,,True
2026-01-31,US:EQH:NYQ,US:EQH,EQH:NYQ,EQH,Equitable Holdings Inc,NYQ,us,russell3000,Investment Banking and Brokerage Services,ft_icb_native,2026-01-31,Financials,Investment Banking and Brokerage Services,ft_native_v2,ft_index_membership_filtered,0.95,high,2026-01-31,https://markets.ft.com/data/equities/tearsheet/summary?s=EQH:NYQ,2026-01-31T00:00:00+00:00,ft-us-2026-01-31,2026-01-31,,True
2026-01-31,US:EQIX:NSQ,US:EQIX,EQIX:NSQ,EQIX,Equinix Inc,NASDAQ,us,russell3000,Real Estate Investment Trusts,ft_icb_native,2026-01-31,Real Estate,Real Estate Investment Trusts,ft_native_v2,ft_index_membership_filtered,0.95,high,2026-01-31,https://markets.ft.com/data/equities/tearsheet/summary?s=EQIX:NSQ,2026-01-31T00:00:00+00:00,ft-us-2026-01-31,2026-01-31,,True
2026-01-31,US:EQR:NYQ,US:EQR,EQR:NYQ,EQR,Equity Residential,NYQ,us,russell3000,Real Estate Investment Trusts,ft_icb_native,2026-01-31,Real Estate,Real Estate Investment Trusts,ft_native_v2,ft_index_membership_filtered,0.95,high,2026-01-31,https://markets.ft.com/data/equities/tearsheet/summary?s=EQR:NYQ,2026-01-31T00:00:00+00:00,ft-us-2026-01-31,2026-01-31,,True
2026-01-31,US:EQT:NYQ,US:EQT,EQT:NYQ,EQT,EQT Corp,NYQ,us,russell3000,"Oil, Gas and Coal",ft_icb_native,2026-01-31,Energy,"Oil, Gas and Coal",ft_native_v2,ft_index_membership_filtered,0.95,high,2026-01-31,https://markets.ft.com/data/equities/tearsheet/summary?s=EQT:NYQ,2026-01-31T00:00:00+00:00,ft-us-2026-01-31,2026-01-31,,True
2026-01-31,US:ERAS:NSQ,US:ERAS,ERAS:NSQ,ERAS,Erasca Inc,NASDAQ,us,russell3000,Pharmaceuticals and Biotechnology,ft_icb_native,2026-01-31,Health Care,Pharmaceuticals and Biotechnology,ft_native_v2,ft_index_membership_filtered,0.95,high,2026-01-31,https://markets.ft.com/data/equities/tearsheet/summary?s=ERAS:NSQ,2026-01-31T00:00:00+00:00,ft-us-2026-01-31,2026-01-31,,True
2026-01-31,US:ERII:NSQ,US:ERII,ERII:NSQ,ERII,Energy Recovery Inc,NASDAQ,us,russell3000,Electronic and Electrical Equipment,ft_icb_native,2026-01-31,Industrials,Electronic and Electrical Equipment,ft_native_v2,ft_index_membership_filtered,0.95,high,2026-01-31,https://markets.ft.com/data/equities/tearsheet/summary?s=ERII:NSQ,2026-01-31T00:00:00+00:00,ft-us-2026-01-31,2026-01-31,,True
2026-01-31,US:ES:NYQ,US:ES,ES:NYQ,ES,Eversource Energy,NYQ,us,russell3000,Electricity,ft_icb_native,2026-01-31,Utilities,Electricity,ft_native_v2,ft_index_membership_filtered,0.95,high,2026-01-31,https://markets.ft.com/data/equities/tearsheet/summary?s=ES:NYQ,2026-01-31T00:00:00+00:00,ft-us-2026-01-31,2026-01-31,,True
2026-01-31,US:ESAB:NYS,US:ESAB,ESAB:NYS,ESAB,ESAB Corp,NYSE,us,russell3000,Industrial Engineering,ft_icb_native,2026-01-31,Industrials,Industrial Engineering,ft_native_v2,ft_index_membership_filtered,0.95,high,2026-01-31,https://markets.ft.com/data/equities/tearsheet/summary?s=ESAB:NYS,2026-01-31T00:00:00+00:00,ft-us-2026-01-31,2026-01-31,,True
2026-01-31,US:ESE:NYQ,US:ESE,ESE:NYQ,ESE,ESCO Technologies Inc,NYQ,us,russell3000,General Industrials,ft_icb_native,2026-01-31,Industrials,General Industrials,ft_native_v2,ft_index_membership_filtered,0.95,high,2026-01-31,https://markets.ft.com/data/equities/tearsheet/summary?s=ESE:NYQ,2026-01-31T00:00:00+00:00,ft-us-2026-01-31,2026-01-31,,True
2026-01-31,US:ESI:NYQ,US:ESI,ESI:NYQ,ESI,Element Solutions Inc,NYQ,us,russell3000,Chemicals,ft_icb_native,2026-01-31,Basic Materials,Chemicals,ft_native_v2,ft_index_membership_filtered,0.95,high,2026-01-31,https://markets.ft.com/data/equities/tearsheet/summary?s=ESI:NYQ,2026-01-31T00:00:00+00:00,ft-us-2026-01-31,2026-01-31,,True
2026-01-31,US:ESNT:NYQ,US:ESNT,ESNT:NYQ,ESNT,Essent Group Ltd,NYQ,us,russell3000,Non-life Insurance,ft_icb_native,2026-01-31,Financials,Non-life Insurance,ft_native_v2,ft_index_membership_filtered,0.95,high,2026-01-31,https://markets.ft.com/data/equities/tearsheet/summary?s=ESNT:NYQ,2026-01-31T00:00:00+00:00,ft-us-2026-01-31,2026-01-31,,True
2026-01-31,US:ESPR:NMQ,US:ESPR,ESPR:NMQ,ESPR,Esperion Therapeutics Inc,NMQ,us,russell3000,Pharmaceuticals and Biotechnology,ft_icb_native,2026-01-31,Health Care,Pharmaceuticals and Biotechnology,ft_native_v2,ft_index_membership_filtered,0.95,high,2026-01-31,https://markets.ft.com/data/equities/tearsheet/summary?s=ESPR:NMQ,2026-01-31T00:00:00+00:00,ft-us-2026-01-31,2026-01-31,,True
2026-01-31,US:ESQ:NAQ,US:ESQ,ESQ:NAQ,ESQ,Esquire Financial Holdings Inc,NAQ,us,russell3000,Banks,ft_icb_native,2026-01-31,Financials,Banks,ft_native_v2,ft_index_membership_filtered,0.95,high,2026-01-31,https://markets.ft.com/data/equities/tearsheet/summary?s=ESQ:NAQ,2026-01-31T00:00:00+00:00,ft-us-2026-01-31,2026-01-31,,True
2026-01-31,US:ESRT:NYQ,US:ESRT,ESRT:NYQ,ESRT,Empire State Realty Trust Inc,NYQ,us,russell3000,Real Estate Investment Trusts,ft_icb_native,2026-01-31,Real Estate,Real Estate Investment Trusts,ft_native_v2,ft_index_membership_filtered,0.95,high,2026-01-31,https://markets.ft.com/data/equities/tearsheet/summary?s=ESRT:NYQ,2026-01-31T00:00:00+00:00,ft-us-2026-01-31,2026-01-31,,True
2026-01-31,US:ESS:NYQ,US:ESS,ESS:NYQ,ESS,Essex Property Trust Inc,NYQ,us,russell3000,Real Estate Investment Trusts,ft_icb_native,2026-01-31,Real Estate,Real Estate Investment Trusts,ft_native_v2,ft_index_membership_filtered,0.95,high,2026-01-31,https://markets.ft.com/data/equities/tearsheet/summary?s=ESS:NYQ,2026-01-31T00:00:00+00:00,ft-us-2026-01-31,2026-01-31,,True
2026-01-31,US:ESTC:NYQ,US:ESTC,ESTC:NYQ,ESTC,Elastic NV,NYQ,us,russell3000,Technology,ft_icb_native,2026-01-31,Technology,Technology,ft_native_v2,ft_index_membership_filtered,0.95,high,2026-01-31,https://markets.ft.com/data/equities/tearsheet/summary?s=ESTC:NYQ,2026-01-31T00:00:00+00:00,ft-us-2026-01-31,2026-01-31,,True
2026-01-31,US:ETD:NYQ,US:ETD,ETD:NYQ,ETD,Ethan Allen Interiors Inc,NYQ,us,russell3000,Household Goods and Home Construction,ft_icb_native,2026-01-31,Consumer Discretionary,Household Goods and Home Construction,ft_native_v2,ft_index_membership_filtered,0.95,high,2026-01-31,https://markets.ft.com/data/equities/tearsheet/summary?s=ETD:NYQ,2026-01-31T00:00:00+00:00,ft-us-2026-01-31,2026-01-31,,True
2026-01-31,US:ETN:NYQ,US:ETN,ETN:NYQ,ETN,Eaton Corporation PLC,NYQ,us,russell3000,General Industrials,ft_icb_native,2026-01-31,Industrials,General Industrials,ft_native_v2,ft_index_membership_filtered,0.95,high,2026-01-31,https://markets.ft.com/data/equities/tearsheet/summary?s=ETN:NYQ,2026-01-31T00:00:00+00:00,ft-us-2026-01-31,2026-01-31,,True
2026-01-31,US:ETR:NYQ,US:ETR,ETR:NYQ,ETR,Entergy Corp,NYQ,us,russell3000,Electricity,ft_icb_native,2026-01-31,Utilities,Electricity,ft_native_v2,ft_index_membership_filtered,0.95,high,2026-01-31,https://markets.ft.com/data/equities/tearsheet/summary?s=ETR:NYQ,2026-01-31T00:00:00+00:00,ft-us-2026-01-31,2026-01-31,,True
2026-01-31,US:ETSY:NYS,US:ETSY,ETSY:NYS,ETSY,ETSY Inc,NYSE,us,russell3000,Consumer Discretionary,ft_icb_native,2026-01-31,Consumer Discretionary,Consumer Discretionary,ft_native_v2,ft_index_membership_filtered,0.95,high,2026-01-31,https://markets.ft.com/data/equities/tearsheet/summary?s=ETSY:NYS,2026-01-31T00:00:00+00:00,ft-us-2026-01-31,2026-01-31,,True
2026-01-31,US:EU:NAQ,US:EU,EU:NAQ,EU,enCore Energy Corp,NAQ,us,russell3000,Industrial Metals and Mining,ft_icb_native,2026-01-31,Energy,Industrial Metals and Mining,ft_native_v2,ft_index_membership_filtered,0.95,high,2026-01-31,https://markets.ft.com/data/equities/tearsheet/summary?s=EU:NAQ,2026-01-31T00:00:00+00:00,ft-us-2026-01-31,2026-01-31,,True
2026-01-31,US:EVC:NYQ,US:EVC,EVC:NYQ,EVC,Entravision Communications Corp,NYQ,us,russell3000,Media,ft_icb_native,2026-01-31,Telecommunications,Media,ft_native_v2,ft_index_membership_filtered,0.95,high,2026-01-31,https://markets.ft.com/data/equities/tearsheet/summary?s=EVC:NYQ,2026-01-31T00:00:00+00:00,ft-us-2026-01-31,2026-01-31,,True
2026-01-31,US:EVCM:NSQ,US:EVCM,EVCM:NSQ,EVCM,EverCommerce Inc,NASDAQ,us,russell3000,Technology,ft_icb_native,2026-01-31,Technology,Technology,ft_native_v2,ft_index_membership_filtered,0.95,high,2026-01-31,https://markets.ft.com/data/equities/tearsheet/summary?s=EVCM:NSQ,2026-01-31T00:00:00+00:00,ft-us-2026-01-31,2026-01-31,,True
2026-01-31,US:EVER:NMQ,US:EVER,EVER:NMQ,EVER,EverQuote Inc,NMQ,us,russell3000,Technology,ft_icb_native,2026-01-31,Telecommunications,Technology,ft_native_v2,ft_index_membership_filtered,0.95,high,2026-01-31,https://markets.ft.com/data/equities/tearsheet/summary?s=EVER:NMQ,2026-01-31T00:00:00+00:00,ft-us-2026-01-31,2026-01-31,,True
2026-01-31,US:EVGO:NSQ,US:EVGO,EVGO:NSQ,EVGO,EVgo Inc,NASDAQ,us,russell3000,Alternative Energy,ft_icb_native,2026-01-31,Consumer Discretionary,Alternative Energy,ft_native_v2,ft_index_membership_filtered,0.95,high,2026-01-31,https://markets.ft.com/data/equities/tearsheet/summary?s=EVGO:NSQ,2026-01-31T00:00:00+00:00,ft-us-2026-01-31,2026-01-31,,True
2026-01-31,US:EVH:NYQ,US:EVH,EVH:NYQ,EVH,Evolent Health Inc,NYQ,us,russell3000,Health Care Providers,ft_icb_native,2026-01-31,Health Care,Health Care Providers,ft_native_v2,ft_index_membership_filtered,0.95,high,2026-01-31,https://markets.ft.com/data/equities/tearsheet/summary?s=EVH:NYQ,2026-01-31T00:00:00+00:00,ft-us-2026-01-31,2026-01-31,,True
2026-01-31,US:EVLV:NAQ,US:EVLV,EVLV:NAQ,EVLV,Evolv Technologies Holdings Inc,NAQ,us,russell3000,Industrial Support Services,ft_icb_native,2026-01-31,Technology,Industrial Support Services,ft_native_v2,ft_index_membership_filtered,0.95,high,2026-01-31,https://markets.ft.com/data/equities/tearsheet/summary?s=EVLV:NAQ,2026-01-31T00:00:00+00:00,ft-us-2026-01-31,2026-01-31,,True
2026-01-31,US:EVR:NYS,US:EVR,EVR:NYS,EVR,Evercore Inc,NYSE,us,russell3000,Investment Banking and Brokerage Services,ft_icb_native,2026-01-31,Financials,Investment Banking and Brokerage Services,ft_native_v2,ft_index_membership_filtered,0.95,high,2026-01-31,https://markets.ft.com/data/equities/tearsheet/summary?s=EVR:NYS,2026-01-31T00:00:00+00:00,ft-us-2026-01-31,2026-01-31,,True
2026-01-31,US:EVRG:NSQ,US:EVRG,EVRG:NSQ,EVRG,Evergy Inc,NASDAQ,us,russell3000,Electricity,ft_icb_native,2026-01-31,Utilities,Electricity,ft_native_v2,ft_index_membership_filtered,0.95,high,2026-01-31,https://markets.ft.com/data/equities/tearsheet/summary?s=EVRG:NSQ,2026-01-31T00:00:00+00:00,ft-us-2026-01-31,2026-01-31,,True
2026-01-31,US:EVTC:NYQ,US:EVTC,EVTC:NYQ,EVTC,Evertec Inc,NYQ,us,russell3000,Industrial Support Services,ft_icb_native,2026-01-31,Financials,Industrial Support Services,ft_native_v2,ft_index_membership_filtered,0.95,high,2026-01-31,https://markets.ft.com/data/equities/tearsheet/summary?s=EVTC:NYQ,2026-01-31T00:00:00+00:00,ft-us-2026-01-31,2026-01-31,,True
2026-01-31,US:EW:NYQ,US:EW,EW:NYQ,EW,Edwards Lifesciences Corp,NYQ,us,russell3000,Medical Equipment and Services,ft_icb_native,2026-01-31,Health Care,Medical Equipment and Services,ft_native_v2,ft_index_membership_filtered,0.95,high,2026-01-31,https://markets.ft.com/data/equities/tearsheet/summary?s=EW:NYQ,2026-01-31T00:00:00+00:00,ft-us-2026-01-31,2026-01-31,,True
2026-01-31,US:EWBC:NSQ,US:EWBC,EWBC:NSQ,EWBC,East West Bancorp Inc,NASDAQ,us,russell3000,Banks,ft_icb_native,2026-01-31,Financials,Banks,ft_native_v2,ft_index_membership_filtered,0.95,high,2026-01-31,https://markets.ft.com/data/equities/tearsheet/summary?s=EWBC:NSQ,2026-01-31T00:00:00+00:00,ft-us-2026-01-31,2026-01-31,,True
2026-01-31,US:EWCZ:NSQ,US:EWCZ,EWCZ:NSQ,EWCZ,European Wax Center Inc,NASDAQ,us,russell3000,Consumer Services,ft_icb_native,2026-01-31,Consumer Discretionary,Consumer Services,ft_native_v2,ft_index_membership_filtered,0.95,high,2026-01-31,https://markets.ft.com/data/equities/tearsheet/summary?s=EWCZ:NSQ,2026-01-31T00:00:00+00:00,ft-us-2026-01-31,2026-01-31,,True
2026-01-31,US:EWTX:NSQ,US:EWTX,EWTX:NSQ,EWTX,Edgewise Therapeutics Inc,NASDAQ,us,russell3000,Pharmaceuticals and Biotechnology,ft_icb_native,2026-01-31,Health Care,Pharmaceuticals and Biotechnology,ft_native_v2,ft_index_membership_filtered,0.95,high,2026-01-31,https://markets.ft.com/data/equities/tearsheet/summary?s=EWTX:NSQ,2026-01-31T00:00:00+00:00,ft-us-2026-01-31,2026-01-31,,True
2026-01-31,US:EXAS:NAQ,US:EXAS,EXAS:NAQ,EXAS,Exact Sciences Corp,NAQ,us,russell3000,Pharmaceuticals and Biotechnology,ft_icb_native,2026-01-31,Health Care,Pharmaceuticals and Biotechnology,ft_native_v2,ft_index_membership_filtered,0.95,high,2026-01-31,https://markets.ft.com/data/equities/tearsheet/summary?s=EXAS:NAQ,2026-01-31T00:00:00+00:00,ft-us-2026-01-31,2026-01-31,,True
2026-01-31,US:EXC:NSQ,US:EXC,EXC:NSQ,EXC,Exelon Corp,NASDAQ,us,russell3000,Electricity,ft_icb_native,2026-01-31,Utilities,Electricity,ft_native_v2,ft_index_membership_filtered,0.95,high,2026-01-31,https://markets.ft.com/data/equities/tearsheet/summary?s=EXC:NSQ,2026-01-31T00:00:00+00:00,ft-us-2026-01-31,2026-01-31,,True
2026-01-31,US:EXEL:NSQ,US:EXEL,EXEL:NSQ,EXEL,Exelixis Inc,NASDAQ,us,russell3000,Pharmaceuticals and Biotechnology,ft_icb_native,2026-01-31,Health Care,Pharmaceuticals and Biotechnology,ft_native_v2,ft_index_membership_filtered,0.95,high,2026-01-31,https://markets.ft.com/data/equities/tearsheet/summary?s=EXEL:NSQ,2026-01-31T00:00:00+00:00,ft-us-2026-01-31,2026-01-31,,True
2026-01-31,US:EXLS:NSQ,US:EXLS,EXLS:NSQ,EXLS,Exlservice Holdings Inc,NASDAQ,us,russell3000,Industrial Support Services,ft_icb_native,2026-01-31,Industrials,Industrial Support Services,ft_native_v2,ft_index_membership_filtered,0.95,high,2026-01-31,https://markets.ft.com/data/equities/tearsheet/summary?s=EXLS:NSQ,2026-01-31T00:00:00+00:00,ft-us-2026-01-31,2026-01-31,,True
2026-01-31,US:EXP:NYQ,US:EXP,EXP:NYQ,EXP,Eagle Materials Inc,NYQ,us,russell3000,Construction and Materials,ft_icb_native,2026-01-31,Basic Materials,Construction and Materials,ft_native_v2,ft_index_membership_filtered,0.95,high,2026-01-31,https://markets.ft.com/data/equities/tearsheet/summary?s=EXP:NYQ,2026-01-31T00:00:00+00:00,ft-us-2026-01-31,2026-01-31,,True
2026-01-31,US:EXPD:NYS,US:EXPD,EXPD:NYS,EXPD,Expeditors International of Washington Inc,NYSE,us,russell3000,Industrial Transportation,ft_icb_native,2026-01-31,Industrials,Industrial Transportation,ft_native_v2,ft_index_membership_filtered,0.95,high,2026-01-31,https://markets.ft.com/data/equities/tearsheet/summary?s=EXPD:NYS,2026-01-31T00:00:00+00:00,ft-us-2026-01-31,2026-01-31,,True
2026-01-31,US:EXPO:NSQ,US:EXPO,EXPO:NSQ,EXPO,Exponent Inc,NASDAQ,us,russell3000,Construction and Materials,ft_icb_native,2026-01-31,Industrials,Construction and Materials,ft_native_v2,ft_index_membership_filtered,0.95,high,2026-01-31,https://markets.ft.com/data/equities/tearsheet/summary?s=EXPO:NSQ,2026-01-31T00:00:00+00:00,ft-us-2026-01-31,2026-01-31,,True
2026-01-31,US:EXR:NYQ,US:EXR,EXR:NYQ,EXR,Extra Space Storage Inc,NYQ,us,russell3000,Real Estate Investment Trusts,ft_icb_native,2026-01-31,Real Estate,Real Estate Investment Trusts,ft_native_v2,ft_index_membership_filtered,0.95,high,2026-01-31,https://markets.ft.com/data/equities/tearsheet/summary?s=EXR:NYQ,2026-01-31T00:00:00+00:00,ft-us-2026-01-31,2026-01-31,,True
2026-01-31,US:EXTR:NSQ,US:EXTR,EXTR:NSQ,EXTR,Extreme Networks Inc,NASDAQ,us,russell3000,Telecommunications Equipment,ft_icb_native,2026-01-31,Technology,Telecommunications Equipment,ft_native_v2,ft_index_membership_filtered,0.95,high,2026-01-31,https://markets.ft.com/data/equities/tearsheet/summary?s=EXTR:NSQ,2026-01-31T00:00:00+00:00,ft-us-2026-01-31,2026-01-31,,True
2026-01-31,US:EYE:NSQ,US:EYE,EYE:NSQ,EYE,National Vision Holdings Inc,NASDAQ,us,russell3000,Consumer Discretionary,ft_icb_native,2026-01-31,Consumer Discretionary,Consumer Discretionary,ft_native_v2,ft_index_membership_filtered,0.95,high,2026-01-31,https://markets.ft.com/data/equities/tearsheet/summary?s=EYE:NSQ,2026-01-31T00:00:00+00:00,ft-us-2026-01-31,2026-01-31,,True
2026-01-31,US:EYPT:NMQ,US:EYPT,EYPT:NMQ,EYPT,EyePoint Inc,NMQ,us,russell3000,Pharmaceuticals and Biotechnology,ft_icb_native,2026-01-31,Health Care,Pharmaceuticals and Biotechnology,ft_native_v2,ft_index_membership_filtered,0.95,high,2026-01-31,https://markets.ft.com/data/equities/tearsheet/summary?s=EYPT:NMQ,2026-01-31T00:00:00+00:00,ft-us-2026-01-31,2026-01-31,,True
2026-01-31,US:F:NYQ,US:F,F:NYQ,F,Ford Motor Co,NYQ,us,russell3000,Automobiles and Parts,ft_icb_native,2026-01-31,Consumer Discretionary,Automobiles and Parts,ft_native_v2,ft_index_membership_filtered,0.95,high,2026-01-31,https://markets.ft.com/data/equities/tearsheet/summary?s=F:NYQ,2026-01-31T00:00:00+00:00,ft-us-2026-01-31,2026-01-31,,True
2026-01-31,US:FA:NSQ,US:FA,FA:NSQ,FA,First Advantage Corp,NASDAQ,us,russell3000,Industrial Support Services,ft_icb_native,2026-01-31,Industrials,Industrial Support Services,ft_native_v2,ft_index_membership_filtered,0.95,high,2026-01-31,https://markets.ft.com/data/equities/tearsheet/summary?s=FA:NSQ,2026-01-31T00:00:00+00:00,ft-us-2026-01-31,2026-01-31,,True
2026-01-31,US:FAF:NYQ,US:FAF,FAF:NYQ,FAF,First American Financial Corp,NYQ,us,russell3000,Non-life Insurance,ft_icb_native,2026-01-31,Financials,Non-life Insurance,ft_native_v2,ft_index_membership_filtered,0.95,high,2026-01-31,https://markets.ft.com/data/equities/tearsheet/summary?s=FAF:NYQ,2026-01-31T00:00:00+00:00,ft-us-2026-01-31,2026-01-31,,True
2026-01-31,US:FANG:NSQ,US:FANG,FANG:NSQ,FANG,Diamondback Energy Inc,NASDAQ,us,russell3000,"Oil, Gas and Coal",ft_icb_native,2026-01-31,Energy,"Oil, Gas and Coal",ft_native_v2,ft_index_membership_filtered,0.95,high,2026-01-31,https://markets.ft.com/data/equities/tearsheet/summary?s=FANG:NSQ,2026-01-31T00:00:00+00:00,ft-us-2026-01-31,2026-01-31,,True
2026-01-31,US:FAST:NSQ,US:FAST,FAST:NSQ,FAST,Fastenal Co,NASDAQ,us,russell3000,Industrial Metals and Mining,ft_icb_native,2026-01-31,Industrials,Industrial Metals and Mining,ft_native_v2,ft_index_membership_filtered,0.95,high,2026-01-31,https://markets.ft.com/data/equities/tearsheet/summary?s=FAST:NSQ,2026-01-31T00:00:00+00:00,ft-us-2026-01-31,2026-01-31,,True
2026-01-31,US:FATE:NMQ,US:FATE,FATE:NMQ,FATE,Fate Therapeutics Inc,NMQ,us,russell3000,Pharmaceuticals and Biotechnology,ft_icb_native,2026-01-31,Health Care,Pharmaceuticals and Biotechnology,ft_native_v2,ft_index_membership_filtered,0.95,high,2026-01-31,https://markets.ft.com/data/equities/tearsheet/summary?s=FATE:NMQ,2026-01-31T00:00:00+00:00,ft-us-2026-01-31,2026-01-31,,True
2026-01-31,US:FBIN:NYQ,US:FBIN,FBIN:NYQ,FBIN,Fortune Brands Innovations Inc,NYQ,us,russell3000,Construction and Materials,ft_icb_native,2026-01-31,Industrials,Construction and Materials,ft_native_v2,ft_index_membership_filtered,0.95,high,2026-01-31,https://markets.ft.com/data/equities/tearsheet/summary?s=FBIN:NYQ,2026-01-31T00:00:00+00:00,ft-us-2026-01-31,2026-01-31,,True
2026-01-31,US:FBIZ:NSQ,US:FBIZ,FBIZ:NSQ,FBIZ,First Business Financial Services Inc,NASDAQ,us,russell3000,Banks,ft_icb_native,2026-01-31,Financials,Banks,ft_native_v2,ft_index_membership_filtered,0.95,high,2026-01-31,https://markets.ft.com/data/equities/tearsheet/summary?s=FBIZ:NSQ,2026-01-31T00:00:00+00:00,ft-us-2026-01-31,2026-01-31,,True
2026-01-31,US:FBK:NYQ,US:FBK,FBK:NYQ,FBK,FB Financial Corp,NYQ,us,russell3000,Banks,ft_icb_native,2026-01-31,Financials,Banks,ft_native_v2,ft_index_membership_filtered,0.95,high,2026-01-31,https://markets.ft.com/data/equities/tearsheet/summary?s=FBK:NYQ,2026-01-31T00:00:00+00:00,ft-us-2026-01-31,2026-01-31,,True
2026-01-31,US:FBNC:NSQ,US:FBNC,FBNC:NSQ,FBNC,First Bancorp (North Carolina),NASDAQ,us,russell3000,Banks,ft_icb_native,2026-01-31,Financials,Banks,ft_native_v2,ft_index_membership_filtered,0.95,high,2026-01-31,https://markets.ft.com/data/equities/tearsheet/summary?s=FBNC:NSQ,2026-01-31T00:00:00+00:00,ft-us-2026-01-31,2026-01-31,,True
2026-01-31,US:FBP:NYQ,US:FBP,FBP:NYQ,FBP,First BanCorp,NYQ,us,russell3000,Banks,ft_icb_native,2026-01-31,Financials,Banks,ft_native_v2,ft_index_membership_filtered,0.95,high,2026-01-31,https://markets.ft.com/data/equities/tearsheet/summary?s=FBP:NYQ,2026-01-31T00:00:00+00:00,ft-us-2026-01-31,2026-01-31,,True
2026-01-31,US:FBRT:NYQ,US:FBRT,FBRT:NYQ,FBRT,Franklin BSP Realty Trust Inc,NYQ,us,russell3000,Mortgage Real Estate Investment Trusts,ft_icb_native,2026-01-31,Financials,Mortgage Real Estate Investment Trusts,ft_native_v2,ft_index_membership_filtered,0.95,high,2026-01-31,https://markets.ft.com/data/equities/tearsheet/summary?s=FBRT:NYQ,2026-01-31T00:00:00+00:00,ft-us-2026-01-31,2026-01-31,,True
2026-01-31,US:FC:NYQ,US:FC,FC:NYQ,FC,Franklin Covey Co,NYQ,us,russell3000,Industrial Support Services,ft_icb_native,2026-01-31,Industrials,Industrial Support Services,ft_native_v2,ft_index_membership_filtered,0.95,high,2026-01-31,https://markets.ft.com/data/equities/tearsheet/summary?s=FC:NYQ,2026-01-31T00:00:00+00:00,ft-us-2026-01-31,2026-01-31,,True
2026-01-31,US:FCBC:NSQ,US:FCBC,FCBC:NSQ,FCBC,First Community Bankshares Inc,NASDAQ,us,russell3000,Banks,ft_icb_native,2026-01-31,Financials,Banks,ft_native_v2,ft_index_membership_filtered,0.95,high,2026-01-31,https://markets.ft.com/data/equities/tearsheet/summary?s=FCBC:NSQ,2026-01-31T00:00:00+00:00,ft-us-2026-01-31,2026-01-31,,True
2026-01-31,US:FCF:NYQ,US:FCF,FCF:NYQ,FCF,First Commonwealth Financial Corp,NYQ,us,russell3000,Banks,ft_icb_native,2026-01-31,Financials,Banks,ft_native_v2,ft_index_membership_filtered,0.95,high,2026-01-31,https://markets.ft.com/data/equities/tearsheet/summary?s=FCF:NYQ,2026-01-31T00:00:00+00:00,ft-us-2026-01-31,2026-01-31,,True
2026-01-31,US:FCFS:NSQ,US:FCFS,FCFS:NSQ,FCFS,Firstcash Holdings Inc,NASDAQ,us,russell3000,Finance and Credit Services,ft_icb_native,2026-01-31,Financials,Finance and Credit Services,ft_native_v2,ft_index_membership_filtered,0.95,high,2026-01-31,https://markets.ft.com/data/equities/tearsheet/summary?s=FCFS:NSQ,2026-01-31T00:00:00+00:00,ft-us-2026-01-31,2026-01-31,,True
2026-01-31,US:FCN:NYQ,US:FCN,FCN:NYQ,FCN,FTI Consulting Inc,NYQ,us,russell3000,Industrial Support Services,ft_icb_native,2026-01-31,Industrials,Industrial Support Services,ft_native_v2,ft_index_membership_filtered,0.95,high,2026-01-31,https://markets.ft.com/data/equities/tearsheet/summary?s=FCN:NYQ,2026-01-31T00:00:00+00:00,ft-us-2026-01-31,2026-01-31,,True
2026-01-31,US:FCNCA:NSQ,US:FCNCA,FCNCA:NSQ,FCNCA,First Citizens BancShares Inc (Delaware),NASDAQ,us,russell3000,Banks,ft_icb_native,2026-01-31,Financials,Banks,ft_native_v2,ft_index_membership_filtered,0.95,high,2026-01-31,https://markets.ft.com/data/equities/tearsheet/summary?s=FCNCA:NSQ,2026-01-31T00:00:00+00:00,ft-us-2026-01-31,2026-01-31,,True
2026-01-31,US:FCPT:NYQ,US:FCPT,FCPT:NYQ,FCPT,Four Corners Property Trust Inc,NYQ,us,russell3000,Real Estate Investment Trusts,ft_icb_native,2026-01-31,Real Estate,Real Estate Investment Trusts,ft_native_v2,ft_index_membership_filtered,0.95,high,2026-01-31,https://markets.ft.com/data/equities/tearsheet/summary?s=FCPT:NYQ,2026-01-31T00:00:00+00:00,ft-us-2026-01-31,2026-01-31,,True
2026-01-31,US:FCX:NYQ,US:FCX,FCX:NYQ,FCX,Freeport-McMoRan Inc,NYQ,us,russell3000,Industrial Metals and Mining,ft_icb_native,2026-01-31,Basic Materials,Industrial Metals and Mining,ft_native_v2,ft_index_membership_filtered,0.95,high,2026-01-31,https://markets.ft.com/data/equities/tearsheet/summary?s=FCX:NYQ,2026-01-31T00:00:00+00:00,ft-us-2026-01-31,2026-01-31,,True
2026-01-31,US:FDBC:NMQ,US:FDBC,FDBC:NMQ,FDBC,Fidelity D&D Bancorp Inc,NMQ,us,russell3000,Banks,ft_icb_native,2026-01-31,Financials,Banks,ft_native_v2,ft_index_membership_filtered,0.95,high,2026-01-31,https://markets.ft.com/data/equities/tearsheet/summary?s=FDBC:NMQ,2026-01-31T00:00:00+00:00,ft-us-2026-01-31,2026-01-31,,True
2026-01-31,US:FDMT:NSQ,US:FDMT,FDMT:NSQ,FDMT,4D Molecular Therapeutics Inc,NASDAQ,us,russell3000,Pharmaceuticals and Biotechnology,ft_icb_native,2026-01-31,Health Care,Pharmaceuticals and Biotechnology,ft_native_v2,ft_index_membership_filtered_level3_fallback,0.65,medium,2026-01-31,https://markets.ft.com/data/equities/tearsheet/summary?s=FDMT:NSQ,2026-01-31T00:00:00+00:00,ft-us-2026-01-31,2026-01-31,,True
2026-01-31,US:FDP:NYQ,US:FDP,FDP:NYQ,FDP,Fresh Del Monte Produce Inc,NYQ,us,russell3000,Food Producers,ft_icb_native,2026-01-31,Consumer Staples,Food Producers,ft_native_v2,ft_index_membership_filtered,0.95,high,2026-01-31,https://markets.ft.com/data/equities/tearsheet/summary?s=FDP:NYQ,2026-01-31T00:00:00+00:00,ft-us-2026-01-31,2026-01-31,,True
2026-01-31,US:FDS:NYQ,US:FDS,FDS:NYQ,FDS,Factset Research Systems Inc,NYQ,us,russell3000,Finance and Credit Services,ft_icb_native,2026-01-31,Financials,Finance and Credit Services,ft_native_v2,ft_index_membership_filtered,0.95,high,2026-01-31,https://markets.ft.com/data/equities/tearsheet/summary?s=FDS:NYQ,2026-01-31T00:00:00+00:00,ft-us-2026-01-31,2026-01-31,,True
2026-01-31,US:FDX:NYQ,US:FDX,FDX:NYQ,FDX,FedEx Corp,NYQ,us,russell3000,Industrial Transportation,ft_icb_native,2026-01-31,Industrials,Industrial Transportation,ft_native_v2,ft_index_membership_filtered,0.95,high,2026-01-31,https://markets.ft.com/data/equities/tearsheet/summary?s=FDX:NYQ,2026-01-31T00:00:00+00:00,ft-us-2026-01-31,2026-01-31,,True
2026-01-31,US:FE:NYQ,US:FE,FE:NYQ,FE,FirstEnergy Corp,NYQ,us,russell3000,Electricity,ft_icb_native,2026-01-31,Utilities,Electricity,ft_native_v2,ft_index_membership_filtered,0.95,high,2026-01-31,https://markets.ft.com/data/equities/tearsheet/summary?s=FE:NYQ,2026-01-31T00:00:00+00:00,ft-us-2026-01-31,2026-01-31,,True
2026-01-31,US:FELE:NSQ,US:FELE,FELE:NSQ,FELE,Franklin Electric Co Inc,NASDAQ,us,russell3000,Industrial Engineering,ft_icb_native,2026-01-31,Industrials,Industrial Engineering,ft_native_v2,ft_index_membership_filtered,0.95,high,2026-01-31,https://markets.ft.com/data/equities/tearsheet/summary?s=FELE:NSQ,2026-01-31T00:00:00+00:00,ft-us-2026-01-31,2026-01-31,,True
2026-01-31,US:FERG:NYQ,US:FERG,FERG:NYQ,FERG,Ferguson Enterprises Inc,NYQ,us,russell3000,Industrial Support Services,ft_icb_native,2026-01-31,Industrials,Industrial Support Services,ft_native_v2,ft_index_membership_filtered,0.95,high,2026-01-31,https://markets.ft.com/data/equities/tearsheet/summary?s=FERG:NYQ,2026-01-31T00:00:00+00:00,ft-us-2026-01-31,2026-01-31,,True
2026-01-31,US:FFBC:NSQ,US:FFBC,FFBC:NSQ,FFBC,First Financial Bancorp,NASDAQ,us,russell3000,Banks,ft_icb_native,2026-01-31,Financials,Banks,ft_native_v2,ft_index_membership_filtered,0.95,high,2026-01-31,https://markets.ft.com/data/equities/tearsheet/summary?s=FFBC:NSQ,2026-01-31T00:00:00+00:00,ft-us-2026-01-31,2026-01-31,,True
2026-01-31,US:FFIC:NSQ,US:FFIC,FFIC:NSQ,FFIC,Flushing Financial Corp,NASDAQ,us,russell3000,Banks,ft_icb_native,2026-01-31,Financials,Banks,ft_native_v2,ft_index_membership_filtered,0.95,high,2026-01-31,https://markets.ft.com/data/equities/tearsheet/summary?s=FFIC:NSQ,2026-01-31T00:00:00+00:00,ft-us-2026-01-31,2026-01-31,,True
2026-01-31,US:FFIN:NSQ,US:FFIN,FFIN:NSQ,FFIN,First Financial Bankshares Inc,NASDAQ,us,russell3000,Banks,ft_icb_native,2026-01-31,Financials,Banks,ft_native_v2,ft_index_membership_filtered,0.95,high,2026-01-31,https://markets.ft.com/data/equities/tearsheet/summary?s=FFIN:NSQ,2026-01-31T00:00:00+00:00,ft-us-2026-01-31,2026-01-31,,True
2026-01-31,US:FFIV:NSQ,US:FFIV,FFIV:NSQ,FFIV,F5 Inc,NASDAQ,us,russell3000,Technology,ft_icb_native,2026-01-31,Technology,Technology,ft_native_v2,ft_index_membership_filtered,0.95,high,2026-01-31,https://markets.ft.com/data/equities/tearsheet/summary?s=FFIV:NSQ,2026-01-31T00:00:00+00:00,ft-us-2026-01-31,2026-01-31,,True
2026-01-31,US:FFWM:NYQ,US:FFWM,FFWM:NYQ,FFWM,First Foundation Inc,NYQ,us,russell3000,Banks,ft_icb_native,2026-01-31,Financials,Banks,ft_native_v2,ft_index_membership_filtered,0.95,high,2026-01-31,https://markets.ft.com/data/equities/tearsheet/summary?s=FFWM:NYQ,2026-01-31T00:00:00+00:00,ft-us-2026-01-31,2026-01-31,,True
2026-01-31,US:FG:NYS,US:FG,FG:NYS,FG,F&G Annuities & Life Inc,NYSE,us,russell3000,Life Insurance,ft_icb_native,2026-01-31,Financials,Life Insurance,ft_native_v2,ft_index_membership_filtered,0.95,high,2026-01-31,https://markets.ft.com/data/equities/tearsheet/summary?s=FG:NYS,2026-01-31T00:00:00+00:00,ft-us-2026-01-31,2026-01-31,,True
2026-01-31,US:FHB:NSQ,US:FHB,FHB:NSQ,FHB,First Hawaiian Inc,NASDAQ,us,russell3000,Banks,ft_icb_native,2026-01-31,Financials,Banks,ft_native_v2,ft_index_membership_filtered,0.95,high,2026-01-31,https://markets.ft.com/data/equities/tearsheet/summary?s=FHB:NSQ,2026-01-31T00:00:00+00:00,ft-us-2026-01-31,2026-01-31,,True
2026-01-31,US:FHN:NYQ,US:FHN,FHN:NYQ,FHN,First Horizon Corp,NYQ,us,russell3000,Banks,ft_icb_native,2026-01-31,Financials,Banks,ft_native_v2,ft_index_membership_filtered,0.95,high,2026-01-31,https://markets.ft.com/data/equities/tearsheet/summary?s=FHN:NYQ,2026-01-31T00:00:00+00:00,ft-us-2026-01-31,2026-01-31,,True
2026-01-31,US:FIBK:NSQ,US:FIBK,FIBK:NSQ,FIBK,First Interstate Bancsystem Inc,NASDAQ,us,russell3000,Banks,ft_icb_native,2026-01-31,Financials,Banks,ft_native_v2,ft_index_membership_filtered,0.95,high,2026-01-31,https://markets.ft.com/data/equities/tearsheet/summary?s=FIBK:NSQ,2026-01-31T00:00:00+00:00,ft-us-2026-01-31,2026-01-31,,True
2026-01-31,US:FICO:NYQ,US:FICO,FICO:NYQ,FICO,Fair Isaac Corp,NYQ,us,russell3000,Industrial Support Services,ft_icb_native,2026-01-31,Technology,Industrial Support Services,ft_native_v2,ft_index_membership_filtered,0.95,high,2026-01-31,https://markets.ft.com/data/equities/tearsheet/summary?s=FICO:NYQ,2026-01-31T00:00:00+00:00,ft-us-2026-01-31,2026-01-31,,True
2026-01-31,US:FIGR:NSQ,US:FIGR,FIGR:NSQ,FIGR,Figure Technology Solutions Inc,NASDAQ,us,russell3000,Technology,ft_icb_native,2026-01-31,Financials,Technology,ft_native_v2,ft_index_membership_filtered,0.95,high,2026-01-31,https://markets.ft.com/data/equities/tearsheet/summary?s=FIGR:NSQ,2026-01-31T00:00:00+00:00,ft-us-2026-01-31,2026-01-31,,True
2026-01-31,US:FIGS:NYS,US:FIGS,FIGS:NYS,FIGS,Figs Inc,NYSE,us,russell3000,Personal Goods,ft_icb_native,2026-01-31,Consumer Discretionary,Personal Goods,ft_native_v2,ft_index_membership_filtered,0.95,high,2026-01-31,https://markets.ft.com/data/equities/tearsheet/summary?s=FIGS:NYS,2026-01-31T00:00:00+00:00,ft-us-2026-01-31,2026-01-31,,True
2026-01-31,US:FIP:NSQ,US:FIP,FIP:NSQ,FIP,Ftai Infrastructure Inc,NASDAQ,us,russell3000,Industrial Transportation,ft_icb_native,2026-01-31,Industrials,Industrial Transportation,ft_native_v2,ft_index_membership_filtered,0.95,high,2026-01-31,https://markets.ft.com/data/equities/tearsheet/summary?s=FIP:NSQ,2026-01-31T00:00:00+00:00,ft-us-2026-01-31,2026-01-31,,True
2026-01-31,US:FIS:NYQ,US:FIS,FIS:NYQ,FIS,Fidelity National Information Services Inc,NYQ,us,russell3000,Industrial Support Services,ft_icb_native,2026-01-31,Financials,Industrial Support Services,ft_native_v2,ft_index_membership_filtered,0.95,high,2026-01-31,https://markets.ft.com/data/equities/tearsheet/summary?s=FIS:NYQ,2026-01-31T00:00:00+00:00,ft-us-2026-01-31,2026-01-31,,True
2026-01-31,US:FISI:NSQ,US:FISI,FISI:NSQ,FISI,Financial Institutions Inc,NASDAQ,us,russell3000,Banks,ft_icb_native,2026-01-31,Financials,Banks,ft_native_v2,ft_index_membership_filtered,0.95,high,2026-01-31,https://markets.ft.com/data/equities/tearsheet/summary?s=FISI:NSQ,2026-01-31T00:00:00+00:00,ft-us-2026-01-31,2026-01-31,,True
2026-01-31,US:FISV:NSQ,US:FISV,FISV:NSQ,FISV,Fiserv Inc,NASDAQ,us,russell3000,Industrial Support Services,ft_icb_native,2026-01-31,Financials,Industrial Support Services,ft_native_v2,ft_index_membership_filtered,0.95,high,2026-01-31,https://markets.ft.com/data/equities/tearsheet/summary?s=FISV:NSQ,2026-01-31T00:00:00+00:00,ft-us-2026-01-31,2026-01-31,,True
2026-01-31,US:FITB:NSQ,US:FITB,FITB:NSQ,FITB,Fifth Third Bancorp,NASDAQ,us,russell3000,Banks,ft_icb_native,2026-01-31,Financials,Banks,ft_native_v2,ft_index_membership_filtered,0.95,high,2026-01-31,https://markets.ft.com/data/equities/tearsheet/summary?s=FITB:NSQ,2026-01-31T00:00:00+00:00,ft-us-2026-01-31,2026-01-31,,True
2026-01-31,US:FIVE:NSQ,US:FIVE,FIVE:NSQ,FIVE,Five Below Inc,NASDAQ,us,russell3000,Consumer Discretionary,ft_icb_native,2026-01-31,Consumer Discretionary,Consumer Discretionary,ft_native_v2,ft_index_membership_filtered,0.95,high,2026-01-31,https://markets.ft.com/data/equities/tearsheet/summary?s=FIVE:NSQ,2026-01-31T00:00:00+00:00,ft-us-2026-01-31,2026-01-31,,True
2026-01-31,US:FIVN:NMQ,US:FIVN,FIVN:NMQ,FIVN,Five9 Inc,NMQ,us,russell3000,Technology,ft_icb_native,2026-01-31,Technology,Technology,ft_native_v2,ft_index_membership_filtered,0.95,high,2026-01-31,https://markets.ft.com/data/equities/tearsheet/summary?s=FIVN:NMQ,2026-01-31T00:00:00+00:00,ft-us-2026-01-31,2026-01-31,,True
2026-01-31,US:FIX:NYQ,US:FIX,FIX:NYQ,FIX,Comfort Systems USA Inc,NYQ,us,russell3000,Construction and Materials,ft_icb_native,2026-01-31,Industrials,Construction and Materials,ft_native_v2,ft_index_membership_filtered,0.95,high,2026-01-31,https://markets.ft.com/data/equities/tearsheet/summary?s=FIX:NYQ,2026-01-31T00:00:00+00:00,ft-us-2026-01-31,2026-01-31,,True
2026-01-31,US:FIZZ:NSQ,US:FIZZ,FIZZ:NSQ,FIZZ,National Beverage Corp,NASDAQ,us,russell3000,Beverages,ft_icb_native,2026-01-31,Consumer Staples,Beverages,ft_native_v2,ft_index_membership_filtered,0.95,high,2026-01-31,https://markets.ft.com/data/equities/tearsheet/summary?s=FIZZ:NSQ,2026-01-31T00:00:00+00:00,ft-us-2026-01-31,2026-01-31,,True
2026-01-31,US:FLEX:NSQ,US:FLEX,FLEX:NSQ,FLEX,Flex Ltd,NASDAQ,us,russell3000,Technology Hardware and Equipment,ft_icb_native,2026-01-31,Technology,Technology Hardware and Equipment,ft_native_v2,ft_index_membership_filtered,0.95,high,2026-01-31,https://markets.ft.com/data/equities/tearsheet/summary?s=FLEX:NSQ,2026-01-31T00:00:00+00:00,ft-us-2026-01-31,2026-01-31,,True
2026-01-31,US:FLG:NYQ,US:FLG,FLG:NYQ,FLG,Flagstar Bank NA,NYQ,us,russell3000,Banks,ft_icb_native,2026-01-31,Financials,Banks,ft_native_v2,ft_index_membership_filtered,0.95,high,2026-01-31,https://markets.ft.com/data/equities/tearsheet/summary?s=FLG:NYQ,2026-01-31T00:00:00+00:00,ft-us-2026-01-31,2026-01-31,,True
2026-01-31,US:FLGT:NMQ,US:FLGT,FLGT:NMQ,FLGT,Fulgent Genetics Inc,NMQ,us,russell3000,Medical Equipment and Services,ft_icb_native,2026-01-31,Health Care,Medical Equipment and Services,ft_native_v2,ft_index_membership_filtered,0.95,high,2026-01-31,https://markets.ft.com/data/equities/tearsheet/summary?s=FLGT:NMQ,2026-01-31T00:00:00+00:00,ft-us-2026-01-31,2026-01-31,,True
2026-01-31,US:FLNC:NSQ,US:FLNC,FLNC:NSQ,FLNC,Fluence Energy Inc,NASDAQ,us,russell3000,Alternative Energy,ft_icb_native,2026-01-31,Industrials,Alternative Energy,ft_native_v2,ft_index_membership_filtered,0.95,high,2026-01-31,https://markets.ft.com/data/equities/tearsheet/summary?s=FLNC:NSQ,2026-01-31T00:00:00+00:00,ft-us-2026-01-31,2026-01-31,,True
2026-01-31,US:FLR:NYQ,US:FLR,FLR:NYQ,FLR,Fluor Corp,NYQ,us,russell3000,Construction and Materials,ft_icb_native,2026-01-31,Industrials,Construction and Materials,ft_native_v2,ft_index_membership_filtered,0.95,high,2026-01-31,https://markets.ft.com/data/equities/tearsheet/summary?s=FLR:NYQ,2026-01-31T00:00:00+00:00,ft-us-2026-01-31,2026-01-31,,True
2026-01-31,US:FLUT:NYQ,US:FLUT,FLUT:NYQ,FLUT,Flutter Entertainment PLC,NYQ,us,russell3000,Travel and Leisure,ft_icb_native,2026-01-31,Consumer Discretionary,Travel and Leisure,ft_native_v2,ft_index_membership_filtered,0.95,high,2026-01-31,https://markets.ft.com/data/equities/tearsheet/summary?s=FLUT:NYQ,2026-01-31T00:00:00+00:00,ft-us-2026-01-31,2026-01-31,,True
2026-01-31,US:FLWS:NSQ,US:FLWS,FLWS:NSQ,FLWS,1-800-Flowers.Com Inc,NASDAQ,us,russell3000,Consumer Discretionary,ft_icb_native,2026-01-31,Consumer Discretionary,Consumer Discretionary,ft_native_v2,ft_index_membership_filtered,0.95,high,2026-01-31,https://markets.ft.com/data/equities/tearsheet/summary?s=FLWS:NSQ,2026-01-31T00:00:00+00:00,ft-us-2026-01-31,2026-01-31,,True
2026-01-31,US:FLY:NMQ,US:FLY,FLY:NMQ,FLY,Firefly Aerospace Inc,NMQ,us,russell3000,Aerospace and Defense,ft_icb_native,2026-01-31,Industrials,Aerospace and Defense,ft_native_v2,ft_index_membership_filtered,0.95,high,2026-01-31,https://markets.ft.com/data/equities/tearsheet/summary?s=FLY:NMQ,2026-01-31T00:00:00+00:00,ft-us-2026-01-31,2026-01-31,,True
2026-01-31,US:FLYW:NSQ,US:FLYW,FLYW:NSQ,FLYW,Flywire Corp,NASDAQ,us,russell3000,Financial Services,ft_icb_native,2026-01-31,Financials,Financial Services,ft_native_v2,ft_index_membership_filtered_level3_fallback,0.65,medium,2026-01-31,https://markets.ft.com/data/equities/tearsheet/summary?s=FLYW:NSQ,2026-01-31T00:00:00+00:00,ft-us-2026-01-31,2026-01-31,,True
2026-01-31,US:FMAO:NAQ,US:FMAO,FMAO:NAQ,FMAO,Farmers & Merchants Bancorp Inc,NAQ,us,russell3000,Banks,ft_icb_native,2026-01-31,Financials,Banks,ft_native_v2,ft_index_membership_filtered,0.95,high,2026-01-31,https://markets.ft.com/data/equities/tearsheet/summary?s=FMAO:NAQ,2026-01-31T00:00:00+00:00,ft-us-2026-01-31,2026-01-31,,True
2026-01-31,US:FMBH:NMQ,US:FMBH,FMBH:NMQ,FMBH,First Mid Bancshares Inc,NMQ,us,russell3000,Banks,ft_icb_native,2026-01-31,Financials,Banks,ft_native_v2,ft_index_membership_filtered,0.95,high,2026-01-31,https://markets.ft.com/data/equities/tearsheet/summary?s=FMBH:NMQ,2026-01-31T00:00:00+00:00,ft-us-2026-01-31,2026-01-31,,True
2026-01-31,US:FMC:NYQ,US:FMC,FMC:NYQ,FMC,FMC Corp,NYQ,us,russell3000,Chemicals,ft_icb_native,2026-01-31,Basic Materials,Chemicals,ft_native_v2,ft_index_membership_filtered,0.95,high,2026-01-31,https://markets.ft.com/data/equities/tearsheet/summary?s=FMC:NYQ,2026-01-31T00:00:00+00:00,ft-us-2026-01-31,2026-01-31,,True
2026-01-31,US:FMNB:NAQ,US:FMNB,FMNB:NAQ,FMNB,Farmers National Banc Corp,NAQ,us,russell3000,Banks,ft_icb_native,2026-01-31,Financials,Banks,ft_native_v2,ft_index_membership_filtered,0.95,high,2026-01-31,https://markets.ft.com/data/equities/tearsheet/summary?s=FMNB:NAQ,2026-01-31T00:00:00+00:00,ft-us-2026-01-31,2026-01-31,,True
2026-01-31,US:FN:NYQ,US:FN,FN:NYQ,FN,Fabrinet,NYQ,us,russell3000,Technology Hardware and Equipment,ft_icb_native,2026-01-31,Technology,Technology Hardware and Equipment,ft_native_v2,ft_index_membership_filtered,0.95,high,2026-01-31,https://markets.ft.com/data/equities/tearsheet/summary?s=FN:NYQ,2026-01-31T00:00:00+00:00,ft-us-2026-01-31,2026-01-31,,True
2026-01-31,US:FNB:NYQ,US:FNB,FNB:NYQ,FNB,FNB Corp,NYQ,us,russell3000,Banks,ft_icb_native,2026-01-31,Financials,Banks,ft_native_v2,ft_index_membership_filtered,0.95,high,2026-01-31,https://markets.ft.com/data/equities/tearsheet/summary?s=FNB:NYQ,2026-01-31T00:00:00+00:00,ft-us-2026-01-31,2026-01-31,,True
2026-01-31,US:FND:NYQ,US:FND,FND:NYQ,FND,Floor & Decor Holdings Inc,NYQ,us,russell3000,Consumer Discretionary,ft_icb_native,2026-01-31,Consumer Discretionary,Consumer Discretionary,ft_native_v2,ft_index_membership_filtered,0.95,high,2026-01-31,https://markets.ft.com/data/equities/tearsheet/summary?s=FND:NYQ,2026-01-31T00:00:00+00:00,ft-us-2026-01-31,2026-01-31,,True
2026-01-31,US:FNF:NYQ,US:FNF,FNF:NYQ,FNF,Fidelity National Financial Inc,NYQ,us,russell3000,Non-life Insurance,ft_icb_native,2026-01-31,Financials,Non-life Insurance,ft_native_v2,ft_index_membership_filtered,0.95,high,2026-01-31,https://markets.ft.com/data/equities/tearsheet/summary?s=FNF:NYQ,2026-01-31T00:00:00+00:00,ft-us-2026-01-31,2026-01-31,,True
2026-01-31,US:FNKO:NSQ,US:FNKO,FNKO:NSQ,FNKO,Funko Inc,NASDAQ,us,russell3000,Leisure Goods,ft_icb_native,2026-01-31,Consumer Discretionary,Leisure Goods,ft_native_v2,ft_index_membership_filtered,0.95,high,2026-01-31,https://markets.ft.com/data/equities/tearsheet/summary?s=FNKO:NSQ,2026-01-31T00:00:00+00:00,ft-us-2026-01-31,2026-01-31,,True
2026-01-31,US:FNLC:NSQ,US:FNLC,FNLC:NSQ,FNLC,First Bancorp Inc,NASDAQ,us,russell3000,Banks,ft_icb_native,2026-01-31,Financials,Banks,ft_native_v2,ft_index_membership_filtered,0.95,high,2026-01-31,https://markets.ft.com/data/equities/tearsheet/summary?s=FNLC:NSQ,2026-01-31T00:00:00+00:00,ft-us-2026-01-31,2026-01-31,,True
2026-01-31,US:FOLD:NMQ,US:FOLD,FOLD:NMQ,FOLD,Amicus Therapeutics Inc,NMQ,us,russell3000,Pharmaceuticals and Biotechnology,ft_icb_native,2026-01-31,Health Care,Pharmaceuticals and Biotechnology,ft_native_v2,ft_index_membership_filtered,0.95,high,2026-01-31,https://markets.ft.com/data/equities/tearsheet/summary?s=FOLD:NMQ,2026-01-31T00:00:00+00:00,ft-us-2026-01-31,2026-01-31,,True
2026-01-31,US:FOR:NYS,US:FOR,FOR:NYS,FOR,Forestar Group Inc,NYSE,us,russell3000,Real Estate Investment and Services,ft_icb_native,2026-01-31,Real Estate,Real Estate Investment and Services,ft_native_v2,ft_index_membership_filtered,0.95,high,2026-01-31,https://markets.ft.com/data/equities/tearsheet/summary?s=FOR:NYS,2026-01-31T00:00:00+00:00,ft-us-2026-01-31,2026-01-31,,True
2026-01-31,US:FORM:NSQ,US:FORM,FORM:NSQ,FORM,FormFactor Inc,NASDAQ,us,russell3000,Technology Hardware and Equipment,ft_icb_native,2026-01-31,Technology,Technology Hardware and Equipment,ft_native_v2,ft_index_membership_filtered,0.95,high,2026-01-31,https://markets.ft.com/data/equities/tearsheet/summary?s=FORM:NSQ,2026-01-31T00:00:00+00:00,ft-us-2026-01-31,2026-01-31,,True
2026-01-31,US:FORR:NSQ,US:FORR,FORR:NSQ,FORR,Forrester Research Inc,NASDAQ,us,russell3000,Industrial Support Services,ft_icb_native,2026-01-31,Industrials,Industrial Support Services,ft_native_v2,ft_index_membership_filtered,0.95,high,2026-01-31,https://markets.ft.com/data/equities/tearsheet/summary?s=FORR:NSQ,2026-01-31T00:00:00+00:00,ft-us-2026-01-31,2026-01-31,,True
2026-01-31,US:FOUR:NYS,US:FOUR,FOUR:NYS,FOUR,Shift4 Payments Inc,NYSE,us,russell3000,Industrial Support Services,ft_icb_native,2026-01-31,Industrials,Industrial Support Services,ft_native_v2,ft_index_membership_filtered,0.95,high,2026-01-31,https://markets.ft.com/data/equities/tearsheet/summary?s=FOUR:NYS,2026-01-31T00:00:00+00:00,ft-us-2026-01-31,2026-01-31,,True
2026-01-31,US:FOX:NSQ,US:FOX,FOX:NSQ,FOX,"Twenty First Century Fox, Inc.",NASDAQ,us,russell3000,Media,ft_icb_native,2026-01-31,Telecommunications,Media,ft_native_v2,ft_index_membership_filtered,0.95,high,2026-01-31,https://markets.ft.com/data/equities/tearsheet/summary?s=FOX:NSQ,2026-01-31T00:00:00+00:00,ft-us-2026-01-31,2026-01-31,,True
2026-01-31,US:FOXA:NSQ,US:FOXA,FOXA:NSQ,FOXA,Fox Corp,NASDAQ,us,russell3000,Media,ft_icb_native,2026-01-31,Telecommunications,Media,ft_native_v2,ft_index_membership_filtered,0.95,high,2026-01-31,https://markets.ft.com/data/equities/tearsheet/summary?s=FOXA:NSQ,2026-01-31T00:00:00+00:00,ft-us-2026-01-31,2026-01-31,,True
2026-01-31,US:FOXF:NSQ,US:FOXF,FOXF:NSQ,FOXF,Fox Factory Holding Corp,NASDAQ,us,russell3000,Automobiles and Parts,ft_icb_native,2026-01-31,Consumer Discretionary,Automobiles and Parts,ft_native_v2,ft_index_membership_filtered,0.95,high,2026-01-31,https://markets.ft.com/data/equities/tearsheet/summary?s=FOXF:NSQ,2026-01-31T00:00:00+00:00,ft-us-2026-01-31,2026-01-31,,True
2026-01-31,US:FPI:NYS,US:FPI,FPI:NYS,FPI,Farmland Partners Inc,NYSE,us,russell3000,Real Estate Investment Trusts,ft_icb_native,2026-01-31,Real Estate,Real Estate Investment Trusts,ft_native_v2,ft_index_membership_filtered,0.95,high,2026-01-31,https://markets.ft.com/data/equities/tearsheet/summary?s=FPI:NYS,2026-01-31T00:00:00+00:00,ft-us-2026-01-31,2026-01-31,,True
2026-01-31,US:FR:NYQ,US:FR,FR:NYQ,FR,First Industrial Realty Trust Inc,NYQ,us,russell3000,Real Estate Investment Trusts,ft_icb_native,2026-01-31,Real Estate,Real Estate Investment Trusts,ft_native_v2,ft_index_membership_filtered,0.95,high,2026-01-31,https://markets.ft.com/data/equities/tearsheet/summary?s=FR:NYQ,2026-01-31T00:00:00+00:00,ft-us-2026-01-31,2026-01-31,,True
2026-01-31,US:FRBA:NMQ,US:FRBA,FRBA:NMQ,FRBA,FIRST BANK (Hamilton),NMQ,us,russell3000,Banks,ft_icb_native,2026-01-31,Financials,Banks,ft_native_v2,ft_index_membership_filtered,0.95,high,2026-01-31,https://markets.ft.com/data/equities/tearsheet/summary?s=FRBA:NMQ,2026-01-31T00:00:00+00:00,ft-us-2026-01-31,2026-01-31,,True
2026-01-31,US:FRGE:NYS,US:FRGE,FRGE:NYS,FRGE,Forge Global Holdings Inc,NYSE,us,russell3000,Investment Banking and Brokerage Services,ft_icb_native,2026-01-31,Financials,Investment Banking and Brokerage Services,ft_native_v2,ft_index_membership_filtered,0.95,high,2026-01-31,https://markets.ft.com/data/equities/tearsheet/summary?s=FRGE:NYS,2026-01-31T00:00:00+00:00,ft-us-2026-01-31,2026-01-31,,True
2026-01-31,US:FRHC:NAQ,US:FRHC,FRHC:NAQ,FRHC,Freedom Holding Corp,NAQ,us,russell3000,Investment Banking and Brokerage Services,ft_icb_native,2026-01-31,Financials,Investment Banking and Brokerage Services,ft_native_v2,ft_index_membership_filtered,0.95,high,2026-01-31,https://markets.ft.com/data/equities/tearsheet/summary?s=FRHC:NAQ,2026-01-31T00:00:00+00:00,ft-us-2026-01-31,2026-01-31,,True
2026-01-31,US:FRME:NSQ,US:FRME,FRME:NSQ,FRME,First Merchants Corp,NASDAQ,us,russell3000,Banks,ft_icb_native,2026-01-31,Financials,Banks,ft_native_v2,ft_index_membership_filtered,0.95,high,2026-01-31,https://markets.ft.com/data/equities/tearsheet/summary?s=FRME:NSQ,2026-01-31T00:00:00+00:00,ft-us-2026-01-31,2026-01-31,,True
2026-01-31,US:FRPH:NSQ,US:FRPH,FRPH:NSQ,FRPH,FRP Holdings Inc,NASDAQ,us,russell3000,Real Estate Investment and Services,ft_icb_native,2026-01-31,Real Estate,Real Estate Investment and Services,ft_native_v2,ft_index_membership_filtered,0.95,high,2026-01-31,https://markets.ft.com/data/equities/tearsheet/summary?s=FRPH:NSQ,2026-01-31T00:00:00+00:00,ft-us-2026-01-31,2026-01-31,,True
2026-01-31,US:FRPT:NMQ,US:FRPT,FRPT:NMQ,FRPT,Freshpet Inc,NMQ,us,russell3000,Food Producers,ft_icb_native,2026-01-31,Consumer Staples,Food Producers,ft_native_v2,ft_index_membership_filtered,0.95,high,2026-01-31,https://markets.ft.com/data/equities/tearsheet/summary?s=FRPT:NMQ,2026-01-31T00:00:00+00:00,ft-us-2026-01-31,2026-01-31,,True
2026-01-31,US:FRSH:NSQ,US:FRSH,FRSH:NSQ,FRSH,Freshworks Inc,NASDAQ,us,russell3000,Technology,ft_icb_native,2026-01-31,Technology,Technology,ft_native_v2,ft_index_membership_filtered,0.95,high,2026-01-31,https://markets.ft.com/data/equities/tearsheet/summary?s=FRSH:NSQ,2026-01-31T00:00:00+00:00,ft-us-2026-01-31,2026-01-31,,True
2026-01-31,US:FRST:NMQ,US:FRST,FRST:NMQ,FRST,Primis Financial Corp,NMQ,us,russell3000,Banks,ft_icb_native,2026-01-31,Financials,Banks,ft_native_v2,ft_index_membership_filtered,0.95,high,2026-01-31,https://markets.ft.com/data/equities/tearsheet/summary?s=FRST:NMQ,2026-01-31T00:00:00+00:00,ft-us-2026-01-31,2026-01-31,,True
2026-01-31,US:FRT:NYQ,US:FRT,FRT:NYQ,FRT,Federal Realty Investment Trust,NYQ,us,russell3000,Real Estate Investment Trusts,ft_icb_native,2026-01-31,Real Estate,Real Estate Investment Trusts,ft_native_v2,ft_index_membership_filtered,0.95,high,2026-01-31,https://markets.ft.com/data/equities/tearsheet/summary?s=FRT:NYQ,2026-01-31T00:00:00+00:00,ft-us-2026-01-31,2026-01-31,,True
2026-01-31,US:FSBC:NSQ,US:FSBC,FSBC:NSQ,FSBC,Five Star Bancorp,NASDAQ,us,russell3000,Banks,ft_icb_native,2026-01-31,Financials,Banks,ft_native_v2,ft_index_membership_filtered,0.95,high,2026-01-31,https://markets.ft.com/data/equities/tearsheet/summary?s=FSBC:NSQ,2026-01-31T00:00:00+00:00,ft-us-2026-01-31,2026-01-31,,True
2026-01-31,US:FSBW:NAQ,US:FSBW,FSBW:NAQ,FSBW,FS Bancorp Inc,NAQ,us,russell3000,Banks,ft_icb_native,2026-01-31,Financials,Banks,ft_native_v2,ft_index_membership_filtered,0.95,high,2026-01-31,https://markets.ft.com/data/equities/tearsheet/summary?s=FSBW:NAQ,2026-01-31T00:00:00+00:00,ft-us-2026-01-31,2026-01-31,,True
2026-01-31,US:FSLR:NSQ,US:FSLR,FSLR:NSQ,FSLR,First Solar Inc,NASDAQ,us,russell3000,Alternative Energy,ft_icb_native,2026-01-31,Technology,Alternative Energy,ft_native_v2,ft_index_membership_filtered,0.95,high,2026-01-31,https://markets.ft.com/data/equities/tearsheet/summary?s=FSLR:NSQ,2026-01-31T00:00:00+00:00,ft-us-2026-01-31,2026-01-31,,True
2026-01-31,US:FSLY:NSQ,US:FSLY,FSLY:NSQ,FSLY,Fastly Inc,NASDAQ,us,russell3000,Technology,ft_icb_native,2026-01-31,Technology,Technology,ft_native_v2,ft_index_membership_filtered,0.95,high,2026-01-31,https://markets.ft.com/data/equities/tearsheet/summary?s=FSLY:NSQ,2026-01-31T00:00:00+00:00,ft-us-2026-01-31,2026-01-31,,True
2026-01-31,US:FSS:NYQ,US:FSS,FSS:NYQ,FSS,Federal Signal Corp,NYQ,us,russell3000,Industrial Transportation,ft_icb_native,2026-01-31,Industrials,Industrial Transportation,ft_native_v2,ft_index_membership_filtered,0.95,high,2026-01-31,https://markets.ft.com/data/equities/tearsheet/summary?s=FSS:NYQ,2026-01-31T00:00:00+00:00,ft-us-2026-01-31,2026-01-31,,True
2026-01-31,US:FSUN:NSQ,US:FSUN,FSUN:NSQ,FSUN,Firstsun Capital Bancorp,NASDAQ,us,russell3000,Banks,ft_icb_native,2026-01-31,Financials,Banks,ft_native_v2,ft_index_membership_filtered,0.95,high,2026-01-31,https://markets.ft.com/data/equities/tearsheet/summary?s=FSUN:NSQ,2026-01-31T00:00:00+00:00,ft-us-2026-01-31,2026-01-31,,True
2026-01-31,US:FTAI:NSQ,US:FTAI,FTAI:NSQ,FTAI,FTAI Aviation Ltd,NASDAQ,us,russell3000,Industrial Transportation,ft_icb_native,2026-01-31,Industrials,Industrial Transportation,ft_native_v2,ft_index_membership_filtered,0.95,high,2026-01-31,https://markets.ft.com/data/equities/tearsheet/summary?s=FTAI:NSQ,2026-01-31T00:00:00+00:00,ft-us-2026-01-31,2026-01-31,,True
2026-01-31,US:FTDR:NSQ,US:FTDR,FTDR:NSQ,FTDR,Frontdoor Inc,NASDAQ,us,russell3000,Consumer Services,ft_icb_native,2026-01-31,Consumer Discretionary,Consumer Services,ft_native_v2,ft_index_membership_filtered,0.95,high,2026-01-31,https://markets.ft.com/data/equities/tearsheet/summary?s=FTDR:NSQ,2026-01-31T00:00:00+00:00,ft-us-2026-01-31,2026-01-31,,True
2026-01-31,US:FTI:NYQ,US:FTI,FTI:NYQ,FTI,TechnipFMC PLC,NYQ,us,russell3000,"Oil, Gas and Coal",ft_icb_native,2026-01-31,Energy,"Oil, Gas and Coal",ft_native_v2,ft_index_membership_filtered,0.95,high,2026-01-31,https://markets.ft.com/data/equities/tearsheet/summary?s=FTI:NYQ,2026-01-31T00:00:00+00:00,ft-us-2026-01-31,2026-01-31,,True
2026-01-31,US:FTNT:NSQ,US:FTNT,FTNT:NSQ,FTNT,Fortinet Inc,NASDAQ,us,russell3000,Technology,ft_icb_native,2026-01-31,Technology,Technology,ft_native_v2,ft_index_membership_filtered,0.95,high,2026-01-31,https://markets.ft.com/data/equities/tearsheet/summary?s=FTNT:NSQ,2026-01-31T00:00:00+00:00,ft-us-2026-01-31,2026-01-31,,True
2026-01-31,US:FTRE:NSQ,US:FTRE,FTRE:NSQ,FTRE,Fortrea Holdings Inc,NASDAQ,us,russell3000,Pharmaceuticals and Biotechnology,ft_icb_native,2026-01-31,Health Care,Pharmaceuticals and Biotechnology,ft_native_v2,ft_index_membership_filtered,0.95,high,2026-01-31,https://markets.ft.com/data/equities/tearsheet/summary?s=FTRE:NSQ,2026-01-31T00:00:00+00:00,ft-us-2026-01-31,2026-01-31,,True
2026-01-31,US:FTV:NYQ,US:FTV,FTV:NYQ,FTV,Fortive Corp,NYQ,us,russell3000,Electronic and Electrical Equipment,ft_icb_native,2026-01-31,Industrials,Electronic and Electrical Equipment,ft_native_v2,ft_index_membership_filtered,0.95,high,2026-01-31,https://markets.ft.com/data/equities/tearsheet/summary?s=FTV:NYQ,2026-01-31T00:00:00+00:00,ft-us-2026-01-31,2026-01-31,,True
2026-01-31,US:FUBO:NYQ,US:FUBO,FUBO:NYQ,FUBO,FuboTV Inc,NYQ,us,russell3000,Telecommunications Service Providers,ft_icb_native,2026-01-31,Telecommunications,Telecommunications Service Providers,ft_native_v2,ft_index_membership_filtered,0.95,high,2026-01-31,https://markets.ft.com/data/equities/tearsheet/summary?s=FUBO:NYQ,2026-01-31T00:00:00+00:00,ft-us-2026-01-31,2026-01-31,,True
2026-01-31,US:FUL:NYQ,US:FUL,FUL:NYQ,FUL,H.B. Fuller Company,NYQ,us,russell3000,General Industrials,ft_icb_native,2026-01-31,Basic Materials,General Industrials,ft_native_v2,ft_index_membership_filtered,0.95,high,2026-01-31,https://markets.ft.com/data/equities/tearsheet/summary?s=FUL:NYQ,2026-01-31T00:00:00+00:00,ft-us-2026-01-31,2026-01-31,,True
2026-01-31,US:FULC:NMQ,US:FULC,FULC:NMQ,FULC,Fulcrum Therapeutics Inc,NMQ,us,russell3000,Pharmaceuticals and Biotechnology,ft_icb_native,2026-01-31,Health Care,Pharmaceuticals and Biotechnology,ft_native_v2,ft_index_membership_filtered,0.95,high,2026-01-31,https://markets.ft.com/data/equities/tearsheet/summary?s=FULC:NMQ,2026-01-31T00:00:00+00:00,ft-us-2026-01-31,2026-01-31,,True
2026-01-31,US:FULT:NSQ,US:FULT,FULT:NSQ,FULT,Fulton Financial Corp,NASDAQ,us,russell3000,Banks,ft_icb_native,2026-01-31,Financials,Banks,ft_native_v2,ft_index_membership_filtered,0.95,high,2026-01-31,https://markets.ft.com/data/equities/tearsheet/summary?s=FULT:NSQ,2026-01-31T00:00:00+00:00,ft-us-2026-01-31,2026-01-31,,True
2026-01-31,US:FUN:NYQ,US:FUN,FUN:NYQ,FUN,Six Flags Entertainment Corp,NYQ,us,russell3000,Travel and Leisure,ft_icb_native,2026-01-31,Consumer Discretionary,Travel and Leisure,ft_native_v2,ft_index_membership_filtered,0.95,high,2026-01-31,https://markets.ft.com/data/equities/tearsheet/summary?s=FUN:NYQ,2026-01-31T00:00:00+00:00,ft-us-2026-01-31,2026-01-31,,True
2026-01-31,US:FWONA:NSQ,US:FWONA,FWONA:NSQ,FWONA,Formula One Group,NASDAQ,us,russell3000,Media,ft_icb_native,2026-01-31,Telecommunications,Media,ft_native_v2,ft_index_membership_filtered,0.95,high,2026-01-31,https://markets.ft.com/data/equities/tearsheet/summary?s=FWONA:NSQ,2026-01-31T00:00:00+00:00,ft-us-2026-01-31,2026-01-31,,True
2026-01-31,US:FWONK:NSQ,US:FWONK,FWONK:NSQ,FWONK,Liberty Formula One,NASDAQ,us,russell3000,Media,ft_icb_native,2026-01-31,Telecommunications,Media,ft_native_v2,ft_index_membership_filtered,0.95,high,2026-01-31,https://markets.ft.com/data/equities/tearsheet/summary?s=FWONK:NSQ,2026-01-31T00:00:00+00:00,ft-us-2026-01-31,2026-01-31,,True
2026-01-31,US:FWRD:NSQ,US:FWRD,FWRD:NSQ,FWRD,Forward Air Corp (Delaware),NASDAQ,us,russell3000,Industrial Transportation,ft_icb_native,2026-01-31,Industrials,Industrial Transportation,ft_native_v2,ft_index_membership_filtered,0.95,high,2026-01-31,https://markets.ft.com/data/equities/tearsheet/summary?s=FWRD:NSQ,2026-01-31T00:00:00+00:00,ft-us-2026-01-31,2026-01-31,,True
2026-01-31,US:FWRG:NSQ,US:FWRG,FWRG:NSQ,FWRG,First Watch Restaurant Group Inc,NASDAQ,us,russell3000,Travel and Leisure,ft_icb_native,2026-01-31,Consumer Discretionary,Travel and Leisure,ft_native_v2,ft_index_membership_filtered,0.95,high,2026-01-31,https://markets.ft.com/data/equities/tearsheet/summary?s=FWRG:NSQ,2026-01-31T00:00:00+00:00,ft-us-2026-01-31,2026-01-31,,True
2026-01-31,US:G:NYQ,US:G,G:NYQ,G,Genpact Ltd,NYQ,us,russell3000,Industrial Support Services,ft_icb_native,2026-01-31,Industrials,Industrial Support Services,ft_native_v2,ft_index_membership_filtered,0.95,high,2026-01-31,https://markets.ft.com/data/equities/tearsheet/summary?s=G:NYQ,2026-01-31T00:00:00+00:00,ft-us-2026-01-31,2026-01-31,,True
2026-01-31,US:GABC:NSQ,US:GABC,GABC:NSQ,GABC,German American Bancorp Inc,NASDAQ,us,russell3000,Banks,ft_icb_native,2026-01-31,Financials,Banks,ft_native_v2,ft_index_membership_filtered,0.95,high,2026-01-31,https://markets.ft.com/data/equities/tearsheet/summary?s=GABC:NSQ,2026-01-31T00:00:00+00:00,ft-us-2026-01-31,2026-01-31,,True
2026-01-31,US:GAP:NYQ,US:GAP,GAP:NYQ,GAP,Gap Inc,NYQ,us,russell3000,Consumer Discretionary,ft_icb_native,2026-01-31,Consumer Discretionary,Consumer Discretionary,ft_native_v2,ft_index_membership_filtered,0.95,high,2026-01-31,https://markets.ft.com/data/equities/tearsheet/summary?s=GAP:NYQ,2026-01-31T00:00:00+00:00,ft-us-2026-01-31,2026-01-31,,True
2026-01-31,US:GATX:NYQ,US:GATX,GATX:NYQ,GATX,GATX Corp,NYQ,us,russell3000,Industrial Transportation,ft_icb_native,2026-01-31,Industrials,Industrial Transportation,ft_native_v2,ft_index_membership_filtered,0.95,high,2026-01-31,https://markets.ft.com/data/equities/tearsheet/summary?s=GATX:NYQ,2026-01-31T00:00:00+00:00,ft-us-2026-01-31,2026-01-31,,True
2026-01-31,US:GBCI:NYQ,US:GBCI,GBCI:NYQ,GBCI,Glacier Bancorp Inc,NYQ,us,russell3000,Banks,ft_icb_native,2026-01-31,Financials,Banks,ft_native_v2,ft_index_membership_filtered,0.95,high,2026-01-31,https://markets.ft.com/data/equities/tearsheet/summary?s=GBCI:NYQ,2026-01-31T00:00:00+00:00,ft-us-2026-01-31,2026-01-31,,True
2026-01-31,US:GBTG:NYQ,US:GBTG,GBTG:NYQ,GBTG,Global Business Travel Group Inc,NYQ,us,russell3000,Travel and Leisure,ft_icb_native,2026-01-31,Consumer Discretionary,Travel and Leisure,ft_native_v2,ft_index_membership_filtered,0.95,high,2026-01-31,https://markets.ft.com/data/equities/tearsheet/summary?s=GBTG:NYQ,2026-01-31T00:00:00+00:00,ft-us-2026-01-31,2026-01-31,,True
2026-01-31,US:GBX:NYQ,US:GBX,GBX:NYQ,GBX,Greenbrier Companies Inc,NYQ,us,russell3000,Industrial Transportation,ft_icb_native,2026-01-31,Industrials,Industrial Transportation,ft_native_v2,ft_index_membership_filtered,0.95,high,2026-01-31,https://markets.ft.com/data/equities/tearsheet/summary?s=GBX:NYQ,2026-01-31T00:00:00+00:00,ft-us-2026-01-31,2026-01-31,,True
2026-01-31,US:GCMG:NMQ,US:GCMG,GCMG:NMQ,GCMG,GCM Grosvenor Inc,NMQ,us,russell3000,Investment Banking and Brokerage Services,ft_icb_native,2026-01-31,Financials,Investment Banking and Brokerage Services,ft_native_v2,ft_index_membership_filtered,0.95,high,2026-01-31,https://markets.ft.com/data/equities/tearsheet/summary?s=GCMG:NMQ,2026-01-31T00:00:00+00:00,ft-us-2026-01-31,2026-01-31,,True
2026-01-31,US:GCO:NYQ,US:GCO,GCO:NYQ,GCO,Genesco Inc,NYQ,us,russell3000,Consumer Discretionary,ft_icb_native,2026-01-31,Consumer Discretionary,Consumer Discretionary,ft_native_v2,ft_index_membership_filtered,0.95,high,2026-01-31,https://markets.ft.com/data/equities/tearsheet/summary?s=GCO:NYQ,2026-01-31T00:00:00+00:00,ft-us-2026-01-31,2026-01-31,,True
2026-01-31,US:GCT:NMQ,US:GCT,GCT:NMQ,GCT,GigaCloud Technology Inc,NMQ,us,russell3000,Consumer Discretionary,ft_icb_native,2026-01-31,Consumer Discretionary,Consumer Discretionary,ft_native_v2,ft_index_membership_filtered,0.95,high,2026-01-31,https://markets.ft.com/data/equities/tearsheet/summary?s=GCT:NMQ,2026-01-31T00:00:00+00:00,ft-us-2026-01-31,2026-01-31,,True
2026-01-31,US:GD:NYQ,US:GD,GD:NYQ,GD,General Dynamics Corp,NYQ,us,russell3000,Aerospace and Defense,ft_icb_native,2026-01-31,Industrials,Aerospace and Defense,ft_native_v2,ft_index_membership_filtered,0.95,high,2026-01-31,https://markets.ft.com/data/equities/tearsheet/summary?s=GD:NYQ,2026-01-31T00:00:00+00:00,ft-us-2026-01-31,2026-01-31,,True
2026-01-31,US:GDDY:NYS,US:GDDY,GDDY:NYS,GDDY,GoDaddy Inc,NYSE,us,russell3000,Technology,ft_icb_native,2026-01-31,Technology,Technology,ft_native_v2,ft_index_membership_filtered,0.95,high,2026-01-31,https://markets.ft.com/data/equities/tearsheet/summary?s=GDDY:NYS,2026-01-31T00:00:00+00:00,ft-us-2026-01-31,2026-01-31,,True
2026-01-31,US:GDEN:NMQ,US:GDEN,GDEN:NMQ,GDEN,Golden Entertainment Inc,NMQ,us,russell3000,Travel and Leisure,ft_icb_native,2026-01-31,Consumer Discretionary,Travel and Leisure,ft_native_v2,ft_index_membership_filtered,0.95,high,2026-01-31,https://markets.ft.com/data/equities/tearsheet/summary?s=GDEN:NMQ,2026-01-31T00:00:00+00:00,ft-us-2026-01-31,2026-01-31,,True
2026-01-31,US:GDOT:NYQ,US:GDOT,GDOT:NYQ,GDOT,Green Dot Corp,NYQ,us,russell3000,Industrial Support Services,ft_icb_native,2026-01-31,Financials,Industrial Support Services,ft_native_v2,ft_index_membership_filtered,0.95,high,2026-01-31,https://markets.ft.com/data/equities/tearsheet/summary?s=GDOT:NYQ,2026-01-31T00:00:00+00:00,ft-us-2026-01-31,2026-01-31,,True
2026-01-31,US:GDYN:NAQ,US:GDYN,GDYN:NAQ,GDYN,Grid Dynamics Holdings Inc,NAQ,us,russell3000,Technology,ft_icb_native,2026-01-31,Technology,Technology,ft_native_v2,ft_index_membership_filtered,0.95,high,2026-01-31,https://markets.ft.com/data/equities/tearsheet/summary?s=GDYN:NAQ,2026-01-31T00:00:00+00:00,ft-us-2026-01-31,2026-01-31,,True
2026-01-31,US:GE:NYQ,US:GE,GE:NYQ,GE,GE Aerospace,NYQ,us,russell3000,Aerospace and Defense,ft_icb_native,2026-01-31,Industrials,Aerospace and Defense,ft_native_v2,ft_index_membership_filtered,0.95,high,2026-01-31,https://markets.ft.com/data/equities/tearsheet/summary?s=GE:NYQ,2026-01-31T00:00:00+00:00,ft-us-2026-01-31,2026-01-31,,True
2026-01-31,US:GEF:NYQ,US:GEF,GEF:NYQ,GEF,Greif Inc,NYQ,us,russell3000,General Industrials,ft_icb_native,2026-01-31,Basic Materials,General Industrials,ft_native_v2,ft_index_membership_filtered,0.95,high,2026-01-31,https://markets.ft.com/data/equities/tearsheet/summary?s=GEF:NYQ,2026-01-31T00:00:00+00:00,ft-us-2026-01-31,2026-01-31,,True
2026-01-31,US:GEF.B:NYS,US:GEF.B,GEF.B:NYS,GEF.B,Greif Inc,NYSE,us,russell3000,General Industrials,ft_icb_native,2026-01-31,Industrials,General Industrials,ft_native_v2,ft_index_membership_filtered,0.95,high,2026-01-31,https://markets.ft.com/data/equities/tearsheet/summary?s=GEF.B:NYS,2026-01-31T00:00:00+00:00,ft-us-2026-01-31,2026-01-31,,True
2026-01-31,US:GEHC:NSQ,US:GEHC,GEHC:NSQ,GEHC,GE Healthcare Technologies Inc,NASDAQ,us,russell3000,Medical Equipment and Services,ft_icb_native,2026-01-31,Health Care,Medical Equipment and Services,ft_native_v2,ft_index_membership_filtered,0.95,high,2026-01-31,https://markets.ft.com/data/equities/tearsheet/summary?s=GEHC:NSQ,2026-01-31T00:00:00+00:00,ft-us-2026-01-31,2026-01-31,,True
2026-01-31,US:GEN:NSQ,US:GEN,GEN:NSQ,GEN,Gen Digital Inc,NASDAQ,us,russell3000,Technology,ft_icb_native,2026-01-31,Technology,Technology,ft_native_v2,ft_index_membership_filtered,0.95,high,2026-01-31,https://markets.ft.com/data/equities/tearsheet/summary?s=GEN:NSQ,2026-01-31T00:00:00+00:00,ft-us-2026-01-31,2026-01-31,,True
2026-01-31,US:GEO:NYQ,US:GEO,GEO:NYQ,GEO,Geo Group Inc,NYQ,us,russell3000,Industrial Support Services,ft_icb_native,2026-01-31,Industrials,Industrial Support Services,ft_native_v2,ft_index_membership_filtered,0.95,high,2026-01-31,https://markets.ft.com/data/equities/tearsheet/summary?s=GEO:NYQ,2026-01-31T00:00:00+00:00,ft-us-2026-01-31,2026-01-31,,True
2026-01-31,US:GERN:NSQ,US:GERN,GERN:NSQ,GERN,Geron Corp,NASDAQ,us,russell3000,Pharmaceuticals and Biotechnology,ft_icb_native,2026-01-31,Health Care,Pharmaceuticals and Biotechnology,ft_native_v2,ft_index_membership_filtered,0.95,high,2026-01-31,https://markets.ft.com/data/equities/tearsheet/summary?s=GERN:NSQ,2026-01-31T00:00:00+00:00,ft-us-2026-01-31,2026-01-31,,True
2026-01-31,US:GETY:NYS,US:GETY,GETY:NYS,GETY,Getty Images Holdings Inc,NYSE,us,russell3000,Technology,ft_icb_native,2026-01-31,Technology,Technology,ft_native_v2,ft_index_membership_filtered,0.95,high,2026-01-31,https://markets.ft.com/data/equities/tearsheet/summary?s=GETY:NYS,2026-01-31T00:00:00+00:00,ft-us-2026-01-31,2026-01-31,,True
2026-01-31,US:GEV:NYQ,US:GEV,GEV:NYQ,GEV,GE Vernova Inc,NYQ,us,russell3000,General Industrials,ft_icb_native,2026-01-31,Industrials,General Industrials,ft_native_v2,ft_index_membership_filtered,0.95,high,2026-01-31,https://markets.ft.com/data/equities/tearsheet/summary?s=GEV:NYQ,2026-01-31T00:00:00+00:00,ft-us-2026-01-31,2026-01-31,,True
2026-01-31,US:GFF:NYQ,US:GFF,GFF:NYQ,GFF,Griffon Corp,NYQ,us,russell3000,Construction and Materials,ft_icb_native,2026-01-31,Industrials,Construction and Materials,ft_native_v2,ft_index_membership_filtered,0.95,high,2026-01-31,https://markets.ft.com/data/equities/tearsheet/summary?s=GFF:NYQ,2026-01-31T00:00:00+00:00,ft-us-2026-01-31,2026-01-31,,True
2026-01-31,US:GFS:NSQ,US:GFS,GFS:NSQ,GFS,GlobalFoundries Inc,NASDAQ,us,russell3000,Technology Hardware and Equipment,ft_icb_native,2026-01-31,Technology,Technology Hardware and Equipment,ft_native_v2,ft_index_membership_filtered,0.95,high,2026-01-31,https://markets.ft.com/data/equities/tearsheet/summary?s=GFS:NSQ,2026-01-31T00:00:00+00:00,ft-us-2026-01-31,2026-01-31,,True
2026-01-31,US:GGG:NYQ,US:GGG,GGG:NYQ,GGG,Graco Inc,NYQ,us,russell3000,Industrial Engineering,ft_icb_native,2026-01-31,Industrials,Industrial Engineering,ft_native_v2,ft_index_membership_filtered,0.95,high,2026-01-31,https://markets.ft.com/data/equities/tearsheet/summary?s=GGG:NYQ,2026-01-31T00:00:00+00:00,ft-us-2026-01-31,2026-01-31,,True
2026-01-31,US:GH:NSQ,US:GH,GH:NSQ,GH,Guardant Health Inc,NASDAQ,us,russell3000,Pharmaceuticals and Biotechnology,ft_icb_native,2026-01-31,Health Care,Pharmaceuticals and Biotechnology,ft_native_v2,ft_index_membership_filtered,0.95,high,2026-01-31,https://markets.ft.com/data/equities/tearsheet/summary?s=GH:NSQ,2026-01-31T00:00:00+00:00,ft-us-2026-01-31,2026-01-31,,True
2026-01-31,US:GHC:NYQ,US:GHC,GHC:NYQ,GHC,Graham Holdings Co,NYQ,us,russell3000,Consumer Services,ft_icb_native,2026-01-31,Consumer Discretionary,Consumer Services,ft_native_v2,ft_index_membership_filtered,0.95,high,2026-01-31,https://markets.ft.com/data/equities/tearsheet/summary?s=GHC:NYQ,2026-01-31T00:00:00+00:00,ft-us-2026-01-31,2026-01-31,,True
2026-01-31,US:GHM:NYQ,US:GHM,GHM:NYQ,GHM,Graham Corp,NYQ,us,russell3000,Industrial Engineering,ft_icb_native,2026-01-31,Industrials,Industrial Engineering,ft_native_v2,ft_index_membership_filtered,0.95,high,2026-01-31,https://markets.ft.com/data/equities/tearsheet/summary?s=GHM:NYQ,2026-01-31T00:00:00+00:00,ft-us-2026-01-31,2026-01-31,,True
2026-01-31,US:GIC:NYQ,US:GIC,GIC:NYQ,GIC,Global Industrial Co,NYQ,us,russell3000,Consumer Discretionary,ft_icb_native,2026-01-31,Industrials,Consumer Discretionary,ft_native_v2,ft_index_membership_filtered,0.95,high,2026-01-31,https://markets.ft.com/data/equities/tearsheet/summary?s=GIC:NYQ,2026-01-31T00:00:00+00:00,ft-us-2026-01-31,2026-01-31,,True
2026-01-31,US:GIII:NSQ,US:GIII,GIII:NSQ,GIII,G-III Apparel Group Ltd,NASDAQ,us,russell3000,Personal Goods,ft_icb_native,2026-01-31,Consumer Discretionary,Personal Goods,ft_native_v2,ft_index_membership_filtered,0.95,high,2026-01-31,https://markets.ft.com/data/equities/tearsheet/summary?s=GIII:NSQ,2026-01-31T00:00:00+00:00,ft-us-2026-01-31,2026-01-31,,True
2026-01-31,US:GILD:NSQ,US:GILD,GILD:NSQ,GILD,Gilead Sciences Inc,NASDAQ,us,russell3000,Pharmaceuticals and Biotechnology,ft_icb_native,2026-01-31,Health Care,Pharmaceuticals and Biotechnology,ft_native_v2,ft_index_membership_filtered,0.95,high,2026-01-31,https://markets.ft.com/data/equities/tearsheet/summary?s=GILD:NSQ,2026-01-31T00:00:00+00:00,ft-us-2026-01-31,2026-01-31,,True
2026-01-31,US:GIS:NYQ,US:GIS,GIS:NYQ,GIS,General Mills Inc,NYQ,us,russell3000,Food Producers,ft_icb_native,2026-01-31,Consumer Staples,Food Producers,ft_native_v2,ft_index_membership_filtered,0.95,high,2026-01-31,https://markets.ft.com/data/equities/tearsheet/summary?s=GIS:NYQ,2026-01-31T00:00:00+00:00,ft-us-2026-01-31,2026-01-31,,True
2026-01-31,US:GKOS:NYQ,US:GKOS,GKOS:NYQ,GKOS,Glaukos Corp,NYQ,us,russell3000,Medical Equipment and Services,ft_icb_native,2026-01-31,Health Care,Medical Equipment and Services,ft_native_v2,ft_index_membership_filtered,0.95,high,2026-01-31,https://markets.ft.com/data/equities/tearsheet/summary?s=GKOS:NYQ,2026-01-31T00:00:00+00:00,ft-us-2026-01-31,2026-01-31,,True
2026-01-31,US:GL:NYQ,US:GL,GL:NYQ,GL,Globe Life Inc,NYQ,us,russell3000,Life Insurance,ft_icb_native,2026-01-31,Financials,Life Insurance,ft_native_v2,ft_index_membership_filtered,0.95,high,2026-01-31,https://markets.ft.com/data/equities/tearsheet/summary?s=GL:NYQ,2026-01-31T00:00:00+00:00,ft-us-2026-01-31,2026-01-31,,True
2026-01-31,US:GLDD:NSQ,US:GLDD,GLDD:NSQ,GLDD,Great Lakes Dredge & Dock Corp,NASDAQ,us,russell3000,Construction and Materials,ft_icb_native,2026-01-31,Industrials,Construction and Materials,ft_native_v2,ft_index_membership_filtered,0.95,high,2026-01-31,https://markets.ft.com/data/equities/tearsheet/summary?s=GLDD:NSQ,2026-01-31T00:00:00+00:00,ft-us-2026-01-31,2026-01-31,,True
2026-01-31,US:GLIBA:NSQ,US:GLIBA,GLIBA:NSQ,GLIBA,GCI Liberty Inc,NASDAQ,us,russell3000,Telecommunications Service Providers,ft_icb_native,2026-01-31,Telecommunications,Telecommunications Service Providers,ft_native_v2,ft_index_membership_filtered,0.95,high,2026-01-31,https://markets.ft.com/data/equities/tearsheet/summary?s=GLIBA:NSQ,2026-01-31T00:00:00+00:00,ft-us-2026-01-31,2026-01-31,,True
2026-01-31,US:GLIBK:NSQ,US:GLIBK,GLIBK:NSQ,GLIBK,GCI Liberty Inc,NASDAQ,us,russell3000,Telecommunications Service Providers,ft_icb_native,2026-01-31,Telecommunications,Telecommunications Service Providers,ft_native_v2,ft_index_membership_filtered,0.95,high,2026-01-31,https://markets.ft.com/data/equities/tearsheet/summary?s=GLIBK:NSQ,2026-01-31T00:00:00+00:00,ft-us-2026-01-31,2026-01-31,,True
2026-01-31,US:GLOB:NYQ,US:GLOB,GLOB:NYQ,GLOB,Globant SA,NYQ,us,russell3000,Technology,ft_icb_native,2026-01-31,Technology,Technology,ft_native_v2,ft_index_membership_filtered,0.95,high,2026-01-31,https://markets.ft.com/data/equities/tearsheet/summary?s=GLOB:NYQ,2026-01-31T00:00:00+00:00,ft-us-2026-01-31,2026-01-31,,True
2026-01-31,US:GLPI:NSQ,US:GLPI,GLPI:NSQ,GLPI,Gaming and Leisure Properties Inc,NASDAQ,us,russell3000,Real Estate Investment Trusts,ft_icb_native,2026-01-31,Real Estate,Real Estate Investment Trusts,ft_native_v2,ft_index_membership_filtered,0.95,high,2026-01-31,https://markets.ft.com/data/equities/tearsheet/summary?s=GLPI:NSQ,2026-01-31T00:00:00+00:00,ft-us-2026-01-31,2026-01-31,,True
2026-01-31,US:GLRE:NSQ,US:GLRE,GLRE:NSQ,GLRE,Greenlight Capital Re Ltd,NASDAQ,us,russell3000,Non-life Insurance,ft_icb_native,2026-01-31,Financials,Non-life Insurance,ft_native_v2,ft_index_membership_filtered,0.95,high,2026-01-31,https://markets.ft.com/data/equities/tearsheet/summary?s=GLRE:NSQ,2026-01-31T00:00:00+00:00,ft-us-2026-01-31,2026-01-31,,True
2026-01-31,US:GLUE:NSQ,US:GLUE,GLUE:NSQ,GLUE,Monte Rosa Therapeutics Inc,NASDAQ,us,russell3000,Pharmaceuticals and Biotechnology,ft_icb_native,2026-01-31,Health Care,Pharmaceuticals and Biotechnology,ft_native_v2,ft_index_membership_filtered_level3_fallback,0.65,medium,2026-01-31,https://markets.ft.com/data/equities/tearsheet/summary?s=GLUE:NSQ,2026-01-31T00:00:00+00:00,ft-us-2026-01-31,2026-01-31,,True
2026-01-31,US:GLW:NYQ,US:GLW,GLW:NYQ,GLW,Corning Inc,NYQ,us,russell3000,Technology Hardware and Equipment,ft_icb_native,2026-01-31,Technology,Technology Hardware and Equipment,ft_native_v2,ft_index_membership_filtered,0.95,high,2026-01-31,https://markets.ft.com/data/equities/tearsheet/summary?s=GLW:NYQ,2026-01-31T00:00:00+00:00,ft-us-2026-01-31,2026-01-31,,True
2026-01-31,US:GM:NYQ,US:GM,GM:NYQ,GM,General Motors Co,NYQ,us,russell3000,Automobiles and Parts,ft_icb_native,2026-01-31,Consumer Discretionary,Automobiles and Parts,ft_native_v2,ft_index_membership_filtered,0.95,high,2026-01-31,https://markets.ft.com/data/equities/tearsheet/summary?s=GM:NYQ,2026-01-31T00:00:00+00:00,ft-us-2026-01-31,2026-01-31,,True
2026-01-31,US:GME:NYQ,US:GME,GME:NYQ,GME,GameStop Corp,NYQ,us,russell3000,Consumer Discretionary,ft_icb_native,2026-01-31,Consumer Discretionary,Consumer Discretionary,ft_native_v2,ft_index_membership_filtered,0.95,high,2026-01-31,https://markets.ft.com/data/equities/tearsheet/summary?s=GME:NYQ,2026-01-31T00:00:00+00:00,ft-us-2026-01-31,2026-01-31,,True
2026-01-31,US:GMED:NYQ,US:GMED,GMED:NYQ,GMED,Globus Medical Inc,NYQ,us,russell3000,Medical Equipment and Services,ft_icb_native,2026-01-31,Health Care,Medical Equipment and Services,ft_native_v2,ft_index_membership_filtered,0.95,high,2026-01-31,https://markets.ft.com/data/equities/tearsheet/summary?s=GMED:NYQ,2026-01-31T00:00:00+00:00,ft-us-2026-01-31,2026-01-31,,True
2026-01-31,US:GMRE:NYQ,US:GMRE,GMRE:NYQ,GMRE,Global Medical REIT Inc,NYQ,us,russell3000,Real Estate Investment Trusts,ft_icb_native,2026-01-31,Real Estate,Real Estate Investment Trusts,ft_native_v2,ft_index_membership_filtered,0.95,high,2026-01-31,https://markets.ft.com/data/equities/tearsheet/summary?s=GMRE:NYQ,2026-01-31T00:00:00+00:00,ft-us-2026-01-31,2026-01-31,,True
2026-01-31,US:GNE:NYS,US:GNE,GNE:NYS,GNE,Genie Energy Ltd,NYSE,us,russell3000,Electricity,ft_icb_native,2026-01-31,Utilities,Electricity,ft_native_v2,ft_index_membership_filtered,0.95,high,2026-01-31,https://markets.ft.com/data/equities/tearsheet/summary?s=GNE:NYS,2026-01-31T00:00:00+00:00,ft-us-2026-01-31,2026-01-31,,True
2026-01-31,US:GNK:NYQ,US:GNK,GNK:NYQ,GNK,Genco Shipping & Trading Ltd,NYQ,us,russell3000,Industrial Transportation,ft_icb_native,2026-01-31,Industrials,Industrial Transportation,ft_native_v2,ft_index_membership_filtered,0.95,high,2026-01-31,https://markets.ft.com/data/equities/tearsheet/summary?s=GNK:NYQ,2026-01-31T00:00:00+00:00,ft-us-2026-01-31,2026-01-31,,True
2026-01-31,US:GNL:NYQ,US:GNL,GNL:NYQ,GNL,Global Net Lease Inc,NYQ,us,russell3000,Real Estate Investment Trusts,ft_icb_native,2026-01-31,Real Estate,Real Estate Investment Trusts,ft_native_v2,ft_index_membership_filtered,0.95,high,2026-01-31,https://markets.ft.com/data/equities/tearsheet/summary?s=GNL:NYQ,2026-01-31T00:00:00+00:00,ft-us-2026-01-31,2026-01-31,,True
2026-01-31,US:GNRC:NYQ,US:GNRC,GNRC:NYQ,GNRC,Generac Holdings Inc,NYQ,us,russell3000,Industrial Engineering,ft_icb_native,2026-01-31,Industrials,Industrial Engineering,ft_native_v2,ft_index_membership_filtered,0.95,high,2026-01-31,https://markets.ft.com/data/equities/tearsheet/summary?s=GNRC:NYQ,2026-01-31T00:00:00+00:00,ft-us-2026-01-31,2026-01-31,,True
2026-01-31,US:GNTX:NSQ,US:GNTX,GNTX:NSQ,GNTX,Gentex Corp,NASDAQ,us,russell3000,Automobiles and Parts,ft_icb_native,2026-01-31,Consumer Discretionary,Automobiles and Parts,ft_native_v2,ft_index_membership_filtered,0.95,high,2026-01-31,https://markets.ft.com/data/equities/tearsheet/summary?s=GNTX:NSQ,2026-01-31T00:00:00+00:00,ft-us-2026-01-31,2026-01-31,,True
2026-01-31,US:GNW:NYQ,US:GNW,GNW:NYQ,GNW,Genworth Financial Inc,NYQ,us,russell3000,Life Insurance,ft_icb_native,2026-01-31,Financials,Life Insurance,ft_native_v2,ft_index_membership_filtered,0.95,high,2026-01-31,https://markets.ft.com/data/equities/tearsheet/summary?s=GNW:NYQ,2026-01-31T00:00:00+00:00,ft-us-2026-01-31,2026-01-31,,True
2026-01-31,US:GO:NSQ,US:GO,GO:NSQ,GO,Grocery Outlet Holding Corp,NASDAQ,us,russell3000,"Personal Care, Drug and Grocery Stores",ft_icb_native,2026-01-31,Consumer Staples,"Personal Care, Drug and Grocery Stores",ft_native_v2,ft_index_membership_filtered,0.95,high,2026-01-31,https://markets.ft.com/data/equities/tearsheet/summary?s=GO:NSQ,2026-01-31T00:00:00+00:00,ft-us-2026-01-31,2026-01-31,,True
2026-01-31,US:GOGO:NSQ,US:GOGO,GOGO:NSQ,GOGO,Gogo Inc,NASDAQ,us,russell3000,Telecommunications Service Providers,ft_icb_native,2026-01-31,Telecommunications,Telecommunications Service Providers,ft_native_v2,ft_index_membership_filtered,0.95,high,2026-01-31,https://markets.ft.com/data/equities/tearsheet/summary?s=GOGO:NSQ,2026-01-31T00:00:00+00:00,ft-us-2026-01-31,2026-01-31,,True
2026-01-31,US:GOLD:NYS,US:GOLD,GOLD:NYS,GOLD,Gold.com Inc,NYSE,us,russell3000,Consumer Discretionary,ft_icb_native,2026-01-31,Consumer Discretionary,Consumer Discretionary,ft_native_v2,ft_index_membership_filtered,0.95,high,2026-01-31,https://markets.ft.com/data/equities/tearsheet/summary?s=GOLD:NYS,2026-01-31T00:00:00+00:00,ft-us-2026-01-31,2026-01-31,,True
2026-01-31,US:GOLF:NYS,US:GOLF,GOLF:NYS,GOLF,Acushnet Holdings Corp,NYSE,us,russell3000,Leisure Goods,ft_icb_native,2026-01-31,Consumer Discretionary,Leisure Goods,ft_native_v2,ft_index_membership_filtered,0.95,high,2026-01-31,https://markets.ft.com/data/equities/tearsheet/summary?s=GOLF:NYS,2026-01-31T00:00:00+00:00,ft-us-2026-01-31,2026-01-31,,True
2026-01-31,US:GOOD:NSQ,US:GOOD,GOOD:NSQ,GOOD,Gladstone Commercial Corp,NASDAQ,us,russell3000,Real Estate Investment Trusts,ft_icb_native,2026-01-31,Real Estate,Real Estate Investment Trusts,ft_native_v2,ft_index_membership_filtered,0.95,high,2026-01-31,https://markets.ft.com/data/equities/tearsheet/summary?s=GOOD:NSQ,2026-01-31T00:00:00+00:00,ft-us-2026-01-31,2026-01-31,,True
2026-01-31,US:GOOG:NSQ,US:GOOG,GOOG:NSQ,GOOG,Alphabet Inc.,NASDAQ,us,russell3000,Technology,ft_icb_native,2026-01-31,Telecommunications,Technology,ft_native_v2,ft_index_membership_filtered,0.95,high,2026-01-31,https://markets.ft.com/data/equities/tearsheet/summary?s=GOOG:NSQ,2026-01-31T00:00:00+00:00,ft-us-2026-01-31,2026-01-31,,True
2026-01-31,US:GOOGL:NSQ,US:GOOGL,GOOGL:NSQ,GOOGL,Alphabet Inc,NASDAQ,us,russell3000,Technology,ft_icb_native,2026-01-31,Telecommunications,Technology,ft_native_v2,ft_index_membership_filtered,0.95,high,2026-01-31,https://markets.ft.com/data/equities/tearsheet/summary?s=GOOGL:NSQ,2026-01-31T00:00:00+00:00,ft-us-2026-01-31,2026-01-31,,True
2026-01-31,US:GOSS:NSQ,US:GOSS,GOSS:NSQ,GOSS,Gossamer Bio Inc,NASDAQ,us,russell3000,Pharmaceuticals and Biotechnology,ft_icb_native,2026-01-31,Health Care,Pharmaceuticals and Biotechnology,ft_native_v2,ft_index_membership_filtered,0.95,high,2026-01-31,https://markets.ft.com/data/equities/tearsheet/summary?s=GOSS:NSQ,2026-01-31T00:00:00+00:00,ft-us-2026-01-31,2026-01-31,,True
2026-01-31,US:GPC:NYQ,US:GPC,GPC:NYQ,GPC,Genuine Parts Co,NYQ,us,russell3000,Automobiles and Parts,ft_icb_native,2026-01-31,Consumer Discretionary,Automobiles and Parts,ft_native_v2,ft_index_membership_filtered,0.95,high,2026-01-31,https://markets.ft.com/data/equities/tearsheet/summary?s=GPC:NYQ,2026-01-31T00:00:00+00:00,ft-us-2026-01-31,2026-01-31,,True
2026-01-31,US:GPGI:NYS,US:GPGI,GPGI:NYS,GPGI,GPGI Inc,NYSE,us,russell3000,Industrial Support Services,ft_icb_native,2026-01-31,Industrials,Industrial Support Services,ft_native_v2,ft_index_membership_filtered,0.95,high,2026-01-31,https://markets.ft.com/data/equities/tearsheet/summary?s=GPGI:NYS,2026-01-31T00:00:00+00:00,ft-us-2026-01-31,2026-01-31,,True
2026-01-31,US:GPI:NYQ,US:GPI,GPI:NYQ,GPI,Group 1 Automotive Inc,NYQ,us,russell3000,Consumer Discretionary,ft_icb_native,2026-01-31,Consumer Discretionary,Consumer Discretionary,ft_native_v2,ft_index_membership_filtered,0.95,high,2026-01-31,https://markets.ft.com/data/equities/tearsheet/summary?s=GPI:NYQ,2026-01-31T00:00:00+00:00,ft-us-2026-01-31,2026-01-31,,True
2026-01-31,US:GPK:NYQ,US:GPK,GPK:NYQ,GPK,Graphic Packaging Holding Co,NYQ,us,russell3000,General Industrials,ft_icb_native,2026-01-31,Basic Materials,General Industrials,ft_native_v2,ft_index_membership_filtered,0.95,high,2026-01-31,https://markets.ft.com/data/equities/tearsheet/summary?s=GPK:NYQ,2026-01-31T00:00:00+00:00,ft-us-2026-01-31,2026-01-31,,True
2026-01-31,US:GPN:NYQ,US:GPN,GPN:NYQ,GPN,Global Payments Inc,NYQ,us,russell3000,Industrial Support Services,ft_icb_native,2026-01-31,Financials,Industrial Support Services,ft_native_v2,ft_index_membership_filtered,0.95,high,2026-01-31,https://markets.ft.com/data/equities/tearsheet/summary?s=GPN:NYQ,2026-01-31T00:00:00+00:00,ft-us-2026-01-31,2026-01-31,,True
2026-01-31,US:GPOR:NYQ,US:GPOR,GPOR:NYQ,GPOR,Gulfport Energy Corp,NYQ,us,russell3000,"Oil, Gas and Coal",ft_icb_native,2026-01-31,Energy,"Oil, Gas and Coal",ft_native_v2,ft_index_membership_filtered,0.95,high,2026-01-31,https://markets.ft.com/data/equities/tearsheet/summary?s=GPOR:NYQ,2026-01-31T00:00:00+00:00,ft-us-2026-01-31,2026-01-31,,True
2026-01-31,US:GPRE:NSQ,US:GPRE,GPRE:NSQ,GPRE,Green Plains Inc,NASDAQ,us,russell3000,Alternative Energy,ft_icb_native,2026-01-31,Energy,Alternative Energy,ft_native_v2,ft_index_membership_filtered,0.95,high,2026-01-31,https://markets.ft.com/data/equities/tearsheet/summary?s=GPRE:NSQ,2026-01-31T00:00:00+00:00,ft-us-2026-01-31,2026-01-31,,True
2026-01-31,US:GRAL:NSQ,US:GRAL,GRAL:NSQ,GRAL,Grail Inc,NASDAQ,us,russell3000,Pharmaceuticals and Biotechnology,ft_icb_native,2026-01-31,Health Care,Pharmaceuticals and Biotechnology,ft_native_v2,ft_index_membership_filtered_level3_fallback,0.65,medium,2026-01-31,https://markets.ft.com/data/equities/tearsheet/summary?s=GRAL:NSQ,2026-01-31T00:00:00+00:00,ft-us-2026-01-31,2026-01-31,,True
2026-01-31,US:GRBK:NYQ,US:GRBK,GRBK:NYQ,GRBK,Green Brick Partners Inc,NYQ,us,russell3000,Household Goods and Home Construction,ft_icb_native,2026-01-31,Consumer Discretionary,Household Goods and Home Construction,ft_native_v2,ft_index_membership_filtered,0.95,high,2026-01-31,https://markets.ft.com/data/equities/tearsheet/summary?s=GRBK:NYQ,2026-01-31T00:00:00+00:00,ft-us-2026-01-31,2026-01-31,,True
2026-01-31,US:GRC:NYQ,US:GRC,GRC:NYQ,GRC,Gorman-Rupp Co,NYQ,us,russell3000,Electronic and Electrical Equipment,ft_icb_native,2026-01-31,Industrials,Electronic and Electrical Equipment,ft_native_v2,ft_index_membership_filtered,0.95,high,2026-01-31,https://markets.ft.com/data/equities/tearsheet/summary?s=GRC:NYQ,2026-01-31T00:00:00+00:00,ft-us-2026-01-31,2026-01-31,,True
2026-01-31,US:GRDN:NYS,US:GRDN,GRDN:NYS,GRDN,Guardian Pharmacy Services Inc,NYSE,us,russell3000,"Personal Care, Drug and Grocery Stores",ft_icb_native,2026-01-31,Consumer Staples,"Personal Care, Drug and Grocery Stores",ft_native_v2,ft_index_membership_filtered,0.95,high,2026-01-31,https://markets.ft.com/data/equities/tearsheet/summary?s=GRDN:NYS,2026-01-31T00:00:00+00:00,ft-us-2026-01-31,2026-01-31,,True
2026-01-31,US:GRMN:NYQ,US:GRMN,GRMN:NYQ,GRMN,Garmin Ltd,NYQ,us,russell3000,Leisure Goods,ft_icb_native,2026-01-31,Consumer Discretionary,Leisure Goods,ft_native_v2,ft_index_membership_filtered,0.95,high,2026-01-31,https://markets.ft.com/data/equities/tearsheet/summary?s=GRMN:NYQ,2026-01-31T00:00:00+00:00,ft-us-2026-01-31,2026-01-31,,True
2026-01-31,US:GRND:NYQ,US:GRND,GRND:NYQ,GRND,Grindr Inc,NYQ,us,russell3000,Technology,ft_icb_native,2026-01-31,Telecommunications,Technology,ft_native_v2,ft_index_membership_filtered,0.95,high,2026-01-31,https://markets.ft.com/data/equities/tearsheet/summary?s=GRND:NYQ,2026-01-31T00:00:00+00:00,ft-us-2026-01-31,2026-01-31,,True
2026-01-31,US:GRNT:NYS,US:GRNT,GRNT:NYS,GRNT,Granite Ridge Resources Inc,NYSE,us,russell3000,"Oil, Gas and Coal",ft_icb_native,2026-01-31,Energy,"Oil, Gas and Coal",ft_native_v2,ft_index_membership_filtered,0.95,high,2026-01-31,https://markets.ft.com/data/equities/tearsheet/summary?s=GRNT:NYS,2026-01-31T00:00:00+00:00,ft-us-2026-01-31,2026-01-31,,True
2026-01-31,US:GRPN:NSQ,US:GRPN,GRPN:NSQ,GRPN,Groupon Inc,NASDAQ,us,russell3000,Technology,ft_icb_native,2026-01-31,Consumer Discretionary,Technology,ft_native_v2,ft_index_membership_filtered,0.95,high,2026-01-31,https://markets.ft.com/data/equities/tearsheet/summary?s=GRPN:NSQ,2026-01-31T00:00:00+00:00,ft-us-2026-01-31,2026-01-31,,True
2026-01-31,US:GSAT:NSQ,US:GSAT,GSAT:NSQ,GSAT,Globalstar Inc,NASDAQ,us,russell3000,Telecommunications Service Providers,ft_icb_native,2026-01-31,Telecommunications,Telecommunications Service Providers,ft_native_v2,ft_index_membership_filtered,0.95,high,2026-01-31,https://markets.ft.com/data/equities/tearsheet/summary?s=GSAT:NSQ,2026-01-31T00:00:00+00:00,ft-us-2026-01-31,2026-01-31,,True
2026-01-31,US:GSBC:NSQ,US:GSBC,GSBC:NSQ,GSBC,Great Southern Bancorp Inc,NASDAQ,us,russell3000,Banks,ft_icb_native,2026-01-31,Financials,Banks,ft_native_v2,ft_index_membership_filtered,0.95,high,2026-01-31,https://markets.ft.com/data/equities/tearsheet/summary?s=GSBC:NSQ,2026-01-31T00:00:00+00:00,ft-us-2026-01-31,2026-01-31,,True
2026-01-31,US:GSHD:NSQ,US:GSHD,GSHD:NSQ,GSHD,Goosehead Insurance Inc,NASDAQ,us,russell3000,Non-life Insurance,ft_icb_native,2026-01-31,Financials,Non-life Insurance,ft_native_v2,ft_index_membership_filtered,0.95,high,2026-01-31,https://markets.ft.com/data/equities/tearsheet/summary?s=GSHD:NSQ,2026-01-31T00:00:00+00:00,ft-us-2026-01-31,2026-01-31,,True
2026-01-31,US:GT:NSQ,US:GT,GT:NSQ,GT,Goodyear Tire & Rubber Co,NASDAQ,us,russell3000,Automobiles and Parts,ft_icb_native,2026-01-31,Consumer Discretionary,Automobiles and Parts,ft_native_v2,ft_index_membership_filtered,0.95,high,2026-01-31,https://markets.ft.com/data/equities/tearsheet/summary?s=GT:NSQ,2026-01-31T00:00:00+00:00,ft-us-2026-01-31,2026-01-31,,True
2026-01-31,US:GTES:NYQ,US:GTES,GTES:NYQ,GTES,Gates Industrial Corporation PLC,NYQ,us,russell3000,Industrial Engineering,ft_icb_native,2026-01-31,Industrials,Industrial Engineering,ft_native_v2,ft_index_membership_filtered,0.95,high,2026-01-31,https://markets.ft.com/data/equities/tearsheet/summary?s=GTES:NYQ,2026-01-31T00:00:00+00:00,ft-us-2026-01-31,2026-01-31,,True
2026-01-31,US:GTLB:NSQ,US:GTLB,GTLB:NSQ,GTLB,GitLab Inc,NASDAQ,us,russell3000,Technology Hardware and Equipment,ft_icb_native,2026-01-31,Technology,Technology Hardware and Equipment,ft_native_v2,ft_index_membership_filtered_level3_fallback,0.65,medium,2026-01-31,https://markets.ft.com/data/equities/tearsheet/summary?s=GTLB:NSQ,2026-01-31T00:00:00+00:00,ft-us-2026-01-31,2026-01-31,,True
2026-01-31,US:GTLS:NYS,US:GTLS,GTLS:NYS,GTLS,Chart Industries Inc,NYSE,us,russell3000,Industrial Engineering,ft_icb_native,2026-01-31,Industrials,Industrial Engineering,ft_native_v2,ft_index_membership_filtered,0.95,high,2026-01-31,https://markets.ft.com/data/equities/tearsheet/summary?s=GTLS:NYS,2026-01-31T00:00:00+00:00,ft-us-2026-01-31,2026-01-31,,True
2026-01-31,US:GTM:NSQ,US:GTM,GTM:NSQ,GTM,Zoominfo Technologies Inc,NASDAQ,us,russell3000,Technology,ft_icb_native,2026-01-31,Telecommunications,Technology,ft_native_v2,ft_index_membership_filtered,0.95,high,2026-01-31,https://markets.ft.com/data/equities/tearsheet/summary?s=GTM:NSQ,2026-01-31T00:00:00+00:00,ft-us-2026-01-31,2026-01-31,,True
2026-01-31,US:GTN:NYQ,US:GTN,GTN:NYQ,GTN,Gray Media Inc,NYQ,us,russell3000,Media,ft_icb_native,2026-01-31,Telecommunications,Media,ft_native_v2,ft_index_membership_filtered,0.95,high,2026-01-31,https://markets.ft.com/data/equities/tearsheet/summary?s=GTN:NYQ,2026-01-31T00:00:00+00:00,ft-us-2026-01-31,2026-01-31,,True
2026-01-31,US:GTX:NSQ,US:GTX,GTX:NSQ,GTX,Garrett Motion Inc,NASDAQ,us,russell3000,Consumer Services,ft_icb_native,2026-01-31,Consumer Discretionary,Consumer Services,ft_native_v2,ft_index_membership_filtered_level3_fallback,0.65,medium,2026-01-31,https://markets.ft.com/data/equities/tearsheet/summary?s=GTX:NSQ,2026-01-31T00:00:00+00:00,ft-us-2026-01-31,2026-01-31,,True
2026-01-31,US:GTY:NYQ,US:GTY,GTY:NYQ,GTY,Getty Realty Corp,NYQ,us,russell3000,Real Estate Investment Trusts,ft_icb_native,2026-01-31,Real Estate,Real Estate Investment Trusts,ft_native_v2,ft_index_membership_filtered,0.95,high,2026-01-31,https://markets.ft.com/data/equities/tearsheet/summary?s=GTY:NYQ,2026-01-31T00:00:00+00:00,ft-us-2026-01-31,2026-01-31,,True
2026-01-31,US:GVA:NYQ,US:GVA,GVA:NYQ,GVA,Granite Construction Inc,NYQ,us,russell3000,Construction and Materials,ft_icb_native,2026-01-31,Industrials,Construction and Materials,ft_native_v2,ft_index_membership_filtered,0.95,high,2026-01-31,https://markets.ft.com/data/equities/tearsheet/summary?s=GVA:NYQ,2026-01-31T00:00:00+00:00,ft-us-2026-01-31,2026-01-31,,True
2026-01-31,US:GWRE:NYQ,US:GWRE,GWRE:NYQ,GWRE,Guidewire Software Inc,NYQ,us,russell3000,Technology,ft_icb_native,2026-01-31,Technology,Technology,ft_native_v2,ft_index_membership_filtered,0.95,high,2026-01-31,https://markets.ft.com/data/equities/tearsheet/summary?s=GWRE:NYQ,2026-01-31T00:00:00+00:00,ft-us-2026-01-31,2026-01-31,,True
2026-01-31,US:GWW:NYQ,US:GWW,GWW:NYQ,GWW,WW Grainger Inc,NYQ,us,russell3000,Industrial Support Services,ft_icb_native,2026-01-31,Industrials,Industrial Support Services,ft_native_v2,ft_index_membership_filtered,0.95,high,2026-01-31,https://markets.ft.com/data/equities/tearsheet/summary?s=GWW:NYQ,2026-01-31T00:00:00+00:00,ft-us-2026-01-31,2026-01-31,,True
2026-01-31,US:GXO:NYQ,US:GXO,GXO:NYQ,GXO,GXO Logistics Inc,NYQ,us,russell3000,Industrial Transportation,ft_icb_native,2026-01-31,Industrials,Industrial Transportation,ft_native_v2,ft_index_membership_filtered,0.95,high,2026-01-31,https://markets.ft.com/data/equities/tearsheet/summary?s=GXO:NYQ,2026-01-31T00:00:00+00:00,ft-us-2026-01-31,2026-01-31,,True
2026-01-31,US:H:NYQ,US:H,H:NYQ,H,Hyatt Hotels Corp,NYQ,us,russell3000,Travel and Leisure,ft_icb_native,2026-01-31,Consumer Discretionary,Travel and Leisure,ft_native_v2,ft_index_membership_filtered,0.95,high,2026-01-31,https://markets.ft.com/data/equities/tearsheet/summary?s=H:NYQ,2026-01-31T00:00:00+00:00,ft-us-2026-01-31,2026-01-31,,True
2026-01-31,US:HAE:NYQ,US:HAE,HAE:NYQ,HAE,Haemonetics Corp,NYQ,us,russell3000,Medical Equipment and Services,ft_icb_native,2026-01-31,Health Care,Medical Equipment and Services,ft_native_v2,ft_index_membership_filtered,0.95,high,2026-01-31,https://markets.ft.com/data/equities/tearsheet/summary?s=HAE:NYQ,2026-01-31T00:00:00+00:00,ft-us-2026-01-31,2026-01-31,,True
2026-01-31,US:HAFC:NSQ,US:HAFC,HAFC:NSQ,HAFC,Hanmi Financial Corp,NASDAQ,us,russell3000,Banks,ft_icb_native,2026-01-31,Financials,Banks,ft_native_v2,ft_index_membership_filtered,0.95,high,2026-01-31,https://markets.ft.com/data/equities/tearsheet/summary?s=HAFC:NSQ,2026-01-31T00:00:00+00:00,ft-us-2026-01-31,2026-01-31,,True
2026-01-31,US:HAIN:NSQ,US:HAIN,HAIN:NSQ,HAIN,Hain Celestial Group Inc,NASDAQ,us,russell3000,Food Producers,ft_icb_native,2026-01-31,Consumer Staples,Food Producers,ft_native_v2,ft_index_membership_filtered,0.95,high,2026-01-31,https://markets.ft.com/data/equities/tearsheet/summary?s=HAIN:NSQ,2026-01-31T00:00:00+00:00,ft-us-2026-01-31,2026-01-31,,True
2026-01-31,US:HAL:NYQ,US:HAL,HAL:NYQ,HAL,Halliburton Co,NYQ,us,russell3000,"Oil, Gas and Coal",ft_icb_native,2026-01-31,Energy,"Oil, Gas and Coal",ft_native_v2,ft_index_membership_filtered,0.95,high,2026-01-31,https://markets.ft.com/data/equities/tearsheet/summary?s=HAL:NYQ,2026-01-31T00:00:00+00:00,ft-us-2026-01-31,2026-01-31,,True
2026-01-31,US:HALO:NSQ,US:HALO,HALO:NSQ,HALO,Halozyme Therapeutics Inc,NASDAQ,us,russell3000,Pharmaceuticals and Biotechnology,ft_icb_native,2026-01-31,Health Care,Pharmaceuticals and Biotechnology,ft_native_v2,ft_index_membership_filtered,0.95,high,2026-01-31,https://markets.ft.com/data/equities/tearsheet/summary?s=HALO:NSQ,2026-01-31T00:00:00+00:00,ft-us-2026-01-31,2026-01-31,,True
2026-01-31,US:HAS:NSQ,US:HAS,HAS:NSQ,HAS,Hasbro Inc,NASDAQ,us,russell3000,Leisure Goods,ft_icb_native,2026-01-31,Consumer Discretionary,Leisure Goods,ft_native_v2,ft_index_membership_filtered,0.95,high,2026-01-31,https://markets.ft.com/data/equities/tearsheet/summary?s=HAS:NSQ,2026-01-31T00:00:00+00:00,ft-us-2026-01-31,2026-01-31,,True
2026-01-31,US:HASI:NYQ,US:HASI,HASI:NYQ,HASI,HA Sustainable Infrastructure Capital Inc,NYQ,us,russell3000,Real Estate Investment and Services,ft_icb_native,2026-01-31,Financials,Real Estate Investment and Services,ft_native_v2,ft_index_membership_filtered,0.95,high,2026-01-31,https://markets.ft.com/data/equities/tearsheet/summary?s=HASI:NYQ,2026-01-31T00:00:00+00:00,ft-us-2026-01-31,2026-01-31,,True
2026-01-31,US:HAYW:NYS,US:HAYW,HAYW:NYS,HAYW,Hayward Holdings Inc,NYSE,us,russell3000,Electronic and Electrical Equipment,ft_icb_native,2026-01-31,Industrials,Electronic and Electrical Equipment,ft_native_v2,ft_index_membership_filtered,0.95,high,2026-01-31,https://markets.ft.com/data/equities/tearsheet/summary?s=HAYW:NYS,2026-01-31T00:00:00+00:00,ft-us-2026-01-31,2026-01-31,,True
2026-01-31,US:HBAN:NSQ,US:HBAN,HBAN:NSQ,HBAN,Huntington Bancshares Inc,NASDAQ,us,russell3000,Banks,ft_icb_native,2026-01-31,Financials,Banks,ft_native_v2,ft_index_membership_filtered,0.95,high,2026-01-31,https://markets.ft.com/data/equities/tearsheet/summary?s=HBAN:NSQ,2026-01-31T00:00:00+00:00,ft-us-2026-01-31,2026-01-31,,True
2026-01-31,US:HBCP:NSQ,US:HBCP,HBCP:NSQ,HBCP,Home Bancorp Inc,NASDAQ,us,russell3000,Banks,ft_icb_native,2026-01-31,Financials,Banks,ft_native_v2,ft_index_membership_filtered,0.95,high,2026-01-31,https://markets.ft.com/data/equities/tearsheet/summary?s=HBCP:NSQ,2026-01-31T00:00:00+00:00,ft-us-2026-01-31,2026-01-31,,True
2026-01-31,US:HBNC:NSQ,US:HBNC,HBNC:NSQ,HBNC,Horizon Bancorp Inc,NASDAQ,us,russell3000,Banks,ft_icb_native,2026-01-31,Financials,Banks,ft_native_v2,ft_index_membership_filtered,0.95,high,2026-01-31,https://markets.ft.com/data/equities/tearsheet/summary?s=HBNC:NSQ,2026-01-31T00:00:00+00:00,ft-us-2026-01-31,2026-01-31,,True
2026-01-31,US:HBT:NSQ,US:HBT,HBT:NSQ,HBT,HBT Financial Inc,NASDAQ,us,russell3000,Banks,ft_icb_native,2026-01-31,Financials,Banks,ft_native_v2,ft_index_membership_filtered,0.95,high,2026-01-31,https://markets.ft.com/data/equities/tearsheet/summary?s=HBT:NSQ,2026-01-31T00:00:00+00:00,ft-us-2026-01-31,2026-01-31,,True
2026-01-31,US:HCA:NYQ,US:HCA,HCA:NYQ,HCA,HCA Healthcare Inc,NYQ,us,russell3000,Health Care Providers,ft_icb_native,2026-01-31,Health Care,Health Care Providers,ft_native_v2,ft_index_membership_filtered,0.95,high,2026-01-31,https://markets.ft.com/data/equities/tearsheet/summary?s=HCA:NYQ,2026-01-31T00:00:00+00:00,ft-us-2026-01-31,2026-01-31,,True
2026-01-31,US:HCAT:NSQ,US:HCAT,HCAT:NSQ,HCAT,Health Catalyst Inc,NASDAQ,us,russell3000,Health Care Providers,ft_icb_native,2026-01-31,Health Care,Health Care Providers,ft_native_v2,ft_index_membership_filtered,0.95,high,2026-01-31,https://markets.ft.com/data/equities/tearsheet/summary?s=HCAT:NSQ,2026-01-31T00:00:00+00:00,ft-us-2026-01-31,2026-01-31,,True
2026-01-31,US:HCC:NYQ,US:HCC,HCC:NYQ,HCC,Warrior Met Coal Inc,NYQ,us,russell3000,"Oil, Gas and Coal",ft_icb_native,2026-01-31,Basic Materials,"Oil, Gas and Coal",ft_native_v2,ft_index_membership_filtered,0.95,high,2026-01-31,https://markets.ft.com/data/equities/tearsheet/summary?s=HCC:NYQ,2026-01-31T00:00:00+00:00,ft-us-2026-01-31,2026-01-31,,True
2026-01-31,US:HCI:NYS,US:HCI,HCI:NYS,HCI,Hci Group Inc,NYSE,us,russell3000,Non-life Insurance,ft_icb_native,2026-01-31,Financials,Non-life Insurance,ft_native_v2,ft_index_membership_filtered,0.95,high,2026-01-31,https://markets.ft.com/data/equities/tearsheet/summary?s=HCI:NYS,2026-01-31T00:00:00+00:00,ft-us-2026-01-31,2026-01-31,,True
2026-01-31,US:HCKT:NSQ,US:HCKT,HCKT:NSQ,HCKT,Hackett Group Inc,NASDAQ,us,russell3000,Technology,ft_icb_native,2026-01-31,Technology,Technology,ft_native_v2,ft_index_membership_filtered,0.95,high,2026-01-31,https://markets.ft.com/data/equities/tearsheet/summary?s=HCKT:NSQ,2026-01-31T00:00:00+00:00,ft-us-2026-01-31,2026-01-31,,True
2026-01-31,US:HCSG:NSQ,US:HCSG,HCSG:NSQ,HCSG,Healthcare Services Group Inc,NASDAQ,us,russell3000,Health Care Providers,ft_icb_native,2026-01-31,Industrials,Health Care Providers,ft_native_v2,ft_index_membership_filtered,0.95,high,2026-01-31,https://markets.ft.com/data/equities/tearsheet/summary?s=HCSG:NSQ,2026-01-31T00:00:00+00:00,ft-us-2026-01-31,2026-01-31,,True
2026-01-31,US:HD:NYQ,US:HD,HD:NYQ,HD,Home Depot Inc,NYQ,us,russell3000,Consumer Discretionary,ft_icb_native,2026-01-31,Consumer Discretionary,Consumer Discretionary,ft_native_v2,ft_index_membership_filtered,0.95,high,2026-01-31,https://markets.ft.com/data/equities/tearsheet/summary?s=HD:NYQ,2026-01-31T00:00:00+00:00,ft-us-2026-01-31,2026-01-31,,True
2026-01-31,US:HDSN:NAQ,US:HDSN,HDSN:NAQ,HDSN,Hudson Technologies Inc,NAQ,us,russell3000,Construction and Materials,ft_icb_native,2026-01-31,Industrials,Construction and Materials,ft_native_v2,ft_index_membership_filtered,0.95,high,2026-01-31,https://markets.ft.com/data/equities/tearsheet/summary?s=HDSN:NAQ,2026-01-31T00:00:00+00:00,ft-us-2026-01-31,2026-01-31,,True
2026-01-31,US:HE:NYQ,US:HE,HE:NYQ,HE,Hawaiian Electric Industries Inc,NYQ,us,russell3000,Electricity,ft_icb_native,2026-01-31,Utilities,Electricity,ft_native_v2,ft_index_membership_filtered,0.95,high,2026-01-31,https://markets.ft.com/data/equities/tearsheet/summary?s=HE:NYQ,2026-01-31T00:00:00+00:00,ft-us-2026-01-31,2026-01-31,,True
2026-01-31,US:HEI:NYQ,US:HEI,HEI:NYQ,HEI,HEICO Corp,NYQ,us,russell3000,Aerospace and Defense,ft_icb_native,2026-01-31,Industrials,Aerospace and Defense,ft_native_v2,ft_index_membership_filtered,0.95,high,2026-01-31,https://markets.ft.com/data/equities/tearsheet/summary?s=HEI:NYQ,2026-01-31T00:00:00+00:00,ft-us-2026-01-31,2026-01-31,,True
2026-01-31,US:HEI.A:NYS,US:HEI.A,HEI.A:NYS,HEI.A,HEICO Corp,NYSE,us,russell3000,Aerospace and Defense,ft_icb_native,2026-01-31,Industrials,Aerospace and Defense,ft_native_v2,ft_index_membership_filtered,0.95,high,2026-01-31,https://markets.ft.com/data/equities/tearsheet/summary?s=HEI.A:NYS,2026-01-31T00:00:00+00:00,ft-us-2026-01-31,2026-01-31,,True
2026-01-31,US:HELE:NSQ,US:HELE,HELE:NSQ,HELE,Helen of Troy Ltd,NASDAQ,us,russell3000,Household Goods and Home Construction,ft_icb_native,2026-01-31,Consumer Discretionary,Household Goods and Home Construction,ft_native_v2,ft_index_membership_filtered,0.95,high,2026-01-31,https://markets.ft.com/data/equities/tearsheet/summary?s=HELE:NSQ,2026-01-31T00:00:00+00:00,ft-us-2026-01-31,2026-01-31,,True
2026-01-31,US:HFWA:NSQ,US:HFWA,HFWA:NSQ,HFWA,Heritage Financial Corp,NASDAQ,us,russell3000,Banks,ft_icb_native,2026-01-31,Financials,Banks,ft_native_v2,ft_index_membership_filtered,0.95,high,2026-01-31,https://markets.ft.com/data/equities/tearsheet/summary?s=HFWA:NSQ,2026-01-31T00:00:00+00:00,ft-us-2026-01-31,2026-01-31,,True
2026-01-31,US:HG:NYQ,US:HG,HG:NYQ,HG,Hamilton Insurance Group Ltd,NYQ,us,russell3000,Non-life Insurance,ft_icb_native,2026-01-31,Financials,Non-life Insurance,ft_native_v2,ft_index_membership_filtered,0.95,high,2026-01-31,https://markets.ft.com/data/equities/tearsheet/summary?s=HG:NYQ,2026-01-31T00:00:00+00:00,ft-us-2026-01-31,2026-01-31,,True
2026-01-31,US:HGV:NYS,US:HGV,HGV:NYS,HGV,Hilton Grand Vacations Inc,NYSE,us,russell3000,Travel and Leisure,ft_icb_native,2026-01-31,Consumer Discretionary,Travel and Leisure,ft_native_v2,ft_index_membership_filtered,0.95,high,2026-01-31,https://markets.ft.com/data/equities/tearsheet/summary?s=HGV:NYS,2026-01-31T00:00:00+00:00,ft-us-2026-01-31,2026-01-31,,True
2026-01-31,US:HHH:NYQ,US:HHH,HHH:NYQ,HHH,Howard Hughes Holdings Inc,NYQ,us,russell3000,Real Estate Investment and Services,ft_icb_native,2026-01-31,Real Estate,Real Estate Investment and Services,ft_native_v2,ft_index_membership_filtered,0.95,high,2026-01-31,https://markets.ft.com/data/equities/tearsheet/summary?s=HHH:NYQ,2026-01-31T00:00:00+00:00,ft-us-2026-01-31,2026-01-31,,True
2026-01-31,US:HIFS:NMQ,US:HIFS,HIFS:NMQ,HIFS,Hingham Institution For Savings,NMQ,us,russell3000,Banks,ft_icb_native,2026-01-31,Financials,Banks,ft_native_v2,ft_index_membership_filtered,0.95,high,2026-01-31,https://markets.ft.com/data/equities/tearsheet/summary?s=HIFS:NMQ,2026-01-31T00:00:00+00:00,ft-us-2026-01-31,2026-01-31,,True
2026-01-31,US:HIG:NYQ,US:HIG,HIG:NYQ,HIG,Hartford Insurance Group Inc,NYQ,us,russell3000,Non-life Insurance,ft_icb_native,2026-01-31,Financials,Non-life Insurance,ft_native_v2,ft_index_membership_filtered,0.95,high,2026-01-31,https://markets.ft.com/data/equities/tearsheet/summary?s=HIG:NYQ,2026-01-31T00:00:00+00:00,ft-us-2026-01-31,2026-01-31,,True
2026-01-31,US:HII:NYQ,US:HII,HII:NYQ,HII,Huntington Ingalls Industries Inc,NYQ,us,russell3000,Aerospace and Defense,ft_icb_native,2026-01-31,Industrials,Aerospace and Defense,ft_native_v2,ft_index_membership_filtered,0.95,high,2026-01-31,https://markets.ft.com/data/equities/tearsheet/summary?s=HII:NYQ,2026-01-31T00:00:00+00:00,ft-us-2026-01-31,2026-01-31,,True
2026-01-31,US:HIMS:NYQ,US:HIMS,HIMS:NYQ,HIMS,Hims & Hers Health Inc,NYQ,us,russell3000,Health Care Providers,ft_icb_native,2026-01-31,Health Care,Health Care Providers,ft_native_v2,ft_index_membership_filtered,0.95,high,2026-01-31,https://markets.ft.com/data/equities/tearsheet/summary?s=HIMS:NYQ,2026-01-31T00:00:00+00:00,ft-us-2026-01-31,2026-01-31,,True
2026-01-31,US:HIPO:NYQ,US:HIPO,HIPO:NYQ,HIPO,Hippo Holdings Inc,NYQ,us,russell3000,Non-life Insurance,ft_icb_native,2026-01-31,Financials,Non-life Insurance,ft_native_v2,ft_index_membership_filtered,0.95,high,2026-01-31,https://markets.ft.com/data/equities/tearsheet/summary?s=HIPO:NYQ,2026-01-31T00:00:00+00:00,ft-us-2026-01-31,2026-01-31,,True
2026-01-31,US:HIW:NYQ,US:HIW,HIW:NYQ,HIW,Highwoods Properties Inc,NYQ,us,russell3000,Real Estate Investment Trusts,ft_icb_native,2026-01-31,Real Estate,Real Estate Investment Trusts,ft_native_v2,ft_index_membership_filtered,0.95,high,2026-01-31,https://markets.ft.com/data/equities/tearsheet/summary?s=HIW:NYQ,2026-01-31T00:00:00+00:00,ft-us-2026-01-31,2026-01-31,,True
2026-01-31,US:HL:NYQ,US:HL,HL:NYQ,HL,Hecla Mining Co,NYQ,us,russell3000,Precious Metals and Mining,ft_icb_native,2026-01-31,Basic Materials,Precious Metals and Mining,ft_native_v2,ft_index_membership_filtered,0.95,high,2026-01-31,https://markets.ft.com/data/equities/tearsheet/summary?s=HL:NYQ,2026-01-31T00:00:00+00:00,ft-us-2026-01-31,2026-01-31,,True
2026-01-31,US:HLF:NYQ,US:HLF,HLF:NYQ,HLF,Herbalife Ltd,NYQ,us,russell3000,Food Producers,ft_icb_native,2026-01-31,Consumer Staples,Food Producers,ft_native_v2,ft_index_membership_filtered,0.95,high,2026-01-31,https://markets.ft.com/data/equities/tearsheet/summary?s=HLF:NYQ,2026-01-31T00:00:00+00:00,ft-us-2026-01-31,2026-01-31,,True
2026-01-31,US:HLI:NYQ,US:HLI,HLI:NYQ,HLI,Houlihan Lokey Inc,NYQ,us,russell3000,Investment Banking and Brokerage Services,ft_icb_native,2026-01-31,Financials,Investment Banking and Brokerage Services,ft_native_v2,ft_index_membership_filtered,0.95,high,2026-01-31,https://markets.ft.com/data/equities/tearsheet/summary?s=HLI:NYQ,2026-01-31T00:00:00+00:00,ft-us-2026-01-31,2026-01-31,,True
2026-01-31,US:HLIO:NYQ,US:HLIO,HLIO:NYQ,HLIO,Helios Technologies Inc,NYQ,us,russell3000,Electronic and Electrical Equipment,ft_icb_native,2026-01-31,Industrials,Electronic and Electrical Equipment,ft_native_v2,ft_index_membership_filtered,0.95,high,2026-01-31,https://markets.ft.com/data/equities/tearsheet/summary?s=HLIO:NYQ,2026-01-31T00:00:00+00:00,ft-us-2026-01-31,2026-01-31,,True
2026-01-31,US:HLIT:NSQ,US:HLIT,HLIT:NSQ,HLIT,Harmonic Inc,NASDAQ,us,russell3000,Telecommunications Equipment,ft_icb_native,2026-01-31,Technology,Telecommunications Equipment,ft_native_v2,ft_index_membership_filtered,0.95,high,2026-01-31,https://markets.ft.com/data/equities/tearsheet/summary?s=HLIT:NSQ,2026-01-31T00:00:00+00:00,ft-us-2026-01-31,2026-01-31,,True
2026-01-31,US:HLMN:NMQ,US:HLMN,HLMN:NMQ,HLMN,Hillman Solutions Corp,NMQ,us,russell3000,General Industrials,ft_icb_native,2026-01-31,Industrials,General Industrials,ft_native_v2,ft_index_membership_filtered_level3_fallback,0.65,medium,2026-01-31,https://markets.ft.com/data/equities/tearsheet/summary?s=HLMN:NMQ,2026-01-31T00:00:00+00:00,ft-us-2026-01-31,2026-01-31,,True
2026-01-31,US:HLNE:NSQ,US:HLNE,HLNE:NSQ,HLNE,Hamilton Lane Inc,NASDAQ,us,russell3000,Investment Banking and Brokerage Services,ft_icb_native,2026-01-31,Financials,Investment Banking and Brokerage Services,ft_native_v2,ft_index_membership_filtered,0.95,high,2026-01-31,https://markets.ft.com/data/equities/tearsheet/summary?s=HLNE:NSQ,2026-01-31T00:00:00+00:00,ft-us-2026-01-31,2026-01-31,,True
2026-01-31,US:HLT:NYQ,US:HLT,HLT:NYQ,HLT,Hilton Worldwide Holdings Inc,NYQ,us,russell3000,Travel and Leisure,ft_icb_native,2026-01-31,Consumer Discretionary,Travel and Leisure,ft_native_v2,ft_index_membership_filtered,0.95,high,2026-01-31,https://markets.ft.com/data/equities/tearsheet/summary?s=HLT:NYQ,2026-01-31T00:00:00+00:00,ft-us-2026-01-31,2026-01-31,,True
2026-01-31,US:HLX:NYQ,US:HLX,HLX:NYQ,HLX,Helix Energy Solutions Group Inc,NYQ,us,russell3000,"Oil, Gas and Coal",ft_icb_native,2026-01-31,Energy,"Oil, Gas and Coal",ft_native_v2,ft_index_membership_filtered,0.95,high,2026-01-31,https://markets.ft.com/data/equities/tearsheet/summary?s=HLX:NYQ,2026-01-31T00:00:00+00:00,ft-us-2026-01-31,2026-01-31,,True
2026-01-31,US:HMN:NYQ,US:HMN,HMN:NYQ,HMN,Horace Mann Educators Corp,NYQ,us,russell3000,Non-life Insurance,ft_icb_native,2026-01-31,Financials,Non-life Insurance,ft_native_v2,ft_index_membership_filtered,0.95,high,2026-01-31,https://markets.ft.com/data/equities/tearsheet/summary?s=HMN:NYQ,2026-01-31T00:00:00+00:00,ft-us-2026-01-31,2026-01-31,,True
2026-01-31,US:HNI:NYQ,US:HNI,HNI:NYQ,HNI,HNI Corp,NYQ,us,russell3000,Household Goods and Home Construction,ft_icb_native,2026-01-31,Industrials,Household Goods and Home Construction,ft_native_v2,ft_index_membership_filtered,0.95,high,2026-01-31,https://markets.ft.com/data/equities/tearsheet/summary?s=HNI:NYQ,2026-01-31T00:00:00+00:00,ft-us-2026-01-31,2026-01-31,,True
2026-01-31,US:HNRG:NAQ,US:HNRG,HNRG:NAQ,HNRG,Hallador Energy Co,NAQ,us,russell3000,"Oil, Gas and Coal",ft_icb_native,2026-01-31,Utilities,"Oil, Gas and Coal",ft_native_v2,ft_index_membership_filtered,0.95,high,2026-01-31,https://markets.ft.com/data/equities/tearsheet/summary?s=HNRG:NAQ,2026-01-31T00:00:00+00:00,ft-us-2026-01-31,2026-01-31,,True
2026-01-31,US:HNST:NSQ,US:HNST,HNST:NSQ,HNST,Honest Company Inc,NASDAQ,us,russell3000,"Personal Care, Drug and Grocery Stores",ft_icb_native,2026-01-31,Consumer Staples,"Personal Care, Drug and Grocery Stores",ft_native_v2,ft_index_membership_filtered,0.95,high,2026-01-31,https://markets.ft.com/data/equities/tearsheet/summary?s=HNST:NSQ,2026-01-31T00:00:00+00:00,ft-us-2026-01-31,2026-01-31,,True
2026-01-31,US:HOG:NYQ,US:HOG,HOG:NYQ,HOG,Harley-Davidson Inc,NYQ,us,russell3000,Leisure Goods,ft_icb_native,2026-01-31,Consumer Discretionary,Leisure Goods,ft_native_v2,ft_index_membership_filtered,0.95,high,2026-01-31,https://markets.ft.com/data/equities/tearsheet/summary?s=HOG:NYQ,2026-01-31T00:00:00+00:00,ft-us-2026-01-31,2026-01-31,,True
2026-01-31,US:HOLX:NSQ,US:HOLX,HOLX:NSQ,HOLX,Hologic Inc,NASDAQ,us,russell3000,Medical Equipment and Services,ft_icb_native,2026-01-31,Health Care,Medical Equipment and Services,ft_native_v2,ft_index_membership_filtered,0.95,high,2026-01-31,https://markets.ft.com/data/equities/tearsheet/summary?s=HOLX:NSQ,2026-01-31T00:00:00+00:00,ft-us-2026-01-31,2026-01-31,,True
2026-01-31,US:HOMB:NYQ,US:HOMB,HOMB:NYQ,HOMB,Home BancShares Inc,NYQ,us,russell3000,Banks,ft_icb_native,2026-01-31,Financials,Banks,ft_native_v2,ft_index_membership_filtered,0.95,high,2026-01-31,https://markets.ft.com/data/equities/tearsheet/summary?s=HOMB:NYQ,2026-01-31T00:00:00+00:00,ft-us-2026-01-31,2026-01-31,,True
2026-01-31,US:HON:NSQ,US:HON,HON:NSQ,HON,Honeywell International Inc,NASDAQ,us,russell3000,General Industrials,ft_icb_native,2026-01-31,Industrials,General Industrials,ft_native_v2,ft_index_membership_filtered,0.95,high,2026-01-31,https://markets.ft.com/data/equities/tearsheet/summary?s=HON:NSQ,2026-01-31T00:00:00+00:00,ft-us-2026-01-31,2026-01-31,,True
2026-01-31,US:HOOD:NSQ,US:HOOD,HOOD:NSQ,HOOD,Robinhood Markets Inc,NASDAQ,us,russell3000,Investment Banking and Brokerage Services,ft_icb_native,2026-01-31,Financials,Investment Banking and Brokerage Services,ft_native_v2,ft_index_membership_filtered,0.95,high,2026-01-31,https://markets.ft.com/data/equities/tearsheet/summary?s=HOOD:NSQ,2026-01-31T00:00:00+00:00,ft-us-2026-01-31,2026-01-31,,True
2026-01-31,US:HOPE:NSQ,US:HOPE,HOPE:NSQ,HOPE,Hope Bancorp Inc,NASDAQ,us,russell3000,Banks,ft_icb_native,2026-01-31,Financials,Banks,ft_native_v2,ft_index_membership_filtered,0.95,high,2026-01-31,https://markets.ft.com/data/equities/tearsheet/summary?s=HOPE:NSQ,2026-01-31T00:00:00+00:00,ft-us-2026-01-31,2026-01-31,,True
2026-01-31,US:HOV:NYQ,US:HOV,HOV:NYQ,HOV,Hovnanian Enterprises Inc,NYQ,us,russell3000,Household Goods and Home Construction,ft_icb_native,2026-01-31,Consumer Discretionary,Household Goods and Home Construction,ft_native_v2,ft_index_membership_filtered,0.95,high,2026-01-31,https://markets.ft.com/data/equities/tearsheet/summary?s=HOV:NYQ,2026-01-31T00:00:00+00:00,ft-us-2026-01-31,2026-01-31,,True
2026-01-31,US:HP:NYQ,US:HP,HP:NYQ,HP,Helmerich and Payne Inc,NYQ,us,russell3000,"Oil, Gas and Coal",ft_icb_native,2026-01-31,Energy,"Oil, Gas and Coal",ft_native_v2,ft_index_membership_filtered,0.95,high,2026-01-31,https://markets.ft.com/data/equities/tearsheet/summary?s=HP:NYQ,2026-01-31T00:00:00+00:00,ft-us-2026-01-31,2026-01-31,,True
2026-01-31,US:HPE:NYS,US:HPE,HPE:NYS,HPE,Hewlett Packard Enterprise Co,NYSE,us,russell3000,Technology,ft_icb_native,2026-01-31,Technology,Technology,ft_native_v2,ft_index_membership_filtered,0.95,high,2026-01-31,https://markets.ft.com/data/equities/tearsheet/summary?s=HPE:NYS,2026-01-31T00:00:00+00:00,ft-us-2026-01-31,2026-01-31,,True
2026-01-31,US:HPP:NYQ,US:HPP,HPP:NYQ,HPP,Hudson Pacific Properties Inc,NYQ,us,russell3000,Real Estate Investment Trusts,ft_icb_native,2026-01-31,Real Estate,Real Estate Investment Trusts,ft_native_v2,ft_index_membership_filtered,0.95,high,2026-01-31,https://markets.ft.com/data/equities/tearsheet/summary?s=HPP:NYQ,2026-01-31T00:00:00+00:00,ft-us-2026-01-31,2026-01-31,,True
2026-01-31,US:HPQ:NYQ,US:HPQ,HPQ:NYQ,HPQ,HP Inc,NYQ,us,russell3000,Technology Hardware and Equipment,ft_icb_native,2026-01-31,Technology,Technology Hardware and Equipment,ft_native_v2,ft_index_membership_filtered,0.95,high,2026-01-31,https://markets.ft.com/data/equities/tearsheet/summary?s=HPQ:NYQ,2026-01-31T00:00:00+00:00,ft-us-2026-01-31,2026-01-31,,True
2026-01-31,US:HQY:NSQ,US:HQY,HQY:NSQ,HQY,Healthequity Inc,NASDAQ,us,russell3000,Health Care Providers,ft_icb_native,2026-01-31,Health Care,Health Care Providers,ft_native_v2,ft_index_membership_filtered,0.95,high,2026-01-31,https://markets.ft.com/data/equities/tearsheet/summary?s=HQY:NSQ,2026-01-31T00:00:00+00:00,ft-us-2026-01-31,2026-01-31,,True
2026-01-31,US:HR:NYQ,US:HR,HR:NYQ,HR,Healthcare Realty Trust Inc,NYQ,us,russell3000,Real Estate Investment Trusts,ft_icb_native,2026-01-31,Real Estate,Real Estate Investment Trusts,ft_native_v2,ft_index_membership_filtered,0.95,high,2026-01-31,https://markets.ft.com/data/equities/tearsheet/summary?s=HR:NYQ,2026-01-31T00:00:00+00:00,ft-us-2026-01-31,2026-01-31,,True
2026-01-31,US:HRB:NYQ,US:HRB,HRB:NYQ,HRB,H & R Block Inc,NYQ,us,russell3000,Consumer Services,ft_icb_native,2026-01-31,Consumer Discretionary,Consumer Services,ft_native_v2,ft_index_membership_filtered,0.95,high,2026-01-31,https://markets.ft.com/data/equities/tearsheet/summary?s=HRB:NYQ,2026-01-31T00:00:00+00:00,ft-us-2026-01-31,2026-01-31,,True
2026-01-31,US:HRI:NYS,US:HRI,HRI:NYS,HRI,Herc Holdings Inc,NYSE,us,russell3000,Industrial Transportation,ft_icb_native,2026-01-31,Industrials,Industrial Transportation,ft_native_v2,ft_index_membership_filtered,0.95,high,2026-01-31,https://markets.ft.com/data/equities/tearsheet/summary?s=HRI:NYS,2026-01-31T00:00:00+00:00,ft-us-2026-01-31,2026-01-31,,True
2026-01-31,US:HRL:NYQ,US:HRL,HRL:NYQ,HRL,Hormel Foods Corp,NYQ,us,russell3000,Food Producers,ft_icb_native,2026-01-31,Consumer Staples,Food Producers,ft_native_v2,ft_index_membership_filtered,0.95,high,2026-01-31,https://markets.ft.com/data/equities/tearsheet/summary?s=HRL:NYQ,2026-01-31T00:00:00+00:00,ft-us-2026-01-31,2026-01-31,,True
2026-01-31,US:HRMY:NMQ,US:HRMY,HRMY:NMQ,HRMY,Harmony Biosciences Holdings Inc,NMQ,us,russell3000,Pharmaceuticals and Biotechnology,ft_icb_native,2026-01-31,Health Care,Pharmaceuticals and Biotechnology,ft_native_v2,ft_index_membership_filtered,0.95,high,2026-01-31,https://markets.ft.com/data/equities/tearsheet/summary?s=HRMY:NMQ,2026-01-31T00:00:00+00:00,ft-us-2026-01-31,2026-01-31,,True
2026-01-31,US:HROW:NMQ,US:HROW,HROW:NMQ,HROW,Harrow Inc,NMQ,us,russell3000,Pharmaceuticals and Biotechnology,ft_icb_native,2026-01-31,Health Care,Pharmaceuticals and Biotechnology,ft_native_v2,ft_index_membership_filtered,0.95,high,2026-01-31,https://markets.ft.com/data/equities/tearsheet/summary?s=HROW:NMQ,2026-01-31T00:00:00+00:00,ft-us-2026-01-31,2026-01-31,,True
2026-01-31,US:HRTG:NYS,US:HRTG,HRTG:NYS,HRTG,Heritage Insurance Holdings Inc,NYSE,us,russell3000,Non-life Insurance,ft_icb_native,2026-01-31,Financials,Non-life Insurance,ft_native_v2,ft_index_membership_filtered,0.95,high,2026-01-31,https://markets.ft.com/data/equities/tearsheet/summary?s=HRTG:NYS,2026-01-31T00:00:00+00:00,ft-us-2026-01-31,2026-01-31,,True
2026-01-31,US:HRTX:NAQ,US:HRTX,HRTX:NAQ,HRTX,Heron Therapeutics Inc,NAQ,us,russell3000,Pharmaceuticals and Biotechnology,ft_icb_native,2026-01-31,Health Care,Pharmaceuticals and Biotechnology,ft_native_v2,ft_index_membership_filtered,0.95,high,2026-01-31,https://markets.ft.com/data/equities/tearsheet/summary?s=HRTX:NAQ,2026-01-31T00:00:00+00:00,ft-us-2026-01-31,2026-01-31,,True
2026-01-31,US:HSIC:NSQ,US:HSIC,HSIC:NSQ,HSIC,Henry Schein Inc,NASDAQ,us,russell3000,Medical Equipment and Services,ft_icb_native,2026-01-31,Health Care,Medical Equipment and Services,ft_native_v2,ft_index_membership_filtered,0.95,high,2026-01-31,https://markets.ft.com/data/equities/tearsheet/summary?s=HSIC:NSQ,2026-01-31T00:00:00+00:00,ft-us-2026-01-31,2026-01-31,,True
2026-01-31,US:HST:NSQ,US:HST,HST:NSQ,HST,Host Hotels & Resorts Inc,NASDAQ,us,russell3000,Real Estate Investment Trusts,ft_icb_native,2026-01-31,Real Estate,Real Estate Investment Trusts,ft_native_v2,ft_index_membership_filtered,0.95,high,2026-01-31,https://markets.ft.com/data/equities/tearsheet/summary?s=HST:NSQ,2026-01-31T00:00:00+00:00,ft-us-2026-01-31,2026-01-31,,True
2026-01-31,US:HSTM:NSQ,US:HSTM,HSTM:NSQ,HSTM,HealthStream Inc,NASDAQ,us,russell3000,Health Care Providers,ft_icb_native,2026-01-31,Health Care,Health Care Providers,ft_native_v2,ft_index_membership_filtered,0.95,high,2026-01-31,https://markets.ft.com/data/equities/tearsheet/summary?s=HSTM:NSQ,2026-01-31T00:00:00+00:00,ft-us-2026-01-31,2026-01-31,,True
2026-01-31,US:HSY:NYQ,US:HSY,HSY:NYQ,HSY,Hershey Co,NYQ,us,russell3000,Food Producers,ft_icb_native,2026-01-31,Consumer Staples,Food Producers,ft_native_v2,ft_index_membership_filtered,0.95,high,2026-01-31,https://markets.ft.com/data/equities/tearsheet/summary?s=HSY:NYQ,2026-01-31T00:00:00+00:00,ft-us-2026-01-31,2026-01-31,,True
2026-01-31,US:HTB:NYQ,US:HTB,HTB:NYQ,HTB,HomeTrust Bancshares Inc,NYQ,us,russell3000,Banks,ft_icb_native,2026-01-31,Financials,Banks,ft_native_v2,ft_index_membership_filtered,0.95,high,2026-01-31,https://markets.ft.com/data/equities/tearsheet/summary?s=HTB:NYQ,2026-01-31T00:00:00+00:00,ft-us-2026-01-31,2026-01-31,,True
2026-01-31,US:HTBK:NSQ,US:HTBK,HTBK:NSQ,HTBK,Heritage Commerce Corp,NASDAQ,us,russell3000,Banks,ft_icb_native,2026-01-31,Financials,Banks,ft_native_v2,ft_index_membership_filtered,0.95,high,2026-01-31,https://markets.ft.com/data/equities/tearsheet/summary?s=HTBK:NSQ,2026-01-31T00:00:00+00:00,ft-us-2026-01-31,2026-01-31,,True
2026-01-31,US:HTFL:NSQ,US:HTFL,HTFL:NSQ,HTFL,Heartflow Inc,NASDAQ,us,russell3000,Pharmaceuticals and Biotechnology,ft_icb_native,2026-01-31,Health Care,Pharmaceuticals and Biotechnology,ft_native_v2,ft_index_membership_filtered,0.95,high,2026-01-31,https://markets.ft.com/data/equities/tearsheet/summary?s=HTFL:NSQ,2026-01-31T00:00:00+00:00,ft-us-2026-01-31,2026-01-31,,True
2026-01-31,US:HTH:NYQ,US:HTH,HTH:NYQ,HTH,Hilltop Holdings Inc,NYQ,us,russell3000,Banks,ft_icb_native,2026-01-31,Financials,Banks,ft_native_v2,ft_index_membership_filtered,0.95,high,2026-01-31,https://markets.ft.com/data/equities/tearsheet/summary?s=HTH:NYQ,2026-01-31T00:00:00+00:00,ft-us-2026-01-31,2026-01-31,,True
2026-01-31,US:HTLD:NSQ,US:HTLD,HTLD:NSQ,HTLD,Heartland Express Inc,NASDAQ,us,russell3000,Industrial Transportation,ft_icb_native,2026-01-31,Industrials,Industrial Transportation,ft_native_v2,ft_index_membership_filtered,0.95,high,2026-01-31,https://markets.ft.com/data/equities/tearsheet/summary?s=HTLD:NSQ,2026-01-31T00:00:00+00:00,ft-us-2026-01-31,2026-01-31,,True
2026-01-31,US:HTO:NSQ,US:HTO,HTO:NSQ,HTO,H2O America,NASDAQ,us,russell3000,"Gas, Water and Multi-utilities",ft_icb_native,2026-01-31,Utilities,"Gas, Water and Multi-utilities",ft_native_v2,ft_index_membership_filtered,0.95,high,2026-01-31,https://markets.ft.com/data/equities/tearsheet/summary?s=HTO:NSQ,2026-01-31T00:00:00+00:00,ft-us-2026-01-31,2026-01-31,,True
2026-01-31,US:HTZ:NSQ,US:HTZ,HTZ:NSQ,HTZ,Hertz Global Holdings Inc,NASDAQ,us,russell3000,Consumer Services,ft_icb_native,2026-01-31,Industrials,Consumer Services,ft_native_v2,ft_index_membership_filtered,0.95,high,2026-01-31,https://markets.ft.com/data/equities/tearsheet/summary?s=HTZ:NSQ,2026-01-31T00:00:00+00:00,ft-us-2026-01-31,2026-01-31,,True
2026-01-31,US:HUBB:NYQ,US:HUBB,HUBB:NYQ,HUBB,Hubbell Inc,NYQ,us,russell3000,Electronic and Electrical Equipment,ft_icb_native,2026-01-31,Industrials,Electronic and Electrical Equipment,ft_native_v2,ft_index_membership_filtered,0.95,high,2026-01-31,https://markets.ft.com/data/equities/tearsheet/summary?s=HUBB:NYQ,2026-01-31T00:00:00+00:00,ft-us-2026-01-31,2026-01-31,,True
2026-01-31,US:HUBG:NSQ,US:HUBG,HUBG:NSQ,HUBG,Hub Group Inc,NASDAQ,us,russell3000,Industrial Transportation,ft_icb_native,2026-01-31,Industrials,Industrial Transportation,ft_native_v2,ft_index_membership_filtered,0.95,high,2026-01-31,https://markets.ft.com/data/equities/tearsheet/summary?s=HUBG:NSQ,2026-01-31T00:00:00+00:00,ft-us-2026-01-31,2026-01-31,,True
2026-01-31,US:HUBS:NYQ,US:HUBS,HUBS:NYQ,HUBS,HubSpot Inc,NYQ,us,russell3000,Technology,ft_icb_native,2026-01-31,Technology,Technology,ft_native_v2,ft_index_membership_filtered,0.95,high,2026-01-31,https://markets.ft.com/data/equities/tearsheet/summary?s=HUBS:NYQ,2026-01-31T00:00:00+00:00,ft-us-2026-01-31,2026-01-31,,True
2026-01-31,US:HUM:NYQ,US:HUM,HUM:NYQ,HUM,Humana Inc,NYQ,us,russell3000,Health Care Providers,ft_icb_native,2026-01-31,Health Care,Health Care Providers,ft_native_v2,ft_index_membership_filtered,0.95,high,2026-01-31,https://markets.ft.com/data/equities/tearsheet/summary?s=HUM:NYQ,2026-01-31T00:00:00+00:00,ft-us-2026-01-31,2026-01-31,,True
2026-01-31,US:HUMA:NSQ,US:HUMA,HUMA:NSQ,HUMA,Humacyte Inc,NASDAQ,us,russell3000,Pharmaceuticals and Biotechnology,ft_icb_native,2026-01-31,Health Care,Pharmaceuticals and Biotechnology,ft_native_v2,ft_index_membership_filtered,0.95,high,2026-01-31,https://markets.ft.com/data/equities/tearsheet/summary?s=HUMA:NSQ,2026-01-31T00:00:00+00:00,ft-us-2026-01-31,2026-01-31,,True
2026-01-31,US:HUN:NYQ,US:HUN,HUN:NYQ,HUN,Huntsman Corp,NYQ,us,russell3000,Chemicals,ft_icb_native,2026-01-31,Basic Materials,Chemicals,ft_native_v2,ft_index_membership_filtered,0.95,high,2026-01-31,https://markets.ft.com/data/equities/tearsheet/summary?s=HUN:NYQ,2026-01-31T00:00:00+00:00,ft-us-2026-01-31,2026-01-31,,True
2026-01-31,US:HURN:NSQ,US:HURN,HURN:NSQ,HURN,Huron Consulting Group Inc,NASDAQ,us,russell3000,Industrial Support Services,ft_icb_native,2026-01-31,Industrials,Industrial Support Services,ft_native_v2,ft_index_membership_filtered,0.95,high,2026-01-31,https://markets.ft.com/data/equities/tearsheet/summary?s=HURN:NSQ,2026-01-31T00:00:00+00:00,ft-us-2026-01-31,2026-01-31,,True
2026-01-31,US:HUT:NSQ,US:HUT,HUT:NSQ,HUT,Hut 8 Corp,NASDAQ,us,russell3000,Technology,ft_icb_native,2026-01-31,Technology,Technology,ft_native_v2,ft_index_membership_filtered,0.95,high,2026-01-31,https://markets.ft.com/data/equities/tearsheet/summary?s=HUT:NSQ,2026-01-31T00:00:00+00:00,ft-us-2026-01-31,2026-01-31,,True
2026-01-31,US:HVT:NYQ,US:HVT,HVT:NYQ,HVT,Haverty Furniture Companies Inc,NYQ,us,russell3000,Consumer Discretionary,ft_icb_native,2026-01-31,Consumer Discretionary,Consumer Discretionary,ft_native_v2,ft_index_membership_filtered,0.95,high,2026-01-31,https://markets.ft.com/data/equities/tearsheet/summary?s=HVT:NYQ,2026-01-31T00:00:00+00:00,ft-us-2026-01-31,2026-01-31,,True
2026-01-31,US:HWC:NSQ,US:HWC,HWC:NSQ,HWC,Hancock Whitney Corp,NASDAQ,us,russell3000,Banks,ft_icb_native,2026-01-31,Financials,Banks,ft_native_v2,ft_index_membership_filtered,0.95,high,2026-01-31,https://markets.ft.com/data/equities/tearsheet/summary?s=HWC:NSQ,2026-01-31T00:00:00+00:00,ft-us-2026-01-31,2026-01-31,,True
2026-01-31,US:HWKN:NSQ,US:HWKN,HWKN:NSQ,HWKN,Hawkins Inc,NASDAQ,us,russell3000,Chemicals,ft_icb_native,2026-01-31,Basic Materials,Chemicals,ft_native_v2,ft_index_membership_filtered,0.95,high,2026-01-31,https://markets.ft.com/data/equities/tearsheet/summary?s=HWKN:NSQ,2026-01-31T00:00:00+00:00,ft-us-2026-01-31,2026-01-31,,True
2026-01-31,US:HWM:NYQ,US:HWM,HWM:NYQ,HWM,Howmet Aerospace Inc,NYQ,us,russell3000,Aerospace and Defense,ft_icb_native,2026-01-31,Industrials,Aerospace and Defense,ft_native_v2,ft_index_membership_filtered,0.95,high,2026-01-31,https://markets.ft.com/data/equities/tearsheet/summary?s=HWM:NYQ,2026-01-31T00:00:00+00:00,ft-us-2026-01-31,2026-01-31,,True
2026-01-31,US:HXL:NYQ,US:HXL,HXL:NYQ,HXL,Hexcel Corp,NYQ,us,russell3000,Industrial Materials,ft_icb_native,2026-01-31,Industrials,Industrial Materials,ft_native_v2,ft_index_membership_filtered,0.95,high,2026-01-31,https://markets.ft.com/data/equities/tearsheet/summary?s=HXL:NYQ,2026-01-31T00:00:00+00:00,ft-us-2026-01-31,2026-01-31,,True
2026-01-31,US:HY:NYQ,US:HY,HY:NYQ,HY,Hyster-Yale Inc,NYQ,us,russell3000,Industrial Engineering,ft_icb_native,2026-01-31,Industrials,Industrial Engineering,ft_native_v2,ft_index_membership_filtered,0.95,high,2026-01-31,https://markets.ft.com/data/equities/tearsheet/summary?s=HY:NYQ,2026-01-31T00:00:00+00:00,ft-us-2026-01-31,2026-01-31,,True
2026-01-31,US:HYLN:ASQ,US:HYLN,HYLN:ASQ,HYLN,Hyliion Holdings Corp,ASQ,us,russell3000,Industrial Transportation,ft_icb_native,2026-01-31,Industrials,Industrial Transportation,ft_native_v2,ft_index_membership_filtered,0.95,high,2026-01-31,https://markets.ft.com/data/equities/tearsheet/summary?s=HYLN:ASQ,2026-01-31T00:00:00+00:00,ft-us-2026-01-31,2026-01-31,,True
2026-01-31,US:HZO:NYQ,US:HZO,HZO:NYQ,HZO,MarineMax Inc,NYQ,us,russell3000,Consumer Discretionary,ft_icb_native,2026-01-31,Consumer Discretionary,Consumer Discretionary,ft_native_v2,ft_index_membership_filtered,0.95,high,2026-01-31,https://markets.ft.com/data/equities/tearsheet/summary?s=HZO:NYQ,2026-01-31T00:00:00+00:00,ft-us-2026-01-31,2026-01-31,,True
2026-01-31,US:IAC:NSQ,US:IAC,IAC:NSQ,IAC,IAC Inc,NASDAQ,us,russell3000,Technology,ft_icb_native,2026-01-31,Telecommunications,Technology,ft_native_v2,ft_index_membership_filtered,0.95,high,2026-01-31,https://markets.ft.com/data/equities/tearsheet/summary?s=IAC:NSQ,2026-01-31T00:00:00+00:00,ft-us-2026-01-31,2026-01-31,,True
2026-01-31,US:IART:NSQ,US:IART,IART:NSQ,IART,Integra Lifesciences Holdings Corp,NASDAQ,us,russell3000,Medical Equipment and Services,ft_icb_native,2026-01-31,Health Care,Medical Equipment and Services,ft_native_v2,ft_index_membership_filtered,0.95,high,2026-01-31,https://markets.ft.com/data/equities/tearsheet/summary?s=IART:NSQ,2026-01-31T00:00:00+00:00,ft-us-2026-01-31,2026-01-31,,True
2026-01-31,US:IBCP:NSQ,US:IBCP,IBCP:NSQ,IBCP,Independent Bank Corp (Michigan),NASDAQ,us,russell3000,Banks,ft_icb_native,2026-01-31,Financials,Banks,ft_native_v2,ft_index_membership_filtered,0.95,high,2026-01-31,https://markets.ft.com/data/equities/tearsheet/summary?s=IBCP:NSQ,2026-01-31T00:00:00+00:00,ft-us-2026-01-31,2026-01-31,,True
2026-01-31,US:IBKR:NSQ,US:IBKR,IBKR:NSQ,IBKR,Interactive Brokers Group Inc,NASDAQ,us,russell3000,Investment Banking and Brokerage Services,ft_icb_native,2026-01-31,Financials,Investment Banking and Brokerage Services,ft_native_v2,ft_index_membership_filtered,0.95,high,2026-01-31,https://markets.ft.com/data/equities/tearsheet/summary?s=IBKR:NSQ,2026-01-31T00:00:00+00:00,ft-us-2026-01-31,2026-01-31,,True
2026-01-31,US:IBM:NYQ,US:IBM,IBM:NYQ,IBM,International Business Machines Corp,NYQ,us,russell3000,Technology,ft_icb_native,2026-01-31,Technology,Technology,ft_native_v2,ft_index_membership_filtered,0.95,high,2026-01-31,https://markets.ft.com/data/equities/tearsheet/summary?s=IBM:NYQ,2026-01-31T00:00:00+00:00,ft-us-2026-01-31,2026-01-31,,True
2026-01-31,US:IBOC:NSQ,US:IBOC,IBOC:NSQ,IBOC,International Bancshares Corp,NASDAQ,us,russell3000,Banks,ft_icb_native,2026-01-31,Financials,Banks,ft_native_v2,ft_index_membership_filtered,0.95,high,2026-01-31,https://markets.ft.com/data/equities/tearsheet/summary?s=IBOC:NSQ,2026-01-31T00:00:00+00:00,ft-us-2026-01-31,2026-01-31,,True
2026-01-31,US:IBP:NYQ,US:IBP,IBP:NYQ,IBP,Installed Building Products Inc,NYQ,us,russell3000,Construction and Materials,ft_icb_native,2026-01-31,Consumer Discretionary,Construction and Materials,ft_native_v2,ft_index_membership_filtered,0.95,high,2026-01-31,https://markets.ft.com/data/equities/tearsheet/summary?s=IBP:NYQ,2026-01-31T00:00:00+00:00,ft-us-2026-01-31,2026-01-31,,True
2026-01-31,US:IBRX:NSQ,US:IBRX,IBRX:NSQ,IBRX,Immunitybio Inc,NASDAQ,us,russell3000,Pharmaceuticals and Biotechnology,ft_icb_native,2026-01-31,Health Care,Pharmaceuticals and Biotechnology,ft_native_v2,ft_index_membership_filtered,0.95,high,2026-01-31,https://markets.ft.com/data/equities/tearsheet/summary?s=IBRX:NSQ,2026-01-31T00:00:00+00:00,ft-us-2026-01-31,2026-01-31,,True
2026-01-31,US:IBTA:NYQ,US:IBTA,IBTA:NYQ,IBTA,Ibotta Inc,NYQ,us,russell3000,Technology,ft_icb_native,2026-01-31,Telecommunications,Technology,ft_native_v2,ft_index_membership_filtered,0.95,high,2026-01-31,https://markets.ft.com/data/equities/tearsheet/summary?s=IBTA:NYQ,2026-01-31T00:00:00+00:00,ft-us-2026-01-31,2026-01-31,,True
2026-01-31,US:ICE:NYS,US:ICE,ICE:NYS,ICE,Intercontinental Exchange Inc,NYSE,us,russell3000,Investment Banking and Brokerage Services,ft_icb_native,2026-01-31,Financials,Investment Banking and Brokerage Services,ft_native_v2,ft_index_membership_filtered,0.95,high,2026-01-31,https://markets.ft.com/data/equities/tearsheet/summary?s=ICE:NYS,2026-01-31T00:00:00+00:00,ft-us-2026-01-31,2026-01-31,,True
2026-01-31,US:ICFI:NSQ,US:ICFI,ICFI:NSQ,ICFI,ICF International Inc,NASDAQ,us,russell3000,Industrial Support Services,ft_icb_native,2026-01-31,Industrials,Industrial Support Services,ft_native_v2,ft_index_membership_filtered,0.95,high,2026-01-31,https://markets.ft.com/data/equities/tearsheet/summary?s=ICFI:NSQ,2026-01-31T00:00:00+00:00,ft-us-2026-01-31,2026-01-31,,True
2026-01-31,US:ICHR:NSQ,US:ICHR,ICHR:NSQ,ICHR,Ichor Holdings Ltd,NASDAQ,us,russell3000,Technology Hardware and Equipment,ft_icb_native,2026-01-31,Technology,Technology Hardware and Equipment,ft_native_v2,ft_index_membership_filtered,0.95,high,2026-01-31,https://markets.ft.com/data/equities/tearsheet/summary?s=ICHR:NSQ,2026-01-31T00:00:00+00:00,ft-us-2026-01-31,2026-01-31,,True
2026-01-31,US:ICUI:NSQ,US:ICUI,ICUI:NSQ,ICUI,ICU Medical Inc,NASDAQ,us,russell3000,Medical Equipment and Services,ft_icb_native,2026-01-31,Health Care,Medical Equipment and Services,ft_native_v2,ft_index_membership_filtered,0.95,high,2026-01-31,https://markets.ft.com/data/equities/tearsheet/summary?s=ICUI:NSQ,2026-01-31T00:00:00+00:00,ft-us-2026-01-31,2026-01-31,,True
2026-01-31,US:IDA:NYQ,US:IDA,IDA:NYQ,IDA,Idacorp Inc,NYQ,us,russell3000,Electricity,ft_icb_native,2026-01-31,Utilities,Electricity,ft_native_v2,ft_index_membership_filtered,0.95,high,2026-01-31,https://markets.ft.com/data/equities/tearsheet/summary?s=IDA:NYQ,2026-01-31T00:00:00+00:00,ft-us-2026-01-31,2026-01-31,,True
2026-01-31,US:IDCC:NSQ,US:IDCC,IDCC:NSQ,IDCC,InterDigital Inc,NASDAQ,us,russell3000,Telecommunications Equipment,ft_icb_native,2026-01-31,Technology,Telecommunications Equipment,ft_native_v2,ft_index_membership_filtered,0.95,high,2026-01-31,https://markets.ft.com/data/equities/tearsheet/summary?s=IDCC:NSQ,2026-01-31T00:00:00+00:00,ft-us-2026-01-31,2026-01-31,,True
2026-01-31,US:IDR:ASQ,US:IDR,IDR:ASQ,IDR,Idaho Strategic Resources Inc,ASQ,us,russell3000,Precious Metals and Mining,ft_icb_native,2026-01-31,Basic Materials,Precious Metals and Mining,ft_native_v2,ft_index_membership_filtered,0.95,high,2026-01-31,https://markets.ft.com/data/equities/tearsheet/summary?s=IDR:ASQ,2026-01-31T00:00:00+00:00,ft-us-2026-01-31,2026-01-31,,True
2026-01-31,US:IDT:NYQ,US:IDT,IDT:NYQ,IDT,IDT Corp,NYQ,us,russell3000,Telecommunications Service Providers,ft_icb_native,2026-01-31,Telecommunications,Telecommunications Service Providers,ft_native_v2,ft_index_membership_filtered,0.95,high,2026-01-31,https://markets.ft.com/data/equities/tearsheet/summary?s=IDT:NYQ,2026-01-31T00:00:00+00:00,ft-us-2026-01-31,2026-01-31,,True
2026-01-31,US:IDXX:NSQ,US:IDXX,IDXX:NSQ,IDXX,IDEXX Laboratories Inc,NASDAQ,us,russell3000,Medical Equipment and Services,ft_icb_native,2026-01-31,Health Care,Medical Equipment and Services,ft_native_v2,ft_index_membership_filtered,0.95,high,2026-01-31,https://markets.ft.com/data/equities/tearsheet/summary?s=IDXX:NSQ,2026-01-31T00:00:00+00:00,ft-us-2026-01-31,2026-01-31,,True
2026-01-31,US:IDYA:NSQ,US:IDYA,IDYA:NSQ,IDYA,IDEAYA Biosciences Inc,NASDAQ,us,russell3000,Pharmaceuticals and Biotechnology,ft_icb_native,2026-01-31,Health Care,Pharmaceuticals and Biotechnology,ft_native_v2,ft_index_membership_filtered,0.95,high,2026-01-31,https://markets.ft.com/data/equities/tearsheet/summary?s=IDYA:NSQ,2026-01-31T00:00:00+00:00,ft-us-2026-01-31,2026-01-31,,True
2026-01-31,US:IE:NYS,US:IE,IE:NYS,IE,Ivanhoe Electric Inc,NYSE,us,russell3000,Industrial Metals and Mining,ft_icb_native,2026-01-31,Basic Materials,Industrial Metals and Mining,ft_native_v2,ft_index_membership_filtered,0.95,high,2026-01-31,https://markets.ft.com/data/equities/tearsheet/summary?s=IE:NYS,2026-01-31T00:00:00+00:00,ft-us-2026-01-31,2026-01-31,,True
2026-01-31,US:IESC:NMQ,US:IESC,IESC:NMQ,IESC,IES Holdings Inc,NMQ,us,russell3000,Construction and Materials,ft_icb_native,2026-01-31,Industrials,Construction and Materials,ft_native_v2,ft_index_membership_filtered,0.95,high,2026-01-31,https://markets.ft.com/data/equities/tearsheet/summary?s=IESC:NMQ,2026-01-31T00:00:00+00:00,ft-us-2026-01-31,2026-01-31,,True
2026-01-31,US:IEX:NYQ,US:IEX,IEX:NYQ,IEX,IDEX Corp,NYQ,us,russell3000,Electronic and Electrical Equipment,ft_icb_native,2026-01-31,Industrials,Electronic and Electrical Equipment,ft_native_v2,ft_index_membership_filtered,0.95,high,2026-01-31,https://markets.ft.com/data/equities/tearsheet/summary?s=IEX:NYQ,2026-01-31T00:00:00+00:00,ft-us-2026-01-31,2026-01-31,,True
2026-01-31,US:IFF:NYQ,US:IFF,IFF:NYQ,IFF,International Flavors & Fragrances Inc,NYQ,us,russell3000,Chemicals,ft_icb_native,2026-01-31,Basic Materials,Chemicals,ft_native_v2,ft_index_membership_filtered,0.95,high,2026-01-31,https://markets.ft.com/data/equities/tearsheet/summary?s=IFF:NYQ,2026-01-31T00:00:00+00:00,ft-us-2026-01-31,2026-01-31,,True
2026-01-31,US:IHRT:NSQ,US:IHRT,IHRT:NSQ,IHRT,iHeartMedia Inc,NASDAQ,us,russell3000,Media,ft_icb_native,2026-01-31,Telecommunications,Media,ft_native_v2,ft_index_membership_filtered,0.95,high,2026-01-31,https://markets.ft.com/data/equities/tearsheet/summary?s=IHRT:NSQ,2026-01-31T00:00:00+00:00,ft-us-2026-01-31,2026-01-31,,True
2026-01-31,US:IIIV:NSQ,US:IIIV,IIIV:NSQ,IIIV,I3 Verticals Inc,NASDAQ,us,russell3000,Industrial Support Services,ft_icb_native,2026-01-31,Technology,Industrial Support Services,ft_native_v2,ft_index_membership_filtered,0.95,high,2026-01-31,https://markets.ft.com/data/equities/tearsheet/summary?s=IIIV:NSQ,2026-01-31T00:00:00+00:00,ft-us-2026-01-31,2026-01-31,,True
2026-01-31,US:IIPR:NYQ,US:IIPR,IIPR:NYQ,IIPR,Innovative Industrial Properties Inc,NYQ,us,russell3000,Real Estate Investment Trusts,ft_icb_native,2026-01-31,Real Estate,Real Estate Investment Trusts,ft_native_v2,ft_index_membership_filtered,0.95,high,2026-01-31,https://markets.ft.com/data/equities/tearsheet/summary?s=IIPR:NYQ,2026-01-31T00:00:00+00:00,ft-us-2026-01-31,2026-01-31,,True
2026-01-31,US:ILMN:NSQ,US:ILMN,ILMN:NSQ,ILMN,Illumina Inc,NASDAQ,us,russell3000,Pharmaceuticals and Biotechnology,ft_icb_native,2026-01-31,Health Care,Pharmaceuticals and Biotechnology,ft_native_v2,ft_index_membership_filtered,0.95,high,2026-01-31,https://markets.ft.com/data/equities/tearsheet/summary?s=ILMN:NSQ,2026-01-31T00:00:00+00:00,ft-us-2026-01-31,2026-01-31,,True
2026-01-31,US:ILPT:NSQ,US:ILPT,ILPT:NSQ,ILPT,Industrial Logistics Properties Trust,NASDAQ,us,russell3000,Real Estate Investment Trusts,ft_icb_native,2026-01-31,Real Estate,Real Estate Investment Trusts,ft_native_v2,ft_index_membership_filtered,0.95,high,2026-01-31,https://markets.ft.com/data/equities/tearsheet/summary?s=ILPT:NSQ,2026-01-31T00:00:00+00:00,ft-us-2026-01-31,2026-01-31,,True
2026-01-31,US:IMAX:NYQ,US:IMAX,IMAX:NYQ,IMAX,Imax Corp,NYQ,us,russell3000,Media,ft_icb_native,2026-01-31,Telecommunications,Media,ft_native_v2,ft_index_membership_filtered,0.95,high,2026-01-31,https://markets.ft.com/data/equities/tearsheet/summary?s=IMAX:NYQ,2026-01-31T00:00:00+00:00,ft-us-2026-01-31,2026-01-31,,True
2026-01-31,US:IMKTA:NSQ,US:IMKTA,IMKTA:NSQ,IMKTA,Ingles Markets Inc,NASDAQ,us,russell3000,"Personal Care, Drug and Grocery Stores",ft_icb_native,2026-01-31,Consumer Staples,"Personal Care, Drug and Grocery Stores",ft_native_v2,ft_index_membership_filtered,0.95,high,2026-01-31,https://markets.ft.com/data/equities/tearsheet/summary?s=IMKTA:NSQ,2026-01-31T00:00:00+00:00,ft-us-2026-01-31,2026-01-31,,True
2026-01-31,US:IMMR:NSQ,US:IMMR,IMMR:NSQ,IMMR,Immersion Corp,NASDAQ,us,russell3000,Technology,ft_icb_native,2026-01-31,Technology,Technology,ft_native_v2,ft_index_membership_filtered,0.95,high,2026-01-31,https://markets.ft.com/data/equities/tearsheet/summary?s=IMMR:NSQ,2026-01-31T00:00:00+00:00,ft-us-2026-01-31,2026-01-31,,True
2026-01-31,US:IMNM:NAQ,US:IMNM,IMNM:NAQ,IMNM,Immunome Inc,NAQ,us,russell3000,Pharmaceuticals and Biotechnology,ft_icb_native,2026-01-31,Health Care,Pharmaceuticals and Biotechnology,ft_native_v2,ft_index_membership_filtered,0.95,high,2026-01-31,https://markets.ft.com/data/equities/tearsheet/summary?s=IMNM:NAQ,2026-01-31T00:00:00+00:00,ft-us-2026-01-31,2026-01-31,,True
2026-01-31,US:IMVT:NSQ,US:IMVT,IMVT:NSQ,IMVT,Immunovant Inc,NASDAQ,us,russell3000,Pharmaceuticals and Biotechnology,ft_icb_native,2026-01-31,Health Care,Pharmaceuticals and Biotechnology,ft_native_v2,ft_index_membership_filtered,0.95,high,2026-01-31,https://markets.ft.com/data/equities/tearsheet/summary?s=IMVT:NSQ,2026-01-31T00:00:00+00:00,ft-us-2026-01-31,2026-01-31,,True
2026-01-31,US:IMXI:NAQ,US:IMXI,IMXI:NAQ,IMXI,International Money Express Inc,NAQ,us,russell3000,Industrial Support Services,ft_icb_native,2026-01-31,Financials,Industrial Support Services,ft_native_v2,ft_index_membership_filtered,0.95,high,2026-01-31,https://markets.ft.com/data/equities/tearsheet/summary?s=IMXI:NAQ,2026-01-31T00:00:00+00:00,ft-us-2026-01-31,2026-01-31,,True
2026-01-31,US:INBK:NSQ,US:INBK,INBK:NSQ,INBK,First Internet Bancorp,NASDAQ,us,russell3000,Banks,ft_icb_native,2026-01-31,Financials,Banks,ft_native_v2,ft_index_membership_filtered,0.95,high,2026-01-31,https://markets.ft.com/data/equities/tearsheet/summary?s=INBK:NSQ,2026-01-31T00:00:00+00:00,ft-us-2026-01-31,2026-01-31,,True
2026-01-31,US:INBX:NSQ,US:INBX,INBX:NSQ,INBX,Inhibrx Biosciences Inc,NASDAQ,us,russell3000,Pharmaceuticals and Biotechnology,ft_icb_native,2026-01-31,Health Care,Pharmaceuticals and Biotechnology,ft_native_v2,ft_index_membership_filtered_level3_fallback,0.65,medium,2026-01-31,https://markets.ft.com/data/equities/tearsheet/summary?s=INBX:NSQ,2026-01-31T00:00:00+00:00,ft-us-2026-01-31,2026-01-31,,True
2026-01-31,US:INCY:NSQ,US:INCY,INCY:NSQ,INCY,Incyte Corp,NASDAQ,us,russell3000,Pharmaceuticals and Biotechnology,ft_icb_native,2026-01-31,Health Care,Pharmaceuticals and Biotechnology,ft_native_v2,ft_index_membership_filtered,0.95,high,2026-01-31,https://markets.ft.com/data/equities/tearsheet/summary?s=INCY:NSQ,2026-01-31T00:00:00+00:00,ft-us-2026-01-31,2026-01-31,,True
2026-01-31,US:INDB:NSQ,US:INDB,INDB:NSQ,INDB,Independent Bank Corp (Massachusetts),NASDAQ,us,russell3000,Banks,ft_icb_native,2026-01-31,Financials,Banks,ft_native_v2,ft_index_membership_filtered,0.95,high,2026-01-31,https://markets.ft.com/data/equities/tearsheet/summary?s=INDB:NSQ,2026-01-31T00:00:00+00:00,ft-us-2026-01-31,2026-01-31,,True
2026-01-31,US:INDI:NAQ,US:INDI,INDI:NAQ,INDI,indie Semiconductor Inc,NAQ,us,russell3000,Technology Hardware and Equipment,ft_icb_native,2026-01-31,Technology,Technology Hardware and Equipment,ft_native_v2,ft_index_membership_filtered,0.95,high,2026-01-31,https://markets.ft.com/data/equities/tearsheet/summary?s=INDI:NAQ,2026-01-31T00:00:00+00:00,ft-us-2026-01-31,2026-01-31,,True
2026-01-31,US:INDV:NSQ,US:INDV,INDV:NSQ,INDV,Indivior Pharmaceuticals Inc,NASDAQ,us,russell3000,Pharmaceuticals and Biotechnology,ft_icb_native,2026-01-31,Health Care,Pharmaceuticals and Biotechnology,ft_native_v2,ft_index_membership_filtered,0.95,high,2026-01-31,https://markets.ft.com/data/equities/tearsheet/summary?s=INDV:NSQ,2026-01-31T00:00:00+00:00,ft-us-2026-01-31,2026-01-31,,True
2026-01-31,US:INGM:NYS,US:INGM,INGM:NYS,INGM,Ingram Micro Holding Corp,NYSE,us,russell3000,Technology,ft_icb_native,2026-01-31,Technology,Technology,ft_native_v2,ft_index_membership_filtered,0.95,high,2026-01-31,https://markets.ft.com/data/equities/tearsheet/summary?s=INGM:NYS,2026-01-31T00:00:00+00:00,ft-us-2026-01-31,2026-01-31,,True
2026-01-31,US:INGN:NSQ,US:INGN,INGN:NSQ,INGN,Inogen Inc,NASDAQ,us,russell3000,Medical Equipment and Services,ft_icb_native,2026-01-31,Health Care,Medical Equipment and Services,ft_native_v2,ft_index_membership_filtered,0.95,high,2026-01-31,https://markets.ft.com/data/equities/tearsheet/summary?s=INGN:NSQ,2026-01-31T00:00:00+00:00,ft-us-2026-01-31,2026-01-31,,True
2026-01-31,US:INGR:NYQ,US:INGR,INGR:NYQ,INGR,Ingredion Inc,NYQ,us,russell3000,Food Producers,ft_icb_native,2026-01-31,Consumer Staples,Food Producers,ft_native_v2,ft_index_membership_filtered,0.95,high,2026-01-31,https://markets.ft.com/data/equities/tearsheet/summary?s=INGR:NYQ,2026-01-31T00:00:00+00:00,ft-us-2026-01-31,2026-01-31,,True
2026-01-31,US:INN:NYQ,US:INN,INN:NYQ,INN,Summit Hotel Properties Inc,NYQ,us,russell3000,Real Estate Investment Trusts,ft_icb_native,2026-01-31,Real Estate,Real Estate Investment Trusts,ft_native_v2,ft_index_membership_filtered,0.95,high,2026-01-31,https://markets.ft.com/data/equities/tearsheet/summary?s=INN:NYQ,2026-01-31T00:00:00+00:00,ft-us-2026-01-31,2026-01-31,,True
2026-01-31,US:INOD:NMQ,US:INOD,INOD:NMQ,INOD,Innodata Inc,NMQ,us,russell3000,Technology,ft_icb_native,2026-01-31,Industrials,Technology,ft_native_v2,ft_index_membership_filtered,0.95,high,2026-01-31,https://markets.ft.com/data/equities/tearsheet/summary?s=INOD:NMQ,2026-01-31T00:00:00+00:00,ft-us-2026-01-31,2026-01-31,,True
2026-01-31,US:INR:NYQ,US:INR,INR:NYQ,INR,Infinity Natural Resources Inc,NYQ,us,russell3000,"Oil, Gas and Coal",ft_icb_native,2026-01-31,Energy,"Oil, Gas and Coal",ft_native_v2,ft_index_membership_filtered,0.95,high,2026-01-31,https://markets.ft.com/data/equities/tearsheet/summary?s=INR:NYQ,2026-01-31T00:00:00+00:00,ft-us-2026-01-31,2026-01-31,,True
2026-01-31,US:INSE:NAQ,US:INSE,INSE:NAQ,INSE,Inspired Entertainment Inc,NAQ,us,russell3000,Travel and Leisure,ft_icb_native,2026-01-31,Consumer Discretionary,Travel and Leisure,ft_native_v2,ft_index_membership_filtered,0.95,high,2026-01-31,https://markets.ft.com/data/equities/tearsheet/summary?s=INSE:NAQ,2026-01-31T00:00:00+00:00,ft-us-2026-01-31,2026-01-31,,True
2026-01-31,US:INSM:NSQ,US:INSM,INSM:NSQ,INSM,Insmed Inc,NASDAQ,us,russell3000,Pharmaceuticals and Biotechnology,ft_icb_native,2026-01-31,Health Care,Pharmaceuticals and Biotechnology,ft_native_v2,ft_index_membership_filtered,0.95,high,2026-01-31,https://markets.ft.com/data/equities/tearsheet/summary?s=INSM:NSQ,2026-01-31T00:00:00+00:00,ft-us-2026-01-31,2026-01-31,,True
2026-01-31,US:INSP:NYQ,US:INSP,INSP:NYQ,INSP,Inspire Medical Systems Inc,NYQ,us,russell3000,Medical Equipment and Services,ft_icb_native,2026-01-31,Health Care,Medical Equipment and Services,ft_native_v2,ft_index_membership_filtered,0.95,high,2026-01-31,https://markets.ft.com/data/equities/tearsheet/summary?s=INSP:NYQ,2026-01-31T00:00:00+00:00,ft-us-2026-01-31,2026-01-31,,True
2026-01-31,US:INSW:NYQ,US:INSW,INSW:NYQ,INSW,International Seaways Inc,NYQ,us,russell3000,Industrial Transportation,ft_icb_native,2026-01-31,Energy,Industrial Transportation,ft_native_v2,ft_index_membership_filtered,0.95,high,2026-01-31,https://markets.ft.com/data/equities/tearsheet/summary?s=INSW:NYQ,2026-01-31T00:00:00+00:00,ft-us-2026-01-31,2026-01-31,,True
2026-01-31,US:INTA:NSQ,US:INTA,INTA:NSQ,INTA,Intapp Inc,NASDAQ,us,russell3000,Technology Hardware and Equipment,ft_icb_native,2026-01-31,Technology,Technology Hardware and Equipment,ft_native_v2,ft_index_membership_filtered_level3_fallback,0.65,medium,2026-01-31,https://markets.ft.com/data/equities/tearsheet/summary?s=INTA:NSQ,2026-01-31T00:00:00+00:00,ft-us-2026-01-31,2026-01-31,,True
2026-01-31,US:INTC:NSQ,US:INTC,INTC:NSQ,INTC,Intel Corp,NASDAQ,us,russell3000,Technology Hardware and Equipment,ft_icb_native,2026-01-31,Technology,Technology Hardware and Equipment,ft_native_v2,ft_index_membership_filtered,0.95,high,2026-01-31,https://markets.ft.com/data/equities/tearsheet/summary?s=INTC:NSQ,2026-01-31T00:00:00+00:00,ft-us-2026-01-31,2026-01-31,,True
2026-01-31,US:INTU:NSQ,US:INTU,INTU:NSQ,INTU,Intuit Inc,NASDAQ,us,russell3000,Technology,ft_icb_native,2026-01-31,Technology,Technology,ft_native_v2,ft_index_membership_filtered,0.95,high,2026-01-31,https://markets.ft.com/data/equities/tearsheet/summary?s=INTU:NSQ,2026-01-31T00:00:00+00:00,ft-us-2026-01-31,2026-01-31,,True
2026-01-31,US:INVA:NSQ,US:INVA,INVA:NSQ,INVA,Innoviva Inc,NASDAQ,us,russell3000,Pharmaceuticals and Biotechnology,ft_icb_native,2026-01-31,Health Care,Pharmaceuticals and Biotechnology,ft_native_v2,ft_index_membership_filtered,0.95,high,2026-01-31,https://markets.ft.com/data/equities/tearsheet/summary?s=INVA:NSQ,2026-01-31T00:00:00+00:00,ft-us-2026-01-31,2026-01-31,,True
2026-01-31,US:INVH:NYQ,US:INVH,INVH:NYQ,INVH,Invitation Homes Inc,NYQ,us,russell3000,Real Estate Investment Trusts,ft_icb_native,2026-01-31,Real Estate,Real Estate Investment Trusts,ft_native_v2,ft_index_membership_filtered,0.95,high,2026-01-31,https://markets.ft.com/data/equities/tearsheet/summary?s=INVH:NYQ,2026-01-31T00:00:00+00:00,ft-us-2026-01-31,2026-01-31,,True
2026-01-31,US:INVX:NYQ,US:INVX,INVX:NYQ,INVX,Innovex International Inc,NYQ,us,russell3000,"Oil, Gas and Coal",ft_icb_native,2026-01-31,Energy,"Oil, Gas and Coal",ft_native_v2,ft_index_membership_filtered,0.95,high,2026-01-31,https://markets.ft.com/data/equities/tearsheet/summary?s=INVX:NYQ,2026-01-31T00:00:00+00:00,ft-us-2026-01-31,2026-01-31,,True
2026-01-31,US:IONQ:NYQ,US:IONQ,IONQ:NYQ,IONQ,IONQ Inc,NYQ,us,russell3000,Technology,ft_icb_native,2026-01-31,Technology,Technology,ft_native_v2,ft_index_membership_filtered,0.95,high,2026-01-31,https://markets.ft.com/data/equities/tearsheet/summary?s=IONQ:NYQ,2026-01-31T00:00:00+00:00,ft-us-2026-01-31,2026-01-31,,True
2026-01-31,US:IONS:NSQ,US:IONS,IONS:NSQ,IONS,Ionis Pharmaceuticals Inc,NASDAQ,us,russell3000,Pharmaceuticals and Biotechnology,ft_icb_native,2026-01-31,Health Care,Pharmaceuticals and Biotechnology,ft_native_v2,ft_index_membership_filtered,0.95,high,2026-01-31,https://markets.ft.com/data/equities/tearsheet/summary?s=IONS:NSQ,2026-01-31T00:00:00+00:00,ft-us-2026-01-31,2026-01-31,,True
2026-01-31,US:IOSP:NSQ,US:IOSP,IOSP:NSQ,IOSP,Innospec Inc,NASDAQ,us,russell3000,Chemicals,ft_icb_native,2026-01-31,Basic Materials,Chemicals,ft_native_v2,ft_index_membership_filtered,0.95,high,2026-01-31,https://markets.ft.com/data/equities/tearsheet/summary?s=IOSP:NSQ,2026-01-31T00:00:00+00:00,ft-us-2026-01-31,2026-01-31,,True
2026-01-31,US:IOT:NYS,US:IOT,IOT:NYS,IOT,Samsara Inc,NYSE,us,russell3000,Technology,ft_icb_native,2026-01-31,Technology,Technology,ft_native_v2,ft_index_membership_filtered,0.95,high,2026-01-31,https://markets.ft.com/data/equities/tearsheet/summary?s=IOT:NYS,2026-01-31T00:00:00+00:00,ft-us-2026-01-31,2026-01-31,,True
2026-01-31,US:IOVA:NMQ,US:IOVA,IOVA:NMQ,IOVA,Iovance Biotherapeutics Inc,NMQ,us,russell3000,Pharmaceuticals and Biotechnology,ft_icb_native,2026-01-31,Health Care,Pharmaceuticals and Biotechnology,ft_native_v2,ft_index_membership_filtered,0.95,high,2026-01-31,https://markets.ft.com/data/equities/tearsheet/summary?s=IOVA:NMQ,2026-01-31T00:00:00+00:00,ft-us-2026-01-31,2026-01-31,,True
2026-01-31,US:IP:NYQ,US:IP,IP:NYQ,IP,International Paper Co,NYQ,us,russell3000,Industrial Materials,ft_icb_native,2026-01-31,Basic Materials,Industrial Materials,ft_native_v2,ft_index_membership_filtered,0.95,high,2026-01-31,https://markets.ft.com/data/equities/tearsheet/summary?s=IP:NYQ,2026-01-31T00:00:00+00:00,ft-us-2026-01-31,2026-01-31,,True
2026-01-31,US:IPAR:NSQ,US:IPAR,IPAR:NSQ,IPAR,Interparfums Inc,NASDAQ,us,russell3000,Personal Goods,ft_icb_native,2026-01-31,Consumer Staples,Personal Goods,ft_native_v2,ft_index_membership_filtered,0.95,high,2026-01-31,https://markets.ft.com/data/equities/tearsheet/summary?s=IPAR:NSQ,2026-01-31T00:00:00+00:00,ft-us-2026-01-31,2026-01-31,,True
2026-01-31,US:IPGP:NSQ,US:IPGP,IPGP:NSQ,IPGP,IPG Photonics Corp,NASDAQ,us,russell3000,Technology Hardware and Equipment,ft_icb_native,2026-01-31,Technology,Technology Hardware and Equipment,ft_native_v2,ft_index_membership_filtered,0.95,high,2026-01-31,https://markets.ft.com/data/equities/tearsheet/summary?s=IPGP:NSQ,2026-01-31T00:00:00+00:00,ft-us-2026-01-31,2026-01-31,,True
2026-01-31,US:IPI:NYS,US:IPI,IPI:NYS,IPI,Intrepid Potash Inc,NYSE,us,russell3000,Chemicals,ft_icb_native,2026-01-31,Basic Materials,Chemicals,ft_native_v2,ft_index_membership_filtered,0.95,high,2026-01-31,https://markets.ft.com/data/equities/tearsheet/summary?s=IPI:NYS,2026-01-31T00:00:00+00:00,ft-us-2026-01-31,2026-01-31,,True
2026-01-31,US:IQV:NYQ,US:IQV,IQV:NYQ,IQV,IQVIA Holdings Inc,NYQ,us,russell3000,Health Care Providers,ft_icb_native,2026-01-31,Health Care,Health Care Providers,ft_native_v2,ft_index_membership_filtered,0.95,high,2026-01-31,https://markets.ft.com/data/equities/tearsheet/summary?s=IQV:NYQ,2026-01-31T00:00:00+00:00,ft-us-2026-01-31,2026-01-31,,True
2026-01-31,US:IR:NYQ,US:IR,IR:NYQ,IR,Ingersoll Rand Inc,NYQ,us,russell3000,Industrial Engineering,ft_icb_native,2026-01-31,Industrials,Industrial Engineering,ft_native_v2,ft_index_membership_filtered,0.95,high,2026-01-31,https://markets.ft.com/data/equities/tearsheet/summary?s=IR:NYQ,2026-01-31T00:00:00+00:00,ft-us-2026-01-31,2026-01-31,,True
2026-01-31,US:IRDM:NSQ,US:IRDM,IRDM:NSQ,IRDM,Iridium Communications Inc,NASDAQ,us,russell3000,Telecommunications Service Providers,ft_icb_native,2026-01-31,Telecommunications,Telecommunications Service Providers,ft_native_v2,ft_index_membership_filtered,0.95,high,2026-01-31,https://markets.ft.com/data/equities/tearsheet/summary?s=IRDM:NSQ,2026-01-31T00:00:00+00:00,ft-us-2026-01-31,2026-01-31,,True
2026-01-31,US:IRM:NYQ,US:IRM,IRM:NYQ,IRM,Iron Mountain Inc,NYQ,us,russell3000,Real Estate Investment Trusts,ft_icb_native,2026-01-31,Real Estate,Real Estate Investment Trusts,ft_native_v2,ft_index_membership_filtered,0.95,high,2026-01-31,https://markets.ft.com/data/equities/tearsheet/summary?s=IRM:NYQ,2026-01-31T00:00:00+00:00,ft-us-2026-01-31,2026-01-31,,True
2026-01-31,US:IRMD:NMQ,US:IRMD,IRMD:NMQ,IRMD,IRadimed Corp,NMQ,us,russell3000,Medical Equipment and Services,ft_icb_native,2026-01-31,Health Care,Medical Equipment and Services,ft_native_v2,ft_index_membership_filtered,0.95,high,2026-01-31,https://markets.ft.com/data/equities/tearsheet/summary?s=IRMD:NMQ,2026-01-31T00:00:00+00:00,ft-us-2026-01-31,2026-01-31,,True
2026-01-31,US:IRON:NMQ,US:IRON,IRON:NMQ,IRON,Disc Medicine Inc,NMQ,us,russell3000,Pharmaceuticals and Biotechnology,ft_icb_native,2026-01-31,Health Care,Pharmaceuticals and Biotechnology,ft_native_v2,ft_index_membership_filtered,0.95,high,2026-01-31,https://markets.ft.com/data/equities/tearsheet/summary?s=IRON:NMQ,2026-01-31T00:00:00+00:00,ft-us-2026-01-31,2026-01-31,,True
2026-01-31,US:IRT:NYQ,US:IRT,IRT:NYQ,IRT,Independence Realty Trust Inc,NYQ,us,russell3000,Real Estate Investment Trusts,ft_icb_native,2026-01-31,Real Estate,Real Estate Investment Trusts,ft_native_v2,ft_index_membership_filtered,0.95,high,2026-01-31,https://markets.ft.com/data/equities/tearsheet/summary?s=IRT:NYQ,2026-01-31T00:00:00+00:00,ft-us-2026-01-31,2026-01-31,,True
2026-01-31,US:IRTC:NSQ,US:IRTC,IRTC:NSQ,IRTC,Irhythm Technologies Inc,NASDAQ,us,russell3000,Medical Equipment and Services,ft_icb_native,2026-01-31,Health Care,Medical Equipment and Services,ft_native_v2,ft_index_membership_filtered,0.95,high,2026-01-31,https://markets.ft.com/data/equities/tearsheet/summary?s=IRTC:NSQ,2026-01-31T00:00:00+00:00,ft-us-2026-01-31,2026-01-31,,True
2026-01-31,US:IRWD:NSQ,US:IRWD,IRWD:NSQ,IRWD,Ironwood Pharmaceuticals Inc,NASDAQ,us,russell3000,Pharmaceuticals and Biotechnology,ft_icb_native,2026-01-31,Health Care,Pharmaceuticals and Biotechnology,ft_native_v2,ft_index_membership_filtered,0.95,high,2026-01-31,https://markets.ft.com/data/equities/tearsheet/summary?s=IRWD:NSQ,2026-01-31T00:00:00+00:00,ft-us-2026-01-31,2026-01-31,,True
2026-01-31,US:ISRG:NSQ,US:ISRG,ISRG:NSQ,ISRG,Intuitive Surgical Inc,NASDAQ,us,russell3000,Medical Equipment and Services,ft_icb_native,2026-01-31,Health Care,Medical Equipment and Services,ft_native_v2,ft_index_membership_filtered,0.95,high,2026-01-31,https://markets.ft.com/data/equities/tearsheet/summary?s=ISRG:NSQ,2026-01-31T00:00:00+00:00,ft-us-2026-01-31,2026-01-31,,True
2026-01-31,US:IT:NYQ,US:IT,IT:NYQ,IT,Gartner Inc,NYQ,us,russell3000,Technology,ft_icb_native,2026-01-31,Technology,Technology,ft_native_v2,ft_index_membership_filtered,0.95,high,2026-01-31,https://markets.ft.com/data/equities/tearsheet/summary?s=IT:NYQ,2026-01-31T00:00:00+00:00,ft-us-2026-01-31,2026-01-31,,True
2026-01-31,US:ITGR:NYQ,US:ITGR,ITGR:NYQ,ITGR,Integer Holdings Corp,NYQ,us,russell3000,Medical Equipment and Services,ft_icb_native,2026-01-31,Health Care,Medical Equipment and Services,ft_native_v2,ft_index_membership_filtered,0.95,high,2026-01-31,https://markets.ft.com/data/equities/tearsheet/summary?s=ITGR:NYQ,2026-01-31T00:00:00+00:00,ft-us-2026-01-31,2026-01-31,,True
2026-01-31,US:ITIC:NSQ,US:ITIC,ITIC:NSQ,ITIC,Investors Title Co,NASDAQ,us,russell3000,Non-life Insurance,ft_icb_native,2026-01-31,Financials,Non-life Insurance,ft_native_v2,ft_index_membership_filtered,0.95,high,2026-01-31,https://markets.ft.com/data/equities/tearsheet/summary?s=ITIC:NSQ,2026-01-31T00:00:00+00:00,ft-us-2026-01-31,2026-01-31,,True
2026-01-31,US:ITRI:NSQ,US:ITRI,ITRI:NSQ,ITRI,Itron Inc,NASDAQ,us,russell3000,Electronic and Electrical Equipment,ft_icb_native,2026-01-31,Technology,Electronic and Electrical Equipment,ft_native_v2,ft_index_membership_filtered,0.95,high,2026-01-31,https://markets.ft.com/data/equities/tearsheet/summary?s=ITRI:NSQ,2026-01-31T00:00:00+00:00,ft-us-2026-01-31,2026-01-31,,True
2026-01-31,US:ITT:NYQ,US:ITT,ITT:NYQ,ITT,ITT Inc,NYQ,us,russell3000,General Industrials,ft_icb_native,2026-01-31,Industrials,General Industrials,ft_native_v2,ft_index_membership_filtered,0.95,high,2026-01-31,https://markets.ft.com/data/equities/tearsheet/summary?s=ITT:NYQ,2026-01-31T00:00:00+00:00,ft-us-2026-01-31,2026-01-31,,True
2026-01-31,US:ITW:NYQ,US:ITW,ITW:NYQ,ITW,Illinois Tool Works Inc,NYQ,us,russell3000,General Industrials,ft_icb_native,2026-01-31,Industrials,General Industrials,ft_native_v2,ft_index_membership_filtered,0.95,high,2026-01-31,https://markets.ft.com/data/equities/tearsheet/summary?s=ITW:NYQ,2026-01-31T00:00:00+00:00,ft-us-2026-01-31,2026-01-31,,True
2026-01-31,US:IVR:NYS,US:IVR,IVR:NYS,IVR,Invesco Mortgage Capital Inc,NYSE,us,russell3000,Mortgage Real Estate Investment Trusts,ft_icb_native,2026-01-31,Financials,Mortgage Real Estate Investment Trusts,ft_native_v2,ft_index_membership_filtered,0.95,high,2026-01-31,https://markets.ft.com/data/equities/tearsheet/summary?s=IVR:NYS,2026-01-31T00:00:00+00:00,ft-us-2026-01-31,2026-01-31,,True
2026-01-31,US:IVT:NYQ,US:IVT,IVT:NYQ,IVT,Inventrust Properties Corp,NYQ,us,russell3000,Real Estate Investment Trusts,ft_icb_native,2026-01-31,Real Estate,Real Estate Investment Trusts,ft_native_v2,ft_index_membership_filtered,0.95,high,2026-01-31,https://markets.ft.com/data/equities/tearsheet/summary?s=IVT:NYQ,2026-01-31T00:00:00+00:00,ft-us-2026-01-31,2026-01-31,,True
2026-01-31,US:IVZ:NYQ,US:IVZ,IVZ:NYQ,IVZ,Invesco Ltd,NYQ,us,russell3000,Investment Banking and Brokerage Services,ft_icb_native,2026-01-31,Financials,Investment Banking and Brokerage Services,ft_native_v2,ft_index_membership_filtered,0.95,high,2026-01-31,https://markets.ft.com/data/equities/tearsheet/summary?s=IVZ:NYQ,2026-01-31T00:00:00+00:00,ft-us-2026-01-31,2026-01-31,,True
2026-01-31,US:J:NYQ,US:J,J:NYQ,J,Jacobs Solutions Inc,NYQ,us,russell3000,Industrial Support Services,ft_icb_native,2026-01-31,Industrials,Industrial Support Services,ft_native_v2,ft_index_membership_filtered,0.95,high,2026-01-31,https://markets.ft.com/data/equities/tearsheet/summary?s=J:NYQ,2026-01-31T00:00:00+00:00,ft-us-2026-01-31,2026-01-31,,True
2026-01-31,US:JACK:NSQ,US:JACK,JACK:NSQ,JACK,Jack in the Box Inc,NASDAQ,us,russell3000,Travel and Leisure,ft_icb_native,2026-01-31,Consumer Discretionary,Travel and Leisure,ft_native_v2,ft_index_membership_filtered,0.95,high,2026-01-31,https://markets.ft.com/data/equities/tearsheet/summary?s=JACK:NSQ,2026-01-31T00:00:00+00:00,ft-us-2026-01-31,2026-01-31,,True
2026-01-31,US:JAKK:NSQ,US:JAKK,JAKK:NSQ,JAKK,JAKKS Pacific Inc,NASDAQ,us,russell3000,Leisure Goods,ft_icb_native,2026-01-31,Consumer Discretionary,Leisure Goods,ft_native_v2,ft_index_membership_filtered,0.95,high,2026-01-31,https://markets.ft.com/data/equities/tearsheet/summary?s=JAKK:NSQ,2026-01-31T00:00:00+00:00,ft-us-2026-01-31,2026-01-31,,True
2026-01-31,US:JANX:NMQ,US:JANX,JANX:NMQ,JANX,Janux Therapeutics Inc,NMQ,us,russell3000,Pharmaceuticals and Biotechnology,ft_icb_native,2026-01-31,Health Care,Pharmaceuticals and Biotechnology,ft_native_v2,ft_index_membership_filtered,0.95,high,2026-01-31,https://markets.ft.com/data/equities/tearsheet/summary?s=JANX:NMQ,2026-01-31T00:00:00+00:00,ft-us-2026-01-31,2026-01-31,,True
2026-01-31,US:JAZZ:NSQ,US:JAZZ,JAZZ:NSQ,JAZZ,Jazz Pharmaceuticals PLC,NASDAQ,us,russell3000,Pharmaceuticals and Biotechnology,ft_icb_native,2026-01-31,Health Care,Pharmaceuticals and Biotechnology,ft_native_v2,ft_index_membership_filtered,0.95,high,2026-01-31,https://markets.ft.com/data/equities/tearsheet/summary?s=JAZZ:NSQ,2026-01-31T00:00:00+00:00,ft-us-2026-01-31,2026-01-31,,True
2026-01-31,US:JBGS:NYS,US:JBGS,JBGS:NYS,JBGS,JBG SMITH Properties,NYSE,us,russell3000,Real Estate Investment Trusts,ft_icb_native,2026-01-31,Real Estate,Real Estate Investment Trusts,ft_native_v2,ft_index_membership_filtered,0.95,high,2026-01-31,https://markets.ft.com/data/equities/tearsheet/summary?s=JBGS:NYS,2026-01-31T00:00:00+00:00,ft-us-2026-01-31,2026-01-31,,True
2026-01-31,US:JBHT:NSQ,US:JBHT,JBHT:NSQ,JBHT,J B Hunt Transport Services Inc,NASDAQ,us,russell3000,Industrial Transportation,ft_icb_native,2026-01-31,Industrials,Industrial Transportation,ft_native_v2,ft_index_membership_filtered,0.95,high,2026-01-31,https://markets.ft.com/data/equities/tearsheet/summary?s=JBHT:NSQ,2026-01-31T00:00:00+00:00,ft-us-2026-01-31,2026-01-31,,True
2026-01-31,US:JBI:NYS,US:JBI,JBI:NYS,JBI,Janus International Group Inc,NYSE,us,russell3000,Construction and Materials,ft_icb_native,2026-01-31,Industrials,Construction and Materials,ft_native_v2,ft_index_membership_filtered,0.95,high,2026-01-31,https://markets.ft.com/data/equities/tearsheet/summary?s=JBI:NYS,2026-01-31T00:00:00+00:00,ft-us-2026-01-31,2026-01-31,,True
2026-01-31,US:JBIO:NAQ,US:JBIO,JBIO:NAQ,JBIO,Jade Biosciences Inc,NAQ,us,russell3000,Pharmaceuticals and Biotechnology,ft_icb_native,2026-01-31,Health Care,Pharmaceuticals and Biotechnology,ft_native_v2,ft_index_membership_filtered,0.95,high,2026-01-31,https://markets.ft.com/data/equities/tearsheet/summary?s=JBIO:NAQ,2026-01-31T00:00:00+00:00,ft-us-2026-01-31,2026-01-31,,True
2026-01-31,US:JBL:NYQ,US:JBL,JBL:NYQ,JBL,Jabil Inc,NYQ,us,russell3000,Technology Hardware and Equipment,ft_icb_native,2026-01-31,Technology,Technology Hardware and Equipment,ft_native_v2,ft_index_membership_filtered,0.95,high,2026-01-31,https://markets.ft.com/data/equities/tearsheet/summary?s=JBL:NYQ,2026-01-31T00:00:00+00:00,ft-us-2026-01-31,2026-01-31,,True
2026-01-31,US:JBLU:NSQ,US:JBLU,JBLU:NSQ,JBLU,JetBlue Airways Corp,NASDAQ,us,russell3000,Travel and Leisure,ft_icb_native,2026-01-31,Industrials,Travel and Leisure,ft_native_v2,ft_index_membership_filtered,0.95,high,2026-01-31,https://markets.ft.com/data/equities/tearsheet/summary?s=JBLU:NSQ,2026-01-31T00:00:00+00:00,ft-us-2026-01-31,2026-01-31,,True
2026-01-31,US:JBSS:NSQ,US:JBSS,JBSS:NSQ,JBSS,John B Sanfilippo & Son Inc,NASDAQ,us,russell3000,Food Producers,ft_icb_native,2026-01-31,Consumer Staples,Food Producers,ft_native_v2,ft_index_membership_filtered,0.95,high,2026-01-31,https://markets.ft.com/data/equities/tearsheet/summary?s=JBSS:NSQ,2026-01-31T00:00:00+00:00,ft-us-2026-01-31,2026-01-31,,True
2026-01-31,US:JBTM:NYS,US:JBTM,JBTM:NYS,JBTM,JBT Marel Corp,NYSE,us,russell3000,Industrial Engineering,ft_icb_native,2026-01-31,Industrials,Industrial Engineering,ft_native_v2,ft_index_membership_filtered,0.95,high,2026-01-31,https://markets.ft.com/data/equities/tearsheet/summary?s=JBTM:NYS,2026-01-31T00:00:00+00:00,ft-us-2026-01-31,2026-01-31,,True
2026-01-31,US:JCI:NYS,US:JCI,JCI:NYS,JCI,Johnson Controls International PLC,NYSE,us,russell3000,Electronic and Electrical Equipment,ft_icb_native,2026-01-31,Industrials,Electronic and Electrical Equipment,ft_native_v2,ft_index_membership_filtered,0.95,high,2026-01-31,https://markets.ft.com/data/equities/tearsheet/summary?s=JCI:NYS,2026-01-31T00:00:00+00:00,ft-us-2026-01-31,2026-01-31,,True
2026-01-31,US:JEF:NYQ,US:JEF,JEF:NYQ,JEF,Jefferies Financial Group Inc,NYQ,us,russell3000,Investment Banking and Brokerage Services,ft_icb_native,2026-01-31,Financials,Investment Banking and Brokerage Services,ft_native_v2,ft_index_membership_filtered,0.95,high,2026-01-31,https://markets.ft.com/data/equities/tearsheet/summary?s=JEF:NYQ,2026-01-31T00:00:00+00:00,ft-us-2026-01-31,2026-01-31,,True
2026-01-31,US:JELD:NYQ,US:JELD,JELD:NYQ,JELD,JELD-WEN Holding Inc,NYQ,us,russell3000,Construction and Materials,ft_icb_native,2026-01-31,Industrials,Construction and Materials,ft_native_v2,ft_index_membership_filtered,0.95,high,2026-01-31,https://markets.ft.com/data/equities/tearsheet/summary?s=JELD:NYQ,2026-01-31T00:00:00+00:00,ft-us-2026-01-31,2026-01-31,,True
2026-01-31,US:JHG:NYS,US:JHG,JHG:NYS,JHG,Janus Henderson Group PLC,NYSE,us,russell3000,Investment Banking and Brokerage Services,ft_icb_native,2026-01-31,Financials,Investment Banking and Brokerage Services,ft_native_v2,ft_index_membership_filtered,0.95,high,2026-01-31,https://markets.ft.com/data/equities/tearsheet/summary?s=JHG:NYS,2026-01-31T00:00:00+00:00,ft-us-2026-01-31,2026-01-31,,True
2026-01-31,US:JJSF:NSQ,US:JJSF,JJSF:NSQ,JJSF,J&J Snack Foods Corp,NASDAQ,us,russell3000,Food Producers,ft_icb_native,2026-01-31,Consumer Staples,Food Producers,ft_native_v2,ft_index_membership_filtered,0.95,high,2026-01-31,https://markets.ft.com/data/equities/tearsheet/summary?s=JJSF:NSQ,2026-01-31T00:00:00+00:00,ft-us-2026-01-31,2026-01-31,,True
2026-01-31,US:JKHY:NSQ,US:JKHY,JKHY:NSQ,JKHY,Jack Henry & Associates Inc,NASDAQ,us,russell3000,Industrial Support Services,ft_icb_native,2026-01-31,Financials,Industrial Support Services,ft_native_v2,ft_index_membership_filtered,0.95,high,2026-01-31,https://markets.ft.com/data/equities/tearsheet/summary?s=JKHY:NSQ,2026-01-31T00:00:00+00:00,ft-us-2026-01-31,2026-01-31,,True
2026-01-31,US:JLL:NYQ,US:JLL,JLL:NYQ,JLL,Jones Lang LaSalle Inc,NYQ,us,russell3000,Real Estate Investment and Services,ft_icb_native,2026-01-31,Real Estate,Real Estate Investment and Services,ft_native_v2,ft_index_membership_filtered,0.95,high,2026-01-31,https://markets.ft.com/data/equities/tearsheet/summary?s=JLL:NYQ,2026-01-31T00:00:00+00:00,ft-us-2026-01-31,2026-01-31,,True
2026-01-31,US:JMSB:NAQ,US:JMSB,JMSB:NAQ,JMSB,John Marshall Bancorp Inc,NAQ,us,russell3000,Banks,ft_icb_native,2026-01-31,Financials,Banks,ft_native_v2,ft_index_membership_filtered,0.95,high,2026-01-31,https://markets.ft.com/data/equities/tearsheet/summary?s=JMSB:NAQ,2026-01-31T00:00:00+00:00,ft-us-2026-01-31,2026-01-31,,True
2026-01-31,US:JNJ:NYQ,US:JNJ,JNJ:NYQ,JNJ,Johnson & Johnson,NYQ,us,russell3000,Pharmaceuticals and Biotechnology,ft_icb_native,2026-01-31,Health Care,Pharmaceuticals and Biotechnology,ft_native_v2,ft_index_membership_filtered,0.95,high,2026-01-31,https://markets.ft.com/data/equities/tearsheet/summary?s=JNJ:NYQ,2026-01-31T00:00:00+00:00,ft-us-2026-01-31,2026-01-31,,True
2026-01-31,US:JOBY:NYS,US:JOBY,JOBY:NYS,JOBY,Joby Aviation Inc,NYSE,us,russell3000,Aerospace and Defense,ft_icb_native,2026-01-31,Industrials,Aerospace and Defense,ft_native_v2,ft_index_membership_filtered,0.95,high,2026-01-31,https://markets.ft.com/data/equities/tearsheet/summary?s=JOBY:NYS,2026-01-31T00:00:00+00:00,ft-us-2026-01-31,2026-01-31,,True
2026-01-31,US:JOE:NYQ,US:JOE,JOE:NYQ,JOE,St Joe Co,NYQ,us,russell3000,Real Estate Investment and Services,ft_icb_native,2026-01-31,Real Estate,Real Estate Investment and Services,ft_native_v2,ft_index_membership_filtered,0.95,high,2026-01-31,https://markets.ft.com/data/equities/tearsheet/summary?s=JOE:NYQ,2026-01-31T00:00:00+00:00,ft-us-2026-01-31,2026-01-31,,True
2026-01-31,US:JOUT:NSQ,US:JOUT,JOUT:NSQ,JOUT,Johnson Outdoors Inc,NASDAQ,us,russell3000,Leisure Goods,ft_icb_native,2026-01-31,Consumer Discretionary,Leisure Goods,ft_native_v2,ft_index_membership_filtered,0.95,high,2026-01-31,https://markets.ft.com/data/equities/tearsheet/summary?s=JOUT:NSQ,2026-01-31T00:00:00+00:00,ft-us-2026-01-31,2026-01-31,,True
2026-01-31,US:JPM:NYQ,US:JPM,JPM:NYQ,JPM,JPMorgan Chase & Co,NYQ,us,russell3000,Banks,ft_icb_native,2026-01-31,Financials,Banks,ft_native_v2,ft_index_membership_filtered,0.95,high,2026-01-31,https://markets.ft.com/data/equities/tearsheet/summary?s=JPM:NYQ,2026-01-31T00:00:00+00:00,ft-us-2026-01-31,2026-01-31,,True
2026-01-31,US:JRVR:NSQ,US:JRVR,JRVR:NSQ,JRVR,James River Group Holdings Inc,NASDAQ,us,russell3000,Non-life Insurance,ft_icb_native,2026-01-31,Financials,Non-life Insurance,ft_native_v2,ft_index_membership_filtered,0.95,high,2026-01-31,https://markets.ft.com/data/equities/tearsheet/summary?s=JRVR:NSQ,2026-01-31T00:00:00+00:00,ft-us-2026-01-31,2026-01-31,,True
2026-01-31,US:JXN:NYQ,US:JXN,JXN:NYQ,JXN,Jackson Financial Inc,NYQ,us,russell3000,Life Insurance,ft_icb_native,2026-01-31,Financials,Life Insurance,ft_native_v2,ft_index_membership_filtered,0.95,high,2026-01-31,https://markets.ft.com/data/equities/tearsheet/summary?s=JXN:NYQ,2026-01-31T00:00:00+00:00,ft-us-2026-01-31,2026-01-31,,True
2026-01-31,US:KAI:NYQ,US:KAI,KAI:NYQ,KAI,Kadant Inc,NYQ,us,russell3000,Industrial Engineering,ft_icb_native,2026-01-31,Industrials,Industrial Engineering,ft_native_v2,ft_index_membership_filtered,0.95,high,2026-01-31,https://markets.ft.com/data/equities/tearsheet/summary?s=KAI:NYQ,2026-01-31T00:00:00+00:00,ft-us-2026-01-31,2026-01-31,,True
2026-01-31,US:KALU:NSQ,US:KALU,KALU:NSQ,KALU,Kaiser Aluminum Corp,NASDAQ,us,russell3000,Industrial Metals and Mining,ft_icb_native,2026-01-31,Basic Materials,Industrial Metals and Mining,ft_native_v2,ft_index_membership_filtered,0.95,high,2026-01-31,https://markets.ft.com/data/equities/tearsheet/summary?s=KALU:NSQ,2026-01-31T00:00:00+00:00,ft-us-2026-01-31,2026-01-31,,True
2026-01-31,US:KALV:NMQ,US:KALV,KALV:NMQ,KALV,Kalvista Pharmaceuticals Inc,NMQ,us,russell3000,Pharmaceuticals and Biotechnology,ft_icb_native,2026-01-31,Health Care,Pharmaceuticals and Biotechnology,ft_native_v2,ft_index_membership_filtered,0.95,high,2026-01-31,https://markets.ft.com/data/equities/tearsheet/summary?s=KALV:NMQ,2026-01-31T00:00:00+00:00,ft-us-2026-01-31,2026-01-31,,True
2026-01-31,US:KBH:NYQ,US:KBH,KBH:NYQ,KBH,KB Home,NYQ,us,russell3000,Household Goods and Home Construction,ft_icb_native,2026-01-31,Consumer Discretionary,Household Goods and Home Construction,ft_native_v2,ft_index_membership_filtered,0.95,high,2026-01-31,https://markets.ft.com/data/equities/tearsheet/summary?s=KBH:NYQ,2026-01-31T00:00:00+00:00,ft-us-2026-01-31,2026-01-31,,True
2026-01-31,US:KBR:NYS,US:KBR,KBR:NYS,KBR,KBR Inc,NYSE,us,russell3000,Technology,ft_icb_native,2026-01-31,Technology,Technology,ft_native_v2,ft_index_membership_filtered,0.95,high,2026-01-31,https://markets.ft.com/data/equities/tearsheet/summary?s=KBR:NYS,2026-01-31T00:00:00+00:00,ft-us-2026-01-31,2026-01-31,,True
2026-01-31,US:KD:NYQ,US:KD,KD:NYQ,KD,Kyndryl Holdings Inc,NYQ,us,russell3000,Technology,ft_icb_native,2026-01-31,Technology,Technology,ft_native_v2,ft_index_membership_filtered,0.95,high,2026-01-31,https://markets.ft.com/data/equities/tearsheet/summary?s=KD:NYQ,2026-01-31T00:00:00+00:00,ft-us-2026-01-31,2026-01-31,,True
2026-01-31,US:KDP:NSQ,US:KDP,KDP:NSQ,KDP,Keurig Dr Pepper Inc,NASDAQ,us,russell3000,Beverages,ft_icb_native,2026-01-31,Consumer Staples,Beverages,ft_native_v2,ft_index_membership_filtered,0.95,high,2026-01-31,https://markets.ft.com/data/equities/tearsheet/summary?s=KDP:NSQ,2026-01-31T00:00:00+00:00,ft-us-2026-01-31,2026-01-31,,True
2026-01-31,US:KE:NSQ,US:KE,KE:NSQ,KE,Kimball Electronics Inc,NASDAQ,us,russell3000,Technology Hardware and Equipment,ft_icb_native,2026-01-31,Technology,Technology Hardware and Equipment,ft_native_v2,ft_index_membership_filtered,0.95,high,2026-01-31,https://markets.ft.com/data/equities/tearsheet/summary?s=KE:NSQ,2026-01-31T00:00:00+00:00,ft-us-2026-01-31,2026-01-31,,True
2026-01-31,US:KEX:NYQ,US:KEX,KEX:NYQ,KEX,Kirby Corp,NYQ,us,russell3000,Industrial Transportation,ft_icb_native,2026-01-31,Industrials,Industrial Transportation,ft_native_v2,ft_index_membership_filtered,0.95,high,2026-01-31,https://markets.ft.com/data/equities/tearsheet/summary?s=KEX:NYQ,2026-01-31T00:00:00+00:00,ft-us-2026-01-31,2026-01-31,,True
2026-01-31,US:KEY:NYQ,US:KEY,KEY:NYQ,KEY,KeyCorp,NYQ,us,russell3000,Banks,ft_icb_native,2026-01-31,Financials,Banks,ft_native_v2,ft_index_membership_filtered,0.95,high,2026-01-31,https://markets.ft.com/data/equities/tearsheet/summary?s=KEY:NYQ,2026-01-31T00:00:00+00:00,ft-us-2026-01-31,2026-01-31,,True
2026-01-31,US:KEYS:NYS,US:KEYS,KEYS:NYS,KEYS,Keysight Technologies Inc,NYSE,us,russell3000,Electronic and Electrical Equipment,ft_icb_native,2026-01-31,Industrials,Electronic and Electrical Equipment,ft_native_v2,ft_index_membership_filtered,0.95,high,2026-01-31,https://markets.ft.com/data/equities/tearsheet/summary?s=KEYS:NYS,2026-01-31T00:00:00+00:00,ft-us-2026-01-31,2026-01-31,,True
2026-01-31,US:KFRC:NYQ,US:KFRC,KFRC:NYQ,KFRC,Kforce Inc,NYQ,us,russell3000,Industrial Support Services,ft_icb_native,2026-01-31,Industrials,Industrial Support Services,ft_native_v2,ft_index_membership_filtered,0.95,high,2026-01-31,https://markets.ft.com/data/equities/tearsheet/summary?s=KFRC:NYQ,2026-01-31T00:00:00+00:00,ft-us-2026-01-31,2026-01-31,,True
2026-01-31,US:KFY:NYQ,US:KFY,KFY:NYQ,KFY,Korn Ferry,NYQ,us,russell3000,Industrial Support Services,ft_icb_native,2026-01-31,Industrials,Industrial Support Services,ft_native_v2,ft_index_membership_filtered,0.95,high,2026-01-31,https://markets.ft.com/data/equities/tearsheet/summary?s=KFY:NYQ,2026-01-31T00:00:00+00:00,ft-us-2026-01-31,2026-01-31,,True
2026-01-31,US:KGS:NYS,US:KGS,KGS:NYS,KGS,Kodiak Gas Services Inc,NYSE,us,russell3000,"Oil, Gas and Coal",ft_icb_native,2026-01-31,Energy,"Oil, Gas and Coal",ft_native_v2,ft_index_membership_filtered,0.95,high,2026-01-31,https://markets.ft.com/data/equities/tearsheet/summary?s=KGS:NYS,2026-01-31T00:00:00+00:00,ft-us-2026-01-31,2026-01-31,,True
2026-01-31,US:KHC:NSQ,US:KHC,KHC:NSQ,KHC,Kraft Heinz Co,NASDAQ,us,russell3000,Food Producers,ft_icb_native,2026-01-31,Consumer Staples,Food Producers,ft_native_v2,ft_index_membership_filtered,0.95,high,2026-01-31,https://markets.ft.com/data/equities/tearsheet/summary?s=KHC:NSQ,2026-01-31T00:00:00+00:00,ft-us-2026-01-31,2026-01-31,,True
2026-01-31,US:KIDS:NMQ,US:KIDS,KIDS:NMQ,KIDS,OrthoPediatrics Corp,NMQ,us,russell3000,Medical Equipment and Services,ft_icb_native,2026-01-31,Health Care,Medical Equipment and Services,ft_native_v2,ft_index_membership_filtered,0.95,high,2026-01-31,https://markets.ft.com/data/equities/tearsheet/summary?s=KIDS:NMQ,2026-01-31T00:00:00+00:00,ft-us-2026-01-31,2026-01-31,,True
2026-01-31,US:KIM:NYQ,US:KIM,KIM:NYQ,KIM,Kimco Realty Corp,NYQ,us,russell3000,Real Estate Investment Trusts,ft_icb_native,2026-01-31,Real Estate,Real Estate Investment Trusts,ft_native_v2,ft_index_membership_filtered,0.95,high,2026-01-31,https://markets.ft.com/data/equities/tearsheet/summary?s=KIM:NYQ,2026-01-31T00:00:00+00:00,ft-us-2026-01-31,2026-01-31,,True
2026-01-31,US:KKR:NYS,US:KKR,KKR:NYS,KKR,KKR & Co Inc,NYSE,us,russell3000,Investment Banking and Brokerage Services,ft_icb_native,2026-01-31,Financials,Investment Banking and Brokerage Services,ft_native_v2,ft_index_membership_filtered,0.95,high,2026-01-31,https://markets.ft.com/data/equities/tearsheet/summary?s=KKR:NYS,2026-01-31T00:00:00+00:00,ft-us-2026-01-31,2026-01-31,,True
2026-01-31,US:KLAC:NSQ,US:KLAC,KLAC:NSQ,KLAC,KLA Corp,NASDAQ,us,russell3000,Technology Hardware and Equipment,ft_icb_native,2026-01-31,Technology,Technology Hardware and Equipment,ft_native_v2,ft_index_membership_filtered,0.95,high,2026-01-31,https://markets.ft.com/data/equities/tearsheet/summary?s=KLAC:NSQ,2026-01-31T00:00:00+00:00,ft-us-2026-01-31,2026-01-31,,True
2026-01-31,US:KLC:NYS,US:KLC,KLC:NYS,KLC,Kindercare Learning Companies Inc,NYSE,us,russell3000,Consumer Services,ft_icb_native,2026-01-31,Consumer Discretionary,Consumer Services,ft_native_v2,ft_index_membership_filtered,0.95,high,2026-01-31,https://markets.ft.com/data/equities/tearsheet/summary?s=KLC:NYS,2026-01-31T00:00:00+00:00,ft-us-2026-01-31,2026-01-31,,True
2026-01-31,US:KLIC:NSQ,US:KLIC,KLIC:NSQ,KLIC,Kulicke and Soffa Industries Inc,NASDAQ,us,russell3000,Technology Hardware and Equipment,ft_icb_native,2026-01-31,Technology,Technology Hardware and Equipment,ft_native_v2,ft_index_membership_filtered,0.95,high,2026-01-31,https://markets.ft.com/data/equities/tearsheet/summary?s=KLIC:NSQ,2026-01-31T00:00:00+00:00,ft-us-2026-01-31,2026-01-31,,True
2026-01-31,US:KMB:NSQ,US:KMB,KMB:NSQ,KMB,Kimberly-Clark Corp,NASDAQ,us,russell3000,"Personal Care, Drug and Grocery Stores",ft_icb_native,2026-01-31,Consumer Staples,"Personal Care, Drug and Grocery Stores",ft_native_v2,ft_index_membership_filtered,0.95,high,2026-01-31,https://markets.ft.com/data/equities/tearsheet/summary?s=KMB:NSQ,2026-01-31T00:00:00+00:00,ft-us-2026-01-31,2026-01-31,,True
2026-01-31,US:KMI:NYQ,US:KMI,KMI:NYQ,KMI,Kinder Morgan Inc,NYQ,us,russell3000,"Oil, Gas and Coal",ft_icb_native,2026-01-31,Energy,"Oil, Gas and Coal",ft_native_v2,ft_index_membership_filtered,0.95,high,2026-01-31,https://markets.ft.com/data/equities/tearsheet/summary?s=KMI:NYQ,2026-01-31T00:00:00+00:00,ft-us-2026-01-31,2026-01-31,,True
2026-01-31,US:KMPR:NYQ,US:KMPR,KMPR:NYQ,KMPR,Kemper Corp,NYQ,us,russell3000,Non-life Insurance,ft_icb_native,2026-01-31,Financials,Non-life Insurance,ft_native_v2,ft_index_membership_filtered,0.95,high,2026-01-31,https://markets.ft.com/data/equities/tearsheet/summary?s=KMPR:NYQ,2026-01-31T00:00:00+00:00,ft-us-2026-01-31,2026-01-31,,True
2026-01-31,US:KMT:NYQ,US:KMT,KMT:NYQ,KMT,Kennametal Inc,NYQ,us,russell3000,Industrial Engineering,ft_icb_native,2026-01-31,Industrials,Industrial Engineering,ft_native_v2,ft_index_membership_filtered,0.95,high,2026-01-31,https://markets.ft.com/data/equities/tearsheet/summary?s=KMT:NYQ,2026-01-31T00:00:00+00:00,ft-us-2026-01-31,2026-01-31,,True
2026-01-31,US:KMTS:NSQ,US:KMTS,KMTS:NSQ,KMTS,Kestra Medical Technologies Ltd,NASDAQ,us,russell3000,Medical Equipment and Services,ft_icb_native,2026-01-31,Health Care,Medical Equipment and Services,ft_native_v2,ft_index_membership_filtered,0.95,high,2026-01-31,https://markets.ft.com/data/equities/tearsheet/summary?s=KMTS:NSQ,2026-01-31T00:00:00+00:00,ft-us-2026-01-31,2026-01-31,,True
2026-01-31,US:KMX:NYQ,US:KMX,KMX:NYQ,KMX,Carmax Inc,NYQ,us,russell3000,Consumer Discretionary,ft_icb_native,2026-01-31,Consumer Discretionary,Consumer Discretionary,ft_native_v2,ft_index_membership_filtered,0.95,high,2026-01-31,https://markets.ft.com/data/equities/tearsheet/summary?s=KMX:NYQ,2026-01-31T00:00:00+00:00,ft-us-2026-01-31,2026-01-31,,True
2026-01-31,US:KN:NYQ,US:KN,KN:NYQ,KN,Knowles Corp,NYQ,us,russell3000,Leisure Goods,ft_icb_native,2026-01-31,Technology,Leisure Goods,ft_native_v2,ft_index_membership_filtered,0.95,high,2026-01-31,https://markets.ft.com/data/equities/tearsheet/summary?s=KN:NYQ,2026-01-31T00:00:00+00:00,ft-us-2026-01-31,2026-01-31,,True
2026-01-31,US:KNF:NYQ,US:KNF,KNF:NYQ,KNF,Knife River Corp,NYQ,us,russell3000,Construction and Materials,ft_icb_native,2026-01-31,Basic Materials,Construction and Materials,ft_native_v2,ft_index_membership_filtered,0.95,high,2026-01-31,https://markets.ft.com/data/equities/tearsheet/summary?s=KNF:NYQ,2026-01-31T00:00:00+00:00,ft-us-2026-01-31,2026-01-31,,True
2026-01-31,US:KNSL:NYS,US:KNSL,KNSL:NYS,KNSL,Kinsale Capital Group Inc,NYSE,us,russell3000,Non-life Insurance,ft_icb_native,2026-01-31,Financials,Non-life Insurance,ft_native_v2,ft_index_membership_filtered,0.95,high,2026-01-31,https://markets.ft.com/data/equities/tearsheet/summary?s=KNSL:NYS,2026-01-31T00:00:00+00:00,ft-us-2026-01-31,2026-01-31,,True
2026-01-31,US:KNTK:NYS,US:KNTK,KNTK:NYS,KNTK,Kinetik Holdings Inc,NYSE,us,russell3000,"Oil, Gas and Coal",ft_icb_native,2026-01-31,Energy,"Oil, Gas and Coal",ft_native_v2,ft_index_membership_filtered,0.95,high,2026-01-31,https://markets.ft.com/data/equities/tearsheet/summary?s=KNTK:NYS,2026-01-31T00:00:00+00:00,ft-us-2026-01-31,2026-01-31,,True
2026-01-31,US:KNX:NYQ,US:KNX,KNX:NYQ,KNX,Knight-Swift Transportation Holdings Inc,NYQ,us,russell3000,Industrial Transportation,ft_icb_native,2026-01-31,Industrials,Industrial Transportation,ft_native_v2,ft_index_membership_filtered,0.95,high,2026-01-31,https://markets.ft.com/data/equities/tearsheet/summary?s=KNX:NYQ,2026-01-31T00:00:00+00:00,ft-us-2026-01-31,2026-01-31,,True
2026-01-31,US:KO:NYQ,US:KO,KO:NYQ,KO,Coca-Cola Co,NYQ,us,russell3000,Beverages,ft_icb_native,2026-01-31,Consumer Staples,Beverages,ft_native_v2,ft_index_membership_filtered,0.95,high,2026-01-31,https://markets.ft.com/data/equities/tearsheet/summary?s=KO:NYQ,2026-01-31T00:00:00+00:00,ft-us-2026-01-31,2026-01-31,,True
2026-01-31,US:KOD:NMQ,US:KOD,KOD:NMQ,KOD,Kodiak Sciences Inc,NMQ,us,russell3000,Pharmaceuticals and Biotechnology,ft_icb_native,2026-01-31,Health Care,Pharmaceuticals and Biotechnology,ft_native_v2,ft_index_membership_filtered,0.95,high,2026-01-31,https://markets.ft.com/data/equities/tearsheet/summary?s=KOD:NMQ,2026-01-31T00:00:00+00:00,ft-us-2026-01-31,2026-01-31,,True
2026-01-31,US:KODK:NYQ,US:KODK,KODK:NYQ,KODK,Eastman Kodak Co,NYQ,us,russell3000,Leisure Goods,ft_icb_native,2026-01-31,Technology,Leisure Goods,ft_native_v2,ft_index_membership_filtered,0.95,high,2026-01-31,https://markets.ft.com/data/equities/tearsheet/summary?s=KODK:NYQ,2026-01-31T00:00:00+00:00,ft-us-2026-01-31,2026-01-31,,True
2026-01-31,US:KOP:NYS,US:KOP,KOP:NYS,KOP,Koppers Holdings Inc,NYSE,us,russell3000,Industrial Materials,ft_icb_native,2026-01-31,Basic Materials,Industrial Materials,ft_native_v2,ft_index_membership_filtered,0.95,high,2026-01-31,https://markets.ft.com/data/equities/tearsheet/summary?s=KOP:NYS,2026-01-31T00:00:00+00:00,ft-us-2026-01-31,2026-01-31,,True
2026-01-31,US:KOPN:NAQ,US:KOPN,KOPN:NAQ,KOPN,Kopin Corp,NAQ,us,russell3000,Technology Hardware and Equipment,ft_icb_native,2026-01-31,Technology,Technology Hardware and Equipment,ft_native_v2,ft_index_membership_filtered,0.95,high,2026-01-31,https://markets.ft.com/data/equities/tearsheet/summary?s=KOPN:NAQ,2026-01-31T00:00:00+00:00,ft-us-2026-01-31,2026-01-31,,True
2026-01-31,US:KOS:NYQ,US:KOS,KOS:NYQ,KOS,Kosmos Energy Ltd,NYQ,us,russell3000,"Oil, Gas and Coal",ft_icb_native,2026-01-31,Energy,"Oil, Gas and Coal",ft_native_v2,ft_index_membership_filtered,0.95,high,2026-01-31,https://markets.ft.com/data/equities/tearsheet/summary?s=KOS:NYQ,2026-01-31T00:00:00+00:00,ft-us-2026-01-31,2026-01-31,,True
2026-01-31,US:KR:NYQ,US:KR,KR:NYQ,KR,Kroger Co,NYQ,us,russell3000,"Personal Care, Drug and Grocery Stores",ft_icb_native,2026-01-31,Consumer Staples,"Personal Care, Drug and Grocery Stores",ft_native_v2,ft_index_membership_filtered,0.95,high,2026-01-31,https://markets.ft.com/data/equities/tearsheet/summary?s=KR:NYQ,2026-01-31T00:00:00+00:00,ft-us-2026-01-31,2026-01-31,,True
2026-01-31,US:KRC:NYQ,US:KRC,KRC:NYQ,KRC,Kilroy Realty Corp,NYQ,us,russell3000,Real Estate Investment Trusts,ft_icb_native,2026-01-31,Real Estate,Real Estate Investment Trusts,ft_native_v2,ft_index_membership_filtered,0.95,high,2026-01-31,https://markets.ft.com/data/equities/tearsheet/summary?s=KRC:NYQ,2026-01-31T00:00:00+00:00,ft-us-2026-01-31,2026-01-31,,True
2026-01-31,US:KREF:NYQ,US:KREF,KREF:NYQ,KREF,KKR Real Estate Finance Trust Inc,NYQ,us,russell3000,Mortgage Real Estate Investment Trusts,ft_icb_native,2026-01-31,Financials,Mortgage Real Estate Investment Trusts,ft_native_v2,ft_index_membership_filtered,0.95,high,2026-01-31,https://markets.ft.com/data/equities/tearsheet/summary?s=KREF:NYQ,2026-01-31T00:00:00+00:00,ft-us-2026-01-31,2026-01-31,,True
2026-01-31,US:KRG:NYQ,US:KRG,KRG:NYQ,KRG,Kite Realty Group Trust,NYQ,us,russell3000,Real Estate Investment Trusts,ft_icb_native,2026-01-31,Real Estate,Real Estate Investment Trusts,ft_native_v2,ft_index_membership_filtered,0.95,high,2026-01-31,https://markets.ft.com/data/equities/tearsheet/summary?s=KRG:NYQ,2026-01-31T00:00:00+00:00,ft-us-2026-01-31,2026-01-31,,True
2026-01-31,US:KRMN:NYS,US:KRMN,KRMN:NYS,KRMN,Karman Holdings Inc,NYSE,us,russell3000,Aerospace and Defense,ft_icb_native,2026-01-31,Industrials,Aerospace and Defense,ft_native_v2,ft_index_membership_filtered,0.95,high,2026-01-31,https://markets.ft.com/data/equities/tearsheet/summary?s=KRMN:NYS,2026-01-31T00:00:00+00:00,ft-us-2026-01-31,2026-01-31,,True
2026-01-31,US:KROS:NMQ,US:KROS,KROS:NMQ,KROS,Keros Therapeutics Inc,NMQ,us,russell3000,Pharmaceuticals and Biotechnology,ft_icb_native,2026-01-31,Health Care,Pharmaceuticals and Biotechnology,ft_native_v2,ft_index_membership_filtered,0.95,high,2026-01-31,https://markets.ft.com/data/equities/tearsheet/summary?s=KROS:NMQ,2026-01-31T00:00:00+00:00,ft-us-2026-01-31,2026-01-31,,True
2026-01-31,US:KRRO:NAQ,US:KRRO,KRRO:NAQ,KRRO,Korro Bio Inc,NAQ,us,russell3000,Pharmaceuticals and Biotechnology,ft_icb_native,2026-01-31,Health Care,Pharmaceuticals and Biotechnology,ft_native_v2,ft_index_membership_filtered,0.95,high,2026-01-31,https://markets.ft.com/data/equities/tearsheet/summary?s=KRRO:NAQ,2026-01-31T00:00:00+00:00,ft-us-2026-01-31,2026-01-31,,True
2026-01-31,US:KRUS:NMQ,US:KRUS,KRUS:NMQ,KRUS,Kura Sushi USA Inc,NMQ,us,russell3000,Travel and Leisure,ft_icb_native,2026-01-31,Consumer Discretionary,Travel and Leisure,ft_native_v2,ft_index_membership_filtered,0.95,high,2026-01-31,https://markets.ft.com/data/equities/tearsheet/summary?s=KRUS:NMQ,2026-01-31T00:00:00+00:00,ft-us-2026-01-31,2026-01-31,,True
2026-01-31,US:KRYS:NSQ,US:KRYS,KRYS:NSQ,KRYS,Krystal Biotech Inc,NASDAQ,us,russell3000,Pharmaceuticals and Biotechnology,ft_icb_native,2026-01-31,Health Care,Pharmaceuticals and Biotechnology,ft_native_v2,ft_index_membership_filtered,0.95,high,2026-01-31,https://markets.ft.com/data/equities/tearsheet/summary?s=KRYS:NSQ,2026-01-31T00:00:00+00:00,ft-us-2026-01-31,2026-01-31,,True
2026-01-31,US:KSS:NYQ,US:KSS,KSS:NYQ,KSS,Kohls Corp,NYQ,us,russell3000,Consumer Discretionary,ft_icb_native,2026-01-31,Consumer Discretionary,Consumer Discretionary,ft_native_v2,ft_index_membership_filtered,0.95,high,2026-01-31,https://markets.ft.com/data/equities/tearsheet/summary?s=KSS:NYQ,2026-01-31T00:00:00+00:00,ft-us-2026-01-31,2026-01-31,,True
2026-01-31,US:KTB:NYS,US:KTB,KTB:NYS,KTB,Kontoor Brands Inc,NYSE,us,russell3000,Personal Goods,ft_icb_native,2026-01-31,Consumer Discretionary,Personal Goods,ft_native_v2,ft_index_membership_filtered,0.95,high,2026-01-31,https://markets.ft.com/data/equities/tearsheet/summary?s=KTB:NYS,2026-01-31T00:00:00+00:00,ft-us-2026-01-31,2026-01-31,,True
2026-01-31,US:KTOS:NSQ,US:KTOS,KTOS:NSQ,KTOS,Kratos Defense and Security Solutions Inc,NASDAQ,us,russell3000,Aerospace and Defense,ft_icb_native,2026-01-31,Industrials,Aerospace and Defense,ft_native_v2,ft_index_membership_filtered,0.95,high,2026-01-31,https://markets.ft.com/data/equities/tearsheet/summary?s=KTOS:NSQ,2026-01-31T00:00:00+00:00,ft-us-2026-01-31,2026-01-31,,True
2026-01-31,US:KURA:NSQ,US:KURA,KURA:NSQ,KURA,Kura Oncology Inc,NASDAQ,us,russell3000,Pharmaceuticals and Biotechnology,ft_icb_native,2026-01-31,Health Care,Pharmaceuticals and Biotechnology,ft_native_v2,ft_index_membership_filtered,0.95,high,2026-01-31,https://markets.ft.com/data/equities/tearsheet/summary?s=KURA:NSQ,2026-01-31T00:00:00+00:00,ft-us-2026-01-31,2026-01-31,,True
2026-01-31,US:KVUE:NYQ,US:KVUE,KVUE:NYQ,KVUE,Kenvue Inc,NYQ,us,russell3000,"Personal Care, Drug and Grocery Stores",ft_icb_native,2026-01-31,Consumer Staples,"Personal Care, Drug and Grocery Stores",ft_native_v2,ft_index_membership_filtered,0.95,high,2026-01-31,https://markets.ft.com/data/equities/tearsheet/summary?s=KVUE:NYQ,2026-01-31T00:00:00+00:00,ft-us-2026-01-31,2026-01-31,,True
2026-01-31,US:KW:NYS,US:KW,KW:NYS,KW,Kennedy-Wilson Holdings Inc,NYSE,us,russell3000,Real Estate Investment and Services,ft_icb_native,2026-01-31,Real Estate,Real Estate Investment and Services,ft_native_v2,ft_index_membership_filtered,0.95,high,2026-01-31,https://markets.ft.com/data/equities/tearsheet/summary?s=KW:NYS,2026-01-31T00:00:00+00:00,ft-us-2026-01-31,2026-01-31,,True
2026-01-31,US:KWR:NYQ,US:KWR,KWR:NYQ,KWR,Quaker Chemical Corp,NYQ,us,russell3000,Chemicals,ft_icb_native,2026-01-31,Basic Materials,Chemicals,ft_native_v2,ft_index_membership_filtered,0.95,high,2026-01-31,https://markets.ft.com/data/equities/tearsheet/summary?s=KWR:NYQ,2026-01-31T00:00:00+00:00,ft-us-2026-01-31,2026-01-31,,True
2026-01-31,US:KYMR:NMQ,US:KYMR,KYMR:NMQ,KYMR,Kymera Therapeutics Inc,NMQ,us,russell3000,Pharmaceuticals and Biotechnology,ft_icb_native,2026-01-31,Health Care,Pharmaceuticals and Biotechnology,ft_native_v2,ft_index_membership_filtered,0.95,high,2026-01-31,https://markets.ft.com/data/equities/tearsheet/summary?s=KYMR:NMQ,2026-01-31T00:00:00+00:00,ft-us-2026-01-31,2026-01-31,,True
2026-01-31,US:L:NYQ,US:L,L:NYQ,L,Loews Corp,NYQ,us,russell3000,Non-life Insurance,ft_icb_native,2026-01-31,Financials,Non-life Insurance,ft_native_v2,ft_index_membership_filtered,0.95,high,2026-01-31,https://markets.ft.com/data/equities/tearsheet/summary?s=L:NYQ,2026-01-31T00:00:00+00:00,ft-us-2026-01-31,2026-01-31,,True
2026-01-31,US:LAB:NSQ,US:LAB,LAB:NSQ,LAB,Standard BioTools Inc,NASDAQ,us,russell3000,Medical Equipment and Services,ft_icb_native,2026-01-31,Health Care,Medical Equipment and Services,ft_native_v2,ft_index_membership_filtered,0.95,high,2026-01-31,https://markets.ft.com/data/equities/tearsheet/summary?s=LAB:NSQ,2026-01-31T00:00:00+00:00,ft-us-2026-01-31,2026-01-31,,True
2026-01-31,US:LAD:NYQ,US:LAD,LAD:NYQ,LAD,Lithia Motors Inc,NYQ,us,russell3000,Consumer Discretionary,ft_icb_native,2026-01-31,Consumer Discretionary,Consumer Discretionary,ft_native_v2,ft_index_membership_filtered,0.95,high,2026-01-31,https://markets.ft.com/data/equities/tearsheet/summary?s=LAD:NYQ,2026-01-31T00:00:00+00:00,ft-us-2026-01-31,2026-01-31,,True
2026-01-31,US:LADR:NYQ,US:LADR,LADR:NYQ,LADR,Ladder Capital Corp,NYQ,us,russell3000,Mortgage Real Estate Investment Trusts,ft_icb_native,2026-01-31,Financials,Mortgage Real Estate Investment Trusts,ft_native_v2,ft_index_membership_filtered,0.95,high,2026-01-31,https://markets.ft.com/data/equities/tearsheet/summary?s=LADR:NYQ,2026-01-31T00:00:00+00:00,ft-us-2026-01-31,2026-01-31,,True
2026-01-31,US:LAMR:NSQ,US:LAMR,LAMR:NSQ,LAMR,Lamar Advertising Co,NASDAQ,us,russell3000,Real Estate Investment Trusts,ft_icb_native,2026-01-31,Real Estate,Real Estate Investment Trusts,ft_native_v2,ft_index_membership_filtered,0.95,high,2026-01-31,https://markets.ft.com/data/equities/tearsheet/summary?s=LAMR:NSQ,2026-01-31T00:00:00+00:00,ft-us-2026-01-31,2026-01-31,,True
2026-01-31,US:LAND:NMQ,US:LAND,LAND:NMQ,LAND,Gladstone Land Corp,NMQ,us,russell3000,Real Estate Investment Trusts,ft_icb_native,2026-01-31,Real Estate,Real Estate Investment Trusts,ft_native_v2,ft_index_membership_filtered,0.95,high,2026-01-31,https://markets.ft.com/data/equities/tearsheet/summary?s=LAND:NMQ,2026-01-31T00:00:00+00:00,ft-us-2026-01-31,2026-01-31,,True
2026-01-31,US:LASR:NSQ,US:LASR,LASR:NSQ,LASR,nLIGHT Inc,NASDAQ,us,russell3000,Technology Hardware and Equipment,ft_icb_native,2026-01-31,Technology,Technology Hardware and Equipment,ft_native_v2,ft_index_membership_filtered,0.95,high,2026-01-31,https://markets.ft.com/data/equities/tearsheet/summary?s=LASR:NSQ,2026-01-31T00:00:00+00:00,ft-us-2026-01-31,2026-01-31,,True
2026-01-31,US:LAUR:NSQ,US:LAUR,LAUR:NSQ,LAUR,Laureate Education Inc,NASDAQ,us,russell3000,Consumer Services,ft_icb_native,2026-01-31,Consumer Discretionary,Consumer Services,ft_native_v2,ft_index_membership_filtered,0.95,high,2026-01-31,https://markets.ft.com/data/equities/tearsheet/summary?s=LAUR:NSQ,2026-01-31T00:00:00+00:00,ft-us-2026-01-31,2026-01-31,,True
2026-01-31,US:LAW:NYS,US:LAW,LAW:NYS,LAW,CS Disco Inc,NYSE,us,russell3000,Technology,ft_icb_native,2026-01-31,Technology,Technology,ft_native_v2,ft_index_membership_filtered,0.95,high,2026-01-31,https://markets.ft.com/data/equities/tearsheet/summary?s=LAW:NYS,2026-01-31T00:00:00+00:00,ft-us-2026-01-31,2026-01-31,,True
2026-01-31,US:LAZ:NYS,US:LAZ,LAZ:NYS,LAZ,Lazard Inc,NYSE,us,russell3000,Investment Banking and Brokerage Services,ft_icb_native,2026-01-31,Financials,Investment Banking and Brokerage Services,ft_native_v2,ft_index_membership_filtered,0.95,high,2026-01-31,https://markets.ft.com/data/equities/tearsheet/summary?s=LAZ:NYS,2026-01-31T00:00:00+00:00,ft-us-2026-01-31,2026-01-31,,True
2026-01-31,US:LBRDA:NSQ,US:LBRDA,LBRDA:NSQ,LBRDA,Liberty Broadband Corp,NASDAQ,us,russell3000,Telecommunications Service Providers,ft_icb_native,2026-01-31,Telecommunications,Telecommunications Service Providers,ft_native_v2,ft_index_membership_filtered,0.95,high,2026-01-31,https://markets.ft.com/data/equities/tearsheet/summary?s=LBRDA:NSQ,2026-01-31T00:00:00+00:00,ft-us-2026-01-31,2026-01-31,,True
2026-01-31,US:LBRDK:NSQ,US:LBRDK,LBRDK:NSQ,LBRDK,Liberty Broadband Corporation,NASDAQ,us,russell3000,Telecommunications Service Providers,ft_icb_native,2026-01-31,Telecommunications,Telecommunications Service Providers,ft_native_v2,ft_index_membership_filtered,0.95,high,2026-01-31,https://markets.ft.com/data/equities/tearsheet/summary?s=LBRDK:NSQ,2026-01-31T00:00:00+00:00,ft-us-2026-01-31,2026-01-31,,True
2026-01-31,US:LBRT:NYQ,US:LBRT,LBRT:NYQ,LBRT,Liberty Energy Inc,NYQ,us,russell3000,"Oil, Gas and Coal",ft_icb_native,2026-01-31,Energy,"Oil, Gas and Coal",ft_native_v2,ft_index_membership_filtered,0.95,high,2026-01-31,https://markets.ft.com/data/equities/tearsheet/summary?s=LBRT:NYQ,2026-01-31T00:00:00+00:00,ft-us-2026-01-31,2026-01-31,,True
2026-01-31,US:LBTYA:NSQ,US:LBTYA,LBTYA:NSQ,LBTYA,Liberty Global Ltd,NASDAQ,us,russell3000,Telecommunications Service Providers,ft_icb_native,2026-01-31,Telecommunications,Telecommunications Service Providers,ft_native_v2,ft_index_membership_filtered,0.95,high,2026-01-31,https://markets.ft.com/data/equities/tearsheet/summary?s=LBTYA:NSQ,2026-01-31T00:00:00+00:00,ft-us-2026-01-31,2026-01-31,,True
2026-01-31,US:LBTYK:NSQ,US:LBTYK,LBTYK:NSQ,LBTYK,Liberty Global,NASDAQ,us,russell3000,Telecommunications Service Providers,ft_icb_native,2026-01-31,Telecommunications,Telecommunications Service Providers,ft_native_v2,ft_index_membership_filtered,0.95,high,2026-01-31,https://markets.ft.com/data/equities/tearsheet/summary?s=LBTYK:NSQ,2026-01-31T00:00:00+00:00,ft-us-2026-01-31,2026-01-31,,True
2026-01-31,US:LC:NYS,US:LC,LC:NYS,LC,LendingClub Corp,NYSE,us,russell3000,Finance and Credit Services,ft_icb_native,2026-01-31,Financials,Finance and Credit Services,ft_native_v2,ft_index_membership_filtered,0.95,high,2026-01-31,https://markets.ft.com/data/equities/tearsheet/summary?s=LC:NYS,2026-01-31T00:00:00+00:00,ft-us-2026-01-31,2026-01-31,,True
2026-01-31,US:LCID:NSQ,US:LCID,LCID:NSQ,LCID,Lucid Group Inc,NASDAQ,us,russell3000,Automobiles and Parts,ft_icb_native,2026-01-31,Consumer Discretionary,Automobiles and Parts,ft_native_v2,ft_index_membership_filtered,0.95,high,2026-01-31,https://markets.ft.com/data/equities/tearsheet/summary?s=LCID:NSQ,2026-01-31T00:00:00+00:00,ft-us-2026-01-31,2026-01-31,,True
2026-01-31,US:LCII:NYQ,US:LCII,LCII:NYQ,LCII,LCI Industries,NYQ,us,russell3000,Leisure Goods,ft_icb_native,2026-01-31,Consumer Discretionary,Leisure Goods,ft_native_v2,ft_index_membership_filtered,0.95,high,2026-01-31,https://markets.ft.com/data/equities/tearsheet/summary?s=LCII:NYQ,2026-01-31T00:00:00+00:00,ft-us-2026-01-31,2026-01-31,,True
2026-01-31,US:LDOS:NYS,US:LDOS,LDOS:NYS,LDOS,Leidos Holdings Inc,NYSE,us,russell3000,Technology,ft_icb_native,2026-01-31,Technology,Technology,ft_native_v2,ft_index_membership_filtered,0.95,high,2026-01-31,https://markets.ft.com/data/equities/tearsheet/summary?s=LDOS:NYS,2026-01-31T00:00:00+00:00,ft-us-2026-01-31,2026-01-31,,True
2026-01-31,US:LEA:NYQ,US:LEA,LEA:NYQ,LEA,Lear Corp,NYQ,us,russell3000,Automobiles and Parts,ft_icb_native,2026-01-31,Consumer Discretionary,Automobiles and Parts,ft_native_v2,ft_index_membership_filtered,0.95,high,2026-01-31,https://markets.ft.com/data/equities/tearsheet/summary?s=LEA:NYQ,2026-01-31T00:00:00+00:00,ft-us-2026-01-31,2026-01-31,,True
2026-01-31,US:LECO:NSQ,US:LECO,LECO:NSQ,LECO,Lincoln Electric Holdings Inc,NASDAQ,us,russell3000,Industrial Engineering,ft_icb_native,2026-01-31,Industrials,Industrial Engineering,ft_native_v2,ft_index_membership_filtered,0.95,high,2026-01-31,https://markets.ft.com/data/equities/tearsheet/summary?s=LECO:NSQ,2026-01-31T00:00:00+00:00,ft-us-2026-01-31,2026-01-31,,True
2026-01-31,US:LEG:NYQ,US:LEG,LEG:NYQ,LEG,Leggett & Platt Inc,NYQ,us,russell3000,Household Goods and Home Construction,ft_icb_native,2026-01-31,Consumer Discretionary,Household Goods and Home Construction,ft_native_v2,ft_index_membership_filtered,0.95,high,2026-01-31,https://markets.ft.com/data/equities/tearsheet/summary?s=LEG:NYQ,2026-01-31T00:00:00+00:00,ft-us-2026-01-31,2026-01-31,,True
2026-01-31,US:LEN:NYQ,US:LEN,LEN:NYQ,LEN,Lennar Corp,NYQ,us,russell3000,Household Goods and Home Construction,ft_icb_native,2026-01-31,Consumer Discretionary,Household Goods and Home Construction,ft_native_v2,ft_index_membership_filtered,0.95,high,2026-01-31,https://markets.ft.com/data/equities/tearsheet/summary?s=LEN:NYQ,2026-01-31T00:00:00+00:00,ft-us-2026-01-31,2026-01-31,,True
2026-01-31,US:LEN.B:NYS,US:LEN.B,LEN.B:NYS,LEN.B,Lennar Corp,NYSE,us,russell3000,Household Goods and Home Construction,ft_icb_native,2026-01-31,Consumer Discretionary,Household Goods and Home Construction,ft_native_v2,ft_index_membership_filtered,0.95,high,2026-01-31,https://markets.ft.com/data/equities/tearsheet/summary?s=LEN.B:NYS,2026-01-31T00:00:00+00:00,ft-us-2026-01-31,2026-01-31,,True
2026-01-31,US:LENZ:NSQ,US:LENZ,LENZ:NSQ,LENZ,LENZ Therapeutics Inc,NASDAQ,us,russell3000,Pharmaceuticals and Biotechnology,ft_icb_native,2026-01-31,Health Care,Pharmaceuticals and Biotechnology,ft_native_v2,ft_index_membership_filtered,0.95,high,2026-01-31,https://markets.ft.com/data/equities/tearsheet/summary?s=LENZ:NSQ,2026-01-31T00:00:00+00:00,ft-us-2026-01-31,2026-01-31,,True
2026-01-31,US:LEU:NYQ,US:LEU,LEU:NYQ,LEU,Centrus Energy Corp,NYQ,us,russell3000,Alternative Energy,ft_icb_native,2026-01-31,Energy,Alternative Energy,ft_native_v2,ft_index_membership_filtered,0.95,high,2026-01-31,https://markets.ft.com/data/equities/tearsheet/summary?s=LEU:NYQ,2026-01-31T00:00:00+00:00,ft-us-2026-01-31,2026-01-31,,True
2026-01-31,US:LFST:NSQ,US:LFST,LFST:NSQ,LFST,LifeStance Health Group Inc,NASDAQ,us,russell3000,Pharmaceuticals and Biotechnology,ft_icb_native,2026-01-31,Health Care,Pharmaceuticals and Biotechnology,ft_native_v2,ft_index_membership_filtered_level3_fallback,0.65,medium,2026-01-31,https://markets.ft.com/data/equities/tearsheet/summary?s=LFST:NSQ,2026-01-31T00:00:00+00:00,ft-us-2026-01-31,2026-01-31,,True
2026-01-31,US:LFUS:NSQ,US:LFUS,LFUS:NSQ,LFUS,Littelfuse Inc,NASDAQ,us,russell3000,Electronic and Electrical Equipment,ft_icb_native,2026-01-31,Technology,Electronic and Electrical Equipment,ft_native_v2,ft_index_membership_filtered,0.95,high,2026-01-31,https://markets.ft.com/data/equities/tearsheet/summary?s=LFUS:NSQ,2026-01-31T00:00:00+00:00,ft-us-2026-01-31,2026-01-31,,True
2026-01-31,US:LGIH:NSQ,US:LGIH,LGIH:NSQ,LGIH,LGI Homes Inc,NASDAQ,us,russell3000,Household Goods and Home Construction,ft_icb_native,2026-01-31,Consumer Discretionary,Household Goods and Home Construction,ft_native_v2,ft_index_membership_filtered,0.95,high,2026-01-31,https://markets.ft.com/data/equities/tearsheet/summary?s=LGIH:NSQ,2026-01-31T00:00:00+00:00,ft-us-2026-01-31,2026-01-31,,True
2026-01-31,US:LGN:NSQ,US:LGN,LGN:NSQ,LGN,Legence Corp,NASDAQ,us,russell3000,Construction and Materials,ft_icb_native,2026-01-31,Industrials,Construction and Materials,ft_native_v2,ft_index_membership_filtered,0.95,high,2026-01-31,https://markets.ft.com/data/equities/tearsheet/summary?s=LGN:NSQ,2026-01-31T00:00:00+00:00,ft-us-2026-01-31,2026-01-31,,True
2026-01-31,US:LGND:NMQ,US:LGND,LGND:NMQ,LGND,Ligand Pharmaceuticals Inc,NMQ,us,russell3000,Pharmaceuticals and Biotechnology,ft_icb_native,2026-01-31,Health Care,Pharmaceuticals and Biotechnology,ft_native_v2,ft_index_membership_filtered,0.95,high,2026-01-31,https://markets.ft.com/data/equities/tearsheet/summary?s=LGND:NMQ,2026-01-31T00:00:00+00:00,ft-us-2026-01-31,2026-01-31,,True
2026-01-31,US:LH:NYQ,US:LH,LH:NYQ,LH,Labcorp Holdings Inc,NYQ,us,russell3000,Medical Equipment and Services,ft_icb_native,2026-01-31,Health Care,Medical Equipment and Services,ft_native_v2,ft_index_membership_filtered,0.95,high,2026-01-31,https://markets.ft.com/data/equities/tearsheet/summary?s=LH:NYQ,2026-01-31T00:00:00+00:00,ft-us-2026-01-31,2026-01-31,,True
2026-01-31,US:LHX:NYQ,US:LHX,LHX:NYQ,LHX,L3Harris Technologies Inc,NYQ,us,russell3000,Aerospace and Defense,ft_icb_native,2026-01-31,Industrials,Aerospace and Defense,ft_native_v2,ft_index_membership_filtered,0.95,high,2026-01-31,https://markets.ft.com/data/equities/tearsheet/summary?s=LHX:NYQ,2026-01-31T00:00:00+00:00,ft-us-2026-01-31,2026-01-31,,True
2026-01-31,US:LII:NYQ,US:LII,LII:NYQ,LII,Lennox International Inc,NYQ,us,russell3000,Construction and Materials,ft_icb_native,2026-01-31,Industrials,Construction and Materials,ft_native_v2,ft_index_membership_filtered,0.95,high,2026-01-31,https://markets.ft.com/data/equities/tearsheet/summary?s=LII:NYQ,2026-01-31T00:00:00+00:00,ft-us-2026-01-31,2026-01-31,,True
2026-01-31,US:LILA:NSQ,US:LILA,LILA:NSQ,LILA,Liberty Latin America Ltd,NASDAQ,us,russell3000,Telecommunications Service Providers,ft_icb_native,2026-01-31,Telecommunications,Telecommunications Service Providers,ft_native_v2,ft_index_membership_filtered,0.95,high,2026-01-31,https://markets.ft.com/data/equities/tearsheet/summary?s=LILA:NSQ,2026-01-31T00:00:00+00:00,ft-us-2026-01-31,2026-01-31,,True
2026-01-31,US:LILAK:NSQ,US:LILAK,LILAK:NSQ,LILAK,Liberty Latin America Ltd.,NASDAQ,us,russell3000,Telecommunications Service Providers,ft_icb_native,2026-01-31,Telecommunications,Telecommunications Service Providers,ft_native_v2,ft_index_membership_filtered,0.95,high,2026-01-31,https://markets.ft.com/data/equities/tearsheet/summary?s=LILAK:NSQ,2026-01-31T00:00:00+00:00,ft-us-2026-01-31,2026-01-31,,True
2026-01-31,US:LIN:NSQ,US:LIN,LIN:NSQ,LIN,Linde PLC,NASDAQ,us,russell3000,Chemicals,ft_icb_native,2026-01-31,Basic Materials,Chemicals,ft_native_v2,ft_index_membership_filtered,0.95,high,2026-01-31,https://markets.ft.com/data/equities/tearsheet/summary?s=LIN:NSQ,2026-01-31T00:00:00+00:00,ft-us-2026-01-31,2026-01-31,,True
2026-01-31,US:LINC:NSQ,US:LINC,LINC:NSQ,LINC,Lincoln Educational Services Corp,NASDAQ,us,russell3000,Consumer Services,ft_icb_native,2026-01-31,Consumer Discretionary,Consumer Services,ft_native_v2,ft_index_membership_filtered,0.95,high,2026-01-31,https://markets.ft.com/data/equities/tearsheet/summary?s=LINC:NSQ,2026-01-31T00:00:00+00:00,ft-us-2026-01-31,2026-01-31,,True
2026-01-31,US:LIND:NAQ,US:LIND,LIND:NAQ,LIND,Lindblad Expeditions Holdings Inc,NAQ,us,russell3000,Travel and Leisure,ft_icb_native,2026-01-31,Consumer Discretionary,Travel and Leisure,ft_native_v2,ft_index_membership_filtered,0.95,high,2026-01-31,https://markets.ft.com/data/equities/tearsheet/summary?s=LIND:NAQ,2026-01-31T00:00:00+00:00,ft-us-2026-01-31,2026-01-31,,True
2026-01-31,US:LINE:NSQ,US:LINE,LINE:NSQ,LINE,Lineage Inc,NASDAQ,us,russell3000,Real Estate Investment Trusts,ft_icb_native,2026-01-31,Real Estate,Real Estate Investment Trusts,ft_native_v2,ft_index_membership_filtered,0.95,high,2026-01-31,https://markets.ft.com/data/equities/tearsheet/summary?s=LINE:NSQ,2026-01-31T00:00:00+00:00,ft-us-2026-01-31,2026-01-31,,True
2026-01-31,US:LION:NYS,US:LION,LION:NYS,LION,Lionsgate Studios Corp,NYSE,us,russell3000,Media,ft_icb_native,2026-01-31,Consumer Discretionary,Media,ft_native_v2,ft_index_membership_filtered,0.95,high,2026-01-31,https://markets.ft.com/data/equities/tearsheet/summary?s=LION:NYS,2026-01-31T00:00:00+00:00,ft-us-2026-01-31,2026-01-31,,True
2026-01-31,US:LITE:NSQ,US:LITE,LITE:NSQ,LITE,Lumentum Holdings Inc,NASDAQ,us,russell3000,Telecommunications Equipment,ft_icb_native,2026-01-31,Technology,Telecommunications Equipment,ft_native_v2,ft_index_membership_filtered,0.95,high,2026-01-31,https://markets.ft.com/data/equities/tearsheet/summary?s=LITE:NSQ,2026-01-31T00:00:00+00:00,ft-us-2026-01-31,2026-01-31,,True
2026-01-31,US:LIVN:NSQ,US:LIVN,LIVN:NSQ,LIVN,LivaNova PLC,NASDAQ,us,russell3000,Medical Equipment and Services,ft_icb_native,2026-01-31,Health Care,Medical Equipment and Services,ft_native_v2,ft_index_membership_filtered,0.95,high,2026-01-31,https://markets.ft.com/data/equities/tearsheet/summary?s=LIVN:NSQ,2026-01-31T00:00:00+00:00,ft-us-2026-01-31,2026-01-31,,True
2026-01-31,US:LKFN:NSQ,US:LKFN,LKFN:NSQ,LKFN,Lakeland Financial Corp,NASDAQ,us,russell3000,Banks,ft_icb_native,2026-01-31,Financials,Banks,ft_native_v2,ft_index_membership_filtered,0.95,high,2026-01-31,https://markets.ft.com/data/equities/tearsheet/summary?s=LKFN:NSQ,2026-01-31T00:00:00+00:00,ft-us-2026-01-31,2026-01-31,,True
2026-01-31,US:LKQ:NSQ,US:LKQ,LKQ:NSQ,LKQ,LKQ Corp,NASDAQ,us,russell3000,Automobiles and Parts,ft_icb_native,2026-01-31,Consumer Discretionary,Automobiles and Parts,ft_native_v2,ft_index_membership_filtered,0.95,high,2026-01-31,https://markets.ft.com/data/equities/tearsheet/summary?s=LKQ:NSQ,2026-01-31T00:00:00+00:00,ft-us-2026-01-31,2026-01-31,,True
2026-01-31,US:LLY:NYQ,US:LLY,LLY:NYQ,LLY,Eli Lilly and Co,NYQ,us,russell3000,Pharmaceuticals and Biotechnology,ft_icb_native,2026-01-31,Health Care,Pharmaceuticals and Biotechnology,ft_native_v2,ft_index_membership_filtered,0.95,high,2026-01-31,https://markets.ft.com/data/equities/tearsheet/summary?s=LLY:NYQ,2026-01-31T00:00:00+00:00,ft-us-2026-01-31,2026-01-31,,True
2026-01-31,US:LLYVA:NSQ,US:LLYVA,LLYVA:NSQ,LLYVA,Liberty Live Holdings Inc,NASDAQ,us,russell3000,Media,ft_icb_native,2026-01-31,Consumer Discretionary,Media,ft_native_v2,ft_index_membership_filtered,0.95,high,2026-01-31,https://markets.ft.com/data/equities/tearsheet/summary?s=LLYVA:NSQ,2026-01-31T00:00:00+00:00,ft-us-2026-01-31,2026-01-31,,True
2026-01-31,US:LLYVK:NSQ,US:LLYVK,LLYVK:NSQ,LLYVK,Liberty Live Holdings Inc,NASDAQ,us,russell3000,Media,ft_icb_native,2026-01-31,Consumer Discretionary,Media,ft_native_v2,ft_index_membership_filtered,0.95,high,2026-01-31,https://markets.ft.com/data/equities/tearsheet/summary?s=LLYVK:NSQ,2026-01-31T00:00:00+00:00,ft-us-2026-01-31,2026-01-31,,True
2026-01-31,US:LMAT:NMQ,US:LMAT,LMAT:NMQ,LMAT,LeMaitre Vascular Inc,NMQ,us,russell3000,Medical Equipment and Services,ft_icb_native,2026-01-31,Health Care,Medical Equipment and Services,ft_native_v2,ft_index_membership_filtered,0.95,high,2026-01-31,https://markets.ft.com/data/equities/tearsheet/summary?s=LMAT:NMQ,2026-01-31T00:00:00+00:00,ft-us-2026-01-31,2026-01-31,,True
2026-01-31,US:LMB:NAQ,US:LMB,LMB:NAQ,LMB,Limbach Holdings Inc,NAQ,us,russell3000,Construction and Materials,ft_icb_native,2026-01-31,Industrials,Construction and Materials,ft_native_v2,ft_index_membership_filtered,0.95,high,2026-01-31,https://markets.ft.com/data/equities/tearsheet/summary?s=LMB:NAQ,2026-01-31T00:00:00+00:00,ft-us-2026-01-31,2026-01-31,,True
2026-01-31,US:LMND:NYQ,US:LMND,LMND:NYQ,LMND,Lemonade Inc,NYQ,us,russell3000,Non-life Insurance,ft_icb_native,2026-01-31,Financials,Non-life Insurance,ft_native_v2,ft_index_membership_filtered,0.95,high,2026-01-31,https://markets.ft.com/data/equities/tearsheet/summary?s=LMND:NYQ,2026-01-31T00:00:00+00:00,ft-us-2026-01-31,2026-01-31,,True
2026-01-31,US:LMNR:NSQ,US:LMNR,LMNR:NSQ,LMNR,Limoneira Co,NASDAQ,us,russell3000,Food Producers,ft_icb_native,2026-01-31,Consumer Staples,Food Producers,ft_native_v2,ft_index_membership_filtered,0.95,high,2026-01-31,https://markets.ft.com/data/equities/tearsheet/summary?s=LMNR:NSQ,2026-01-31T00:00:00+00:00,ft-us-2026-01-31,2026-01-31,,True
2026-01-31,US:LMT:NYQ,US:LMT,LMT:NYQ,LMT,Lockheed Martin Corp,NYQ,us,russell3000,Aerospace and Defense,ft_icb_native,2026-01-31,Industrials,Aerospace and Defense,ft_native_v2,ft_index_membership_filtered,0.95,high,2026-01-31,https://markets.ft.com/data/equities/tearsheet/summary?s=LMT:NYQ,2026-01-31T00:00:00+00:00,ft-us-2026-01-31,2026-01-31,,True
2026-01-31,US:LNC:NYQ,US:LNC,LNC:NYQ,LNC,Lincoln National Corp,NYQ,us,russell3000,Life Insurance,ft_icb_native,2026-01-31,Financials,Life Insurance,ft_native_v2,ft_index_membership_filtered,0.95,high,2026-01-31,https://markets.ft.com/data/equities/tearsheet/summary?s=LNC:NYQ,2026-01-31T00:00:00+00:00,ft-us-2026-01-31,2026-01-31,,True
2026-01-31,US:LNG:NYQ,US:LNG,LNG:NYQ,LNG,Cheniere Energy Inc,NYQ,us,russell3000,"Oil, Gas and Coal",ft_icb_native,2026-01-31,Energy,"Oil, Gas and Coal",ft_native_v2,ft_index_membership_filtered,0.95,high,2026-01-31,https://markets.ft.com/data/equities/tearsheet/summary?s=LNG:NYQ,2026-01-31T00:00:00+00:00,ft-us-2026-01-31,2026-01-31,,True
2026-01-31,US:LNN:NYQ,US:LNN,LNN:NYQ,LNN,Lindsay Corp,NYQ,us,russell3000,Industrial Engineering,ft_icb_native,2026-01-31,Industrials,Industrial Engineering,ft_native_v2,ft_index_membership_filtered,0.95,high,2026-01-31,https://markets.ft.com/data/equities/tearsheet/summary?s=LNN:NYQ,2026-01-31T00:00:00+00:00,ft-us-2026-01-31,2026-01-31,,True
2026-01-31,US:LNT:NSQ,US:LNT,LNT:NSQ,LNT,Alliant Energy Corp,NASDAQ,us,russell3000,Electricity,ft_icb_native,2026-01-31,Utilities,Electricity,ft_native_v2,ft_index_membership_filtered,0.95,high,2026-01-31,https://markets.ft.com/data/equities/tearsheet/summary?s=LNT:NSQ,2026-01-31T00:00:00+00:00,ft-us-2026-01-31,2026-01-31,,True
2026-01-31,US:LNTH:NMQ,US:LNTH,LNTH:NMQ,LNTH,Lantheus Holdings Inc,NMQ,us,russell3000,Medical Equipment and Services,ft_icb_native,2026-01-31,Health Care,Medical Equipment and Services,ft_native_v2,ft_index_membership_filtered,0.95,high,2026-01-31,https://markets.ft.com/data/equities/tearsheet/summary?s=LNTH:NMQ,2026-01-31T00:00:00+00:00,ft-us-2026-01-31,2026-01-31,,True
2026-01-31,US:LOAR:NYS,US:LOAR,LOAR:NYS,LOAR,Loar Holdings Inc,NYSE,us,russell3000,Aerospace and Defense,ft_icb_native,2026-01-31,Industrials,Aerospace and Defense,ft_native_v2,ft_index_membership_filtered,0.95,high,2026-01-31,https://markets.ft.com/data/equities/tearsheet/summary?s=LOAR:NYS,2026-01-31T00:00:00+00:00,ft-us-2026-01-31,2026-01-31,,True
2026-01-31,US:LOB:NYS,US:LOB,LOB:NYS,LOB,Live Oak Bancshares Inc,NYSE,us,russell3000,Banks,ft_icb_native,2026-01-31,Financials,Banks,ft_native_v2,ft_index_membership_filtered,0.95,high,2026-01-31,https://markets.ft.com/data/equities/tearsheet/summary?s=LOB:NYS,2026-01-31T00:00:00+00:00,ft-us-2026-01-31,2026-01-31,,True
2026-01-31,US:LOCO:NSQ,US:LOCO,LOCO:NSQ,LOCO,El Pollo Loco Holdings Inc,NASDAQ,us,russell3000,Travel and Leisure,ft_icb_native,2026-01-31,Consumer Discretionary,Travel and Leisure,ft_native_v2,ft_index_membership_filtered,0.95,high,2026-01-31,https://markets.ft.com/data/equities/tearsheet/summary?s=LOCO:NSQ,2026-01-31T00:00:00+00:00,ft-us-2026-01-31,2026-01-31,,True
2026-01-31,US:LOPE:NSQ,US:LOPE,LOPE:NSQ,LOPE,Grand Canyon Education Inc,NASDAQ,us,russell3000,Consumer Services,ft_icb_native,2026-01-31,Consumer Discretionary,Consumer Services,ft_native_v2,ft_index_membership_filtered,0.95,high,2026-01-31,https://markets.ft.com/data/equities/tearsheet/summary?s=LOPE:NSQ,2026-01-31T00:00:00+00:00,ft-us-2026-01-31,2026-01-31,,True
2026-01-31,US:LOVE:NMQ,US:LOVE,LOVE:NMQ,LOVE,Lovesac Co,NMQ,us,russell3000,Household Goods and Home Construction,ft_icb_native,2026-01-31,Consumer Discretionary,Household Goods and Home Construction,ft_native_v2,ft_index_membership_filtered,0.95,high,2026-01-31,https://markets.ft.com/data/equities/tearsheet/summary?s=LOVE:NMQ,2026-01-31T00:00:00+00:00,ft-us-2026-01-31,2026-01-31,,True
2026-01-31,US:LOW:NYQ,US:LOW,LOW:NYQ,LOW,Lowe's Companies Inc,NYQ,us,russell3000,Consumer Discretionary,ft_icb_native,2026-01-31,Consumer Discretionary,Consumer Discretionary,ft_native_v2,ft_index_membership_filtered,0.95,high,2026-01-31,https://markets.ft.com/data/equities/tearsheet/summary?s=LOW:NYQ,2026-01-31T00:00:00+00:00,ft-us-2026-01-31,2026-01-31,,True
2026-01-31,US:LPG:NYQ,US:LPG,LPG:NYQ,LPG,Dorian LPG Ltd,NYQ,us,russell3000,Industrial Transportation,ft_icb_native,2026-01-31,Energy,Industrial Transportation,ft_native_v2,ft_index_membership_filtered,0.95,high,2026-01-31,https://markets.ft.com/data/equities/tearsheet/summary?s=LPG:NYQ,2026-01-31T00:00:00+00:00,ft-us-2026-01-31,2026-01-31,,True
2026-01-31,US:LPLA:NSQ,US:LPLA,LPLA:NSQ,LPLA,LPL Financial Holdings Inc,NASDAQ,us,russell3000,Investment Banking and Brokerage Services,ft_icb_native,2026-01-31,Financials,Investment Banking and Brokerage Services,ft_native_v2,ft_index_membership_filtered,0.95,high,2026-01-31,https://markets.ft.com/data/equities/tearsheet/summary?s=LPLA:NSQ,2026-01-31T00:00:00+00:00,ft-us-2026-01-31,2026-01-31,,True
2026-01-31,US:LPX:NYQ,US:LPX,LPX:NYQ,LPX,Louisiana-Pacific Corp,NYQ,us,russell3000,Construction and Materials,ft_icb_native,2026-01-31,Basic Materials,Construction and Materials,ft_native_v2,ft_index_membership_filtered,0.95,high,2026-01-31,https://markets.ft.com/data/equities/tearsheet/summary?s=LPX:NYQ,2026-01-31T00:00:00+00:00,ft-us-2026-01-31,2026-01-31,,True
2026-01-31,US:LQDA:NAQ,US:LQDA,LQDA:NAQ,LQDA,Liquidia Corp,NAQ,us,russell3000,Pharmaceuticals and Biotechnology,ft_icb_native,2026-01-31,Health Care,Pharmaceuticals and Biotechnology,ft_native_v2,ft_index_membership_filtered,0.95,high,2026-01-31,https://markets.ft.com/data/equities/tearsheet/summary?s=LQDA:NAQ,2026-01-31T00:00:00+00:00,ft-us-2026-01-31,2026-01-31,,True
2026-01-31,US:LQDT:NSQ,US:LQDT,LQDT:NSQ,LQDT,Liquidity Services Inc,NASDAQ,us,russell3000,Consumer Discretionary,ft_icb_native,2026-01-31,Industrials,Consumer Discretionary,ft_native_v2,ft_index_membership_filtered,0.95,high,2026-01-31,https://markets.ft.com/data/equities/tearsheet/summary?s=LQDT:NSQ,2026-01-31T00:00:00+00:00,ft-us-2026-01-31,2026-01-31,,True
2026-01-31,US:LRCX:NSQ,US:LRCX,LRCX:NSQ,LRCX,Lam Research Corp,NASDAQ,us,russell3000,Technology Hardware and Equipment,ft_icb_native,2026-01-31,Technology,Technology Hardware and Equipment,ft_native_v2,ft_index_membership_filtered,0.95,high,2026-01-31,https://markets.ft.com/data/equities/tearsheet/summary?s=LRCX:NSQ,2026-01-31T00:00:00+00:00,ft-us-2026-01-31,2026-01-31,,True
2026-01-31,US:LRMR:NMQ,US:LRMR,LRMR:NMQ,LRMR,Larimar Therapeutics Inc,NMQ,us,russell3000,Pharmaceuticals and Biotechnology,ft_icb_native,2026-01-31,Health Care,Pharmaceuticals and Biotechnology,ft_native_v2,ft_index_membership_filtered,0.95,high,2026-01-31,https://markets.ft.com/data/equities/tearsheet/summary?s=LRMR:NMQ,2026-01-31T00:00:00+00:00,ft-us-2026-01-31,2026-01-31,,True
2026-01-31,US:LRN:NYQ,US:LRN,LRN:NYQ,LRN,Stride Inc,NYQ,us,russell3000,Consumer Services,ft_icb_native,2026-01-31,Consumer Discretionary,Consumer Services,ft_native_v2,ft_index_membership_filtered,0.95,high,2026-01-31,https://markets.ft.com/data/equities/tearsheet/summary?s=LRN:NYQ,2026-01-31T00:00:00+00:00,ft-us-2026-01-31,2026-01-31,,True
2026-01-31,US:LSCC:NSQ,US:LSCC,LSCC:NSQ,LSCC,Lattice Semiconductor Corp,NASDAQ,us,russell3000,Technology Hardware and Equipment,ft_icb_native,2026-01-31,Technology,Technology Hardware and Equipment,ft_native_v2,ft_index_membership_filtered,0.95,high,2026-01-31,https://markets.ft.com/data/equities/tearsheet/summary?s=LSCC:NSQ,2026-01-31T00:00:00+00:00,ft-us-2026-01-31,2026-01-31,,True
2026-01-31,US:LSTR:NSQ,US:LSTR,LSTR:NSQ,LSTR,Landstar System Inc,NASDAQ,us,russell3000,Industrial Transportation,ft_icb_native,2026-01-31,Industrials,Industrial Transportation,ft_native_v2,ft_index_membership_filtered,0.95,high,2026-01-31,https://markets.ft.com/data/equities/tearsheet/summary?s=LSTR:NSQ,2026-01-31T00:00:00+00:00,ft-us-2026-01-31,2026-01-31,,True
2026-01-31,US:LTC:NYQ,US:LTC,LTC:NYQ,LTC,LTC Properties Inc,NYQ,us,russell3000,Real Estate Investment Trusts,ft_icb_native,2026-01-31,Real Estate,Real Estate Investment Trusts,ft_native_v2,ft_index_membership_filtered,0.95,high,2026-01-31,https://markets.ft.com/data/equities/tearsheet/summary?s=LTC:NYQ,2026-01-31T00:00:00+00:00,ft-us-2026-01-31,2026-01-31,,True
2026-01-31,US:LTH:NYS,US:LTH,LTH:NYS,LTH,Life Time Group Holdings Inc,NYSE,us,russell3000,Travel and Leisure,ft_icb_native,2026-01-31,Consumer Discretionary,Travel and Leisure,ft_native_v2,ft_index_membership_filtered,0.95,high,2026-01-31,https://markets.ft.com/data/equities/tearsheet/summary?s=LTH:NYS,2026-01-31T00:00:00+00:00,ft-us-2026-01-31,2026-01-31,,True
2026-01-31,US:LULU:NSQ,US:LULU,LULU:NSQ,LULU,Lululemon Athletica Inc,NASDAQ,us,russell3000,Personal Goods,ft_icb_native,2026-01-31,Consumer Discretionary,Personal Goods,ft_native_v2,ft_index_membership_filtered,0.95,high,2026-01-31,https://markets.ft.com/data/equities/tearsheet/summary?s=LULU:NSQ,2026-01-31T00:00:00+00:00,ft-us-2026-01-31,2026-01-31,,True
2026-01-31,US:LUMN:NYQ,US:LUMN,LUMN:NYQ,LUMN,Lumen Technologies Inc,NYQ,us,russell3000,Telecommunications Service Providers,ft_icb_native,2026-01-31,Telecommunications,Telecommunications Service Providers,ft_native_v2,ft_index_membership_filtered,0.95,high,2026-01-31,https://markets.ft.com/data/equities/tearsheet/summary?s=LUMN:NYQ,2026-01-31T00:00:00+00:00,ft-us-2026-01-31,2026-01-31,,True
2026-01-31,US:LUNG:NSQ,US:LUNG,LUNG:NSQ,LUNG,Pulmonx Corp,NASDAQ,us,russell3000,Medical Equipment and Services,ft_icb_native,2026-01-31,Health Care,Medical Equipment and Services,ft_native_v2,ft_index_membership_filtered,0.95,high,2026-01-31,https://markets.ft.com/data/equities/tearsheet/summary?s=LUNG:NSQ,2026-01-31T00:00:00+00:00,ft-us-2026-01-31,2026-01-31,,True
2026-01-31,US:LUNR:NMQ,US:LUNR,LUNR:NMQ,LUNR,Intuitive Machines Inc,NMQ,us,russell3000,Aerospace and Defense,ft_icb_native,2026-01-31,Industrials,Aerospace and Defense,ft_native_v2,ft_index_membership_filtered,0.95,high,2026-01-31,https://markets.ft.com/data/equities/tearsheet/summary?s=LUNR:NMQ,2026-01-31T00:00:00+00:00,ft-us-2026-01-31,2026-01-31,,True
2026-01-31,US:LUV:NYQ,US:LUV,LUV:NYQ,LUV,Southwest Airlines Co,NYQ,us,russell3000,Travel and Leisure,ft_icb_native,2026-01-31,Industrials,Travel and Leisure,ft_native_v2,ft_index_membership_filtered,0.95,high,2026-01-31,https://markets.ft.com/data/equities/tearsheet/summary?s=LUV:NYQ,2026-01-31T00:00:00+00:00,ft-us-2026-01-31,2026-01-31,,True
2026-01-31,US:LVS:NYQ,US:LVS,LVS:NYQ,LVS,Las Vegas Sands Corp,NYQ,us,russell3000,Travel and Leisure,ft_icb_native,2026-01-31,Consumer Discretionary,Travel and Leisure,ft_native_v2,ft_index_membership_filtered,0.95,high,2026-01-31,https://markets.ft.com/data/equities/tearsheet/summary?s=LVS:NYQ,2026-01-31T00:00:00+00:00,ft-us-2026-01-31,2026-01-31,,True
2026-01-31,US:LW:NYS,US:LW,LW:NYS,LW,Lamb Weston Holdings Inc,NYSE,us,russell3000,Food Producers,ft_icb_native,2026-01-31,Consumer Staples,Food Producers,ft_native_v2,ft_index_membership_filtered,0.95,high,2026-01-31,https://markets.ft.com/data/equities/tearsheet/summary?s=LW:NYS,2026-01-31T00:00:00+00:00,ft-us-2026-01-31,2026-01-31,,True
2026-01-31,US:LXEO:NMQ,US:LXEO,LXEO:NMQ,LXEO,Lexeo Therapeutics Inc,NMQ,us,russell3000,Pharmaceuticals and Biotechnology,ft_icb_native,2026-01-31,Health Care,Pharmaceuticals and Biotechnology,ft_native_v2,ft_index_membership_filtered,0.95,high,2026-01-31,https://markets.ft.com/data/equities/tearsheet/summary?s=LXEO:NMQ,2026-01-31T00:00:00+00:00,ft-us-2026-01-31,2026-01-31,,True
2026-01-31,US:LXFR:NYQ,US:LXFR,LXFR:NYQ,LXFR,Luxfer Holdings PLC,NYQ,us,russell3000,General Industrials,ft_icb_native,2026-01-31,Industrials,General Industrials,ft_native_v2,ft_index_membership_filtered,0.95,high,2026-01-31,https://markets.ft.com/data/equities/tearsheet/summary?s=LXFR:NYQ,2026-01-31T00:00:00+00:00,ft-us-2026-01-31,2026-01-31,,True
2026-01-31,US:LXP:NYQ,US:LXP,LXP:NYQ,LXP,LXP Industrial Trust,NYQ,us,russell3000,Real Estate Investment Trusts,ft_icb_native,2026-01-31,Real Estate,Real Estate Investment Trusts,ft_native_v2,ft_index_membership_filtered,0.95,high,2026-01-31,https://markets.ft.com/data/equities/tearsheet/summary?s=LXP:NYQ,2026-01-31T00:00:00+00:00,ft-us-2026-01-31,2026-01-31,,True
2026-01-31,US:LXU:NYQ,US:LXU,LXU:NYQ,LXU,LSB Industries Inc,NYQ,us,russell3000,Chemicals,ft_icb_native,2026-01-31,Basic Materials,Chemicals,ft_native_v2,ft_index_membership_filtered,0.95,high,2026-01-31,https://markets.ft.com/data/equities/tearsheet/summary?s=LXU:NYQ,2026-01-31T00:00:00+00:00,ft-us-2026-01-31,2026-01-31,,True
2026-01-31,US:LYB:NYQ,US:LYB,LYB:NYQ,LYB,LyondellBasell Industries NV,NYQ,us,russell3000,Chemicals,ft_icb_native,2026-01-31,Basic Materials,Chemicals,ft_native_v2,ft_index_membership_filtered,0.95,high,2026-01-31,https://markets.ft.com/data/equities/tearsheet/summary?s=LYB:NYQ,2026-01-31T00:00:00+00:00,ft-us-2026-01-31,2026-01-31,,True
2026-01-31,US:LYFT:NSQ,US:LYFT,LYFT:NSQ,LYFT,Lyft Inc,NASDAQ,us,russell3000,Consumer Services,ft_icb_native,2026-01-31,Industrials,Consumer Services,ft_native_v2,ft_index_membership_filtered,0.95,high,2026-01-31,https://markets.ft.com/data/equities/tearsheet/summary?s=LYFT:NSQ,2026-01-31T00:00:00+00:00,ft-us-2026-01-31,2026-01-31,,True
2026-01-31,US:LYTS:NSQ,US:LYTS,LYTS:NSQ,LYTS,LSI Industries Inc,NASDAQ,us,russell3000,Construction and Materials,ft_icb_native,2026-01-31,Industrials,Construction and Materials,ft_native_v2,ft_index_membership_filtered,0.95,high,2026-01-31,https://markets.ft.com/data/equities/tearsheet/summary?s=LYTS:NSQ,2026-01-31T00:00:00+00:00,ft-us-2026-01-31,2026-01-31,,True
2026-01-31,US:LYV:NYS,US:LYV,LYV:NYS,LYV,Live Nation Entertainment Inc,NYSE,us,russell3000,Travel and Leisure,ft_icb_native,2026-01-31,Consumer Discretionary,Travel and Leisure,ft_native_v2,ft_index_membership_filtered,0.95,high,2026-01-31,https://markets.ft.com/data/equities/tearsheet/summary?s=LYV:NYS,2026-01-31T00:00:00+00:00,ft-us-2026-01-31,2026-01-31,,True
2026-01-31,US:LZ:NSQ,US:LZ,LZ:NSQ,LZ,LegalZoom.com Inc,NASDAQ,us,russell3000,Industrial Support Services,ft_icb_native,2026-01-31,Industrials,Industrial Support Services,ft_native_v2,ft_index_membership_filtered,0.95,high,2026-01-31,https://markets.ft.com/data/equities/tearsheet/summary?s=LZ:NSQ,2026-01-31T00:00:00+00:00,ft-us-2026-01-31,2026-01-31,,True
2026-01-31,US:LZB:NYQ,US:LZB,LZB:NYQ,LZB,La-Z-Boy Inc,NYQ,us,russell3000,Household Goods and Home Construction,ft_icb_native,2026-01-31,Consumer Discretionary,Household Goods and Home Construction,ft_native_v2,ft_index_membership_filtered,0.95,high,2026-01-31,https://markets.ft.com/data/equities/tearsheet/summary?s=LZB:NYQ,2026-01-31T00:00:00+00:00,ft-us-2026-01-31,2026-01-31,,True
2026-01-31,US:M:NYQ,US:M,M:NYQ,M,Macy's Inc,NYQ,us,russell3000,Consumer Discretionary,ft_icb_native,2026-01-31,Consumer Discretionary,Consumer Discretionary,ft_native_v2,ft_index_membership_filtered,0.95,high,2026-01-31,https://markets.ft.com/data/equities/tearsheet/summary?s=M:NYQ,2026-01-31T00:00:00+00:00,ft-us-2026-01-31,2026-01-31,,True
2026-01-31,US:MA:NYS,US:MA,MA:NYS,MA,Mastercard Inc,NYSE,us,russell3000,Industrial Support Services,ft_icb_native,2026-01-31,Industrials,Industrial Support Services,ft_native_v2,ft_index_membership_filtered,0.95,high,2026-01-31,https://markets.ft.com/data/equities/tearsheet/summary?s=MA:NYS,2026-01-31T00:00:00+00:00,ft-us-2026-01-31,2026-01-31,,True
2026-01-31,US:MAA:NYQ,US:MAA,MAA:NYQ,MAA,Mid-America Apartment Communities Inc,NYQ,us,russell3000,Real Estate Investment Trusts,ft_icb_native,2026-01-31,Real Estate,Real Estate Investment Trusts,ft_native_v2,ft_index_membership_filtered,0.95,high,2026-01-31,https://markets.ft.com/data/equities/tearsheet/summary?s=MAA:NYQ,2026-01-31T00:00:00+00:00,ft-us-2026-01-31,2026-01-31,,True
2026-01-31,US:MAC:NYQ,US:MAC,MAC:NYQ,MAC,Macerich Co,NYQ,us,russell3000,Real Estate Investment Trusts,ft_icb_native,2026-01-31,Real Estate,Real Estate Investment Trusts,ft_native_v2,ft_index_membership_filtered,0.95,high,2026-01-31,https://markets.ft.com/data/equities/tearsheet/summary?s=MAC:NYQ,2026-01-31T00:00:00+00:00,ft-us-2026-01-31,2026-01-31,,True
2026-01-31,US:MAMA:NAQ,US:MAMA,MAMA:NAQ,MAMA,Mama's Creations Inc,NAQ,us,russell3000,Food Producers,ft_icb_native,2026-01-31,Consumer Staples,Food Producers,ft_native_v2,ft_index_membership_filtered,0.95,high,2026-01-31,https://markets.ft.com/data/equities/tearsheet/summary?s=MAMA:NAQ,2026-01-31T00:00:00+00:00,ft-us-2026-01-31,2026-01-31,,True
2026-01-31,US:MAN:NYQ,US:MAN,MAN:NYQ,MAN,ManpowerGroup Inc,NYQ,us,russell3000,Industrial Support Services,ft_icb_native,2026-01-31,Industrials,Industrial Support Services,ft_native_v2,ft_index_membership_filtered,0.95,high,2026-01-31,https://markets.ft.com/data/equities/tearsheet/summary?s=MAN:NYQ,2026-01-31T00:00:00+00:00,ft-us-2026-01-31,2026-01-31,,True
2026-01-31,US:MANH:NSQ,US:MANH,MANH:NSQ,MANH,Manhattan Associates Inc,NASDAQ,us,russell3000,Technology,ft_icb_native,2026-01-31,Technology,Technology,ft_native_v2,ft_index_membership_filtered,0.95,high,2026-01-31,https://markets.ft.com/data/equities/tearsheet/summary?s=MANH:NSQ,2026-01-31T00:00:00+00:00,ft-us-2026-01-31,2026-01-31,,True
2026-01-31,US:MAR:NSQ,US:MAR,MAR:NSQ,MAR,Marriott International Inc,NASDAQ,us,russell3000,Travel and Leisure,ft_icb_native,2026-01-31,Consumer Discretionary,Travel and Leisure,ft_native_v2,ft_index_membership_filtered,0.95,high,2026-01-31,https://markets.ft.com/data/equities/tearsheet/summary?s=MAR:NSQ,2026-01-31T00:00:00+00:00,ft-us-2026-01-31,2026-01-31,,True
2026-01-31,US:MARA:NAQ,US:MARA,MARA:NAQ,MARA,MARA Holdings Inc,NAQ,us,russell3000,Investment Banking and Brokerage Services,ft_icb_native,2026-01-31,Technology,Investment Banking and Brokerage Services,ft_native_v2,ft_index_membership_filtered,0.95,high,2026-01-31,https://markets.ft.com/data/equities/tearsheet/summary?s=MARA:NAQ,2026-01-31T00:00:00+00:00,ft-us-2026-01-31,2026-01-31,,True
2026-01-31,US:MAS:NYQ,US:MAS,MAS:NYQ,MAS,Masco Corp,NYQ,us,russell3000,Construction and Materials,ft_icb_native,2026-01-31,Industrials,Construction and Materials,ft_native_v2,ft_index_membership_filtered,0.95,high,2026-01-31,https://markets.ft.com/data/equities/tearsheet/summary?s=MAS:NYQ,2026-01-31T00:00:00+00:00,ft-us-2026-01-31,2026-01-31,,True
2026-01-31,US:MASI:NSQ,US:MASI,MASI:NSQ,MASI,Masimo Corp,NASDAQ,us,russell3000,Medical Equipment and Services,ft_icb_native,2026-01-31,Health Care,Medical Equipment and Services,ft_native_v2,ft_index_membership_filtered,0.95,high,2026-01-31,https://markets.ft.com/data/equities/tearsheet/summary?s=MASI:NSQ,2026-01-31T00:00:00+00:00,ft-us-2026-01-31,2026-01-31,,True
2026-01-31,US:MASS:NMQ,US:MASS,MASS:NMQ,MASS,908 Devices Inc,NMQ,us,russell3000,Medical Equipment and Services,ft_icb_native,2026-01-31,Technology,Medical Equipment and Services,ft_native_v2,ft_index_membership_filtered,0.95,high,2026-01-31,https://markets.ft.com/data/equities/tearsheet/summary?s=MASS:NMQ,2026-01-31T00:00:00+00:00,ft-us-2026-01-31,2026-01-31,,True
2026-01-31,US:MAT:NSQ,US:MAT,MAT:NSQ,MAT,Mattel Inc,NASDAQ,us,russell3000,Leisure Goods,ft_icb_native,2026-01-31,Consumer Discretionary,Leisure Goods,ft_native_v2,ft_index_membership_filtered,0.95,high,2026-01-31,https://markets.ft.com/data/equities/tearsheet/summary?s=MAT:NSQ,2026-01-31T00:00:00+00:00,ft-us-2026-01-31,2026-01-31,,True
2026-01-31,US:MATV:NYQ,US:MATV,MATV:NYQ,MATV,Mativ Holdings Inc,NYQ,us,russell3000,Industrial Materials,ft_icb_native,2026-01-31,Basic Materials,Industrial Materials,ft_native_v2,ft_index_membership_filtered,0.95,high,2026-01-31,https://markets.ft.com/data/equities/tearsheet/summary?s=MATV:NYQ,2026-01-31T00:00:00+00:00,ft-us-2026-01-31,2026-01-31,,True
2026-01-31,US:MATW:NSQ,US:MATW,MATW:NSQ,MATW,Matthews International Corp,NASDAQ,us,russell3000,Consumer Services,ft_icb_native,2026-01-31,Consumer Discretionary,Consumer Services,ft_native_v2,ft_index_membership_filtered,0.95,high,2026-01-31,https://markets.ft.com/data/equities/tearsheet/summary?s=MATW:NSQ,2026-01-31T00:00:00+00:00,ft-us-2026-01-31,2026-01-31,,True
2026-01-31,US:MATX:NYQ,US:MATX,MATX:NYQ,MATX,Matson Inc,NYQ,us,russell3000,Industrial Transportation,ft_icb_native,2026-01-31,Industrials,Industrial Transportation,ft_native_v2,ft_index_membership_filtered,0.95,high,2026-01-31,https://markets.ft.com/data/equities/tearsheet/summary?s=MATX:NYQ,2026-01-31T00:00:00+00:00,ft-us-2026-01-31,2026-01-31,,True
2026-01-31,US:MAX:NYQ,US:MAX,MAX:NYQ,MAX,Mediaalpha Inc,NYQ,us,russell3000,Technology,ft_icb_native,2026-01-31,Telecommunications,Technology,ft_native_v2,ft_index_membership_filtered,0.95,high,2026-01-31,https://markets.ft.com/data/equities/tearsheet/summary?s=MAX:NYQ,2026-01-31T00:00:00+00:00,ft-us-2026-01-31,2026-01-31,,True
2026-01-31,US:MAZE:NMQ,US:MAZE,MAZE:NMQ,MAZE,Maze Therapeutics Inc,NMQ,us,russell3000,Pharmaceuticals and Biotechnology,ft_icb_native,2026-01-31,Health Care,Pharmaceuticals and Biotechnology,ft_native_v2,ft_index_membership_filtered,0.95,high,2026-01-31,https://markets.ft.com/data/equities/tearsheet/summary?s=MAZE:NMQ,2026-01-31T00:00:00+00:00,ft-us-2026-01-31,2026-01-31,,True
2026-01-31,US:MBC:NYS,US:MBC,MBC:NYS,MBC,Masterbrand Inc,NYSE,us,russell3000,Construction and Materials,ft_icb_native,2026-01-31,Industrials,Construction and Materials,ft_native_v2,ft_index_membership_filtered,0.95,high,2026-01-31,https://markets.ft.com/data/equities/tearsheet/summary?s=MBC:NYS,2026-01-31T00:00:00+00:00,ft-us-2026-01-31,2026-01-31,,True
2026-01-31,US:MBCN:NAQ,US:MBCN,MBCN:NAQ,MBCN,Middlefield Banc Corp,NAQ,us,russell3000,Banks,ft_icb_native,2026-01-31,Financials,Banks,ft_native_v2,ft_index_membership_filtered,0.95,high,2026-01-31,https://markets.ft.com/data/equities/tearsheet/summary?s=MBCN:NAQ,2026-01-31T00:00:00+00:00,ft-us-2026-01-31,2026-01-31,,True
2026-01-31,US:MBI:NYQ,US:MBI,MBI:NYQ,MBI,MBIA Inc,NYQ,us,russell3000,Non-life Insurance,ft_icb_native,2026-01-31,Financials,Non-life Insurance,ft_native_v2,ft_index_membership_filtered,0.95,high,2026-01-31,https://markets.ft.com/data/equities/tearsheet/summary?s=MBI:NYQ,2026-01-31T00:00:00+00:00,ft-us-2026-01-31,2026-01-31,,True
2026-01-31,US:MBIN:NAQ,US:MBIN,MBIN:NAQ,MBIN,Merchants Bancorp,NAQ,us,russell3000,Banks,ft_icb_native,2026-01-31,Financials,Banks,ft_native_v2,ft_index_membership_filtered,0.95,high,2026-01-31,https://markets.ft.com/data/equities/tearsheet/summary?s=MBIN:NAQ,2026-01-31T00:00:00+00:00,ft-us-2026-01-31,2026-01-31,,True
2026-01-31,US:MBUU:NMQ,US:MBUU,MBUU:NMQ,MBUU,Malibu Boats Inc,NMQ,us,russell3000,Leisure Goods,ft_icb_native,2026-01-31,Consumer Discretionary,Leisure Goods,ft_native_v2,ft_index_membership_filtered,0.95,high,2026-01-31,https://markets.ft.com/data/equities/tearsheet/summary?s=MBUU:NMQ,2026-01-31T00:00:00+00:00,ft-us-2026-01-31,2026-01-31,,True
2026-01-31,US:MBWM:NSQ,US:MBWM,MBWM:NSQ,MBWM,Mercantile Bank Corp,NASDAQ,us,russell3000,Banks,ft_icb_native,2026-01-31,Financials,Banks,ft_native_v2,ft_index_membership_filtered,0.95,high,2026-01-31,https://markets.ft.com/data/equities/tearsheet/summary?s=MBWM:NSQ,2026-01-31T00:00:00+00:00,ft-us-2026-01-31,2026-01-31,,True
2026-01-31,US:MBX:NSQ,US:MBX,MBX:NSQ,MBX,MBX Biosciences Inc,NASDAQ,us,russell3000,Pharmaceuticals and Biotechnology,ft_icb_native,2026-01-31,Health Care,Pharmaceuticals and Biotechnology,ft_native_v2,ft_index_membership_filtered,0.95,high,2026-01-31,https://markets.ft.com/data/equities/tearsheet/summary?s=MBX:NSQ,2026-01-31T00:00:00+00:00,ft-us-2026-01-31,2026-01-31,,True
2026-01-31,US:MC:NYQ,US:MC,MC:NYQ,MC,Moelis & Co,NYQ,us,russell3000,Investment Banking and Brokerage Services,ft_icb_native,2026-01-31,Financials,Investment Banking and Brokerage Services,ft_native_v2,ft_index_membership_filtered,0.95,high,2026-01-31,https://markets.ft.com/data/equities/tearsheet/summary?s=MC:NYQ,2026-01-31T00:00:00+00:00,ft-us-2026-01-31,2026-01-31,,True
2026-01-31,US:MCB:NYQ,US:MCB,MCB:NYQ,MCB,Metropolitan Bank Holding Corp,NYQ,us,russell3000,Banks,ft_icb_native,2026-01-31,Financials,Banks,ft_native_v2,ft_index_membership_filtered,0.95,high,2026-01-31,https://markets.ft.com/data/equities/tearsheet/summary?s=MCB:NYQ,2026-01-31T00:00:00+00:00,ft-us-2026-01-31,2026-01-31,,True
2026-01-31,US:MCBS:NSQ,US:MCBS,MCBS:NSQ,MCBS,Metrocity Bankshares Inc,NASDAQ,us,russell3000,Banks,ft_icb_native,2026-01-31,Financials,Banks,ft_native_v2,ft_index_membership_filtered,0.95,high,2026-01-31,https://markets.ft.com/data/equities/tearsheet/summary?s=MCBS:NSQ,2026-01-31T00:00:00+00:00,ft-us-2026-01-31,2026-01-31,,True
2026-01-31,US:MCD:NYQ,US:MCD,MCD:NYQ,MCD,McDonald's Corp,NYQ,us,russell3000,Travel and Leisure,ft_icb_native,2026-01-31,Consumer Discretionary,Travel and Leisure,ft_native_v2,ft_index_membership_filtered,0.95,high,2026-01-31,https://markets.ft.com/data/equities/tearsheet/summary?s=MCD:NYQ,2026-01-31T00:00:00+00:00,ft-us-2026-01-31,2026-01-31,,True
2026-01-31,US:MCFT:NMQ,US:MCFT,MCFT:NMQ,MCFT,Mastercraft Boat Holdings Inc,NMQ,us,russell3000,Leisure Goods,ft_icb_native,2026-01-31,Consumer Discretionary,Leisure Goods,ft_native_v2,ft_index_membership_filtered,0.95,high,2026-01-31,https://markets.ft.com/data/equities/tearsheet/summary?s=MCFT:NMQ,2026-01-31T00:00:00+00:00,ft-us-2026-01-31,2026-01-31,,True
2026-01-31,US:MCHB:NSQ,US:MCHB,MCHB:NSQ,MCHB,Mechanics Bancorp,NASDAQ,us,russell3000,Banks,ft_icb_native,2026-01-31,Financials,Banks,ft_native_v2,ft_index_membership_filtered,0.95,high,2026-01-31,https://markets.ft.com/data/equities/tearsheet/summary?s=MCHB:NSQ,2026-01-31T00:00:00+00:00,ft-us-2026-01-31,2026-01-31,,True
2026-01-31,US:MCHP:NSQ,US:MCHP,MCHP:NSQ,MCHP,Microchip Technology Inc,NASDAQ,us,russell3000,Technology Hardware and Equipment,ft_icb_native,2026-01-31,Technology,Technology Hardware and Equipment,ft_native_v2,ft_index_membership_filtered,0.95,high,2026-01-31,https://markets.ft.com/data/equities/tearsheet/summary?s=MCHP:NSQ,2026-01-31T00:00:00+00:00,ft-us-2026-01-31,2026-01-31,,True
2026-01-31,US:MCK:NYQ,US:MCK,MCK:NYQ,MCK,McKesson Corp,NYQ,us,russell3000,"Personal Care, Drug and Grocery Stores",ft_icb_native,2026-01-31,Health Care,"Personal Care, Drug and Grocery Stores",ft_native_v2,ft_index_membership_filtered,0.95,high,2026-01-31,https://markets.ft.com/data/equities/tearsheet/summary?s=MCK:NYQ,2026-01-31T00:00:00+00:00,ft-us-2026-01-31,2026-01-31,,True
2026-01-31,US:MCO:NYQ,US:MCO,MCO:NYQ,MCO,Moody's Corp,NYQ,us,russell3000,Finance and Credit Services,ft_icb_native,2026-01-31,Financials,Finance and Credit Services,ft_native_v2,ft_index_membership_filtered,0.95,high,2026-01-31,https://markets.ft.com/data/equities/tearsheet/summary?s=MCO:NYQ,2026-01-31T00:00:00+00:00,ft-us-2026-01-31,2026-01-31,,True
2026-01-31,US:MCRI:NSQ,US:MCRI,MCRI:NSQ,MCRI,Monarch Casino & Resort Inc,NASDAQ,us,russell3000,Travel and Leisure,ft_icb_native,2026-01-31,Consumer Discretionary,Travel and Leisure,ft_native_v2,ft_index_membership_filtered,0.95,high,2026-01-31,https://markets.ft.com/data/equities/tearsheet/summary?s=MCRI:NSQ,2026-01-31T00:00:00+00:00,ft-us-2026-01-31,2026-01-31,,True
2026-01-31,US:MCS:NYQ,US:MCS,MCS:NYQ,MCS,Marcus Corp,NYQ,us,russell3000,Media,ft_icb_native,2026-01-31,Telecommunications,Media,ft_native_v2,ft_index_membership_filtered,0.95,high,2026-01-31,https://markets.ft.com/data/equities/tearsheet/summary?s=MCS:NYQ,2026-01-31T00:00:00+00:00,ft-us-2026-01-31,2026-01-31,,True
2026-01-31,US:MCW:NSQ,US:MCW,MCW:NSQ,MCW,Mister Car Wash Inc,NASDAQ,us,russell3000,Consumer Services,ft_icb_native,2026-01-31,Consumer Discretionary,Consumer Services,ft_native_v2,ft_index_membership_filtered_level3_fallback,0.65,medium,2026-01-31,https://markets.ft.com/data/equities/tearsheet/summary?s=MCW:NSQ,2026-01-31T00:00:00+00:00,ft-us-2026-01-31,2026-01-31,,True
2026-01-31,US:MCY:NYQ,US:MCY,MCY:NYQ,MCY,Mercury General Corp,NYQ,us,russell3000,Non-life Insurance,ft_icb_native,2026-01-31,Financials,Non-life Insurance,ft_native_v2,ft_index_membership_filtered,0.95,high,2026-01-31,https://markets.ft.com/data/equities/tearsheet/summary?s=MCY:NYQ,2026-01-31T00:00:00+00:00,ft-us-2026-01-31,2026-01-31,,True
2026-01-31,US:MD:NYQ,US:MD,MD:NYQ,MD,Pediatrix Medical Group Inc,NYQ,us,russell3000,Health Care Providers,ft_icb_native,2026-01-31,Health Care,Health Care Providers,ft_native_v2,ft_index_membership_filtered,0.95,high,2026-01-31,https://markets.ft.com/data/equities/tearsheet/summary?s=MD:NYQ,2026-01-31T00:00:00+00:00,ft-us-2026-01-31,2026-01-31,,True
2026-01-31,US:MDB:NMQ,US:MDB,MDB:NMQ,MDB,MongoDB Inc,NMQ,us,russell3000,Technology,ft_icb_native,2026-01-31,Technology,Technology,ft_native_v2,ft_index_membership_filtered,0.95,high,2026-01-31,https://markets.ft.com/data/equities/tearsheet/summary?s=MDB:NMQ,2026-01-31T00:00:00+00:00,ft-us-2026-01-31,2026-01-31,,True
2026-01-31,US:MDGL:NSQ,US:MDGL,MDGL:NSQ,MDGL,Madrigal Pharmaceuticals Inc,NASDAQ,us,russell3000,Pharmaceuticals and Biotechnology,ft_icb_native,2026-01-31,Health Care,Pharmaceuticals and Biotechnology,ft_native_v2,ft_index_membership_filtered,0.95,high,2026-01-31,https://markets.ft.com/data/equities/tearsheet/summary?s=MDGL:NSQ,2026-01-31T00:00:00+00:00,ft-us-2026-01-31,2026-01-31,,True
2026-01-31,US:MDLZ:NSQ,US:MDLZ,MDLZ:NSQ,MDLZ,Mondelez International Inc,NASDAQ,us,russell3000,Food Producers,ft_icb_native,2026-01-31,Consumer Staples,Food Producers,ft_native_v2,ft_index_membership_filtered,0.95,high,2026-01-31,https://markets.ft.com/data/equities/tearsheet/summary?s=MDLZ:NSQ,2026-01-31T00:00:00+00:00,ft-us-2026-01-31,2026-01-31,,True
2026-01-31,US:MDT:NYQ,US:MDT,MDT:NYQ,MDT,Medtronic PLC,NYQ,us,russell3000,Medical Equipment and Services,ft_icb_native,2026-01-31,Health Care,Medical Equipment and Services,ft_native_v2,ft_index_membership_filtered,0.95,high,2026-01-31,https://markets.ft.com/data/equities/tearsheet/summary?s=MDT:NYQ,2026-01-31T00:00:00+00:00,ft-us-2026-01-31,2026-01-31,,True
2026-01-31,US:MDU:NYQ,US:MDU,MDU:NYQ,MDU,MDU Resources Group Inc,NYQ,us,russell3000,"Gas, Water and Multi-utilities",ft_icb_native,2026-01-31,Utilities,"Gas, Water and Multi-utilities",ft_native_v2,ft_index_membership_filtered,0.95,high,2026-01-31,https://markets.ft.com/data/equities/tearsheet/summary?s=MDU:NYQ,2026-01-31T00:00:00+00:00,ft-us-2026-01-31,2026-01-31,,True
2026-01-31,US:MDXG:NAQ,US:MDXG,MDXG:NAQ,MDXG,MiMedx Group Inc,NAQ,us,russell3000,Pharmaceuticals and Biotechnology,ft_icb_native,2026-01-31,Health Care,Pharmaceuticals and Biotechnology,ft_native_v2,ft_index_membership_filtered,0.95,high,2026-01-31,https://markets.ft.com/data/equities/tearsheet/summary?s=MDXG:NAQ,2026-01-31T00:00:00+00:00,ft-us-2026-01-31,2026-01-31,,True
2026-01-31,US:MED:NYQ,US:MED,MED:NYQ,MED,Medifast Inc,NYQ,us,russell3000,Food Producers,ft_icb_native,2026-01-31,Consumer Staples,Food Producers,ft_native_v2,ft_index_membership_filtered,0.95,high,2026-01-31,https://markets.ft.com/data/equities/tearsheet/summary?s=MED:NYQ,2026-01-31T00:00:00+00:00,ft-us-2026-01-31,2026-01-31,,True
2026-01-31,US:MEDP:NSQ,US:MEDP,MEDP:NSQ,MEDP,Medpace Holdings Inc,NASDAQ,us,russell3000,Pharmaceuticals and Biotechnology,ft_icb_native,2026-01-31,Health Care,Pharmaceuticals and Biotechnology,ft_native_v2,ft_index_membership_filtered,0.95,high,2026-01-31,https://markets.ft.com/data/equities/tearsheet/summary?s=MEDP:NSQ,2026-01-31T00:00:00+00:00,ft-us-2026-01-31,2026-01-31,,True
2026-01-31,US:MEG:NYS,US:MEG,MEG:NYS,MEG,Montrose Environmental Group Inc,NYSE,us,russell3000,Industrial Support Services,ft_icb_native,2026-01-31,Industrials,Industrial Support Services,ft_native_v2,ft_index_membership_filtered,0.95,high,2026-01-31,https://markets.ft.com/data/equities/tearsheet/summary?s=MEG:NYS,2026-01-31T00:00:00+00:00,ft-us-2026-01-31,2026-01-31,,True
2026-01-31,US:MEI:NYQ,US:MEI,MEI:NYQ,MEI,Methode Electronics Inc,NYQ,us,russell3000,Technology Hardware and Equipment,ft_icb_native,2026-01-31,Technology,Technology Hardware and Equipment,ft_native_v2,ft_index_membership_filtered,0.95,high,2026-01-31,https://markets.ft.com/data/equities/tearsheet/summary?s=MEI:NYQ,2026-01-31T00:00:00+00:00,ft-us-2026-01-31,2026-01-31,,True
2026-01-31,US:MET:NYQ,US:MET,MET:NYQ,MET,MetLife Inc,NYQ,us,russell3000,Life Insurance,ft_icb_native,2026-01-31,Financials,Life Insurance,ft_native_v2,ft_index_membership_filtered,0.95,high,2026-01-31,https://markets.ft.com/data/equities/tearsheet/summary?s=MET:NYQ,2026-01-31T00:00:00+00:00,ft-us-2026-01-31,2026-01-31,,True
2026-01-31,US:META:NSQ,US:META,META:NSQ,META,Meta Platforms Inc,NASDAQ,us,russell3000,Technology,ft_icb_native,2026-01-31,Telecommunications,Technology,ft_native_v2,ft_index_membership_filtered,0.95,high,2026-01-31,https://markets.ft.com/data/equities/tearsheet/summary?s=META:NSQ,2026-01-31T00:00:00+00:00,ft-us-2026-01-31,2026-01-31,,True
2026-01-31,US:METC:NSQ,US:METC,METC:NSQ,METC,Ramaco Resources Inc,NASDAQ,us,russell3000,"Oil, Gas and Coal",ft_icb_native,2026-01-31,Basic Materials,"Oil, Gas and Coal",ft_native_v2,ft_index_membership_filtered,0.95,high,2026-01-31,https://markets.ft.com/data/equities/tearsheet/summary?s=METC:NSQ,2026-01-31T00:00:00+00:00,ft-us-2026-01-31,2026-01-31,,True
2026-01-31,US:MFA:NYQ,US:MFA,MFA:NYQ,MFA,MFA Financial Inc,NYQ,us,russell3000,Mortgage Real Estate Investment Trusts,ft_icb_native,2026-01-31,Financials,Mortgage Real Estate Investment Trusts,ft_native_v2,ft_index_membership_filtered,0.95,high,2026-01-31,https://markets.ft.com/data/equities/tearsheet/summary?s=MFA:NYQ,2026-01-31T00:00:00+00:00,ft-us-2026-01-31,2026-01-31,,True
2026-01-31,US:MGEE:NSQ,US:MGEE,MGEE:NSQ,MGEE,MGE Energy Inc,NASDAQ,us,russell3000,Electricity,ft_icb_native,2026-01-31,Utilities,Electricity,ft_native_v2,ft_index_membership_filtered,0.95,high,2026-01-31,https://markets.ft.com/data/equities/tearsheet/summary?s=MGEE:NSQ,2026-01-31T00:00:00+00:00,ft-us-2026-01-31,2026-01-31,,True
2026-01-31,US:MGM:NYS,US:MGM,MGM:NYS,MGM,MGM Resorts International,NYSE,us,russell3000,Travel and Leisure,ft_icb_native,2026-01-31,Consumer Discretionary,Travel and Leisure,ft_native_v2,ft_index_membership_filtered,0.95,high,2026-01-31,https://markets.ft.com/data/equities/tearsheet/summary?s=MGM:NYS,2026-01-31T00:00:00+00:00,ft-us-2026-01-31,2026-01-31,,True
2026-01-31,US:MGNI:NSQ,US:MGNI,MGNI:NSQ,MGNI,Magnite Inc,NASDAQ,us,russell3000,Technology,ft_icb_native,2026-01-31,Telecommunications,Technology,ft_native_v2,ft_index_membership_filtered,0.95,high,2026-01-31,https://markets.ft.com/data/equities/tearsheet/summary?s=MGNI:NSQ,2026-01-31T00:00:00+00:00,ft-us-2026-01-31,2026-01-31,,True
2026-01-31,US:MGPI:NSQ,US:MGPI,MGPI:NSQ,MGPI,MGP Ingredients Inc,NASDAQ,us,russell3000,Beverages,ft_icb_native,2026-01-31,Consumer Staples,Beverages,ft_native_v2,ft_index_membership_filtered,0.95,high,2026-01-31,https://markets.ft.com/data/equities/tearsheet/summary?s=MGPI:NSQ,2026-01-31T00:00:00+00:00,ft-us-2026-01-31,2026-01-31,,True
2026-01-31,US:MGRC:NSQ,US:MGRC,MGRC:NSQ,MGRC,McGrath RentCorp,NASDAQ,us,russell3000,Industrial Transportation,ft_icb_native,2026-01-31,Industrials,Industrial Transportation,ft_native_v2,ft_index_membership_filtered,0.95,high,2026-01-31,https://markets.ft.com/data/equities/tearsheet/summary?s=MGRC:NSQ,2026-01-31T00:00:00+00:00,ft-us-2026-01-31,2026-01-31,,True
2026-01-31,US:MGTX:NSQ,US:MGTX,MGTX:NSQ,MGTX,MeiraGTx Holdings PLC,NASDAQ,us,russell3000,Pharmaceuticals and Biotechnology,ft_icb_native,2026-01-31,Health Care,Pharmaceuticals and Biotechnology,ft_native_v2,ft_index_membership_filtered,0.95,high,2026-01-31,https://markets.ft.com/data/equities/tearsheet/summary?s=MGTX:NSQ,2026-01-31T00:00:00+00:00,ft-us-2026-01-31,2026-01-31,,True
2026-01-31,US:MGY:NYS,US:MGY,MGY:NYS,MGY,Magnolia Oil & Gas Corp,NYSE,us,russell3000,"Oil, Gas and Coal",ft_icb_native,2026-01-31,Energy,"Oil, Gas and Coal",ft_native_v2,ft_index_membership_filtered,0.95,high,2026-01-31,https://markets.ft.com/data/equities/tearsheet/summary?s=MGY:NYS,2026-01-31T00:00:00+00:00,ft-us-2026-01-31,2026-01-31,,True
2026-01-31,US:MHK:NYQ,US:MHK,MHK:NYQ,MHK,Mohawk Industries Inc,NYQ,us,russell3000,Construction and Materials,ft_icb_native,2026-01-31,Consumer Discretionary,Construction and Materials,ft_native_v2,ft_index_membership_filtered,0.95,high,2026-01-31,https://markets.ft.com/data/equities/tearsheet/summary?s=MHK:NYQ,2026-01-31T00:00:00+00:00,ft-us-2026-01-31,2026-01-31,,True
2026-01-31,US:MIAX:NYQ,US:MIAX,MIAX:NYQ,MIAX,Miami International Holdings Inc,NYQ,us,russell3000,Investment Banking and Brokerage Services,ft_icb_native,2026-01-31,Financials,Investment Banking and Brokerage Services,ft_native_v2,ft_index_membership_filtered,0.95,high,2026-01-31,https://markets.ft.com/data/equities/tearsheet/summary?s=MIAX:NYQ,2026-01-31T00:00:00+00:00,ft-us-2026-01-31,2026-01-31,,True
2026-01-31,US:MIDD:NSQ,US:MIDD,MIDD:NSQ,MIDD,Middleby Corp,NASDAQ,us,russell3000,Industrial Engineering,ft_icb_native,2026-01-31,Industrials,Industrial Engineering,ft_native_v2,ft_index_membership_filtered,0.95,high,2026-01-31,https://markets.ft.com/data/equities/tearsheet/summary?s=MIDD:NSQ,2026-01-31T00:00:00+00:00,ft-us-2026-01-31,2026-01-31,,True
2026-01-31,US:MIR:NYQ,US:MIR,MIR:NYQ,MIR,Mirion Technologies Inc,NYQ,us,russell3000,Electronic and Electrical Equipment,ft_icb_native,2026-01-31,Technology,Electronic and Electrical Equipment,ft_native_v2,ft_index_membership_filtered,0.95,high,2026-01-31,https://markets.ft.com/data/equities/tearsheet/summary?s=MIR:NYQ,2026-01-31T00:00:00+00:00,ft-us-2026-01-31,2026-01-31,,True
2026-01-31,US:MIRM:NMQ,US:MIRM,MIRM:NMQ,MIRM,Mirum Pharmaceuticals Inc,NMQ,us,russell3000,Pharmaceuticals and Biotechnology,ft_icb_native,2026-01-31,Health Care,Pharmaceuticals and Biotechnology,ft_native_v2,ft_index_membership_filtered,0.95,high,2026-01-31,https://markets.ft.com/data/equities/tearsheet/summary?s=MIRM:NMQ,2026-01-31T00:00:00+00:00,ft-us-2026-01-31,2026-01-31,,True
2026-01-31,US:MITK:NAQ,US:MITK,MITK:NAQ,MITK,Mitek Systems Inc,NAQ,us,russell3000,Technology,ft_icb_native,2026-01-31,Technology,Technology,ft_native_v2,ft_index_membership_filtered,0.95,high,2026-01-31,https://markets.ft.com/data/equities/tearsheet/summary?s=MITK:NAQ,2026-01-31T00:00:00+00:00,ft-us-2026-01-31,2026-01-31,,True
2026-01-31,US:MKC:NYQ,US:MKC,MKC:NYQ,MKC,McCormick & Company Inc,NYQ,us,russell3000,Food Producers,ft_icb_native,2026-01-31,Consumer Staples,Food Producers,ft_native_v2,ft_index_membership_filtered,0.95,high,2026-01-31,https://markets.ft.com/data/equities/tearsheet/summary?s=MKC:NYQ,2026-01-31T00:00:00+00:00,ft-us-2026-01-31,2026-01-31,,True
2026-01-31,US:MKL:NYQ,US:MKL,MKL:NYQ,MKL,Markel Group Inc,NYQ,us,russell3000,Non-life Insurance,ft_icb_native,2026-01-31,Financials,Non-life Insurance,ft_native_v2,ft_index_membership_filtered,0.95,high,2026-01-31,https://markets.ft.com/data/equities/tearsheet/summary?s=MKL:NYQ,2026-01-31T00:00:00+00:00,ft-us-2026-01-31,2026-01-31,,True
2026-01-31,US:MKSI:NSQ,US:MKSI,MKSI:NSQ,MKSI,MKS Inc,NASDAQ,us,russell3000,Electronic and Electrical Equipment,ft_icb_native,2026-01-31,Technology,Electronic and Electrical Equipment,ft_native_v2,ft_index_membership_filtered,0.95,high,2026-01-31,https://markets.ft.com/data/equities/tearsheet/summary?s=MKSI:NSQ,2026-01-31T00:00:00+00:00,ft-us-2026-01-31,2026-01-31,,True
2026-01-31,US:MKTX:NSQ,US:MKTX,MKTX:NSQ,MKTX,Marketaxess Holdings Inc,NASDAQ,us,russell3000,Investment Banking and Brokerage Services,ft_icb_native,2026-01-31,Financials,Investment Banking and Brokerage Services,ft_native_v2,ft_index_membership_filtered,0.95,high,2026-01-31,https://markets.ft.com/data/equities/tearsheet/summary?s=MKTX:NSQ,2026-01-31T00:00:00+00:00,ft-us-2026-01-31,2026-01-31,,True
2026-01-31,US:MLAB:NSQ,US:MLAB,MLAB:NSQ,MLAB,Mesa Laboratories Inc,NASDAQ,us,russell3000,Electronic and Electrical Equipment,ft_icb_native,2026-01-31,Health Care,Electronic and Electrical Equipment,ft_native_v2,ft_index_membership_filtered,0.95,high,2026-01-31,https://markets.ft.com/data/equities/tearsheet/summary?s=MLAB:NSQ,2026-01-31T00:00:00+00:00,ft-us-2026-01-31,2026-01-31,,True
2026-01-31,US:MLI:NYQ,US:MLI,MLI:NYQ,MLI,Mueller Industries Inc,NYQ,us,russell3000,Industrial Metals and Mining,ft_icb_native,2026-01-31,Industrials,Industrial Metals and Mining,ft_native_v2,ft_index_membership_filtered,0.95,high,2026-01-31,https://markets.ft.com/data/equities/tearsheet/summary?s=MLI:NYQ,2026-01-31T00:00:00+00:00,ft-us-2026-01-31,2026-01-31,,True
2026-01-31,US:MLKN:NSQ,US:MLKN,MLKN:NSQ,MLKN,MillerKnoll Inc,NASDAQ,us,russell3000,Household Goods and Home Construction,ft_icb_native,2026-01-31,Industrials,Household Goods and Home Construction,ft_native_v2,ft_index_membership_filtered,0.95,high,2026-01-31,https://markets.ft.com/data/equities/tearsheet/summary?s=MLKN:NSQ,2026-01-31T00:00:00+00:00,ft-us-2026-01-31,2026-01-31,,True
2026-01-31,US:MLM:NYQ,US:MLM,MLM:NYQ,MLM,Martin Marietta Materials Inc,NYQ,us,russell3000,Construction and Materials,ft_icb_native,2026-01-31,Basic Materials,Construction and Materials,ft_native_v2,ft_index_membership_filtered,0.95,high,2026-01-31,https://markets.ft.com/data/equities/tearsheet/summary?s=MLM:NYQ,2026-01-31T00:00:00+00:00,ft-us-2026-01-31,2026-01-31,,True
2026-01-31,US:MLR:NYQ,US:MLR,MLR:NYQ,MLR,Miller Industries Inc,NYQ,us,russell3000,Industrial Transportation,ft_icb_native,2026-01-31,Industrials,Industrial Transportation,ft_native_v2,ft_index_membership_filtered,0.95,high,2026-01-31,https://markets.ft.com/data/equities/tearsheet/summary?s=MLR:NYQ,2026-01-31T00:00:00+00:00,ft-us-2026-01-31,2026-01-31,,True
2026-01-31,US:MLYS:NSQ,US:MLYS,MLYS:NSQ,MLYS,Mineralys Therapeutics Inc,NASDAQ,us,russell3000,Pharmaceuticals and Biotechnology,ft_icb_native,2026-01-31,Health Care,Pharmaceuticals and Biotechnology,ft_native_v2,ft_index_membership_filtered,0.95,high,2026-01-31,https://markets.ft.com/data/equities/tearsheet/summary?s=MLYS:NSQ,2026-01-31T00:00:00+00:00,ft-us-2026-01-31,2026-01-31,,True
2026-01-31,US:MMI:NYQ,US:MMI,MMI:NYQ,MMI,Marcus & Millichap Inc,NYQ,us,russell3000,Real Estate Investment and Services,ft_icb_native,2026-01-31,Real Estate,Real Estate Investment and Services,ft_native_v2,ft_index_membership_filtered,0.95,high,2026-01-31,https://markets.ft.com/data/equities/tearsheet/summary?s=MMI:NYQ,2026-01-31T00:00:00+00:00,ft-us-2026-01-31,2026-01-31,,True
2026-01-31,US:MMM:NYQ,US:MMM,MMM:NYQ,MMM,3M Co,NYQ,us,russell3000,General Industrials,ft_icb_native,2026-01-31,Industrials,General Industrials,ft_native_v2,ft_index_membership_filtered,0.95,high,2026-01-31,https://markets.ft.com/data/equities/tearsheet/summary?s=MMM:NYQ,2026-01-31T00:00:00+00:00,ft-us-2026-01-31,2026-01-31,,True
2026-01-31,US:MMS:NYQ,US:MMS,MMS:NYQ,MMS,Maximus Inc,NYQ,us,russell3000,Industrial Support Services,ft_icb_native,2026-01-31,Industrials,Industrial Support Services,ft_native_v2,ft_index_membership_filtered,0.95,high,2026-01-31,https://markets.ft.com/data/equities/tearsheet/summary?s=MMS:NYQ,2026-01-31T00:00:00+00:00,ft-us-2026-01-31,2026-01-31,,True
2026-01-31,US:MMSI:NSQ,US:MMSI,MMSI:NSQ,MMSI,Merit Medical Systems Inc,NASDAQ,us,russell3000,Medical Equipment and Services,ft_icb_native,2026-01-31,Health Care,Medical Equipment and Services,ft_native_v2,ft_index_membership_filtered,0.95,high,2026-01-31,https://markets.ft.com/data/equities/tearsheet/summary?s=MMSI:NSQ,2026-01-31T00:00:00+00:00,ft-us-2026-01-31,2026-01-31,,True
2026-01-31,US:MNKD:NMQ,US:MNKD,MNKD:NMQ,MNKD,MannKind Corp,NMQ,us,russell3000,Pharmaceuticals and Biotechnology,ft_icb_native,2026-01-31,Health Care,Pharmaceuticals and Biotechnology,ft_native_v2,ft_index_membership_filtered,0.95,high,2026-01-31,https://markets.ft.com/data/equities/tearsheet/summary?s=MNKD:NMQ,2026-01-31T00:00:00+00:00,ft-us-2026-01-31,2026-01-31,,True
2026-01-31,US:MNRO:NSQ,US:MNRO,MNRO:NSQ,MNRO,Monro Inc,NASDAQ,us,russell3000,Automobiles and Parts,ft_icb_native,2026-01-31,Consumer Discretionary,Automobiles and Parts,ft_native_v2,ft_index_membership_filtered,0.95,high,2026-01-31,https://markets.ft.com/data/equities/tearsheet/summary?s=MNRO:NSQ,2026-01-31T00:00:00+00:00,ft-us-2026-01-31,2026-01-31,,True
2026-01-31,US:MNST:NSQ,US:MNST,MNST:NSQ,MNST,Monster Beverage Corp,NASDAQ,us,russell3000,Beverages,ft_icb_native,2026-01-31,Consumer Staples,Beverages,ft_native_v2,ft_index_membership_filtered,0.95,high,2026-01-31,https://markets.ft.com/data/equities/tearsheet/summary?s=MNST:NSQ,2026-01-31T00:00:00+00:00,ft-us-2026-01-31,2026-01-31,,True
2026-01-31,US:MNTK:NAQ,US:MNTK,MNTK:NAQ,MNTK,Montauk Renewables Inc,NAQ,us,russell3000,Alternative Energy,ft_icb_native,2026-01-31,Utilities,Alternative Energy,ft_native_v2,ft_index_membership_filtered,0.95,high,2026-01-31,https://markets.ft.com/data/equities/tearsheet/summary?s=MNTK:NAQ,2026-01-31T00:00:00+00:00,ft-us-2026-01-31,2026-01-31,,True
2026-01-31,US:MO:NYQ,US:MO,MO:NYQ,MO,Altria Group Inc,NYQ,us,russell3000,Tobacco,ft_icb_native,2026-01-31,Consumer Staples,Tobacco,ft_native_v2,ft_index_membership_filtered,0.95,high,2026-01-31,https://markets.ft.com/data/equities/tearsheet/summary?s=MO:NYQ,2026-01-31T00:00:00+00:00,ft-us-2026-01-31,2026-01-31,,True
2026-01-31,US:MOD:NYQ,US:MOD,MOD:NYQ,MOD,Modine Manufacturing Co,NYQ,us,russell3000,Construction and Materials,ft_icb_native,2026-01-31,Industrials,Construction and Materials,ft_native_v2,ft_index_membership_filtered,0.95,high,2026-01-31,https://markets.ft.com/data/equities/tearsheet/summary?s=MOD:NYQ,2026-01-31T00:00:00+00:00,ft-us-2026-01-31,2026-01-31,,True
2026-01-31,US:MOFG:NSQ,US:MOFG,MOFG:NSQ,MOFG,Midwestone Financial Group Inc (IOWA),NASDAQ,us,russell3000,Banks,ft_icb_native,2026-01-31,Financials,Banks,ft_native_v2,ft_index_membership_filtered,0.95,high,2026-01-31,https://markets.ft.com/data/equities/tearsheet/summary?s=MOFG:NSQ,2026-01-31T00:00:00+00:00,ft-us-2026-01-31,2026-01-31,,True
2026-01-31,US:MOG.A:NYQ,US:MOG.A,MOG.A:NYQ,MOG.A,Moog Inc,NYQ,us,russell3000,Aerospace and Defense,ft_icb_native,2026-01-31,Industrials,Aerospace and Defense,ft_native_v2,ft_index_membership_filtered,0.95,high,2026-01-31,https://markets.ft.com/data/equities/tearsheet/summary?s=MOG.A:NYQ,2026-01-31T00:00:00+00:00,ft-us-2026-01-31,2026-01-31,,True
2026-01-31,US:MOH:NYQ,US:MOH,MOH:NYQ,MOH,Molina Healthcare Inc,NYQ,us,russell3000,Health Care Providers,ft_icb_native,2026-01-31,Health Care,Health Care Providers,ft_native_v2,ft_index_membership_filtered,0.95,high,2026-01-31,https://markets.ft.com/data/equities/tearsheet/summary?s=MOH:NYQ,2026-01-31T00:00:00+00:00,ft-us-2026-01-31,2026-01-31,,True
2026-01-31,US:MORN:NSQ,US:MORN,MORN:NSQ,MORN,Morningstar Inc,NASDAQ,us,russell3000,Finance and Credit Services,ft_icb_native,2026-01-31,Financials,Finance and Credit Services,ft_native_v2,ft_index_membership_filtered,0.95,high,2026-01-31,https://markets.ft.com/data/equities/tearsheet/summary?s=MORN:NSQ,2026-01-31T00:00:00+00:00,ft-us-2026-01-31,2026-01-31,,True
2026-01-31,US:MOS:NYQ,US:MOS,MOS:NYQ,MOS,Mosaic Co,NYQ,us,russell3000,Chemicals,ft_icb_native,2026-01-31,Basic Materials,Chemicals,ft_native_v2,ft_index_membership_filtered,0.95,high,2026-01-31,https://markets.ft.com/data/equities/tearsheet/summary?s=MOS:NYQ,2026-01-31T00:00:00+00:00,ft-us-2026-01-31,2026-01-31,,True
2026-01-31,US:MOV:NYQ,US:MOV,MOV:NYQ,MOV,Movado Group Inc,NYQ,us,russell3000,Personal Goods,ft_icb_native,2026-01-31,Consumer Discretionary,Personal Goods,ft_native_v2,ft_index_membership_filtered,0.95,high,2026-01-31,https://markets.ft.com/data/equities/tearsheet/summary?s=MOV:NYQ,2026-01-31T00:00:00+00:00,ft-us-2026-01-31,2026-01-31,,True
2026-01-31,US:MP:NYS,US:MP,MP:NYS,MP,MP Materials Corp,NYSE,us,russell3000,Industrial Metals and Mining,ft_icb_native,2026-01-31,Basic Materials,Industrial Metals and Mining,ft_native_v2,ft_index_membership_filtered,0.95,high,2026-01-31,https://markets.ft.com/data/equities/tearsheet/summary?s=MP:NYS,2026-01-31T00:00:00+00:00,ft-us-2026-01-31,2026-01-31,,True
2026-01-31,US:MPB:NMQ,US:MPB,MPB:NMQ,MPB,Mid Penn Bancorp Inc,NMQ,us,russell3000,Banks,ft_icb_native,2026-01-31,Financials,Banks,ft_native_v2,ft_index_membership_filtered,0.95,high,2026-01-31,https://markets.ft.com/data/equities/tearsheet/summary?s=MPB:NMQ,2026-01-31T00:00:00+00:00,ft-us-2026-01-31,2026-01-31,,True
2026-01-31,US:MPC:NYQ,US:MPC,MPC:NYQ,MPC,Marathon Petroleum Corp,NYQ,us,russell3000,"Oil, Gas and Coal",ft_icb_native,2026-01-31,Energy,"Oil, Gas and Coal",ft_native_v2,ft_index_membership_filtered,0.95,high,2026-01-31,https://markets.ft.com/data/equities/tearsheet/summary?s=MPC:NYQ,2026-01-31T00:00:00+00:00,ft-us-2026-01-31,2026-01-31,,True
2026-01-31,US:MPT:NYS,US:MPT,MPT:NYS,MPT,Medical Properties Trust Inc,NYSE,us,russell3000,Real Estate Investment Trusts,ft_icb_native,2026-01-31,Real Estate,Real Estate Investment Trusts,ft_native_v2,ft_index_membership_filtered,0.95,high,2026-01-31,https://markets.ft.com/data/equities/tearsheet/summary?s=MPT:NYS,2026-01-31T00:00:00+00:00,ft-us-2026-01-31,2026-01-31,,True
2026-01-31,US:MPWR:NSQ,US:MPWR,MPWR:NSQ,MPWR,Monolithic Power Systems Inc,NASDAQ,us,russell3000,Technology Hardware and Equipment,ft_icb_native,2026-01-31,Technology,Technology Hardware and Equipment,ft_native_v2,ft_index_membership_filtered,0.95,high,2026-01-31,https://markets.ft.com/data/equities/tearsheet/summary?s=MPWR:NSQ,2026-01-31T00:00:00+00:00,ft-us-2026-01-31,2026-01-31,,True
2026-01-31,US:MQ:NSQ,US:MQ,MQ:NSQ,MQ,Marqeta Inc,NASDAQ,us,russell3000,Industrial Support Services,ft_icb_native,2026-01-31,Financials,Industrial Support Services,ft_native_v2,ft_index_membership_filtered,0.95,high,2026-01-31,https://markets.ft.com/data/equities/tearsheet/summary?s=MQ:NSQ,2026-01-31T00:00:00+00:00,ft-us-2026-01-31,2026-01-31,,True
2026-01-31,US:MRCY:NSQ,US:MRCY,MRCY:NSQ,MRCY,Mercury Systems Inc,NASDAQ,us,russell3000,Aerospace and Defense,ft_icb_native,2026-01-31,Industrials,Aerospace and Defense,ft_native_v2,ft_index_membership_filtered,0.95,high,2026-01-31,https://markets.ft.com/data/equities/tearsheet/summary?s=MRCY:NSQ,2026-01-31T00:00:00+00:00,ft-us-2026-01-31,2026-01-31,,True
2026-01-31,US:MRK:NYQ,US:MRK,MRK:NYQ,MRK,Merck & Co Inc,NYQ,us,russell3000,Pharmaceuticals and Biotechnology,ft_icb_native,2026-01-31,Health Care,Pharmaceuticals and Biotechnology,ft_native_v2,ft_index_membership_filtered,0.95,high,2026-01-31,https://markets.ft.com/data/equities/tearsheet/summary?s=MRK:NYQ,2026-01-31T00:00:00+00:00,ft-us-2026-01-31,2026-01-31,,True
2026-01-31,US:MRNA:NSQ,US:MRNA,MRNA:NSQ,MRNA,Moderna Inc,NASDAQ,us,russell3000,Pharmaceuticals and Biotechnology,ft_icb_native,2026-01-31,Health Care,Pharmaceuticals and Biotechnology,ft_native_v2,ft_index_membership_filtered,0.95,high,2026-01-31,https://markets.ft.com/data/equities/tearsheet/summary?s=MRNA:NSQ,2026-01-31T00:00:00+00:00,ft-us-2026-01-31,2026-01-31,,True
2026-01-31,US:MRP:NYQ,US:MRP,MRP:NYQ,MRP,Millrose Properties Inc,NYQ,us,russell3000,Real Estate Investment Trusts,ft_icb_native,2026-01-31,Real Estate,Real Estate Investment Trusts,ft_native_v2,ft_index_membership_filtered,0.95,high,2026-01-31,https://markets.ft.com/data/equities/tearsheet/summary?s=MRP:NYQ,2026-01-31T00:00:00+00:00,ft-us-2026-01-31,2026-01-31,,True
2026-01-31,US:MRSH:NYQ,US:MRSH,MRSH:NYQ,MRSH,Marsh & McLennan Companies Inc,NYQ,us,russell3000,Non-life Insurance,ft_icb_native,2026-01-31,Financials,Non-life Insurance,ft_native_v2,ft_index_membership_filtered,0.95,high,2026-01-31,https://markets.ft.com/data/equities/tearsheet/summary?s=MRSH:NYQ,2026-01-31T00:00:00+00:00,ft-us-2026-01-31,2026-01-31,,True
2026-01-31,US:MRTN:NSQ,US:MRTN,MRTN:NSQ,MRTN,Marten Transport Ltd,NASDAQ,us,russell3000,Industrial Transportation,ft_icb_native,2026-01-31,Industrials,Industrial Transportation,ft_native_v2,ft_index_membership_filtered,0.95,high,2026-01-31,https://markets.ft.com/data/equities/tearsheet/summary?s=MRTN:NSQ,2026-01-31T00:00:00+00:00,ft-us-2026-01-31,2026-01-31,,True
2026-01-31,US:MRVI:NSQ,US:MRVI,MRVI:NSQ,MRVI,Maravai LifeSciences Holdings Inc,NASDAQ,us,russell3000,Pharmaceuticals and Biotechnology,ft_icb_native,2026-01-31,Health Care,Pharmaceuticals and Biotechnology,ft_native_v2,ft_index_membership_filtered,0.95,high,2026-01-31,https://markets.ft.com/data/equities/tearsheet/summary?s=MRVI:NSQ,2026-01-31T00:00:00+00:00,ft-us-2026-01-31,2026-01-31,,True
2026-01-31,US:MRVL:NSQ,US:MRVL,MRVL:NSQ,MRVL,Marvell Technology Inc,NASDAQ,us,russell3000,Technology Hardware and Equipment,ft_icb_native,2026-01-31,Technology,Technology Hardware and Equipment,ft_native_v2,ft_index_membership_filtered,0.95,high,2026-01-31,https://markets.ft.com/data/equities/tearsheet/summary?s=MRVL:NSQ,2026-01-31T00:00:00+00:00,ft-us-2026-01-31,2026-01-31,,True
2026-01-31,US:MS:NYQ,US:MS,MS:NYQ,MS,Morgan Stanley,NYQ,us,russell3000,Investment Banking and Brokerage Services,ft_icb_native,2026-01-31,Financials,Investment Banking and Brokerage Services,ft_native_v2,ft_index_membership_filtered,0.95,high,2026-01-31,https://markets.ft.com/data/equities/tearsheet/summary?s=MS:NYQ,2026-01-31T00:00:00+00:00,ft-us-2026-01-31,2026-01-31,,True
2026-01-31,US:MSA:NYQ,US:MSA,MSA:NYQ,MSA,MSA Safety Inc,NYQ,us,russell3000,Electronic and Electrical Equipment,ft_icb_native,2026-01-31,Industrials,Electronic and Electrical Equipment,ft_native_v2,ft_index_membership_filtered,0.95,high,2026-01-31,https://markets.ft.com/data/equities/tearsheet/summary?s=MSA:NYQ,2026-01-31T00:00:00+00:00,ft-us-2026-01-31,2026-01-31,,True
2026-01-31,US:MSBI:NSQ,US:MSBI,MSBI:NSQ,MSBI,Midland States Bancorp Inc,NASDAQ,us,russell3000,Banks,ft_icb_native,2026-01-31,Financials,Banks,ft_native_v2,ft_index_membership_filtered,0.95,high,2026-01-31,https://markets.ft.com/data/equities/tearsheet/summary?s=MSBI:NSQ,2026-01-31T00:00:00+00:00,ft-us-2026-01-31,2026-01-31,,True
2026-01-31,US:MSCI:NYS,US:MSCI,MSCI:NYS,MSCI,MSCI Inc,NYSE,us,russell3000,Finance and Credit Services,ft_icb_native,2026-01-31,Financials,Finance and Credit Services,ft_native_v2,ft_index_membership_filtered,0.95,high,2026-01-31,https://markets.ft.com/data/equities/tearsheet/summary?s=MSCI:NYS,2026-01-31T00:00:00+00:00,ft-us-2026-01-31,2026-01-31,,True
2026-01-31,US:MSEX:NSQ,US:MSEX,MSEX:NSQ,MSEX,Middlesex Water Co,NASDAQ,us,russell3000,"Gas, Water and Multi-utilities",ft_icb_native,2026-01-31,Utilities,"Gas, Water and Multi-utilities",ft_native_v2,ft_index_membership_filtered,0.95,high,2026-01-31,https://markets.ft.com/data/equities/tearsheet/summary?s=MSEX:NSQ,2026-01-31T00:00:00+00:00,ft-us-2026-01-31,2026-01-31,,True
2026-01-31,US:MSFT:NSQ,US:MSFT,MSFT:NSQ,MSFT,Microsoft Corp,NASDAQ,us,russell3000,Technology,ft_icb_native,2026-01-31,Technology,Technology,ft_native_v2,ft_index_membership_filtered,0.95,high,2026-01-31,https://markets.ft.com/data/equities/tearsheet/summary?s=MSFT:NSQ,2026-01-31T00:00:00+00:00,ft-us-2026-01-31,2026-01-31,,True
2026-01-31,US:MSGE:NYS,US:MSGE,MSGE:NYS,MSGE,Madison Square Garden Entertainment Corp,NYSE,us,russell3000,Travel and Leisure,ft_icb_native,2026-01-31,Consumer Discretionary,Travel and Leisure,ft_native_v2,ft_index_membership_filtered,0.95,high,2026-01-31,https://markets.ft.com/data/equities/tearsheet/summary?s=MSGE:NYS,2026-01-31T00:00:00+00:00,ft-us-2026-01-31,2026-01-31,,True
2026-01-31,US:MSGS:NYQ,US:MSGS,MSGS:NYQ,MSGS,Madison Square Garden Sports Corp,NYQ,us,russell3000,Travel and Leisure,ft_icb_native,2026-01-31,Telecommunications,Travel and Leisure,ft_native_v2,ft_index_membership_filtered,0.95,high,2026-01-31,https://markets.ft.com/data/equities/tearsheet/summary?s=MSGS:NYQ,2026-01-31T00:00:00+00:00,ft-us-2026-01-31,2026-01-31,,True
2026-01-31,US:MSI:NYQ,US:MSI,MSI:NYQ,MSI,Motorola Solutions Inc,NYQ,us,russell3000,Telecommunications Equipment,ft_icb_native,2026-01-31,Technology,Telecommunications Equipment,ft_native_v2,ft_index_membership_filtered,0.95,high,2026-01-31,https://markets.ft.com/data/equities/tearsheet/summary?s=MSI:NYQ,2026-01-31T00:00:00+00:00,ft-us-2026-01-31,2026-01-31,,True
2026-01-31,US:MSM:NYQ,US:MSM,MSM:NYQ,MSM,MSC Industrial Direct Co Inc,NYQ,us,russell3000,Industrial Support Services,ft_icb_native,2026-01-31,Industrials,Industrial Support Services,ft_native_v2,ft_index_membership_filtered,0.95,high,2026-01-31,https://markets.ft.com/data/equities/tearsheet/summary?s=MSM:NYQ,2026-01-31T00:00:00+00:00,ft-us-2026-01-31,2026-01-31,,True
2026-01-31,US:MSTR:NSQ,US:MSTR,MSTR:NSQ,MSTR,Strategy Inc,NASDAQ,us,russell3000,Technology,ft_icb_native,2026-01-31,Technology,Technology,ft_native_v2,ft_index_membership_filtered,0.95,high,2026-01-31,https://markets.ft.com/data/equities/tearsheet/summary?s=MSTR:NSQ,2026-01-31T00:00:00+00:00,ft-us-2026-01-31,2026-01-31,,True
2026-01-31,US:MTCH:NSQ,US:MTCH,MTCH:NSQ,MTCH,Match Group Inc,NASDAQ,us,russell3000,Technology,ft_icb_native,2026-01-31,Telecommunications,Technology,ft_native_v2,ft_index_membership_filtered,0.95,high,2026-01-31,https://markets.ft.com/data/equities/tearsheet/summary?s=MTCH:NSQ,2026-01-31T00:00:00+00:00,ft-us-2026-01-31,2026-01-31,,True
2026-01-31,US:MTD:NYQ,US:MTD,MTD:NYQ,MTD,Mettler-Toledo International Inc,NYQ,us,russell3000,Electronic and Electrical Equipment,ft_icb_native,2026-01-31,Health Care,Electronic and Electrical Equipment,ft_native_v2,ft_index_membership_filtered,0.95,high,2026-01-31,https://markets.ft.com/data/equities/tearsheet/summary?s=MTD:NYQ,2026-01-31T00:00:00+00:00,ft-us-2026-01-31,2026-01-31,,True
2026-01-31,US:MTDR:NYQ,US:MTDR,MTDR:NYQ,MTDR,Matador Resources Co,NYQ,us,russell3000,"Oil, Gas and Coal",ft_icb_native,2026-01-31,Energy,"Oil, Gas and Coal",ft_native_v2,ft_index_membership_filtered,0.95,high,2026-01-31,https://markets.ft.com/data/equities/tearsheet/summary?s=MTDR:NYQ,2026-01-31T00:00:00+00:00,ft-us-2026-01-31,2026-01-31,,True
2026-01-31,US:MTG:NYQ,US:MTG,MTG:NYQ,MTG,MGIC Investment Corp,NYQ,us,russell3000,Finance and Credit Services,ft_icb_native,2026-01-31,Financials,Finance and Credit Services,ft_native_v2,ft_index_membership_filtered,0.95,high,2026-01-31,https://markets.ft.com/data/equities/tearsheet/summary?s=MTG:NYQ,2026-01-31T00:00:00+00:00,ft-us-2026-01-31,2026-01-31,,True
2026-01-31,US:MTH:NYQ,US:MTH,MTH:NYQ,MTH,Meritage Homes Corp,NYQ,us,russell3000,Household Goods and Home Construction,ft_icb_native,2026-01-31,Consumer Discretionary,Household Goods and Home Construction,ft_native_v2,ft_index_membership_filtered,0.95,high,2026-01-31,https://markets.ft.com/data/equities/tearsheet/summary?s=MTH:NYQ,2026-01-31T00:00:00+00:00,ft-us-2026-01-31,2026-01-31,,True
2026-01-31,US:MTN:NYQ,US:MTN,MTN:NYQ,MTN,Vail Resorts Inc,NYQ,us,russell3000,Travel and Leisure,ft_icb_native,2026-01-31,Consumer Discretionary,Travel and Leisure,ft_native_v2,ft_index_membership_filtered,0.95,high,2026-01-31,https://markets.ft.com/data/equities/tearsheet/summary?s=MTN:NYQ,2026-01-31T00:00:00+00:00,ft-us-2026-01-31,2026-01-31,,True
2026-01-31,US:MTRN:NYQ,US:MTRN,MTRN:NYQ,MTRN,Materion Corp,NYQ,us,russell3000,Industrial Materials,ft_icb_native,2026-01-31,Basic Materials,Industrial Materials,ft_native_v2,ft_index_membership_filtered,0.95,high,2026-01-31,https://markets.ft.com/data/equities/tearsheet/summary?s=MTRN:NYQ,2026-01-31T00:00:00+00:00,ft-us-2026-01-31,2026-01-31,,True
2026-01-31,US:MTSI:NSQ,US:MTSI,MTSI:NSQ,MTSI,MACOM Technology Solutions Holdings Inc,NASDAQ,us,russell3000,Technology Hardware and Equipment,ft_icb_native,2026-01-31,Technology,Technology Hardware and Equipment,ft_native_v2,ft_index_membership_filtered,0.95,high,2026-01-31,https://markets.ft.com/data/equities/tearsheet/summary?s=MTSI:NSQ,2026-01-31T00:00:00+00:00,ft-us-2026-01-31,2026-01-31,,True
2026-01-31,US:MTUS:NYQ,US:MTUS,MTUS:NYQ,MTUS,Metallus Inc,NYQ,us,russell3000,Industrial Metals and Mining,ft_icb_native,2026-01-31,Basic Materials,Industrial Metals and Mining,ft_native_v2,ft_index_membership_filtered,0.95,high,2026-01-31,https://markets.ft.com/data/equities/tearsheet/summary?s=MTUS:NYQ,2026-01-31T00:00:00+00:00,ft-us-2026-01-31,2026-01-31,,True
2026-01-31,US:MTW:NYQ,US:MTW,MTW:NYQ,MTW,Manitowoc Company Inc,NYQ,us,russell3000,Industrial Engineering,ft_icb_native,2026-01-31,Industrials,Industrial Engineering,ft_native_v2,ft_index_membership_filtered,0.95,high,2026-01-31,https://markets.ft.com/data/equities/tearsheet/summary?s=MTW:NYQ,2026-01-31T00:00:00+00:00,ft-us-2026-01-31,2026-01-31,,True
2026-01-31,US:MTX:NYQ,US:MTX,MTX:NYQ,MTX,Minerals Technologies Inc,NYQ,us,russell3000,Industrial Materials,ft_icb_native,2026-01-31,Basic Materials,Industrial Materials,ft_native_v2,ft_index_membership_filtered,0.95,high,2026-01-31,https://markets.ft.com/data/equities/tearsheet/summary?s=MTX:NYQ,2026-01-31T00:00:00+00:00,ft-us-2026-01-31,2026-01-31,,True
2026-01-31,US:MTZ:NYQ,US:MTZ,MTZ:NYQ,MTZ,MasTec Inc,NYQ,us,russell3000,Construction and Materials,ft_icb_native,2026-01-31,Industrials,Construction and Materials,ft_native_v2,ft_index_membership_filtered,0.95,high,2026-01-31,https://markets.ft.com/data/equities/tearsheet/summary?s=MTZ:NYQ,2026-01-31T00:00:00+00:00,ft-us-2026-01-31,2026-01-31,,True
2026-01-31,US:MU:NSQ,US:MU,MU:NSQ,MU,Micron Technology Inc,NASDAQ,us,russell3000,Technology Hardware and Equipment,ft_icb_native,2026-01-31,Technology,Technology Hardware and Equipment,ft_native_v2,ft_index_membership_filtered,0.95,high,2026-01-31,https://markets.ft.com/data/equities/tearsheet/summary?s=MU:NSQ,2026-01-31T00:00:00+00:00,ft-us-2026-01-31,2026-01-31,,True
2026-01-31,US:MUR:NYQ,US:MUR,MUR:NYQ,MUR,Murphy Oil Corp,NYQ,us,russell3000,"Oil, Gas and Coal",ft_icb_native,2026-01-31,Energy,"Oil, Gas and Coal",ft_native_v2,ft_index_membership_filtered,0.95,high,2026-01-31,https://markets.ft.com/data/equities/tearsheet/summary?s=MUR:NYQ,2026-01-31T00:00:00+00:00,ft-us-2026-01-31,2026-01-31,,True
2026-01-31,US:MUSA:NYQ,US:MUSA,MUSA:NYQ,MUSA,Murphy USA Inc,NYQ,us,russell3000,Consumer Discretionary,ft_icb_native,2026-01-31,Consumer Discretionary,Consumer Discretionary,ft_native_v2,ft_index_membership_filtered,0.95,high,2026-01-31,https://markets.ft.com/data/equities/tearsheet/summary?s=MUSA:NYQ,2026-01-31T00:00:00+00:00,ft-us-2026-01-31,2026-01-31,,True
2026-01-31,US:MVBF:NAQ,US:MVBF,MVBF:NAQ,MVBF,MVB Financial Corp,NAQ,us,russell3000,Banks,ft_icb_native,2026-01-31,Financials,Banks,ft_native_v2,ft_index_membership_filtered,0.95,high,2026-01-31,https://markets.ft.com/data/equities/tearsheet/summary?s=MVBF:NAQ,2026-01-31T00:00:00+00:00,ft-us-2026-01-31,2026-01-31,,True
2026-01-31,US:MVIS:NMQ,US:MVIS,MVIS:NMQ,MVIS,MicroVision Inc,NMQ,us,russell3000,Technology Hardware and Equipment,ft_icb_native,2026-01-31,Technology,Technology Hardware and Equipment,ft_native_v2,ft_index_membership_filtered,0.95,high,2026-01-31,https://markets.ft.com/data/equities/tearsheet/summary?s=MVIS:NMQ,2026-01-31T00:00:00+00:00,ft-us-2026-01-31,2026-01-31,,True
2026-01-31,US:MVST:NAQ,US:MVST,MVST:NAQ,MVST,Microvast Holdings Inc,NAQ,us,russell3000,Electronic and Electrical Equipment,ft_icb_native,2026-01-31,Industrials,Electronic and Electrical Equipment,ft_native_v2,ft_index_membership_filtered,0.95,high,2026-01-31,https://markets.ft.com/data/equities/tearsheet/summary?s=MVST:NAQ,2026-01-31T00:00:00+00:00,ft-us-2026-01-31,2026-01-31,,True
2026-01-31,US:MWA:NYS,US:MWA,MWA:NYS,MWA,Mueller Water Products Inc,NYSE,us,russell3000,Construction and Materials,ft_icb_native,2026-01-31,Industrials,Construction and Materials,ft_native_v2,ft_index_membership_filtered,0.95,high,2026-01-31,https://markets.ft.com/data/equities/tearsheet/summary?s=MWA:NYS,2026-01-31T00:00:00+00:00,ft-us-2026-01-31,2026-01-31,,True
2026-01-31,US:MXCT:NSQ,US:MXCT,MXCT:NSQ,MXCT,MaxCyte Inc,NASDAQ,us,russell3000,Pharmaceuticals and Biotechnology,ft_icb_native,2026-01-31,Health Care,Pharmaceuticals and Biotechnology,ft_native_v2,ft_index_membership_filtered_level3_fallback,0.65,medium,2026-01-31,https://markets.ft.com/data/equities/tearsheet/summary?s=MXCT:NSQ,2026-01-31T00:00:00+00:00,ft-us-2026-01-31,2026-01-31,,True
2026-01-31,US:MXL:NSQ,US:MXL,MXL:NSQ,MXL,Maxlinear Inc,NASDAQ,us,russell3000,Technology Hardware and Equipment,ft_icb_native,2026-01-31,Technology,Technology Hardware and Equipment,ft_native_v2,ft_index_membership_filtered,0.95,high,2026-01-31,https://markets.ft.com/data/equities/tearsheet/summary?s=MXL:NSQ,2026-01-31T00:00:00+00:00,ft-us-2026-01-31,2026-01-31,,True
2026-01-31,US:MYE:NYQ,US:MYE,MYE:NYQ,MYE,Myers Industries Inc,NYQ,us,russell3000,General Industrials,ft_icb_native,2026-01-31,Basic Materials,General Industrials,ft_native_v2,ft_index_membership_filtered,0.95,high,2026-01-31,https://markets.ft.com/data/equities/tearsheet/summary?s=MYE:NYQ,2026-01-31T00:00:00+00:00,ft-us-2026-01-31,2026-01-31,,True
2026-01-31,US:MYGN:NSQ,US:MYGN,MYGN:NSQ,MYGN,Myriad Genetics Inc,NASDAQ,us,russell3000,Medical Equipment and Services,ft_icb_native,2026-01-31,Health Care,Medical Equipment and Services,ft_native_v2,ft_index_membership_filtered,0.95,high,2026-01-31,https://markets.ft.com/data/equities/tearsheet/summary?s=MYGN:NSQ,2026-01-31T00:00:00+00:00,ft-us-2026-01-31,2026-01-31,,True
2026-01-31,US:MYPS:NMQ,US:MYPS,MYPS:NMQ,MYPS,PLAYSTUDIOS Inc,NMQ,us,russell3000,Travel and Leisure,ft_icb_native,2026-01-31,Telecommunications,Travel and Leisure,ft_native_v2,ft_index_membership_filtered,0.95,high,2026-01-31,https://markets.ft.com/data/equities/tearsheet/summary?s=MYPS:NMQ,2026-01-31T00:00:00+00:00,ft-us-2026-01-31,2026-01-31,,True
2026-01-31,US:MYRG:NSQ,US:MYRG,MYRG:NSQ,MYRG,MYR Group Inc,NASDAQ,us,russell3000,Construction and Materials,ft_icb_native,2026-01-31,Industrials,Construction and Materials,ft_native_v2,ft_index_membership_filtered,0.95,high,2026-01-31,https://markets.ft.com/data/equities/tearsheet/summary?s=MYRG:NSQ,2026-01-31T00:00:00+00:00,ft-us-2026-01-31,2026-01-31,,True
2026-01-31,US:MZTI:NSQ,US:MZTI,MZTI:NSQ,MZTI,Marzetti Co,NASDAQ,us,russell3000,Food Producers,ft_icb_native,2026-01-31,Consumer Staples,Food Producers,ft_native_v2,ft_index_membership_filtered,0.95,high,2026-01-31,https://markets.ft.com/data/equities/tearsheet/summary?s=MZTI:NSQ,2026-01-31T00:00:00+00:00,ft-us-2026-01-31,2026-01-31,,True
2026-01-31,US:NABL:NYS,US:NABL,NABL:NYS,NABL,N-Able Inc,NYSE,us,russell3000,Technology,ft_icb_native,2026-01-31,Technology,Technology,ft_native_v2,ft_index_membership_filtered,0.95,high,2026-01-31,https://markets.ft.com/data/equities/tearsheet/summary?s=NABL:NYS,2026-01-31T00:00:00+00:00,ft-us-2026-01-31,2026-01-31,,True
2026-01-31,US:NAGE:NAQ,US:NAGE,NAGE:NAQ,NAGE,Niagen Bioscience Inc,NAQ,us,russell3000,Pharmaceuticals and Biotechnology,ft_icb_native,2026-01-31,Consumer Staples,Pharmaceuticals and Biotechnology,ft_native_v2,ft_index_membership_filtered,0.95,high,2026-01-31,https://markets.ft.com/data/equities/tearsheet/summary?s=NAGE:NAQ,2026-01-31T00:00:00+00:00,ft-us-2026-01-31,2026-01-31,,True
2026-01-31,US:NAT:NYS,US:NAT,NAT:NYS,NAT,Nordic American Tankers Ltd,NYSE,us,russell3000,Industrial Transportation,ft_icb_native,2026-01-31,Industrials,Industrial Transportation,ft_native_v2,ft_index_membership_filtered,0.95,high,2026-01-31,https://markets.ft.com/data/equities/tearsheet/summary?s=NAT:NYS,2026-01-31T00:00:00+00:00,ft-us-2026-01-31,2026-01-31,,True
2026-01-31,US:NATL:NYS,US:NATL,NATL:NYS,NATL,NCR Atleos Corp,NYSE,us,russell3000,Industrial Support Services,ft_icb_native,2026-01-31,Industrials,Industrial Support Services,ft_native_v2,ft_index_membership_filtered,0.95,high,2026-01-31,https://markets.ft.com/data/equities/tearsheet/summary?s=NATL:NYS,2026-01-31T00:00:00+00:00,ft-us-2026-01-31,2026-01-31,,True
2026-01-31,US:NAVI:NSQ,US:NAVI,NAVI:NSQ,NAVI,Navient Corp,NASDAQ,us,russell3000,Finance and Credit Services,ft_icb_native,2026-01-31,Financials,Finance and Credit Services,ft_native_v2,ft_index_membership_filtered,0.95,high,2026-01-31,https://markets.ft.com/data/equities/tearsheet/summary?s=NAVI:NSQ,2026-01-31T00:00:00+00:00,ft-us-2026-01-31,2026-01-31,,True
2026-01-31,US:NAVN:NSQ,US:NAVN,NAVN:NSQ,NAVN,Navan Inc,NASDAQ,us,russell3000,Technology,ft_icb_native,2026-01-31,Consumer Discretionary,Technology,ft_native_v2,ft_index_membership_filtered,0.95,high,2026-01-31,https://markets.ft.com/data/equities/tearsheet/summary?s=NAVN:NSQ,2026-01-31T00:00:00+00:00,ft-us-2026-01-31,2026-01-31,,True
2026-01-31,US:NB:NMQ,US:NB,NB:NMQ,NB,NioCorp Developments Ltd,NMQ,us,russell3000,Industrial Metals and Mining,ft_icb_native,2026-01-31,Basic Materials,Industrial Metals and Mining,ft_native_v2,ft_index_membership_filtered,0.95,high,2026-01-31,https://markets.ft.com/data/equities/tearsheet/summary?s=NB:NMQ,2026-01-31T00:00:00+00:00,ft-us-2026-01-31,2026-01-31,,True
2026-01-31,US:NBBK:NAQ,US:NBBK,NBBK:NAQ,NBBK,NB Bancorp Inc,NAQ,us,russell3000,Banks,ft_icb_native,2026-01-31,Financials,Banks,ft_native_v2,ft_index_membership_filtered,0.95,high,2026-01-31,https://markets.ft.com/data/equities/tearsheet/summary?s=NBBK:NAQ,2026-01-31T00:00:00+00:00,ft-us-2026-01-31,2026-01-31,,True
2026-01-31,US:NBHC:NYQ,US:NBHC,NBHC:NYQ,NBHC,National Bank Holdings Corp,NYQ,us,russell3000,Banks,ft_icb_native,2026-01-31,Financials,Banks,ft_native_v2,ft_index_membership_filtered,0.95,high,2026-01-31,https://markets.ft.com/data/equities/tearsheet/summary?s=NBHC:NYQ,2026-01-31T00:00:00+00:00,ft-us-2026-01-31,2026-01-31,,True
2026-01-31,US:NBIX:NSQ,US:NBIX,NBIX:NSQ,NBIX,Neurocrine Biosciences Inc,NASDAQ,us,russell3000,Pharmaceuticals and Biotechnology,ft_icb_native,2026-01-31,Health Care,Pharmaceuticals and Biotechnology,ft_native_v2,ft_index_membership_filtered,0.95,high,2026-01-31,https://markets.ft.com/data/equities/tearsheet/summary?s=NBIX:NSQ,2026-01-31T00:00:00+00:00,ft-us-2026-01-31,2026-01-31,,True
2026-01-31,US:NBN:NMQ,US:NBN,NBN:NMQ,NBN,Northeast Bank,NMQ,us,russell3000,Banks,ft_icb_native,2026-01-31,Financials,Banks,ft_native_v2,ft_index_membership_filtered,0.95,high,2026-01-31,https://markets.ft.com/data/equities/tearsheet/summary?s=NBN:NMQ,2026-01-31T00:00:00+00:00,ft-us-2026-01-31,2026-01-31,,True
2026-01-31,US:NBR:NYQ,US:NBR,NBR:NYQ,NBR,Nabors Industries Ltd,NYQ,us,russell3000,"Oil, Gas and Coal",ft_icb_native,2026-01-31,Energy,"Oil, Gas and Coal",ft_native_v2,ft_index_membership_filtered,0.95,high,2026-01-31,https://markets.ft.com/data/equities/tearsheet/summary?s=NBR:NYQ,2026-01-31T00:00:00+00:00,ft-us-2026-01-31,2026-01-31,,True
2026-01-31,US:NBTB:NSQ,US:NBTB,NBTB:NSQ,NBTB,NBT Bancorp Inc,NASDAQ,us,russell3000,Banks,ft_icb_native,2026-01-31,Financials,Banks,ft_native_v2,ft_index_membership_filtered,0.95,high,2026-01-31,https://markets.ft.com/data/equities/tearsheet/summary?s=NBTB:NSQ,2026-01-31T00:00:00+00:00,ft-us-2026-01-31,2026-01-31,,True
2026-01-31,US:NCLH:NYQ,US:NCLH,NCLH:NYQ,NCLH,Norwegian Cruise Line Holdings Ltd,NYQ,us,russell3000,Travel and Leisure,ft_icb_native,2026-01-31,Consumer Discretionary,Travel and Leisure,ft_native_v2,ft_index_membership_filtered,0.95,high,2026-01-31,https://markets.ft.com/data/equities/tearsheet/summary?s=NCLH:NYQ,2026-01-31T00:00:00+00:00,ft-us-2026-01-31,2026-01-31,,True
2026-01-31,US:NCMI:NSQ,US:NCMI,NCMI:NSQ,NCMI,National Cinemedia Inc,NASDAQ,us,russell3000,Media,ft_icb_native,2026-01-31,Telecommunications,Media,ft_native_v2,ft_index_membership_filtered,0.95,high,2026-01-31,https://markets.ft.com/data/equities/tearsheet/summary?s=NCMI:NSQ,2026-01-31T00:00:00+00:00,ft-us-2026-01-31,2026-01-31,,True
2026-01-31,US:NCNO:NSQ,US:NCNO,NCNO:NSQ,NCNO,nCino Inc,NASDAQ,us,russell3000,Technology,ft_icb_native,2026-01-31,Technology,Technology,ft_native_v2,ft_index_membership_filtered,0.95,high,2026-01-31,https://markets.ft.com/data/equities/tearsheet/summary?s=NCNO:NSQ,2026-01-31T00:00:00+00:00,ft-us-2026-01-31,2026-01-31,,True
2026-01-31,US:NDAQ:NSQ,US:NDAQ,NDAQ:NSQ,NDAQ,Nasdaq Inc,NASDAQ,us,russell3000,Investment Banking and Brokerage Services,ft_icb_native,2026-01-31,Financials,Investment Banking and Brokerage Services,ft_native_v2,ft_index_membership_filtered,0.95,high,2026-01-31,https://markets.ft.com/data/equities/tearsheet/summary?s=NDAQ:NSQ,2026-01-31T00:00:00+00:00,ft-us-2026-01-31,2026-01-31,,True
2026-01-31,US:NDSN:NSQ,US:NDSN,NDSN:NSQ,NDSN,Nordson Corp,NASDAQ,us,russell3000,Industrial Engineering,ft_icb_native,2026-01-31,Industrials,Industrial Engineering,ft_native_v2,ft_index_membership_filtered,0.95,high,2026-01-31,https://markets.ft.com/data/equities/tearsheet/summary?s=NDSN:NSQ,2026-01-31T00:00:00+00:00,ft-us-2026-01-31,2026-01-31,,True
2026-01-31,US:NE:NYQ,US:NE,NE:NYQ,NE,Noble Corporation PLC,NYQ,us,russell3000,"Oil, Gas and Coal",ft_icb_native,2026-01-31,Energy,"Oil, Gas and Coal",ft_native_v2,ft_index_membership_filtered,0.95,high,2026-01-31,https://markets.ft.com/data/equities/tearsheet/summary?s=NE:NYQ,2026-01-31T00:00:00+00:00,ft-us-2026-01-31,2026-01-31,,True
2026-01-31,US:NECB:NAQ,US:NECB,NECB:NAQ,NECB,Northeast Community Bancorp Inc,NAQ,us,russell3000,Banks,ft_icb_native,2026-01-31,Financials,Banks,ft_native_v2,ft_index_membership_filtered,0.95,high,2026-01-31,https://markets.ft.com/data/equities/tearsheet/summary?s=NECB:NAQ,2026-01-31T00:00:00+00:00,ft-us-2026-01-31,2026-01-31,,True
2026-01-31,US:NEE:NYQ,US:NEE,NEE:NYQ,NEE,Nextera Energy Inc,NYQ,us,russell3000,Electricity,ft_icb_native,2026-01-31,Utilities,Electricity,ft_native_v2,ft_index_membership_filtered,0.95,high,2026-01-31,https://markets.ft.com/data/equities/tearsheet/summary?s=NEE:NYQ,2026-01-31T00:00:00+00:00,ft-us-2026-01-31,2026-01-31,,True
2026-01-31,US:NEO:NAQ,US:NEO,NEO:NAQ,NEO,Neogenomics Inc,NAQ,us,russell3000,Medical Equipment and Services,ft_icb_native,2026-01-31,Health Care,Medical Equipment and Services,ft_native_v2,ft_index_membership_filtered,0.95,high,2026-01-31,https://markets.ft.com/data/equities/tearsheet/summary?s=NEO:NAQ,2026-01-31T00:00:00+00:00,ft-us-2026-01-31,2026-01-31,,True
2026-01-31,US:NEOG:NSQ,US:NEOG,NEOG:NSQ,NEOG,Neogen Corp,NASDAQ,us,russell3000,Medical Equipment and Services,ft_icb_native,2026-01-31,Health Care,Medical Equipment and Services,ft_native_v2,ft_index_membership_filtered,0.95,high,2026-01-31,https://markets.ft.com/data/equities/tearsheet/summary?s=NEOG:NSQ,2026-01-31T00:00:00+00:00,ft-us-2026-01-31,2026-01-31,,True
2026-01-31,US:NESR:NAQ,US:NESR,NESR:NAQ,NESR,National Energy Services Reunited Corp,NAQ,us,russell3000,"Oil, Gas and Coal",ft_icb_native,2026-01-31,Energy,"Oil, Gas and Coal",ft_native_v2,ft_index_membership_filtered,0.95,high,2026-01-31,https://markets.ft.com/data/equities/tearsheet/summary?s=NESR:NAQ,2026-01-31T00:00:00+00:00,ft-us-2026-01-31,2026-01-31,,True
2026-01-31,US:NET:NYQ,US:NET,NET:NYQ,NET,Cloudflare Inc,NYQ,us,russell3000,Technology,ft_icb_native,2026-01-31,Technology,Technology,ft_native_v2,ft_index_membership_filtered,0.95,high,2026-01-31,https://markets.ft.com/data/equities/tearsheet/summary?s=NET:NYQ,2026-01-31T00:00:00+00:00,ft-us-2026-01-31,2026-01-31,,True
2026-01-31,US:NEWT:NMQ,US:NEWT,NEWT:NMQ,NEWT,NewtekOne Inc,NMQ,us,russell3000,Banks,ft_icb_native,2026-01-31,Financials,Banks,ft_native_v2,ft_index_membership_filtered,0.95,high,2026-01-31,https://markets.ft.com/data/equities/tearsheet/summary?s=NEWT:NMQ,2026-01-31T00:00:00+00:00,ft-us-2026-01-31,2026-01-31,,True
2026-01-31,US:NEXT:NAQ,US:NEXT,NEXT:NAQ,NEXT,NextDecade Corp,NAQ,us,russell3000,"Oil, Gas and Coal",ft_icb_native,2026-01-31,Energy,"Oil, Gas and Coal",ft_native_v2,ft_index_membership_filtered,0.95,high,2026-01-31,https://markets.ft.com/data/equities/tearsheet/summary?s=NEXT:NAQ,2026-01-31T00:00:00+00:00,ft-us-2026-01-31,2026-01-31,,True
2026-01-31,US:NFBK:NSQ,US:NFBK,NFBK:NSQ,NFBK,Northfield Bancorp Inc,NASDAQ,us,russell3000,Banks,ft_icb_native,2026-01-31,Financials,Banks,ft_native_v2,ft_index_membership_filtered,0.95,high,2026-01-31,https://markets.ft.com/data/equities/tearsheet/summary?s=NFBK:NSQ,2026-01-31T00:00:00+00:00,ft-us-2026-01-31,2026-01-31,,True
2026-01-31,US:NFE:NSQ,US:NFE,NFE:NSQ,NFE,New Fortress Energy Inc,NASDAQ,us,russell3000,"Oil, Gas and Coal",ft_icb_native,2026-01-31,Energy,"Oil, Gas and Coal",ft_native_v2,ft_index_membership_filtered,0.95,high,2026-01-31,https://markets.ft.com/data/equities/tearsheet/summary?s=NFE:NSQ,2026-01-31T00:00:00+00:00,ft-us-2026-01-31,2026-01-31,,True
2026-01-31,US:NFG:NYQ,US:NFG,NFG:NYQ,NFG,National Fuel Gas Co,NYQ,us,russell3000,"Gas, Water and Multi-utilities",ft_icb_native,2026-01-31,Utilities,"Gas, Water and Multi-utilities",ft_native_v2,ft_index_membership_filtered,0.95,high,2026-01-31,https://markets.ft.com/data/equities/tearsheet/summary?s=NFG:NYQ,2026-01-31T00:00:00+00:00,ft-us-2026-01-31,2026-01-31,,True
2026-01-31,US:NFLX:NSQ,US:NFLX,NFLX:NSQ,NFLX,Netflix Inc,NASDAQ,us,russell3000,Media,ft_icb_native,2026-01-31,Telecommunications,Media,ft_native_v2,ft_index_membership_filtered,0.95,high,2026-01-31,https://markets.ft.com/data/equities/tearsheet/summary?s=NFLX:NSQ,2026-01-31T00:00:00+00:00,ft-us-2026-01-31,2026-01-31,,True
2026-01-31,US:NGNE:NMQ,US:NGNE,NGNE:NMQ,NGNE,Neurogene Inc,NMQ,us,russell3000,Pharmaceuticals and Biotechnology,ft_icb_native,2026-01-31,Health Care,Pharmaceuticals and Biotechnology,ft_native_v2,ft_index_membership_filtered,0.95,high,2026-01-31,https://markets.ft.com/data/equities/tearsheet/summary?s=NGNE:NMQ,2026-01-31T00:00:00+00:00,ft-us-2026-01-31,2026-01-31,,True
2026-01-31,US:NGVC:NYQ,US:NGVC,NGVC:NYQ,NGVC,Natural Grocers by Vitamin Cottage Inc,NYQ,us,russell3000,"Personal Care, Drug and Grocery Stores",ft_icb_native,2026-01-31,Consumer Staples,"Personal Care, Drug and Grocery Stores",ft_native_v2,ft_index_membership_filtered,0.95,high,2026-01-31,https://markets.ft.com/data/equities/tearsheet/summary?s=NGVC:NYQ,2026-01-31T00:00:00+00:00,ft-us-2026-01-31,2026-01-31,,True
2026-01-31,US:NGVT:NYS,US:NGVT,NGVT:NYS,NGVT,Ingevity Corp,NYSE,us,russell3000,Chemicals,ft_icb_native,2026-01-31,Basic Materials,Chemicals,ft_native_v2,ft_index_membership_filtered,0.95,high,2026-01-31,https://markets.ft.com/data/equities/tearsheet/summary?s=NGVT:NYS,2026-01-31T00:00:00+00:00,ft-us-2026-01-31,2026-01-31,,True
2026-01-31,US:NHC:ASQ,US:NHC,NHC:ASQ,NHC,National Healthcare Corp,ASQ,us,russell3000,Health Care Providers,ft_icb_native,2026-01-31,Health Care,Health Care Providers,ft_native_v2,ft_index_membership_filtered,0.95,high,2026-01-31,https://markets.ft.com/data/equities/tearsheet/summary?s=NHC:ASQ,2026-01-31T00:00:00+00:00,ft-us-2026-01-31,2026-01-31,,True
2026-01-31,US:NHI:NYQ,US:NHI,NHI:NYQ,NHI,National Health Investors Inc,NYQ,us,russell3000,Real Estate Investment Trusts,ft_icb_native,2026-01-31,Real Estate,Real Estate Investment Trusts,ft_native_v2,ft_index_membership_filtered,0.95,high,2026-01-31,https://markets.ft.com/data/equities/tearsheet/summary?s=NHI:NYQ,2026-01-31T00:00:00+00:00,ft-us-2026-01-31,2026-01-31,,True
2026-01-31,US:NI:NYQ,US:NI,NI:NYQ,NI,NiSource Inc,NYQ,us,russell3000,"Gas, Water and Multi-utilities",ft_icb_native,2026-01-31,Utilities,"Gas, Water and Multi-utilities",ft_native_v2,ft_index_membership_filtered,0.95,high,2026-01-31,https://markets.ft.com/data/equities/tearsheet/summary?s=NI:NYQ,2026-01-31T00:00:00+00:00,ft-us-2026-01-31,2026-01-31,,True
2026-01-31,US:NIC:NYQ,US:NIC,NIC:NYQ,NIC,Nicolet Bankshares Inc,NYQ,us,russell3000,Banks,ft_icb_native,2026-01-31,Financials,Banks,ft_native_v2,ft_index_membership_filtered,0.95,high,2026-01-31,https://markets.ft.com/data/equities/tearsheet/summary?s=NIC:NYQ,2026-01-31T00:00:00+00:00,ft-us-2026-01-31,2026-01-31,,True
2026-01-31,US:NIQ:NYS,US:NIQ,NIQ:NYS,NIQ,NIQ Global Intelligence PLC,NYSE,us,russell3000,Technology,ft_icb_native,2026-01-31,Technology,Technology,ft_native_v2,ft_index_membership_filtered,0.95,high,2026-01-31,https://markets.ft.com/data/equities/tearsheet/summary?s=NIQ:NYS,2026-01-31T00:00:00+00:00,ft-us-2026-01-31,2026-01-31,,True
2026-01-31,US:NJR:NYQ,US:NJR,NJR:NYQ,NJR,New Jersey Resources Corp,NYQ,us,russell3000,"Gas, Water and Multi-utilities",ft_icb_native,2026-01-31,Utilities,"Gas, Water and Multi-utilities",ft_native_v2,ft_index_membership_filtered,0.95,high,2026-01-31,https://markets.ft.com/data/equities/tearsheet/summary?s=NJR:NYQ,2026-01-31T00:00:00+00:00,ft-us-2026-01-31,2026-01-31,,True
2026-01-31,US:NKE:NYQ,US:NKE,NKE:NYQ,NKE,Nike Inc,NYQ,us,russell3000,Personal Goods,ft_icb_native,2026-01-31,Consumer Discretionary,Personal Goods,ft_native_v2,ft_index_membership_filtered,0.95,high,2026-01-31,https://markets.ft.com/data/equities/tearsheet/summary?s=NKE:NYQ,2026-01-31T00:00:00+00:00,ft-us-2026-01-31,2026-01-31,,True
2026-01-31,US:NKTX:NSQ,US:NKTX,NKTX:NSQ,NKTX,Nkarta Inc,NASDAQ,us,russell3000,Pharmaceuticals and Biotechnology,ft_icb_native,2026-01-31,Health Care,Pharmaceuticals and Biotechnology,ft_native_v2,ft_index_membership_filtered_level3_fallback,0.65,medium,2026-01-31,https://markets.ft.com/data/equities/tearsheet/summary?s=NKTX:NSQ,2026-01-31T00:00:00+00:00,ft-us-2026-01-31,2026-01-31,,True
2026-01-31,US:NLOP:NYS,US:NLOP,NLOP:NYS,NLOP,Net Lease Office Properties,NYSE,us,russell3000,Real Estate Investment Trusts,ft_icb_native,2026-01-31,Real Estate,Real Estate Investment Trusts,ft_native_v2,ft_index_membership_filtered,0.95,high,2026-01-31,https://markets.ft.com/data/equities/tearsheet/summary?s=NLOP:NYS,2026-01-31T00:00:00+00:00,ft-us-2026-01-31,2026-01-31,,True
2026-01-31,US:NLY:NYQ,US:NLY,NLY:NYQ,NLY,Annaly Capital Management Inc,NYQ,us,russell3000,Mortgage Real Estate Investment Trusts,ft_icb_native,2026-01-31,Financials,Mortgage Real Estate Investment Trusts,ft_native_v2,ft_index_membership_filtered,0.95,high,2026-01-31,https://markets.ft.com/data/equities/tearsheet/summary?s=NLY:NYQ,2026-01-31T00:00:00+00:00,ft-us-2026-01-31,2026-01-31,,True
2026-01-31,US:NMIH:NMQ,US:NMIH,NMIH:NMQ,NMIH,NMI Holdings Inc,NMQ,us,russell3000,Non-life Insurance,ft_icb_native,2026-01-31,Financials,Non-life Insurance,ft_native_v2,ft_index_membership_filtered,0.95,high,2026-01-31,https://markets.ft.com/data/equities/tearsheet/summary?s=NMIH:NMQ,2026-01-31T00:00:00+00:00,ft-us-2026-01-31,2026-01-31,,True
2026-01-31,US:NN:NAQ,US:NN,NN:NAQ,NN,NextNav Inc,NAQ,us,russell3000,Technology,ft_icb_native,2026-01-31,Technology,Technology,ft_native_v2,ft_index_membership_filtered,0.95,high,2026-01-31,https://markets.ft.com/data/equities/tearsheet/summary?s=NN:NAQ,2026-01-31T00:00:00+00:00,ft-us-2026-01-31,2026-01-31,,True
2026-01-31,US:NNE:NAQ,US:NNE,NNE:NAQ,NNE,Nano Nuclear Energy Inc,NAQ,us,russell3000,Electricity,ft_icb_native,2026-01-31,Industrials,Electricity,ft_native_v2,ft_index_membership_filtered,0.95,high,2026-01-31,https://markets.ft.com/data/equities/tearsheet/summary?s=NNE:NAQ,2026-01-31T00:00:00+00:00,ft-us-2026-01-31,2026-01-31,,True
2026-01-31,US:NNI:NYQ,US:NNI,NNI:NYQ,NNI,Nelnet Inc,NYQ,us,russell3000,Finance and Credit Services,ft_icb_native,2026-01-31,Financials,Finance and Credit Services,ft_native_v2,ft_index_membership_filtered,0.95,high,2026-01-31,https://markets.ft.com/data/equities/tearsheet/summary?s=NNI:NYQ,2026-01-31T00:00:00+00:00,ft-us-2026-01-31,2026-01-31,,True
2026-01-31,US:NNN:NYQ,US:NNN,NNN:NYQ,NNN,NNN REIT Inc,NYQ,us,russell3000,Real Estate Investment Trusts,ft_icb_native,2026-01-31,Real Estate,Real Estate Investment Trusts,ft_native_v2,ft_index_membership_filtered,0.95,high,2026-01-31,https://markets.ft.com/data/equities/tearsheet/summary?s=NNN:NYQ,2026-01-31T00:00:00+00:00,ft-us-2026-01-31,2026-01-31,,True
2026-01-31,US:NOC:NYQ,US:NOC,NOC:NYQ,NOC,NORTHROP GRUMMAN CORP,NYQ,us,russell3000,Aerospace and Defense,ft_icb_native,2026-01-31,Industrials,Aerospace and Defense,ft_native_v2,ft_index_membership_filtered,0.95,high,2026-01-31,https://markets.ft.com/data/equities/tearsheet/summary?s=NOC:NYQ,2026-01-31T00:00:00+00:00,ft-us-2026-01-31,2026-01-31,,True
2026-01-31,US:NOG:NYQ,US:NOG,NOG:NYQ,NOG,Northern Oil and Gas Inc,NYQ,us,russell3000,"Oil, Gas and Coal",ft_icb_native,2026-01-31,Energy,"Oil, Gas and Coal",ft_native_v2,ft_index_membership_filtered,0.95,high,2026-01-31,https://markets.ft.com/data/equities/tearsheet/summary?s=NOG:NYQ,2026-01-31T00:00:00+00:00,ft-us-2026-01-31,2026-01-31,,True
2026-01-31,US:NOV:NYQ,US:NOV,NOV:NYQ,NOV,Nov Inc,NYQ,us,russell3000,"Oil, Gas and Coal",ft_icb_native,2026-01-31,Energy,"Oil, Gas and Coal",ft_native_v2,ft_index_membership_filtered,0.95,high,2026-01-31,https://markets.ft.com/data/equities/tearsheet/summary?s=NOV:NYQ,2026-01-31T00:00:00+00:00,ft-us-2026-01-31,2026-01-31,,True
2026-01-31,US:NOVT:NSQ,US:NOVT,NOVT:NSQ,NOVT,Novanta Inc,NASDAQ,us,russell3000,Technology Hardware and Equipment,ft_icb_native,2026-01-31,Technology,Technology Hardware and Equipment,ft_native_v2,ft_index_membership_filtered,0.95,high,2026-01-31,https://markets.ft.com/data/equities/tearsheet/summary?s=NOVT:NSQ,2026-01-31T00:00:00+00:00,ft-us-2026-01-31,2026-01-31,,True
2026-01-31,US:NOW:NYQ,US:NOW,NOW:NYQ,NOW,ServiceNow Inc,NYQ,us,russell3000,Technology,ft_icb_native,2026-01-31,Technology,Technology,ft_native_v2,ft_index_membership_filtered,0.95,high,2026-01-31,https://markets.ft.com/data/equities/tearsheet/summary?s=NOW:NYQ,2026-01-31T00:00:00+00:00,ft-us-2026-01-31,2026-01-31,,True
2026-01-31,US:NPCE:NMQ,US:NPCE,NPCE:NMQ,NPCE,Neuropace Inc,NMQ,us,russell3000,Medical Equipment and Services,ft_icb_native,2026-01-31,Health Care,Medical Equipment and Services,ft_native_v2,ft_index_membership_filtered,0.95,high,2026-01-31,https://markets.ft.com/data/equities/tearsheet/summary?s=NPCE:NMQ,2026-01-31T00:00:00+00:00,ft-us-2026-01-31,2026-01-31,,True
2026-01-31,US:NPK:NYQ,US:NPK,NPK:NYQ,NPK,National Presto Industries Inc,NYQ,us,russell3000,Aerospace and Defense,ft_icb_native,2026-01-31,Industrials,Aerospace and Defense,ft_native_v2,ft_index_membership_filtered,0.95,high,2026-01-31,https://markets.ft.com/data/equities/tearsheet/summary?s=NPK:NYQ,2026-01-31T00:00:00+00:00,ft-us-2026-01-31,2026-01-31,,True
2026-01-31,US:NPKI:NYQ,US:NPKI,NPKI:NYQ,NPKI,NPK International Inc,NYQ,us,russell3000,"Oil, Gas and Coal",ft_icb_native,2026-01-31,Industrials,"Oil, Gas and Coal",ft_native_v2,ft_index_membership_filtered,0.95,high,2026-01-31,https://markets.ft.com/data/equities/tearsheet/summary?s=NPKI:NYQ,2026-01-31T00:00:00+00:00,ft-us-2026-01-31,2026-01-31,,True
2026-01-31,US:NPO:NYQ,US:NPO,NPO:NYQ,NPO,Enpro Inc,NYQ,us,russell3000,Industrial Engineering,ft_icb_native,2026-01-31,Industrials,Industrial Engineering,ft_native_v2,ft_index_membership_filtered,0.95,high,2026-01-31,https://markets.ft.com/data/equities/tearsheet/summary?s=NPO:NYQ,2026-01-31T00:00:00+00:00,ft-us-2026-01-31,2026-01-31,,True
2026-01-31,US:NRC:NSQ,US:NRC,NRC:NSQ,NRC,National Research Corp,NASDAQ,us,russell3000,Health Care Providers,ft_icb_native,2026-01-31,Health Care,Health Care Providers,ft_native_v2,ft_index_membership_filtered,0.95,high,2026-01-31,https://markets.ft.com/data/equities/tearsheet/summary?s=NRC:NSQ,2026-01-31T00:00:00+00:00,ft-us-2026-01-31,2026-01-31,,True
2026-01-31,US:NRDS:NMQ,US:NRDS,NRDS:NMQ,NRDS,NerdWallet Inc,NMQ,us,russell3000,Technology,ft_icb_native,2026-01-31,Financials,Technology,ft_native_v2,ft_index_membership_filtered,0.95,high,2026-01-31,https://markets.ft.com/data/equities/tearsheet/summary?s=NRDS:NMQ,2026-01-31T00:00:00+00:00,ft-us-2026-01-31,2026-01-31,,True
2026-01-31,US:NRG:NYQ,US:NRG,NRG:NYQ,NRG,NRG Energy Inc,NYQ,us,russell3000,Electricity,ft_icb_native,2026-01-31,Utilities,Electricity,ft_native_v2,ft_index_membership_filtered,0.95,high,2026-01-31,https://markets.ft.com/data/equities/tearsheet/summary?s=NRG:NYQ,2026-01-31T00:00:00+00:00,ft-us-2026-01-31,2026-01-31,,True
2026-01-31,US:NRIM:NSQ,US:NRIM,NRIM:NSQ,NRIM,Northrim BanCorp Inc,NASDAQ,us,russell3000,Banks,ft_icb_native,2026-01-31,Financials,Banks,ft_native_v2,ft_index_membership_filtered,0.95,high,2026-01-31,https://markets.ft.com/data/equities/tearsheet/summary?s=NRIM:NSQ,2026-01-31T00:00:00+00:00,ft-us-2026-01-31,2026-01-31,,True
2026-01-31,US:NRIX:NMQ,US:NRIX,NRIX:NMQ,NRIX,Nurix Therapeutics Inc,NMQ,us,russell3000,Pharmaceuticals and Biotechnology,ft_icb_native,2026-01-31,Health Care,Pharmaceuticals and Biotechnology,ft_native_v2,ft_index_membership_filtered,0.95,high,2026-01-31,https://markets.ft.com/data/equities/tearsheet/summary?s=NRIX:NMQ,2026-01-31T00:00:00+00:00,ft-us-2026-01-31,2026-01-31,,True
2026-01-31,US:NSA:NYQ,US:NSA,NSA:NYQ,NSA,National Storage Affiliates Trust,NYQ,us,russell3000,Real Estate Investment Trusts,ft_icb_native,2026-01-31,Real Estate,Real Estate Investment Trusts,ft_native_v2,ft_index_membership_filtered,0.95,high,2026-01-31,https://markets.ft.com/data/equities/tearsheet/summary?s=NSA:NYQ,2026-01-31T00:00:00+00:00,ft-us-2026-01-31,2026-01-31,,True
2026-01-31,US:NSC:NYQ,US:NSC,NSC:NYQ,NSC,Norfolk Southern Corp,NYQ,us,russell3000,Industrial Transportation,ft_icb_native,2026-01-31,Industrials,Industrial Transportation,ft_native_v2,ft_index_membership_filtered,0.95,high,2026-01-31,https://markets.ft.com/data/equities/tearsheet/summary?s=NSC:NYQ,2026-01-31T00:00:00+00:00,ft-us-2026-01-31,2026-01-31,,True
2026-01-31,US:NSIT:NSQ,US:NSIT,NSIT:NSQ,NSIT,Insight Enterprises Inc,NASDAQ,us,russell3000,Technology Hardware and Equipment,ft_icb_native,2026-01-31,Technology,Technology Hardware and Equipment,ft_native_v2,ft_index_membership_filtered,0.95,high,2026-01-31,https://markets.ft.com/data/equities/tearsheet/summary?s=NSIT:NSQ,2026-01-31T00:00:00+00:00,ft-us-2026-01-31,2026-01-31,,True
2026-01-31,US:NSP:NYQ,US:NSP,NSP:NYQ,NSP,Insperity Inc,NYQ,us,russell3000,Industrial Support Services,ft_icb_native,2026-01-31,Industrials,Industrial Support Services,ft_native_v2,ft_index_membership_filtered,0.95,high,2026-01-31,https://markets.ft.com/data/equities/tearsheet/summary?s=NSP:NYQ,2026-01-31T00:00:00+00:00,ft-us-2026-01-31,2026-01-31,,True
2026-01-31,US:NSSC:NSQ,US:NSSC,NSSC:NSQ,NSSC,NAPCO Security Technologies Inc,NASDAQ,us,russell3000,Electronic and Electrical Equipment,ft_icb_native,2026-01-31,Technology,Electronic and Electrical Equipment,ft_native_v2,ft_index_membership_filtered,0.95,high,2026-01-31,https://markets.ft.com/data/equities/tearsheet/summary?s=NSSC:NSQ,2026-01-31T00:00:00+00:00,ft-us-2026-01-31,2026-01-31,,True
2026-01-31,US:NTAP:NSQ,US:NTAP,NTAP:NSQ,NTAP,NetApp Inc,NASDAQ,us,russell3000,Technology Hardware and Equipment,ft_icb_native,2026-01-31,Technology,Technology Hardware and Equipment,ft_native_v2,ft_index_membership_filtered,0.95,high,2026-01-31,https://markets.ft.com/data/equities/tearsheet/summary?s=NTAP:NSQ,2026-01-31T00:00:00+00:00,ft-us-2026-01-31,2026-01-31,,True
2026-01-31,US:NTB:NYS,US:NTB,NTB:NYS,NTB,Bank of N.T. Butterfield & Son,NYSE,us,russell3000,Banks,ft_icb_native,2026-01-31,Financials,Banks,ft_native_v2,ft_index_membership_filtered,0.95,high,2026-01-31,https://markets.ft.com/data/equities/tearsheet/summary?s=NTB:NYS,2026-01-31T00:00:00+00:00,ft-us-2026-01-31,2026-01-31,,True
2026-01-31,US:NTCT:NSQ,US:NTCT,NTCT:NSQ,NTCT,Netscout Systems Inc,NASDAQ,us,russell3000,Technology,ft_icb_native,2026-01-31,Technology,Technology,ft_native_v2,ft_index_membership_filtered,0.95,high,2026-01-31,https://markets.ft.com/data/equities/tearsheet/summary?s=NTCT:NSQ,2026-01-31T00:00:00+00:00,ft-us-2026-01-31,2026-01-31,,True
2026-01-31,US:NTGR:NSQ,US:NTGR,NTGR:NSQ,NTGR,NETGEAR Inc,NASDAQ,us,russell3000,Telecommunications Equipment,ft_icb_native,2026-01-31,Technology,Telecommunications Equipment,ft_native_v2,ft_index_membership_filtered,0.95,high,2026-01-31,https://markets.ft.com/data/equities/tearsheet/summary?s=NTGR:NSQ,2026-01-31T00:00:00+00:00,ft-us-2026-01-31,2026-01-31,,True
2026-01-31,US:NTLA:NMQ,US:NTLA,NTLA:NMQ,NTLA,Intellia Therapeutics Inc,NMQ,us,russell3000,Pharmaceuticals and Biotechnology,ft_icb_native,2026-01-31,Health Care,Pharmaceuticals and Biotechnology,ft_native_v2,ft_index_membership_filtered,0.95,high,2026-01-31,https://markets.ft.com/data/equities/tearsheet/summary?s=NTLA:NMQ,2026-01-31T00:00:00+00:00,ft-us-2026-01-31,2026-01-31,,True
2026-01-31,US:NTNX:NSQ,US:NTNX,NTNX:NSQ,NTNX,Nutanix Inc,NASDAQ,us,russell3000,Technology,ft_icb_native,2026-01-31,Technology,Technology,ft_native_v2,ft_index_membership_filtered,0.95,high,2026-01-31,https://markets.ft.com/data/equities/tearsheet/summary?s=NTNX:NSQ,2026-01-31T00:00:00+00:00,ft-us-2026-01-31,2026-01-31,,True
2026-01-31,US:NTRA:NSQ,US:NTRA,NTRA:NSQ,NTRA,Natera Inc,NASDAQ,us,russell3000,Medical Equipment and Services,ft_icb_native,2026-01-31,Health Care,Medical Equipment and Services,ft_native_v2,ft_index_membership_filtered,0.95,high,2026-01-31,https://markets.ft.com/data/equities/tearsheet/summary?s=NTRA:NSQ,2026-01-31T00:00:00+00:00,ft-us-2026-01-31,2026-01-31,,True
2026-01-31,US:NTRS:NSQ,US:NTRS,NTRS:NSQ,NTRS,Northern Trust Corp,NASDAQ,us,russell3000,Investment Banking and Brokerage Services,ft_icb_native,2026-01-31,Financials,Investment Banking and Brokerage Services,ft_native_v2,ft_index_membership_filtered,0.95,high,2026-01-31,https://markets.ft.com/data/equities/tearsheet/summary?s=NTRS:NSQ,2026-01-31T00:00:00+00:00,ft-us-2026-01-31,2026-01-31,,True
2026-01-31,US:NTST:NYS,US:NTST,NTST:NYS,NTST,Netstreit Corp,NYSE,us,russell3000,Real Estate Investment Trusts,ft_icb_native,2026-01-31,Real Estate,Real Estate Investment Trusts,ft_native_v2,ft_index_membership_filtered,0.95,high,2026-01-31,https://markets.ft.com/data/equities/tearsheet/summary?s=NTST:NYS,2026-01-31T00:00:00+00:00,ft-us-2026-01-31,2026-01-31,,True
2026-01-31,US:NUE:NYQ,US:NUE,NUE:NYQ,NUE,Nucor Corp,NYQ,us,russell3000,Industrial Metals and Mining,ft_icb_native,2026-01-31,Basic Materials,Industrial Metals and Mining,ft_native_v2,ft_index_membership_filtered,0.95,high,2026-01-31,https://markets.ft.com/data/equities/tearsheet/summary?s=NUE:NYQ,2026-01-31T00:00:00+00:00,ft-us-2026-01-31,2026-01-31,,True
2026-01-31,US:NUS:NYQ,US:NUS,NUS:NYQ,NUS,NU Skin Enterprises Inc,NYQ,us,russell3000,"Personal Care, Drug and Grocery Stores",ft_icb_native,2026-01-31,Consumer Staples,"Personal Care, Drug and Grocery Stores",ft_native_v2,ft_index_membership_filtered,0.95,high,2026-01-31,https://markets.ft.com/data/equities/tearsheet/summary?s=NUS:NYQ,2026-01-31T00:00:00+00:00,ft-us-2026-01-31,2026-01-31,,True
2026-01-31,US:NUTX:NAQ,US:NUTX,NUTX:NAQ,NUTX,Nutex Health Inc,NAQ,us,russell3000,Health Care Providers,ft_icb_native,2026-01-31,Health Care,Health Care Providers,ft_native_v2,ft_index_membership_filtered,0.95,high,2026-01-31,https://markets.ft.com/data/equities/tearsheet/summary?s=NUTX:NAQ,2026-01-31T00:00:00+00:00,ft-us-2026-01-31,2026-01-31,,True
2026-01-31,US:NUVB:NYQ,US:NUVB,NUVB:NYQ,NUVB,Nuvation Bio Inc,NYQ,us,russell3000,Pharmaceuticals and Biotechnology,ft_icb_native,2026-01-31,Health Care,Pharmaceuticals and Biotechnology,ft_native_v2,ft_index_membership_filtered,0.95,high,2026-01-31,https://markets.ft.com/data/equities/tearsheet/summary?s=NUVB:NYQ,2026-01-31T00:00:00+00:00,ft-us-2026-01-31,2026-01-31,,True
2026-01-31,US:NUVL:NSQ,US:NUVL,NUVL:NSQ,NUVL,Nuvalent Inc,NASDAQ,us,russell3000,Pharmaceuticals and Biotechnology,ft_icb_native,2026-01-31,Health Care,Pharmaceuticals and Biotechnology,ft_native_v2,ft_index_membership_filtered_level3_fallback,0.65,medium,2026-01-31,https://markets.ft.com/data/equities/tearsheet/summary?s=NUVL:NSQ,2026-01-31T00:00:00+00:00,ft-us-2026-01-31,2026-01-31,,True
2026-01-31,US:NVAX:NSQ,US:NVAX,NVAX:NSQ,NVAX,Novavax Inc,NASDAQ,us,russell3000,Pharmaceuticals and Biotechnology,ft_icb_native,2026-01-31,Health Care,Pharmaceuticals and Biotechnology,ft_native_v2,ft_index_membership_filtered,0.95,high,2026-01-31,https://markets.ft.com/data/equities/tearsheet/summary?s=NVAX:NSQ,2026-01-31T00:00:00+00:00,ft-us-2026-01-31,2026-01-31,,True
2026-01-31,US:NVCR:NSQ,US:NVCR,NVCR:NSQ,NVCR,Novocure Ltd,NASDAQ,us,russell3000,Pharmaceuticals and Biotechnology,ft_icb_native,2026-01-31,Health Care,Pharmaceuticals and Biotechnology,ft_native_v2,ft_index_membership_filtered,0.95,high,2026-01-31,https://markets.ft.com/data/equities/tearsheet/summary?s=NVCR:NSQ,2026-01-31T00:00:00+00:00,ft-us-2026-01-31,2026-01-31,,True
2026-01-31,US:NVDA:NSQ,US:NVDA,NVDA:NSQ,NVDA,NVIDIA Corp,NASDAQ,us,russell3000,Technology Hardware and Equipment,ft_icb_native,2026-01-31,Technology,Technology Hardware and Equipment,ft_native_v2,ft_index_membership_filtered,0.95,high,2026-01-31,https://markets.ft.com/data/equities/tearsheet/summary?s=NVDA:NSQ,2026-01-31T00:00:00+00:00,ft-us-2026-01-31,2026-01-31,,True
2026-01-31,US:NVEC:NAQ,US:NVEC,NVEC:NAQ,NVEC,NVE Corp,NAQ,us,russell3000,Technology Hardware and Equipment,ft_icb_native,2026-01-31,Technology,Technology Hardware and Equipment,ft_native_v2,ft_index_membership_filtered,0.95,high,2026-01-31,https://markets.ft.com/data/equities/tearsheet/summary?s=NVEC:NAQ,2026-01-31T00:00:00+00:00,ft-us-2026-01-31,2026-01-31,,True
2026-01-31,US:NVR:NYQ,US:NVR,NVR:NYQ,NVR,NVR Inc,NYQ,us,russell3000,Household Goods and Home Construction,ft_icb_native,2026-01-31,Consumer Discretionary,Household Goods and Home Construction,ft_native_v2,ft_index_membership_filtered,0.95,high,2026-01-31,https://markets.ft.com/data/equities/tearsheet/summary?s=NVR:NYQ,2026-01-31T00:00:00+00:00,ft-us-2026-01-31,2026-01-31,,True
2026-01-31,US:NVRI:NYQ,US:NVRI,NVRI:NYQ,NVRI,Enviri Corp,NYQ,us,russell3000,Waste and Disposal Services,ft_icb_native,2026-01-31,Industrials,Waste and Disposal Services,ft_native_v2,ft_index_membership_filtered,0.95,high,2026-01-31,https://markets.ft.com/data/equities/tearsheet/summary?s=NVRI:NYQ,2026-01-31T00:00:00+00:00,ft-us-2026-01-31,2026-01-31,,True
2026-01-31,US:NVST:NYQ,US:NVST,NVST:NYQ,NVST,Envista Holdings Corp,NYQ,us,russell3000,Medical Equipment and Services,ft_icb_native,2026-01-31,Health Care,Medical Equipment and Services,ft_native_v2,ft_index_membership_filtered,0.95,high,2026-01-31,https://markets.ft.com/data/equities/tearsheet/summary?s=NVST:NYQ,2026-01-31T00:00:00+00:00,ft-us-2026-01-31,2026-01-31,,True
2026-01-31,US:NVT:NYS,US:NVT,NVT:NYS,NVT,nVent Electric PLC,NYSE,us,russell3000,Electronic and Electrical Equipment,ft_icb_native,2026-01-31,Industrials,Electronic and Electrical Equipment,ft_native_v2,ft_index_membership_filtered,0.95,high,2026-01-31,https://markets.ft.com/data/equities/tearsheet/summary?s=NVT:NYS,2026-01-31T00:00:00+00:00,ft-us-2026-01-31,2026-01-31,,True
2026-01-31,US:NVTS:NMQ,US:NVTS,NVTS:NMQ,NVTS,Navitas Semiconductor Corp,NMQ,us,russell3000,Technology Hardware and Equipment,ft_icb_native,2026-01-31,Technology,Technology Hardware and Equipment,ft_native_v2,ft_index_membership_filtered,0.95,high,2026-01-31,https://markets.ft.com/data/equities/tearsheet/summary?s=NVTS:NMQ,2026-01-31T00:00:00+00:00,ft-us-2026-01-31,2026-01-31,,True
2026-01-31,US:NWBI:NSQ,US:NWBI,NWBI:NSQ,NWBI,Northwest Bancshares Inc,NASDAQ,us,russell3000,Banks,ft_icb_native,2026-01-31,Financials,Banks,ft_native_v2,ft_index_membership_filtered,0.95,high,2026-01-31,https://markets.ft.com/data/equities/tearsheet/summary?s=NWBI:NSQ,2026-01-31T00:00:00+00:00,ft-us-2026-01-31,2026-01-31,,True
2026-01-31,US:NWE:NSQ,US:NWE,NWE:NSQ,NWE,NorthWestern Energy Group Inc,NASDAQ,us,russell3000,Electricity,ft_icb_native,2026-01-31,Utilities,Electricity,ft_native_v2,ft_index_membership_filtered,0.95,high,2026-01-31,https://markets.ft.com/data/equities/tearsheet/summary?s=NWE:NSQ,2026-01-31T00:00:00+00:00,ft-us-2026-01-31,2026-01-31,,True
2026-01-31,US:NWN:NYQ,US:NWN,NWN:NYQ,NWN,Northwest Natural Holding Co,NYQ,us,russell3000,"Gas, Water and Multi-utilities",ft_icb_native,2026-01-31,Utilities,"Gas, Water and Multi-utilities",ft_native_v2,ft_index_membership_filtered,0.95,high,2026-01-31,https://markets.ft.com/data/equities/tearsheet/summary?s=NWN:NYQ,2026-01-31T00:00:00+00:00,ft-us-2026-01-31,2026-01-31,,True
2026-01-31,US:NWPX:NSQ,US:NWPX,NWPX:NSQ,NWPX,NWPX Infrastructure Inc,NASDAQ,us,russell3000,Industrial Metals and Mining,ft_icb_native,2026-01-31,Industrials,Industrial Metals and Mining,ft_native_v2,ft_index_membership_filtered,0.95,high,2026-01-31,https://markets.ft.com/data/equities/tearsheet/summary?s=NWPX:NSQ,2026-01-31T00:00:00+00:00,ft-us-2026-01-31,2026-01-31,,True
2026-01-31,US:NWS:NSQ,US:NWS,NWS:NSQ,NWS,News Corp.,NASDAQ,us,russell3000,Media,ft_icb_native,2026-01-31,Telecommunications,Media,ft_native_v2,ft_index_membership_filtered,0.95,high,2026-01-31,https://markets.ft.com/data/equities/tearsheet/summary?s=NWS:NSQ,2026-01-31T00:00:00+00:00,ft-us-2026-01-31,2026-01-31,,True
2026-01-31,US:NWSA:NSQ,US:NWSA,NWSA:NSQ,NWSA,News Corp,NASDAQ,us,russell3000,Media,ft_icb_native,2026-01-31,Telecommunications,Media,ft_native_v2,ft_index_membership_filtered,0.95,high,2026-01-31,https://markets.ft.com/data/equities/tearsheet/summary?s=NWSA:NSQ,2026-01-31T00:00:00+00:00,ft-us-2026-01-31,2026-01-31,,True
2026-01-31,US:NX:NYS,US:NX,NX:NYS,NX,Quanex Building Products Corp,NYSE,us,russell3000,Construction and Materials,ft_icb_native,2026-01-31,Industrials,Construction and Materials,ft_native_v2,ft_index_membership_filtered,0.95,high,2026-01-31,https://markets.ft.com/data/equities/tearsheet/summary?s=NX:NYS,2026-01-31T00:00:00+00:00,ft-us-2026-01-31,2026-01-31,,True
2026-01-31,US:NXDR:NYS,US:NXDR,NXDR:NYS,NXDR,Nextdoor Holdings Inc,NYSE,us,russell3000,Technology,ft_icb_native,2026-01-31,Technology,Technology,ft_native_v2,ft_index_membership_filtered,0.95,high,2026-01-31,https://markets.ft.com/data/equities/tearsheet/summary?s=NXDR:NYS,2026-01-31T00:00:00+00:00,ft-us-2026-01-31,2026-01-31,,True
2026-01-31,US:NXDT:NYQ,US:NXDT,NXDT:NYQ,NXDT,NexPoint Diversified Real Estate Trust,NYQ,us,russell3000,Mortgage Real Estate Investment Trusts,ft_icb_native,2026-01-31,Real Estate,Mortgage Real Estate Investment Trusts,ft_native_v2,ft_index_membership_filtered,0.95,high,2026-01-31,https://markets.ft.com/data/equities/tearsheet/summary?s=NXDT:NYQ,2026-01-31T00:00:00+00:00,ft-us-2026-01-31,2026-01-31,,True
2026-01-31,US:NXRT:NYQ,US:NXRT,NXRT:NYQ,NXRT,NexPoint Residential Trust Inc,NYQ,us,russell3000,Real Estate Investment Trusts,ft_icb_native,2026-01-31,Real Estate,Real Estate Investment Trusts,ft_native_v2,ft_index_membership_filtered,0.95,high,2026-01-31,https://markets.ft.com/data/equities/tearsheet/summary?s=NXRT:NYQ,2026-01-31T00:00:00+00:00,ft-us-2026-01-31,2026-01-31,,True
2026-01-31,US:NXST:NSQ,US:NXST,NXST:NSQ,NXST,Nexstar Media Group Inc,NASDAQ,us,russell3000,Media,ft_icb_native,2026-01-31,Telecommunications,Media,ft_native_v2,ft_index_membership_filtered,0.95,high,2026-01-31,https://markets.ft.com/data/equities/tearsheet/summary?s=NXST:NSQ,2026-01-31T00:00:00+00:00,ft-us-2026-01-31,2026-01-31,,True
2026-01-31,US:NXT:NSQ,US:NXT,NXT:NSQ,NXT,Nextpower Inc,NASDAQ,us,russell3000,Alternative Energy,ft_icb_native,2026-01-31,Industrials,Alternative Energy,ft_native_v2,ft_index_membership_filtered,0.95,high,2026-01-31,https://markets.ft.com/data/equities/tearsheet/summary?s=NXT:NSQ,2026-01-31T00:00:00+00:00,ft-us-2026-01-31,2026-01-31,,True
2026-01-31,US:NYT:NYQ,US:NYT,NYT:NYQ,NYT,New York Times Co,NYQ,us,russell3000,Media,ft_icb_native,2026-01-31,Telecommunications,Media,ft_native_v2,ft_index_membership_filtered,0.95,high,2026-01-31,https://markets.ft.com/data/equities/tearsheet/summary?s=NYT:NYQ,2026-01-31T00:00:00+00:00,ft-us-2026-01-31,2026-01-31,,True
2026-01-31,US:O:NYQ,US:O,O:NYQ,O,Realty Income Corp,NYQ,us,russell3000,Real Estate Investment Trusts,ft_icb_native,2026-01-31,Real Estate,Real Estate Investment Trusts,ft_native_v2,ft_index_membership_filtered,0.95,high,2026-01-31,https://markets.ft.com/data/equities/tearsheet/summary?s=O:NYQ,2026-01-31T00:00:00+00:00,ft-us-2026-01-31,2026-01-31,,True
2026-01-31,US:OABI:NMQ,US:OABI,OABI:NMQ,OABI,OmniAb Inc,NMQ,us,russell3000,Pharmaceuticals and Biotechnology,ft_icb_native,2026-01-31,Health Care,Pharmaceuticals and Biotechnology,ft_native_v2,ft_index_membership_filtered,0.95,high,2026-01-31,https://markets.ft.com/data/equities/tearsheet/summary?s=OABI:NMQ,2026-01-31T00:00:00+00:00,ft-us-2026-01-31,2026-01-31,,True
2026-01-31,US:OBK:NYQ,US:OBK,OBK:NYQ,OBK,Origin Bancorp Inc,NYQ,us,russell3000,Banks,ft_icb_native,2026-01-31,Financials,Banks,ft_native_v2,ft_index_membership_filtered,0.95,high,2026-01-31,https://markets.ft.com/data/equities/tearsheet/summary?s=OBK:NYQ,2026-01-31T00:00:00+00:00,ft-us-2026-01-31,2026-01-31,,True
2026-01-31,US:OBT:NAQ,US:OBT,OBT:NAQ,OBT,Orange County Bancorp Inc,NAQ,us,russell3000,Financial Services,ft_icb_native,2026-01-31,Financials,Financial Services,ft_native_v2,ft_index_membership_filtered_level3_fallback,0.65,medium,2026-01-31,https://markets.ft.com/data/equities/tearsheet/summary?s=OBT:NAQ,2026-01-31T00:00:00+00:00,ft-us-2026-01-31,2026-01-31,,True
2026-01-31,US:OC:NYQ,US:OC,OC:NYQ,OC,Owens Corning,NYQ,us,russell3000,Construction and Materials,ft_icb_native,2026-01-31,Industrials,Construction and Materials,ft_native_v2,ft_index_membership_filtered,0.95,high,2026-01-31,https://markets.ft.com/data/equities/tearsheet/summary?s=OC:NYQ,2026-01-31T00:00:00+00:00,ft-us-2026-01-31,2026-01-31,,True
2026-01-31,US:OCFC:NSQ,US:OCFC,OCFC:NSQ,OCFC,OceanFirst Financial Corp,NASDAQ,us,russell3000,Banks,ft_icb_native,2026-01-31,Financials,Banks,ft_native_v2,ft_index_membership_filtered,0.95,high,2026-01-31,https://markets.ft.com/data/equities/tearsheet/summary?s=OCFC:NSQ,2026-01-31T00:00:00+00:00,ft-us-2026-01-31,2026-01-31,,True
2026-01-31,US:OCUL:NMQ,US:OCUL,OCUL:NMQ,OCUL,Ocular Therapeutix Inc,NMQ,us,russell3000,Pharmaceuticals and Biotechnology,ft_icb_native,2026-01-31,Health Care,Pharmaceuticals and Biotechnology,ft_native_v2,ft_index_membership_filtered,0.95,high,2026-01-31,https://markets.ft.com/data/equities/tearsheet/summary?s=OCUL:NMQ,2026-01-31T00:00:00+00:00,ft-us-2026-01-31,2026-01-31,,True
2026-01-31,US:ODC:NYQ,US:ODC,ODC:NYQ,ODC,Oil-Dri Corporation of America,NYQ,us,russell3000,"Personal Care, Drug and Grocery Stores",ft_icb_native,2026-01-31,Consumer Staples,"Personal Care, Drug and Grocery Stores",ft_native_v2,ft_index_membership_filtered,0.95,high,2026-01-31,https://markets.ft.com/data/equities/tearsheet/summary?s=ODC:NYQ,2026-01-31T00:00:00+00:00,ft-us-2026-01-31,2026-01-31,,True
2026-01-31,US:ODFL:NSQ,US:ODFL,ODFL:NSQ,ODFL,Old Dominion Freight Line Inc,NASDAQ,us,russell3000,Industrial Transportation,ft_icb_native,2026-01-31,Industrials,Industrial Transportation,ft_native_v2,ft_index_membership_filtered,0.95,high,2026-01-31,https://markets.ft.com/data/equities/tearsheet/summary?s=ODFL:NSQ,2026-01-31T00:00:00+00:00,ft-us-2026-01-31,2026-01-31,,True
2026-01-31,US:OEC:NYQ,US:OEC,OEC:NYQ,OEC,Orion SA,NYQ,us,russell3000,Chemicals,ft_icb_native,2026-01-31,Basic Materials,Chemicals,ft_native_v2,ft_index_membership_filtered,0.95,high,2026-01-31,https://markets.ft.com/data/equities/tearsheet/summary?s=OEC:NYQ,2026-01-31T00:00:00+00:00,ft-us-2026-01-31,2026-01-31,,True
2026-01-31,US:OFG:NYQ,US:OFG,OFG:NYQ,OFG,OFG Bancorp,NYQ,us,russell3000,Banks,ft_icb_native,2026-01-31,Financials,Banks,ft_native_v2,ft_index_membership_filtered,0.95,high,2026-01-31,https://markets.ft.com/data/equities/tearsheet/summary?s=OFG:NYQ,2026-01-31T00:00:00+00:00,ft-us-2026-01-31,2026-01-31,,True
2026-01-31,US:OFIX:NSQ,US:OFIX,OFIX:NSQ,OFIX,Orthofix Medical Inc,NASDAQ,us,russell3000,Medical Equipment and Services,ft_icb_native,2026-01-31,Health Care,Medical Equipment and Services,ft_native_v2,ft_index_membership_filtered,0.95,high,2026-01-31,https://markets.ft.com/data/equities/tearsheet/summary?s=OFIX:NSQ,2026-01-31T00:00:00+00:00,ft-us-2026-01-31,2026-01-31,,True
2026-01-31,US:OFLX:NMQ,US:OFLX,OFLX:NMQ,OFLX,Omega Flex Inc,NMQ,us,russell3000,Industrial Metals and Mining,ft_icb_native,2026-01-31,Industrials,Industrial Metals and Mining,ft_native_v2,ft_index_membership_filtered,0.95,high,2026-01-31,https://markets.ft.com/data/equities/tearsheet/summary?s=OFLX:NMQ,2026-01-31T00:00:00+00:00,ft-us-2026-01-31,2026-01-31,,True
2026-01-31,US:OGE:NYQ,US:OGE,OGE:NYQ,OGE,OGE Energy Corp,NYQ,us,russell3000,Electricity,ft_icb_native,2026-01-31,Utilities,Electricity,ft_native_v2,ft_index_membership_filtered,0.95,high,2026-01-31,https://markets.ft.com/data/equities/tearsheet/summary?s=OGE:NYQ,2026-01-31T00:00:00+00:00,ft-us-2026-01-31,2026-01-31,,True
2026-01-31,US:OGN:NYS,US:OGN,OGN:NYS,OGN,Organon & Co,NYSE,us,russell3000,Pharmaceuticals and Biotechnology,ft_icb_native,2026-01-31,Health Care,Pharmaceuticals and Biotechnology,ft_native_v2,ft_index_membership_filtered,0.95,high,2026-01-31,https://markets.ft.com/data/equities/tearsheet/summary?s=OGN:NYS,2026-01-31T00:00:00+00:00,ft-us-2026-01-31,2026-01-31,,True
2026-01-31,US:OGS:NYS,US:OGS,OGS:NYS,OGS,ONE Gas Inc,NYSE,us,russell3000,"Gas, Water and Multi-utilities",ft_icb_native,2026-01-31,Utilities,"Gas, Water and Multi-utilities",ft_native_v2,ft_index_membership_filtered,0.95,high,2026-01-31,https://markets.ft.com/data/equities/tearsheet/summary?s=OGS:NYS,2026-01-31T00:00:00+00:00,ft-us-2026-01-31,2026-01-31,,True
2026-01-31,US:OHI:NYQ,US:OHI,OHI:NYQ,OHI,Omega Healthcare Investors Inc,NYQ,us,russell3000,Real Estate Investment Trusts,ft_icb_native,2026-01-31,Real Estate,Real Estate Investment Trusts,ft_native_v2,ft_index_membership_filtered,0.95,high,2026-01-31,https://markets.ft.com/data/equities/tearsheet/summary?s=OHI:NYQ,2026-01-31T00:00:00+00:00,ft-us-2026-01-31,2026-01-31,,True
2026-01-31,US:OI:NYQ,US:OI,OI:NYQ,OI,O-I Glass Inc,NYQ,us,russell3000,General Industrials,ft_icb_native,2026-01-31,Basic Materials,General Industrials,ft_native_v2,ft_index_membership_filtered,0.95,high,2026-01-31,https://markets.ft.com/data/equities/tearsheet/summary?s=OI:NYQ,2026-01-31T00:00:00+00:00,ft-us-2026-01-31,2026-01-31,,True
2026-01-31,US:OII:NYQ,US:OII,OII:NYQ,OII,Oceaneering International Inc,NYQ,us,russell3000,"Oil, Gas and Coal",ft_icb_native,2026-01-31,Energy,"Oil, Gas and Coal",ft_native_v2,ft_index_membership_filtered,0.95,high,2026-01-31,https://markets.ft.com/data/equities/tearsheet/summary?s=OII:NYQ,2026-01-31T00:00:00+00:00,ft-us-2026-01-31,2026-01-31,,True
2026-01-31,US:OIS:NYQ,US:OIS,OIS:NYQ,OIS,Oil States International Inc,NYQ,us,russell3000,"Oil, Gas and Coal",ft_icb_native,2026-01-31,Energy,"Oil, Gas and Coal",ft_native_v2,ft_index_membership_filtered,0.95,high,2026-01-31,https://markets.ft.com/data/equities/tearsheet/summary?s=OIS:NYQ,2026-01-31T00:00:00+00:00,ft-us-2026-01-31,2026-01-31,,True
2026-01-31,US:OKE:NYQ,US:OKE,OKE:NYQ,OKE,ONEOK Inc,NYQ,us,russell3000,"Oil, Gas and Coal",ft_icb_native,2026-01-31,Energy,"Oil, Gas and Coal",ft_native_v2,ft_index_membership_filtered,0.95,high,2026-01-31,https://markets.ft.com/data/equities/tearsheet/summary?s=OKE:NYQ,2026-01-31T00:00:00+00:00,ft-us-2026-01-31,2026-01-31,,True
2026-01-31,US:OKLO:NYQ,US:OKLO,OKLO:NYQ,OKLO,Oklo Inc,NYQ,us,russell3000,Electricity,ft_icb_native,2026-01-31,Utilities,Electricity,ft_native_v2,ft_index_membership_filtered,0.95,high,2026-01-31,https://markets.ft.com/data/equities/tearsheet/summary?s=OKLO:NYQ,2026-01-31T00:00:00+00:00,ft-us-2026-01-31,2026-01-31,,True
2026-01-31,US:OKTA:NSQ,US:OKTA,OKTA:NSQ,OKTA,Okta Inc,NASDAQ,us,russell3000,Technology,ft_icb_native,2026-01-31,Technology,Technology,ft_native_v2,ft_index_membership_filtered,0.95,high,2026-01-31,https://markets.ft.com/data/equities/tearsheet/summary?s=OKTA:NSQ,2026-01-31T00:00:00+00:00,ft-us-2026-01-31,2026-01-31,,True
2026-01-31,US:OLED:NSQ,US:OLED,OLED:NSQ,OLED,Universal Display Corp,NASDAQ,us,russell3000,Technology Hardware and Equipment,ft_icb_native,2026-01-31,Technology,Technology Hardware and Equipment,ft_native_v2,ft_index_membership_filtered,0.95,high,2026-01-31,https://markets.ft.com/data/equities/tearsheet/summary?s=OLED:NSQ,2026-01-31T00:00:00+00:00,ft-us-2026-01-31,2026-01-31,,True
2026-01-31,US:OLLI:NMQ,US:OLLI,OLLI:NMQ,OLLI,Ollie's Bargain Outlet Holdings Inc,NMQ,us,russell3000,Consumer Discretionary,ft_icb_native,2026-01-31,Consumer Discretionary,Consumer Discretionary,ft_native_v2,ft_index_membership_filtered,0.95,high,2026-01-31,https://markets.ft.com/data/equities/tearsheet/summary?s=OLLI:NMQ,2026-01-31T00:00:00+00:00,ft-us-2026-01-31,2026-01-31,,True
2026-01-31,US:OLMA:NSQ,US:OLMA,OLMA:NSQ,OLMA,Olema Pharmaceuticals Inc,NASDAQ,us,russell3000,Pharmaceuticals and Biotechnology,ft_icb_native,2026-01-31,Health Care,Pharmaceuticals and Biotechnology,ft_native_v2,ft_index_membership_filtered_level3_fallback,0.65,medium,2026-01-31,https://markets.ft.com/data/equities/tearsheet/summary?s=OLMA:NSQ,2026-01-31T00:00:00+00:00,ft-us-2026-01-31,2026-01-31,,True
2026-01-31,US:OLN:NYQ,US:OLN,OLN:NYQ,OLN,Olin Corp,NYQ,us,russell3000,Chemicals,ft_icb_native,2026-01-31,Basic Materials,Chemicals,ft_native_v2,ft_index_membership_filtered,0.95,high,2026-01-31,https://markets.ft.com/data/equities/tearsheet/summary?s=OLN:NYQ,2026-01-31T00:00:00+00:00,ft-us-2026-01-31,2026-01-31,,True
2026-01-31,US:OLP:NYQ,US:OLP,OLP:NYQ,OLP,One Liberty Properties Inc,NYQ,us,russell3000,Real Estate Investment Trusts,ft_icb_native,2026-01-31,Real Estate,Real Estate Investment Trusts,ft_native_v2,ft_index_membership_filtered,0.95,high,2026-01-31,https://markets.ft.com/data/equities/tearsheet/summary?s=OLP:NYQ,2026-01-31T00:00:00+00:00,ft-us-2026-01-31,2026-01-31,,True
2026-01-31,US:OLPX:NSQ,US:OLPX,OLPX:NSQ,OLPX,Olaplex Holdings Inc,NASDAQ,us,russell3000,"Personal Care, Drug and Grocery Stores",ft_icb_native,2026-01-31,Consumer Staples,"Personal Care, Drug and Grocery Stores",ft_native_v2,ft_index_membership_filtered,0.95,high,2026-01-31,https://markets.ft.com/data/equities/tearsheet/summary?s=OLPX:NSQ,2026-01-31T00:00:00+00:00,ft-us-2026-01-31,2026-01-31,,True
2026-01-31,US:OMC:NYQ,US:OMC,OMC:NYQ,OMC,Omnicom Group Inc,NYQ,us,russell3000,Media,ft_icb_native,2026-01-31,Telecommunications,Media,ft_native_v2,ft_index_membership_filtered,0.95,high,2026-01-31,https://markets.ft.com/data/equities/tearsheet/summary?s=OMC:NYQ,2026-01-31T00:00:00+00:00,ft-us-2026-01-31,2026-01-31,,True
2026-01-31,US:OMCL:NSQ,US:OMCL,OMCL:NSQ,OMCL,Omnicell Inc,NASDAQ,us,russell3000,Medical Equipment and Services,ft_icb_native,2026-01-31,Health Care,Medical Equipment and Services,ft_native_v2,ft_index_membership_filtered,0.95,high,2026-01-31,https://markets.ft.com/data/equities/tearsheet/summary?s=OMCL:NSQ,2026-01-31T00:00:00+00:00,ft-us-2026-01-31,2026-01-31,,True
2026-01-31,US:OMER:NMQ,US:OMER,OMER:NMQ,OMER,Omeros Corp,NMQ,us,russell3000,Pharmaceuticals and Biotechnology,ft_icb_native,2026-01-31,Health Care,Pharmaceuticals and Biotechnology,ft_native_v2,ft_index_membership_filtered,0.95,high,2026-01-31,https://markets.ft.com/data/equities/tearsheet/summary?s=OMER:NMQ,2026-01-31T00:00:00+00:00,ft-us-2026-01-31,2026-01-31,,True
2026-01-31,US:OMF:NYQ,US:OMF,OMF:NYQ,OMF,OneMain Holdings Inc,NYQ,us,russell3000,Finance and Credit Services,ft_icb_native,2026-01-31,Financials,Finance and Credit Services,ft_native_v2,ft_index_membership_filtered,0.95,high,2026-01-31,https://markets.ft.com/data/equities/tearsheet/summary?s=OMF:NYQ,2026-01-31T00:00:00+00:00,ft-us-2026-01-31,2026-01-31,,True
2026-01-31,US:ON:NSQ,US:ON,ON:NSQ,ON,ON Semiconductor Corp,NASDAQ,us,russell3000,Technology Hardware and Equipment,ft_icb_native,2026-01-31,Technology,Technology Hardware and Equipment,ft_native_v2,ft_index_membership_filtered,0.95,high,2026-01-31,https://markets.ft.com/data/equities/tearsheet/summary?s=ON:NSQ,2026-01-31T00:00:00+00:00,ft-us-2026-01-31,2026-01-31,,True
2026-01-31,US:ONB:NSQ,US:ONB,ONB:NSQ,ONB,Old National Bancorp,NASDAQ,us,russell3000,Banks,ft_icb_native,2026-01-31,Financials,Banks,ft_native_v2,ft_index_membership_filtered,0.95,high,2026-01-31,https://markets.ft.com/data/equities/tearsheet/summary?s=ONB:NSQ,2026-01-31T00:00:00+00:00,ft-us-2026-01-31,2026-01-31,,True
2026-01-31,US:ONEW:NMQ,US:ONEW,ONEW:NMQ,ONEW,OneWater Marine Inc,NMQ,us,russell3000,Consumer Discretionary,ft_icb_native,2026-01-31,Consumer Discretionary,Consumer Discretionary,ft_native_v2,ft_index_membership_filtered,0.95,high,2026-01-31,https://markets.ft.com/data/equities/tearsheet/summary?s=ONEW:NMQ,2026-01-31T00:00:00+00:00,ft-us-2026-01-31,2026-01-31,,True
2026-01-31,US:ONIT:NYQ,US:ONIT,ONIT:NYQ,ONIT,Onity Group Inc,NYQ,us,russell3000,Finance and Credit Services,ft_icb_native,2026-01-31,Financials,Finance and Credit Services,ft_native_v2,ft_index_membership_filtered,0.95,high,2026-01-31,https://markets.ft.com/data/equities/tearsheet/summary?s=ONIT:NYQ,2026-01-31T00:00:00+00:00,ft-us-2026-01-31,2026-01-31,,True
2026-01-31,US:ONON:NYS,US:ONON,ONON:NYS,ONON,On Holding Ltd,NYSE,us,russell3000,Personal Goods,ft_icb_native,2026-01-31,Consumer Discretionary,Personal Goods,ft_native_v2,ft_index_membership_filtered,0.95,high,2026-01-31,https://markets.ft.com/data/equities/tearsheet/summary?s=ONON:NYS,2026-01-31T00:00:00+00:00,ft-us-2026-01-31,2026-01-31,,True
2026-01-31,US:ONTF:NYQ,US:ONTF,ONTF:NYQ,ONTF,ON24 Inc,NYQ,us,russell3000,Technology,ft_icb_native,2026-01-31,Technology,Technology,ft_native_v2,ft_index_membership_filtered,0.95,high,2026-01-31,https://markets.ft.com/data/equities/tearsheet/summary?s=ONTF:NYQ,2026-01-31T00:00:00+00:00,ft-us-2026-01-31,2026-01-31,,True
2026-01-31,US:ONTO:NYQ,US:ONTO,ONTO:NYQ,ONTO,Onto Innovation Inc,NYQ,us,russell3000,Technology Hardware and Equipment,ft_icb_native,2026-01-31,Technology,Technology Hardware and Equipment,ft_native_v2,ft_index_membership_filtered,0.95,high,2026-01-31,https://markets.ft.com/data/equities/tearsheet/summary?s=ONTO:NYQ,2026-01-31T00:00:00+00:00,ft-us-2026-01-31,2026-01-31,,True
2026-01-31,US:OOMA:NYQ,US:OOMA,OOMA:NYQ,OOMA,Ooma Inc,NYQ,us,russell3000,Telecommunications Service Providers,ft_icb_native,2026-01-31,Technology,Telecommunications Service Providers,ft_native_v2,ft_index_membership_filtered,0.95,high,2026-01-31,https://markets.ft.com/data/equities/tearsheet/summary?s=OOMA:NYQ,2026-01-31T00:00:00+00:00,ft-us-2026-01-31,2026-01-31,,True
2026-01-31,US:OPCH:NSQ,US:OPCH,OPCH:NSQ,OPCH,Option Care Health Inc,NASDAQ,us,russell3000,Pharmaceuticals and Biotechnology,ft_icb_native,2026-01-31,Health Care,Pharmaceuticals and Biotechnology,ft_native_v2,ft_index_membership_filtered_level3_fallback,0.65,medium,2026-01-31,https://markets.ft.com/data/equities/tearsheet/summary?s=OPCH:NSQ,2026-01-31T00:00:00+00:00,ft-us-2026-01-31,2026-01-31,,True
2026-01-31,US:OPRX:NAQ,US:OPRX,OPRX:NAQ,OPRX,OptimizeRx Corp,NAQ,us,russell3000,Health Care Providers,ft_icb_native,2026-01-31,Health Care,Health Care Providers,ft_native_v2,ft_index_membership_filtered,0.95,high,2026-01-31,https://markets.ft.com/data/equities/tearsheet/summary?s=OPRX:NAQ,2026-01-31T00:00:00+00:00,ft-us-2026-01-31,2026-01-31,,True
2026-01-31,US:OPTU:NYQ,US:OPTU,OPTU:NYQ,OPTU,Optimum Communications Inc,NYQ,us,russell3000,Telecommunications Service Providers,ft_icb_native,2026-01-31,Telecommunications,Telecommunications Service Providers,ft_native_v2,ft_index_membership_filtered,0.95,high,2026-01-31,https://markets.ft.com/data/equities/tearsheet/summary?s=OPTU:NYQ,2026-01-31T00:00:00+00:00,ft-us-2026-01-31,2026-01-31,,True
2026-01-31,US:ORA:NYQ,US:ORA,ORA:NYQ,ORA,Ormat Technologies Inc,NYQ,us,russell3000,Electricity,ft_icb_native,2026-01-31,Utilities,Electricity,ft_native_v2,ft_index_membership_filtered,0.95,high,2026-01-31,https://markets.ft.com/data/equities/tearsheet/summary?s=ORA:NYQ,2026-01-31T00:00:00+00:00,ft-us-2026-01-31,2026-01-31,,True
2026-01-31,US:ORC:NYQ,US:ORC,ORC:NYQ,ORC,Orchid Island Capital Inc,NYQ,us,russell3000,Mortgage Real Estate Investment Trusts,ft_icb_native,2026-01-31,Financials,Mortgage Real Estate Investment Trusts,ft_native_v2,ft_index_membership_filtered,0.95,high,2026-01-31,https://markets.ft.com/data/equities/tearsheet/summary?s=ORC:NYQ,2026-01-31T00:00:00+00:00,ft-us-2026-01-31,2026-01-31,,True
2026-01-31,US:ORCL:NYQ,US:ORCL,ORCL:NYQ,ORCL,Oracle Corp,NYQ,us,russell3000,Technology,ft_icb_native,2026-01-31,Technology,Technology,ft_native_v2,ft_index_membership_filtered,0.95,high,2026-01-31,https://markets.ft.com/data/equities/tearsheet/summary?s=ORCL:NYQ,2026-01-31T00:00:00+00:00,ft-us-2026-01-31,2026-01-31,,True
2026-01-31,US:ORGO:NAQ,US:ORGO,ORGO:NAQ,ORGO,Organogenesis Holdings Inc,NAQ,us,russell3000,Medical Equipment and Services,ft_icb_native,2026-01-31,Health Care,Medical Equipment and Services,ft_native_v2,ft_index_membership_filtered,0.95,high,2026-01-31,https://markets.ft.com/data/equities/tearsheet/summary?s=ORGO:NAQ,2026-01-31T00:00:00+00:00,ft-us-2026-01-31,2026-01-31,,True
2026-01-31,US:ORI:NYQ,US:ORI,ORI:NYQ,ORI,Old Republic International Corp,NYQ,us,russell3000,Non-life Insurance,ft_icb_native,2026-01-31,Financials,Non-life Insurance,ft_native_v2,ft_index_membership_filtered,0.95,high,2026-01-31,https://markets.ft.com/data/equities/tearsheet/summary?s=ORI:NYQ,2026-01-31T00:00:00+00:00,ft-us-2026-01-31,2026-01-31,,True
2026-01-31,US:ORIC:NSQ,US:ORIC,ORIC:NSQ,ORIC,Oric Pharmaceuticals Inc,NASDAQ,us,russell3000,Pharmaceuticals and Biotechnology,ft_icb_native,2026-01-31,Health Care,Pharmaceuticals and Biotechnology,ft_native_v2,ft_index_membership_filtered,0.95,high,2026-01-31,https://markets.ft.com/data/equities/tearsheet/summary?s=ORIC:NSQ,2026-01-31T00:00:00+00:00,ft-us-2026-01-31,2026-01-31,,True
2026-01-31,US:ORKA:NMQ,US:ORKA,ORKA:NMQ,ORKA,Oruka Therapeutics Inc,NMQ,us,russell3000,Pharmaceuticals and Biotechnology,ft_icb_native,2026-01-31,Health Care,Pharmaceuticals and Biotechnology,ft_native_v2,ft_index_membership_filtered,0.95,high,2026-01-31,https://markets.ft.com/data/equities/tearsheet/summary?s=ORKA:NMQ,2026-01-31T00:00:00+00:00,ft-us-2026-01-31,2026-01-31,,True
2026-01-31,US:ORLY:NSQ,US:ORLY,ORLY:NSQ,ORLY,O'Reilly Automotive Inc,NASDAQ,us,russell3000,Consumer Discretionary,ft_icb_native,2026-01-31,Consumer Discretionary,Consumer Discretionary,ft_native_v2,ft_index_membership_filtered,0.95,high,2026-01-31,https://markets.ft.com/data/equities/tearsheet/summary?s=ORLY:NSQ,2026-01-31T00:00:00+00:00,ft-us-2026-01-31,2026-01-31,,True
2026-01-31,US:ORRF:NAQ,US:ORRF,ORRF:NAQ,ORRF,Orrstown Financial Services Inc,NAQ,us,russell3000,Banks,ft_icb_native,2026-01-31,Financials,Banks,ft_native_v2,ft_index_membership_filtered,0.95,high,2026-01-31,https://markets.ft.com/data/equities/tearsheet/summary?s=ORRF:NAQ,2026-01-31T00:00:00+00:00,ft-us-2026-01-31,2026-01-31,,True
2026-01-31,US:OSBC:NSQ,US:OSBC,OSBC:NSQ,OSBC,Old Second Bancorp Inc,NASDAQ,us,russell3000,Banks,ft_icb_native,2026-01-31,Financials,Banks,ft_native_v2,ft_index_membership_filtered,0.95,high,2026-01-31,https://markets.ft.com/data/equities/tearsheet/summary?s=OSBC:NSQ,2026-01-31T00:00:00+00:00,ft-us-2026-01-31,2026-01-31,,True
2026-01-31,US:OSCR:NYQ,US:OSCR,OSCR:NYQ,OSCR,Oscar Health Inc,NYQ,us,russell3000,Life Insurance,ft_icb_native,2026-01-31,Financials,Life Insurance,ft_native_v2,ft_index_membership_filtered,0.95,high,2026-01-31,https://markets.ft.com/data/equities/tearsheet/summary?s=OSCR:NYQ,2026-01-31T00:00:00+00:00,ft-us-2026-01-31,2026-01-31,,True
2026-01-31,US:OSG:NYS,US:OSG,OSG:NYS,OSG,Octave Specialty Group Inc,NYSE,us,russell3000,Non-life Insurance,ft_icb_native,2026-01-31,Financials,Non-life Insurance,ft_native_v2,ft_index_membership_filtered,0.95,high,2026-01-31,https://markets.ft.com/data/equities/tearsheet/summary?s=OSG:NYS,2026-01-31T00:00:00+00:00,ft-us-2026-01-31,2026-01-31,,True
2026-01-31,US:OSIS:NSQ,US:OSIS,OSIS:NSQ,OSIS,OSI Systems Inc,NASDAQ,us,russell3000,Electronic and Electrical Equipment,ft_icb_native,2026-01-31,Technology,Electronic and Electrical Equipment,ft_native_v2,ft_index_membership_filtered,0.95,high,2026-01-31,https://markets.ft.com/data/equities/tearsheet/summary?s=OSIS:NSQ,2026-01-31T00:00:00+00:00,ft-us-2026-01-31,2026-01-31,,True
2026-01-31,US:OSK:NYQ,US:OSK,OSK:NYQ,OSK,Oshkosh Corp,NYQ,us,russell3000,Industrial Transportation,ft_icb_native,2026-01-31,Industrials,Industrial Transportation,ft_native_v2,ft_index_membership_filtered,0.95,high,2026-01-31,https://markets.ft.com/data/equities/tearsheet/summary?s=OSK:NYQ,2026-01-31T00:00:00+00:00,ft-us-2026-01-31,2026-01-31,,True
2026-01-31,US:OSPN:NAQ,US:OSPN,OSPN:NAQ,OSPN,OneSpan Inc,NAQ,us,russell3000,Technology,ft_icb_native,2026-01-31,Technology,Technology,ft_native_v2,ft_index_membership_filtered,0.95,high,2026-01-31,https://markets.ft.com/data/equities/tearsheet/summary?s=OSPN:NAQ,2026-01-31T00:00:00+00:00,ft-us-2026-01-31,2026-01-31,,True
2026-01-31,US:OSUR:NSQ,US:OSUR,OSUR:NSQ,OSUR,OraSure Technologies Inc,NASDAQ,us,russell3000,Medical Equipment and Services,ft_icb_native,2026-01-31,Health Care,Medical Equipment and Services,ft_native_v2,ft_index_membership_filtered,0.95,high,2026-01-31,https://markets.ft.com/data/equities/tearsheet/summary?s=OSUR:NSQ,2026-01-31T00:00:00+00:00,ft-us-2026-01-31,2026-01-31,,True
2026-01-31,US:OSW:NAQ,US:OSW,OSW:NAQ,OSW,Onespaworld Holdings Ltd,NAQ,us,russell3000,Travel and Leisure,ft_icb_native,2026-01-31,Consumer Discretionary,Travel and Leisure,ft_native_v2,ft_index_membership_filtered,0.95,high,2026-01-31,https://markets.ft.com/data/equities/tearsheet/summary?s=OSW:NAQ,2026-01-31T00:00:00+00:00,ft-us-2026-01-31,2026-01-31,,True
2026-01-31,US:OTIS:NYQ,US:OTIS,OTIS:NYQ,OTIS,Otis Worldwide Corp,NYQ,us,russell3000,Industrial Engineering,ft_icb_native,2026-01-31,Industrials,Industrial Engineering,ft_native_v2,ft_index_membership_filtered,0.95,high,2026-01-31,https://markets.ft.com/data/equities/tearsheet/summary?s=OTIS:NYQ,2026-01-31T00:00:00+00:00,ft-us-2026-01-31,2026-01-31,,True
2026-01-31,US:OTTR:NSQ,US:OTTR,OTTR:NSQ,OTTR,Otter Tail Corp,NASDAQ,us,russell3000,General Industrials,ft_icb_native,2026-01-31,Utilities,General Industrials,ft_native_v2,ft_index_membership_filtered,0.95,high,2026-01-31,https://markets.ft.com/data/equities/tearsheet/summary?s=OTTR:NSQ,2026-01-31T00:00:00+00:00,ft-us-2026-01-31,2026-01-31,,True
2026-01-31,US:OUST:NSQ,US:OUST,OUST:NSQ,OUST,Ouster Inc,NASDAQ,us,russell3000,Technology Hardware and Equipment,ft_icb_native,2026-01-31,Technology,Technology Hardware and Equipment,ft_native_v2,ft_index_membership_filtered,0.95,high,2026-01-31,https://markets.ft.com/data/equities/tearsheet/summary?s=OUST:NSQ,2026-01-31T00:00:00+00:00,ft-us-2026-01-31,2026-01-31,,True
2026-01-31,US:OUT:NYQ,US:OUT,OUT:NYQ,OUT,OUTFRONT Media Inc,NYQ,us,russell3000,Real Estate Investment Trusts,ft_icb_native,2026-01-31,Real Estate,Real Estate Investment Trusts,ft_native_v2,ft_index_membership_filtered,0.95,high,2026-01-31,https://markets.ft.com/data/equities/tearsheet/summary?s=OUT:NYQ,2026-01-31T00:00:00+00:00,ft-us-2026-01-31,2026-01-31,,True
2026-01-31,US:OVV:NYQ,US:OVV,OVV:NYQ,OVV,Ovintiv Inc,NYQ,us,russell3000,"Oil, Gas and Coal",ft_icb_native,2026-01-31,Energy,"Oil, Gas and Coal",ft_native_v2,ft_index_membership_filtered,0.95,high,2026-01-31,https://markets.ft.com/data/equities/tearsheet/summary?s=OVV:NYQ,2026-01-31T00:00:00+00:00,ft-us-2026-01-31,2026-01-31,,True
2026-01-31,US:OWL:NYS,US:OWL,OWL:NYS,OWL,Blue Owl Capital Inc,NYSE,us,russell3000,Investment Banking and Brokerage Services,ft_icb_native,2026-01-31,Financials,Investment Banking and Brokerage Services,ft_native_v2,ft_index_membership_filtered,0.95,high,2026-01-31,https://markets.ft.com/data/equities/tearsheet/summary?s=OWL:NYS,2026-01-31T00:00:00+00:00,ft-us-2026-01-31,2026-01-31,,True
2026-01-31,US:OXM:NYQ,US:OXM,OXM:NYQ,OXM,Oxford Industries Inc,NYQ,us,russell3000,Personal Goods,ft_icb_native,2026-01-31,Consumer Discretionary,Personal Goods,ft_native_v2,ft_index_membership_filtered,0.95,high,2026-01-31,https://markets.ft.com/data/equities/tearsheet/summary?s=OXM:NYQ,2026-01-31T00:00:00+00:00,ft-us-2026-01-31,2026-01-31,,True
2026-01-31,US:OXY:NYQ,US:OXY,OXY:NYQ,OXY,Occidental Petroleum Corp,NYQ,us,russell3000,"Oil, Gas and Coal",ft_icb_native,2026-01-31,Energy,"Oil, Gas and Coal",ft_native_v2,ft_index_membership_filtered,0.95,high,2026-01-31,https://markets.ft.com/data/equities/tearsheet/summary?s=OXY:NYQ,2026-01-31T00:00:00+00:00,ft-us-2026-01-31,2026-01-31,,True
2026-01-31,US:OZK:NSQ,US:OZK,OZK:NSQ,OZK,Bank Ozk,NASDAQ,us,russell3000,Banks,ft_icb_native,2026-01-31,Financials,Banks,ft_native_v2,ft_index_membership_filtered,0.95,high,2026-01-31,https://markets.ft.com/data/equities/tearsheet/summary?s=OZK:NSQ,2026-01-31T00:00:00+00:00,ft-us-2026-01-31,2026-01-31,,True
2026-01-31,US:PACB:NSQ,US:PACB,PACB:NSQ,PACB,Pacific Biosciences of California Inc,NASDAQ,us,russell3000,Pharmaceuticals and Biotechnology,ft_icb_native,2026-01-31,Health Care,Pharmaceuticals and Biotechnology,ft_native_v2,ft_index_membership_filtered,0.95,high,2026-01-31,https://markets.ft.com/data/equities/tearsheet/summary?s=PACB:NSQ,2026-01-31T00:00:00+00:00,ft-us-2026-01-31,2026-01-31,,True
2026-01-31,US:PACK:NYS,US:PACK,PACK:NYS,PACK,Ranpak Holdings Corp,NYSE,us,russell3000,General Industrials,ft_icb_native,2026-01-31,Industrials,General Industrials,ft_native_v2,ft_index_membership_filtered,0.95,high,2026-01-31,https://markets.ft.com/data/equities/tearsheet/summary?s=PACK:NYS,2026-01-31T00:00:00+00:00,ft-us-2026-01-31,2026-01-31,,True
2026-01-31,US:PACS:NYQ,US:PACS,PACS:NYQ,PACS,Pacs Group Inc,NYQ,us,russell3000,Health Care Providers,ft_icb_native,2026-01-31,Health Care,Health Care Providers,ft_native_v2,ft_index_membership_filtered,0.95,high,2026-01-31,https://markets.ft.com/data/equities/tearsheet/summary?s=PACS:NYQ,2026-01-31T00:00:00+00:00,ft-us-2026-01-31,2026-01-31,,True
2026-01-31,US:PAG:NYQ,US:PAG,PAG:NYQ,PAG,Penske Automotive Group Inc,NYQ,us,russell3000,Consumer Discretionary,ft_icb_native,2026-01-31,Consumer Discretionary,Consumer Discretionary,ft_native_v2,ft_index_membership_filtered,0.95,high,2026-01-31,https://markets.ft.com/data/equities/tearsheet/summary?s=PAG:NYQ,2026-01-31T00:00:00+00:00,ft-us-2026-01-31,2026-01-31,,True
2026-01-31,US:PAHC:NMQ,US:PAHC,PAHC:NMQ,PAHC,Phibro Animal Health Corp,NMQ,us,russell3000,Pharmaceuticals and Biotechnology,ft_icb_native,2026-01-31,Health Care,Pharmaceuticals and Biotechnology,ft_native_v2,ft_index_membership_filtered,0.95,high,2026-01-31,https://markets.ft.com/data/equities/tearsheet/summary?s=PAHC:NMQ,2026-01-31T00:00:00+00:00,ft-us-2026-01-31,2026-01-31,,True
2026-01-31,US:PANL:NAQ,US:PANL,PANL:NAQ,PANL,Pangaea Logistics Solutions Ltd,NAQ,us,russell3000,Industrial Transportation,ft_icb_native,2026-01-31,Industrials,Industrial Transportation,ft_native_v2,ft_index_membership_filtered,0.95,high,2026-01-31,https://markets.ft.com/data/equities/tearsheet/summary?s=PANL:NAQ,2026-01-31T00:00:00+00:00,ft-us-2026-01-31,2026-01-31,,True
2026-01-31,US:PANW:NSQ,US:PANW,PANW:NSQ,PANW,Palo Alto Networks Inc,NASDAQ,us,russell3000,Technology,ft_icb_native,2026-01-31,Technology,Technology,ft_native_v2,ft_index_membership_filtered,0.95,high,2026-01-31,https://markets.ft.com/data/equities/tearsheet/summary?s=PANW:NSQ,2026-01-31T00:00:00+00:00,ft-us-2026-01-31,2026-01-31,,True
2026-01-31,US:PAR:NYQ,US:PAR,PAR:NYQ,PAR,PAR Technology Corp,NYQ,us,russell3000,Technology Hardware and Equipment,ft_icb_native,2026-01-31,Technology,Technology Hardware and Equipment,ft_native_v2,ft_index_membership_filtered,0.95,high,2026-01-31,https://markets.ft.com/data/equities/tearsheet/summary?s=PAR:NYQ,2026-01-31T00:00:00+00:00,ft-us-2026-01-31,2026-01-31,,True
2026-01-31,US:PARR:NYS,US:PARR,PARR:NYS,PARR,Par Pacific Holdings,NYSE,us,russell3000,"Oil, Gas and Coal",ft_icb_native,2026-01-31,Energy,"Oil, Gas and Coal",ft_native_v2,ft_index_membership_filtered,0.95,high,2026-01-31,https://markets.ft.com/data/equities/tearsheet/summary?s=PARR:NYS,2026-01-31T00:00:00+00:00,ft-us-2026-01-31,2026-01-31,,True
2026-01-31,US:PATH:NYS,US:PATH,PATH:NYS,PATH,UiPath Inc,NYSE,us,russell3000,Technology,ft_icb_native,2026-01-31,Technology,Technology,ft_native_v2,ft_index_membership_filtered,0.95,high,2026-01-31,https://markets.ft.com/data/equities/tearsheet/summary?s=PATH:NYS,2026-01-31T00:00:00+00:00,ft-us-2026-01-31,2026-01-31,,True
2026-01-31,US:PATK:NSQ,US:PATK,PATK:NSQ,PATK,Patrick Industries Inc,NASDAQ,us,russell3000,Construction and Materials,ft_icb_native,2026-01-31,Consumer Discretionary,Construction and Materials,ft_native_v2,ft_index_membership_filtered,0.95,high,2026-01-31,https://markets.ft.com/data/equities/tearsheet/summary?s=PATK:NSQ,2026-01-31T00:00:00+00:00,ft-us-2026-01-31,2026-01-31,,True
2026-01-31,US:PAYC:NYS,US:PAYC,PAYC:NYS,PAYC,Paycom Software Inc,NYSE,us,russell3000,Technology,ft_icb_native,2026-01-31,Technology,Technology,ft_native_v2,ft_index_membership_filtered,0.95,high,2026-01-31,https://markets.ft.com/data/equities/tearsheet/summary?s=PAYC:NYS,2026-01-31T00:00:00+00:00,ft-us-2026-01-31,2026-01-31,,True
2026-01-31,US:PAYO:NMQ,US:PAYO,PAYO:NMQ,PAYO,Payoneer Global Inc,NMQ,us,russell3000,Financial Services,ft_icb_native,2026-01-31,Financials,Financial Services,ft_native_v2,ft_index_membership_filtered_level3_fallback,0.65,medium,2026-01-31,https://markets.ft.com/data/equities/tearsheet/summary?s=PAYO:NMQ,2026-01-31T00:00:00+00:00,ft-us-2026-01-31,2026-01-31,,True
2026-01-31,US:PAYS:NAQ,US:PAYS,PAYS:NAQ,PAYS,Paysign Inc,NAQ,us,russell3000,Industrial Support Services,ft_icb_native,2026-01-31,Financials,Industrial Support Services,ft_native_v2,ft_index_membership_filtered,0.95,high,2026-01-31,https://markets.ft.com/data/equities/tearsheet/summary?s=PAYS:NAQ,2026-01-31T00:00:00+00:00,ft-us-2026-01-31,2026-01-31,,True
2026-01-31,US:PAYX:NSQ,US:PAYX,PAYX:NSQ,PAYX,Paychex Inc,NASDAQ,us,russell3000,Industrial Support Services,ft_icb_native,2026-01-31,Industrials,Industrial Support Services,ft_native_v2,ft_index_membership_filtered,0.95,high,2026-01-31,https://markets.ft.com/data/equities/tearsheet/summary?s=PAYX:NSQ,2026-01-31T00:00:00+00:00,ft-us-2026-01-31,2026-01-31,,True
2026-01-31,US:PB:NYQ,US:PB,PB:NYQ,PB,Prosperity Bancshares Inc,NYQ,us,russell3000,Banks,ft_icb_native,2026-01-31,Financials,Banks,ft_native_v2,ft_index_membership_filtered,0.95,high,2026-01-31,https://markets.ft.com/data/equities/tearsheet/summary?s=PB:NYQ,2026-01-31T00:00:00+00:00,ft-us-2026-01-31,2026-01-31,,True
2026-01-31,US:PBF:NYQ,US:PBF,PBF:NYQ,PBF,PBF Energy Inc,NYQ,us,russell3000,"Oil, Gas and Coal",ft_icb_native,2026-01-31,Energy,"Oil, Gas and Coal",ft_native_v2,ft_index_membership_filtered,0.95,high,2026-01-31,https://markets.ft.com/data/equities/tearsheet/summary?s=PBF:NYQ,2026-01-31T00:00:00+00:00,ft-us-2026-01-31,2026-01-31,,True
2026-01-31,US:PBH:NYQ,US:PBH,PBH:NYQ,PBH,Prestige Consumer Healthcare Inc,NYQ,us,russell3000,Pharmaceuticals and Biotechnology,ft_icb_native,2026-01-31,Health Care,Pharmaceuticals and Biotechnology,ft_native_v2,ft_index_membership_filtered,0.95,high,2026-01-31,https://markets.ft.com/data/equities/tearsheet/summary?s=PBH:NYQ,2026-01-31T00:00:00+00:00,ft-us-2026-01-31,2026-01-31,,True
2026-01-31,US:PBI:NYQ,US:PBI,PBI:NYQ,PBI,Pitney Bowes Inc,NYQ,us,russell3000,Industrial Support Services,ft_icb_native,2026-01-31,Industrials,Industrial Support Services,ft_native_v2,ft_index_membership_filtered,0.95,high,2026-01-31,https://markets.ft.com/data/equities/tearsheet/summary?s=PBI:NYQ,2026-01-31T00:00:00+00:00,ft-us-2026-01-31,2026-01-31,,True
2026-01-31,US:PCAR:NSQ,US:PCAR,PCAR:NSQ,PCAR,Paccar Inc,NASDAQ,us,russell3000,Industrial Transportation,ft_icb_native,2026-01-31,Industrials,Industrial Transportation,ft_native_v2,ft_index_membership_filtered,0.95,high,2026-01-31,https://markets.ft.com/data/equities/tearsheet/summary?s=PCAR:NSQ,2026-01-31T00:00:00+00:00,ft-us-2026-01-31,2026-01-31,,True
2026-01-31,US:PCG:NYQ,US:PCG,PCG:NYQ,PCG,PG&E Corp,NYQ,us,russell3000,Electricity,ft_icb_native,2026-01-31,Utilities,Electricity,ft_native_v2,ft_index_membership_filtered,0.95,high,2026-01-31,https://markets.ft.com/data/equities/tearsheet/summary?s=PCG:NYQ,2026-01-31T00:00:00+00:00,ft-us-2026-01-31,2026-01-31,,True
2026-01-31,US:PCOR:NYS,US:PCOR,PCOR:NYS,PCOR,Procore Technologies Inc,NYSE,us,russell3000,Technology,ft_icb_native,2026-01-31,Technology,Technology,ft_native_v2,ft_index_membership_filtered,0.95,high,2026-01-31,https://markets.ft.com/data/equities/tearsheet/summary?s=PCOR:NYS,2026-01-31T00:00:00+00:00,ft-us-2026-01-31,2026-01-31,,True
2026-01-31,US:PCRX:NSQ,US:PCRX,PCRX:NSQ,PCRX,Pacira Biosciences Inc,NASDAQ,us,russell3000,Pharmaceuticals and Biotechnology,ft_icb_native,2026-01-31,Health Care,Pharmaceuticals and Biotechnology,ft_native_v2,ft_index_membership_filtered,0.95,high,2026-01-31,https://markets.ft.com/data/equities/tearsheet/summary?s=PCRX:NSQ,2026-01-31T00:00:00+00:00,ft-us-2026-01-31,2026-01-31,,True
2026-01-31,US:PCT:NAQ,US:PCT,PCT:NAQ,PCT,Purecycle Technologies Inc,NAQ,us,russell3000,General Industrials,ft_icb_native,2026-01-31,Basic Materials,General Industrials,ft_native_v2,ft_index_membership_filtered,0.95,high,2026-01-31,https://markets.ft.com/data/equities/tearsheet/summary?s=PCT:NAQ,2026-01-31T00:00:00+00:00,ft-us-2026-01-31,2026-01-31,,True
2026-01-31,US:PCTY:NSQ,US:PCTY,PCTY:NSQ,PCTY,Paylocity Holding Corp,NASDAQ,us,russell3000,Industrial Support Services,ft_icb_native,2026-01-31,Industrials,Industrial Support Services,ft_native_v2,ft_index_membership_filtered,0.95,high,2026-01-31,https://markets.ft.com/data/equities/tearsheet/summary?s=PCTY:NSQ,2026-01-31T00:00:00+00:00,ft-us-2026-01-31,2026-01-31,,True
2026-01-31,US:PCVX:NSQ,US:PCVX,PCVX:NSQ,PCVX,Vaxcyte Inc,NASDAQ,us,russell3000,Pharmaceuticals and Biotechnology,ft_icb_native,2026-01-31,Health Care,Pharmaceuticals and Biotechnology,ft_native_v2,ft_index_membership_filtered_level3_fallback,0.65,medium,2026-01-31,https://markets.ft.com/data/equities/tearsheet/summary?s=PCVX:NSQ,2026-01-31T00:00:00+00:00,ft-us-2026-01-31,2026-01-31,,True
2026-01-31,US:PD:NYQ,US:PD,PD:NYQ,PD,PagerDuty Inc,NYQ,us,russell3000,Technology,ft_icb_native,2026-01-31,Technology,Technology,ft_native_v2,ft_index_membership_filtered,0.95,high,2026-01-31,https://markets.ft.com/data/equities/tearsheet/summary?s=PD:NYQ,2026-01-31T00:00:00+00:00,ft-us-2026-01-31,2026-01-31,,True
2026-01-31,US:PDFS:NSQ,US:PDFS,PDFS:NSQ,PDFS,PDF Solutions Inc,NASDAQ,us,russell3000,Technology,ft_icb_native,2026-01-31,Technology,Technology,ft_native_v2,ft_index_membership_filtered,0.95,high,2026-01-31,https://markets.ft.com/data/equities/tearsheet/summary?s=PDFS:NSQ,2026-01-31T00:00:00+00:00,ft-us-2026-01-31,2026-01-31,,True
2026-01-31,US:PDM:NYQ,US:PDM,PDM:NYQ,PDM,Piedmont Realty Trust Inc,NYQ,us,russell3000,Real Estate Investment Trusts,ft_icb_native,2026-01-31,Real Estate,Real Estate Investment Trusts,ft_native_v2,ft_index_membership_filtered,0.95,high,2026-01-31,https://markets.ft.com/data/equities/tearsheet/summary?s=PDM:NYQ,2026-01-31T00:00:00+00:00,ft-us-2026-01-31,2026-01-31,,True
2026-01-31,US:PEB:NYQ,US:PEB,PEB:NYQ,PEB,Pebblebrook Hotel Trust,NYQ,us,russell3000,Real Estate Investment Trusts,ft_icb_native,2026-01-31,Real Estate,Real Estate Investment Trusts,ft_native_v2,ft_index_membership_filtered,0.95,high,2026-01-31,https://markets.ft.com/data/equities/tearsheet/summary?s=PEB:NYQ,2026-01-31T00:00:00+00:00,ft-us-2026-01-31,2026-01-31,,True
2026-01-31,US:PEBO:NSQ,US:PEBO,PEBO:NSQ,PEBO,Peoples Bancorp Inc,NASDAQ,us,russell3000,Banks,ft_icb_native,2026-01-31,Financials,Banks,ft_native_v2,ft_index_membership_filtered,0.95,high,2026-01-31,https://markets.ft.com/data/equities/tearsheet/summary?s=PEBO:NSQ,2026-01-31T00:00:00+00:00,ft-us-2026-01-31,2026-01-31,,True
2026-01-31,US:PECO:NSQ,US:PECO,PECO:NSQ,PECO,Phillips Edison & Co Inc,NASDAQ,us,russell3000,Real Estate Investment Trusts,ft_icb_native,2026-01-31,Real Estate,Real Estate Investment Trusts,ft_native_v2,ft_index_membership_filtered,0.95,high,2026-01-31,https://markets.ft.com/data/equities/tearsheet/summary?s=PECO:NSQ,2026-01-31T00:00:00+00:00,ft-us-2026-01-31,2026-01-31,,True
2026-01-31,US:PEG:NYQ,US:PEG,PEG:NYQ,PEG,Public Service Enterprise Group Inc,NYQ,us,russell3000,Electricity,ft_icb_native,2026-01-31,Utilities,Electricity,ft_native_v2,ft_index_membership_filtered,0.95,high,2026-01-31,https://markets.ft.com/data/equities/tearsheet/summary?s=PEG:NYQ,2026-01-31T00:00:00+00:00,ft-us-2026-01-31,2026-01-31,,True
2026-01-31,US:PEGA:NSQ,US:PEGA,PEGA:NSQ,PEGA,Pegasystems Inc,NASDAQ,us,russell3000,Technology,ft_icb_native,2026-01-31,Technology,Technology,ft_native_v2,ft_index_membership_filtered,0.95,high,2026-01-31,https://markets.ft.com/data/equities/tearsheet/summary?s=PEGA:NSQ,2026-01-31T00:00:00+00:00,ft-us-2026-01-31,2026-01-31,,True
2026-01-31,US:PEN:NYQ,US:PEN,PEN:NYQ,PEN,Penumbra Inc,NYQ,us,russell3000,Medical Equipment and Services,ft_icb_native,2026-01-31,Health Care,Medical Equipment and Services,ft_native_v2,ft_index_membership_filtered,0.95,high,2026-01-31,https://markets.ft.com/data/equities/tearsheet/summary?s=PEN:NYQ,2026-01-31T00:00:00+00:00,ft-us-2026-01-31,2026-01-31,,True
2026-01-31,US:PENG:NSQ,US:PENG,PENG:NSQ,PENG,Penguin Solutions Inc,NASDAQ,us,russell3000,Technology Hardware and Equipment,ft_icb_native,2026-01-31,Technology,Technology Hardware and Equipment,ft_native_v2,ft_index_membership_filtered,0.95,high,2026-01-31,https://markets.ft.com/data/equities/tearsheet/summary?s=PENG:NSQ,2026-01-31T00:00:00+00:00,ft-us-2026-01-31,2026-01-31,,True
2026-01-31,US:PENN:NSQ,US:PENN,PENN:NSQ,PENN,PENN Entertainment Inc,NASDAQ,us,russell3000,Travel and Leisure,ft_icb_native,2026-01-31,Consumer Discretionary,Travel and Leisure,ft_native_v2,ft_index_membership_filtered,0.95,high,2026-01-31,https://markets.ft.com/data/equities/tearsheet/summary?s=PENN:NSQ,2026-01-31T00:00:00+00:00,ft-us-2026-01-31,2026-01-31,,True
2026-01-31,US:PEP:NSQ,US:PEP,PEP:NSQ,PEP,PepsiCo Inc,NASDAQ,us,russell3000,Beverages,ft_icb_native,2026-01-31,Consumer Staples,Beverages,ft_native_v2,ft_index_membership_filtered,0.95,high,2026-01-31,https://markets.ft.com/data/equities/tearsheet/summary?s=PEP:NSQ,2026-01-31T00:00:00+00:00,ft-us-2026-01-31,2026-01-31,,True
2026-01-31,US:PFBC:NSQ,US:PFBC,PFBC:NSQ,PFBC,Preferred Bank,NASDAQ,us,russell3000,Banks,ft_icb_native,2026-01-31,Financials,Banks,ft_native_v2,ft_index_membership_filtered,0.95,high,2026-01-31,https://markets.ft.com/data/equities/tearsheet/summary?s=PFBC:NSQ,2026-01-31T00:00:00+00:00,ft-us-2026-01-31,2026-01-31,,True
2026-01-31,US:PFE:NYQ,US:PFE,PFE:NYQ,PFE,Pfizer Inc,NYQ,us,russell3000,Pharmaceuticals and Biotechnology,ft_icb_native,2026-01-31,Health Care,Pharmaceuticals and Biotechnology,ft_native_v2,ft_index_membership_filtered,0.95,high,2026-01-31,https://markets.ft.com/data/equities/tearsheet/summary?s=PFE:NYQ,2026-01-31T00:00:00+00:00,ft-us-2026-01-31,2026-01-31,,True
2026-01-31,US:PFG:NSQ,US:PFG,PFG:NSQ,PFG,Principal Financial Group Inc,NASDAQ,us,russell3000,Investment Banking and Brokerage Services,ft_icb_native,2026-01-31,Financials,Investment Banking and Brokerage Services,ft_native_v2,ft_index_membership_filtered,0.95,high,2026-01-31,https://markets.ft.com/data/equities/tearsheet/summary?s=PFG:NSQ,2026-01-31T00:00:00+00:00,ft-us-2026-01-31,2026-01-31,,True
2026-01-31,US:PFGC:NYQ,US:PFGC,PFGC:NYQ,PFGC,Performance Food Group Co,NYQ,us,russell3000,"Personal Care, Drug and Grocery Stores",ft_icb_native,2026-01-31,Consumer Staples,"Personal Care, Drug and Grocery Stores",ft_native_v2,ft_index_membership_filtered,0.95,high,2026-01-31,https://markets.ft.com/data/equities/tearsheet/summary?s=PFGC:NYQ,2026-01-31T00:00:00+00:00,ft-us-2026-01-31,2026-01-31,,True
2026-01-31,US:PFIS:NSQ,US:PFIS,PFIS:NSQ,PFIS,Peoples Financial Services Corp,NASDAQ,us,russell3000,Banks,ft_icb_native,2026-01-31,Financials,Banks,ft_native_v2,ft_index_membership_filtered,0.95,high,2026-01-31,https://markets.ft.com/data/equities/tearsheet/summary?s=PFIS:NSQ,2026-01-31T00:00:00+00:00,ft-us-2026-01-31,2026-01-31,,True
2026-01-31,US:PFS:NYQ,US:PFS,PFS:NYQ,PFS,Provident Financial Services Inc,NYQ,us,russell3000,Banks,ft_icb_native,2026-01-31,Financials,Banks,ft_native_v2,ft_index_membership_filtered,0.95,high,2026-01-31,https://markets.ft.com/data/equities/tearsheet/summary?s=PFS:NYQ,2026-01-31T00:00:00+00:00,ft-us-2026-01-31,2026-01-31,,True
2026-01-31,US:PFSI:NYQ,US:PFSI,PFSI:NYQ,PFSI,PennyMac Financial Services Inc,NYQ,us,russell3000,Finance and Credit Services,ft_icb_native,2026-01-31,Financials,Finance and Credit Services,ft_native_v2,ft_index_membership_filtered,0.95,high,2026-01-31,https://markets.ft.com/data/equities/tearsheet/summary?s=PFSI:NYQ,2026-01-31T00:00:00+00:00,ft-us-2026-01-31,2026-01-31,,True
2026-01-31,US:PG:NYQ,US:PG,PG:NYQ,PG,Procter & Gamble Co,NYQ,us,russell3000,"Personal Care, Drug and Grocery Stores",ft_icb_native,2026-01-31,Consumer Staples,"Personal Care, Drug and Grocery Stores",ft_native_v2,ft_index_membership_filtered,0.95,high,2026-01-31,https://markets.ft.com/data/equities/tearsheet/summary?s=PG:NYQ,2026-01-31T00:00:00+00:00,ft-us-2026-01-31,2026-01-31,,True
2026-01-31,US:PGC:NSQ,US:PGC,PGC:NSQ,PGC,Peapack-Gladstone Financial Corp,NASDAQ,us,russell3000,Banks,ft_icb_native,2026-01-31,Financials,Banks,ft_native_v2,ft_index_membership_filtered,0.95,high,2026-01-31,https://markets.ft.com/data/equities/tearsheet/summary?s=PGC:NSQ,2026-01-31T00:00:00+00:00,ft-us-2026-01-31,2026-01-31,,True
2026-01-31,US:PGEN:NSQ,US:PGEN,PGEN:NSQ,PGEN,Precigen Inc,NASDAQ,us,russell3000,Pharmaceuticals and Biotechnology,ft_icb_native,2026-01-31,Health Care,Pharmaceuticals and Biotechnology,ft_native_v2,ft_index_membership_filtered,0.95,high,2026-01-31,https://markets.ft.com/data/equities/tearsheet/summary?s=PGEN:NSQ,2026-01-31T00:00:00+00:00,ft-us-2026-01-31,2026-01-31,,True
2026-01-31,US:PGNY:NSQ,US:PGNY,PGNY:NSQ,PGNY,Progyny Inc,NASDAQ,us,russell3000,Health Care Providers,ft_icb_native,2026-01-31,Health Care,Health Care Providers,ft_native_v2,ft_index_membership_filtered,0.95,high,2026-01-31,https://markets.ft.com/data/equities/tearsheet/summary?s=PGNY:NSQ,2026-01-31T00:00:00+00:00,ft-us-2026-01-31,2026-01-31,,True
2026-01-31,US:PGR:NYQ,US:PGR,PGR:NYQ,PGR,Progressive Corp,NYQ,us,russell3000,Non-life Insurance,ft_icb_native,2026-01-31,Financials,Non-life Insurance,ft_native_v2,ft_index_membership_filtered,0.95,high,2026-01-31,https://markets.ft.com/data/equities/tearsheet/summary?s=PGR:NYQ,2026-01-31T00:00:00+00:00,ft-us-2026-01-31,2026-01-31,,True
2026-01-31,US:PGY:NAQ,US:PGY,PGY:NAQ,PGY,Pagaya Technologies Ltd,NAQ,us,russell3000,Industrial Support Services,ft_icb_native,2026-01-31,Technology,Industrial Support Services,ft_native_v2,ft_index_membership_filtered,0.95,high,2026-01-31,https://markets.ft.com/data/equities/tearsheet/summary?s=PGY:NAQ,2026-01-31T00:00:00+00:00,ft-us-2026-01-31,2026-01-31,,True
2026-01-31,US:PH:NYQ,US:PH,PH:NYQ,PH,Parker-Hannifin Corp,NYQ,us,russell3000,General Industrials,ft_icb_native,2026-01-31,Industrials,General Industrials,ft_native_v2,ft_index_membership_filtered,0.95,high,2026-01-31,https://markets.ft.com/data/equities/tearsheet/summary?s=PH:NYQ,2026-01-31T00:00:00+00:00,ft-us-2026-01-31,2026-01-31,,True
2026-01-31,US:PHAT:NSQ,US:PHAT,PHAT:NSQ,PHAT,Phathom Pharmaceuticals Inc,NASDAQ,us,russell3000,Pharmaceuticals and Biotechnology,ft_icb_native,2026-01-31,Health Care,Pharmaceuticals and Biotechnology,ft_native_v2,ft_index_membership_filtered_level3_fallback,0.65,medium,2026-01-31,https://markets.ft.com/data/equities/tearsheet/summary?s=PHAT:NSQ,2026-01-31T00:00:00+00:00,ft-us-2026-01-31,2026-01-31,,True
2026-01-31,US:PHIN:NYQ,US:PHIN,PHIN:NYQ,PHIN,Phinia Inc,NYQ,us,russell3000,Automobiles and Parts,ft_icb_native,2026-01-31,Consumer Discretionary,Automobiles and Parts,ft_native_v2,ft_index_membership_filtered,0.95,high,2026-01-31,https://markets.ft.com/data/equities/tearsheet/summary?s=PHIN:NYQ,2026-01-31T00:00:00+00:00,ft-us-2026-01-31,2026-01-31,,True
2026-01-31,US:PHM:NYQ,US:PHM,PHM:NYQ,PHM,Pultegroup Inc,NYQ,us,russell3000,Household Goods and Home Construction,ft_icb_native,2026-01-31,Consumer Discretionary,Household Goods and Home Construction,ft_native_v2,ft_index_membership_filtered,0.95,high,2026-01-31,https://markets.ft.com/data/equities/tearsheet/summary?s=PHM:NYQ,2026-01-31T00:00:00+00:00,ft-us-2026-01-31,2026-01-31,,True
2026-01-31,US:PHR:NYQ,US:PHR,PHR:NYQ,PHR,Phreesia Inc,NYQ,us,russell3000,Health Care Providers,ft_icb_native,2026-01-31,Health Care,Health Care Providers,ft_native_v2,ft_index_membership_filtered,0.95,high,2026-01-31,https://markets.ft.com/data/equities/tearsheet/summary?s=PHR:NYQ,2026-01-31T00:00:00+00:00,ft-us-2026-01-31,2026-01-31,,True
2026-01-31,US:PI:NSQ,US:PI,PI:NSQ,PI,Impinj Inc,NASDAQ,us,russell3000,Technology Hardware and Equipment,ft_icb_native,2026-01-31,Technology,Technology Hardware and Equipment,ft_native_v2,ft_index_membership_filtered,0.95,high,2026-01-31,https://markets.ft.com/data/equities/tearsheet/summary?s=PI:NSQ,2026-01-31T00:00:00+00:00,ft-us-2026-01-31,2026-01-31,,True
2026-01-31,US:PII:NYQ,US:PII,PII:NYQ,PII,Polaris Inc,NYQ,us,russell3000,Leisure Goods,ft_icb_native,2026-01-31,Consumer Discretionary,Leisure Goods,ft_native_v2,ft_index_membership_filtered,0.95,high,2026-01-31,https://markets.ft.com/data/equities/tearsheet/summary?s=PII:NYQ,2026-01-31T00:00:00+00:00,ft-us-2026-01-31,2026-01-31,,True
2026-01-31,US:PINS:NYS,US:PINS,PINS:NYS,PINS,Pinterest Inc,NYSE,us,russell3000,Technology,ft_icb_native,2026-01-31,Technology,Technology,ft_native_v2,ft_index_membership_filtered,0.95,high,2026-01-31,https://markets.ft.com/data/equities/tearsheet/summary?s=PINS:NYS,2026-01-31T00:00:00+00:00,ft-us-2026-01-31,2026-01-31,,True
2026-01-31,US:PIPR:NYQ,US:PIPR,PIPR:NYQ,PIPR,Piper Sandler Companies,NYQ,us,russell3000,Investment Banking and Brokerage Services,ft_icb_native,2026-01-31,Financials,Investment Banking and Brokerage Services,ft_native_v2,ft_index_membership_filtered,0.95,high,2026-01-31,https://markets.ft.com/data/equities/tearsheet/summary?s=PIPR:NYQ,2026-01-31T00:00:00+00:00,ft-us-2026-01-31,2026-01-31,,True
2026-01-31,US:PJT:NYQ,US:PJT,PJT:NYQ,PJT,PJT Partners Inc,NYQ,us,russell3000,Investment Banking and Brokerage Services,ft_icb_native,2026-01-31,Financials,Investment Banking and Brokerage Services,ft_native_v2,ft_index_membership_filtered,0.95,high,2026-01-31,https://markets.ft.com/data/equities/tearsheet/summary?s=PJT:NYQ,2026-01-31T00:00:00+00:00,ft-us-2026-01-31,2026-01-31,,True
2026-01-31,US:PK:NYQ,US:PK,PK:NYQ,PK,Park Hotels & Resorts Inc,NYQ,us,russell3000,Real Estate Investment Trusts,ft_icb_native,2026-01-31,Real Estate,Real Estate Investment Trusts,ft_native_v2,ft_index_membership_filtered,0.95,high,2026-01-31,https://markets.ft.com/data/equities/tearsheet/summary?s=PK:NYQ,2026-01-31T00:00:00+00:00,ft-us-2026-01-31,2026-01-31,,True
2026-01-31,US:PKE:NYQ,US:PKE,PKE:NYQ,PKE,Park Aerospace Corp,NYQ,us,russell3000,Aerospace and Defense,ft_icb_native,2026-01-31,Industrials,Aerospace and Defense,ft_native_v2,ft_index_membership_filtered,0.95,high,2026-01-31,https://markets.ft.com/data/equities/tearsheet/summary?s=PKE:NYQ,2026-01-31T00:00:00+00:00,ft-us-2026-01-31,2026-01-31,,True
2026-01-31,US:PKG:NYQ,US:PKG,PKG:NYQ,PKG,Packaging Corp of America,NYQ,us,russell3000,General Industrials,ft_icb_native,2026-01-31,Basic Materials,General Industrials,ft_native_v2,ft_index_membership_filtered,0.95,high,2026-01-31,https://markets.ft.com/data/equities/tearsheet/summary?s=PKG:NYQ,2026-01-31T00:00:00+00:00,ft-us-2026-01-31,2026-01-31,,True
2026-01-31,US:PKST:NYQ,US:PKST,PKST:NYQ,PKST,Peakstone Realty Trust,NYQ,us,russell3000,Real Estate Investment Trusts,ft_icb_native,2026-01-31,Real Estate,Real Estate Investment Trusts,ft_native_v2,ft_index_membership_filtered,0.95,high,2026-01-31,https://markets.ft.com/data/equities/tearsheet/summary?s=PKST:NYQ,2026-01-31T00:00:00+00:00,ft-us-2026-01-31,2026-01-31,,True
2026-01-31,US:PL:NYS,US:PL,PL:NYS,PL,Planet Labs PBC,NYSE,us,russell3000,Aerospace and Defense,ft_icb_native,2026-01-31,Industrials,Aerospace and Defense,ft_native_v2,ft_index_membership_filtered,0.95,high,2026-01-31,https://markets.ft.com/data/equities/tearsheet/summary?s=PL:NYS,2026-01-31T00:00:00+00:00,ft-us-2026-01-31,2026-01-31,,True
2026-01-31,US:PLAB:NSQ,US:PLAB,PLAB:NSQ,PLAB,Photronics Inc,NASDAQ,us,russell3000,Technology Hardware and Equipment,ft_icb_native,2026-01-31,Technology,Technology Hardware and Equipment,ft_native_v2,ft_index_membership_filtered,0.95,high,2026-01-31,https://markets.ft.com/data/equities/tearsheet/summary?s=PLAB:NSQ,2026-01-31T00:00:00+00:00,ft-us-2026-01-31,2026-01-31,,True
2026-01-31,US:PLAY:NSQ,US:PLAY,PLAY:NSQ,PLAY,Dave & Buster's Entertainment Inc,NASDAQ,us,russell3000,Travel and Leisure,ft_icb_native,2026-01-31,Consumer Discretionary,Travel and Leisure,ft_native_v2,ft_index_membership_filtered,0.95,high,2026-01-31,https://markets.ft.com/data/equities/tearsheet/summary?s=PLAY:NSQ,2026-01-31T00:00:00+00:00,ft-us-2026-01-31,2026-01-31,,True
2026-01-31,US:PLD:NYQ,US:PLD,PLD:NYQ,PLD,Prologis Inc,NYQ,us,russell3000,Real Estate Investment Trusts,ft_icb_native,2026-01-31,Real Estate,Real Estate Investment Trusts,ft_native_v2,ft_index_membership_filtered,0.95,high,2026-01-31,https://markets.ft.com/data/equities/tearsheet/summary?s=PLD:NYQ,2026-01-31T00:00:00+00:00,ft-us-2026-01-31,2026-01-31,,True
2026-01-31,US:PLMR:NSQ,US:PLMR,PLMR:NSQ,PLMR,Palomar Holdings Inc,NASDAQ,us,russell3000,Non-life Insurance,ft_icb_native,2026-01-31,Financials,Non-life Insurance,ft_native_v2,ft_index_membership_filtered,0.95,high,2026-01-31,https://markets.ft.com/data/equities/tearsheet/summary?s=PLMR:NSQ,2026-01-31T00:00:00+00:00,ft-us-2026-01-31,2026-01-31,,True
2026-01-31,US:PLNT:NYQ,US:PLNT,PLNT:NYQ,PLNT,Planet Fitness Inc,NYQ,us,russell3000,Travel and Leisure,ft_icb_native,2026-01-31,Consumer Discretionary,Travel and Leisure,ft_native_v2,ft_index_membership_filtered,0.95,high,2026-01-31,https://markets.ft.com/data/equities/tearsheet/summary?s=PLNT:NYQ,2026-01-31T00:00:00+00:00,ft-us-2026-01-31,2026-01-31,,True
2026-01-31,US:PLOW:NYQ,US:PLOW,PLOW:NYQ,PLOW,Douglas Dynamics Inc,NYQ,us,russell3000,Industrial Engineering,ft_icb_native,2026-01-31,Industrials,Industrial Engineering,ft_native_v2,ft_index_membership_filtered,0.95,high,2026-01-31,https://markets.ft.com/data/equities/tearsheet/summary?s=PLOW:NYQ,2026-01-31T00:00:00+00:00,ft-us-2026-01-31,2026-01-31,,True
2026-01-31,US:PLPC:NSQ,US:PLPC,PLPC:NSQ,PLPC,Preformed Line Products Co,NASDAQ,us,russell3000,Electronic and Electrical Equipment,ft_icb_native,2026-01-31,Industrials,Electronic and Electrical Equipment,ft_native_v2,ft_index_membership_filtered,0.95,high,2026-01-31,https://markets.ft.com/data/equities/tearsheet/summary?s=PLPC:NSQ,2026-01-31T00:00:00+00:00,ft-us-2026-01-31,2026-01-31,,True
2026-01-31,US:PLSE:NAQ,US:PLSE,PLSE:NAQ,PLSE,Pulse Biosciences Inc,NAQ,us,russell3000,Pharmaceuticals and Biotechnology,ft_icb_native,2026-01-31,Health Care,Pharmaceuticals and Biotechnology,ft_native_v2,ft_index_membership_filtered,0.95,high,2026-01-31,https://markets.ft.com/data/equities/tearsheet/summary?s=PLSE:NAQ,2026-01-31T00:00:00+00:00,ft-us-2026-01-31,2026-01-31,,True
2026-01-31,US:PLTK:NSQ,US:PLTK,PLTK:NSQ,PLTK,Playtika Holding Corp,NASDAQ,us,russell3000,Leisure Goods,ft_icb_native,2026-01-31,Telecommunications,Leisure Goods,ft_native_v2,ft_index_membership_filtered,0.95,high,2026-01-31,https://markets.ft.com/data/equities/tearsheet/summary?s=PLTK:NSQ,2026-01-31T00:00:00+00:00,ft-us-2026-01-31,2026-01-31,,True
2026-01-31,US:PLTR:NSQ,US:PLTR,PLTR:NSQ,PLTR,Palantir Technologies Inc,NASDAQ,us,russell3000,Technology,ft_icb_native,2026-01-31,Technology,Technology,ft_native_v2,ft_index_membership_filtered,0.95,high,2026-01-31,https://markets.ft.com/data/equities/tearsheet/summary?s=PLTR:NSQ,2026-01-31T00:00:00+00:00,ft-us-2026-01-31,2026-01-31,,True
2026-01-31,US:PLUG:NAQ,US:PLUG,PLUG:NAQ,PLUG,Plug Power Inc,NAQ,us,russell3000,Alternative Energy,ft_icb_native,2026-01-31,Industrials,Alternative Energy,ft_native_v2,ft_index_membership_filtered,0.95,high,2026-01-31,https://markets.ft.com/data/equities/tearsheet/summary?s=PLUG:NAQ,2026-01-31T00:00:00+00:00,ft-us-2026-01-31,2026-01-31,,True
2026-01-31,US:PLUS:NSQ,US:PLUS,PLUS:NSQ,PLUS,ePlus inc,NASDAQ,us,russell3000,Technology,ft_icb_native,2026-01-31,Technology,Technology,ft_native_v2,ft_index_membership_filtered,0.95,high,2026-01-31,https://markets.ft.com/data/equities/tearsheet/summary?s=PLUS:NSQ,2026-01-31T00:00:00+00:00,ft-us-2026-01-31,2026-01-31,,True
2026-01-31,US:PLXS:NSQ,US:PLXS,PLXS:NSQ,PLXS,Plexus Corp,NASDAQ,us,russell3000,Technology Hardware and Equipment,ft_icb_native,2026-01-31,Technology,Technology Hardware and Equipment,ft_native_v2,ft_index_membership_filtered,0.95,high,2026-01-31,https://markets.ft.com/data/equities/tearsheet/summary?s=PLXS:NSQ,2026-01-31T00:00:00+00:00,ft-us-2026-01-31,2026-01-31,,True
2026-01-31,US:PM:NYS,US:PM,PM:NYS,PM,Philip Morris International Inc,NYSE,us,russell3000,Tobacco,ft_icb_native,2026-01-31,Consumer Staples,Tobacco,ft_native_v2,ft_index_membership_filtered,0.95,high,2026-01-31,https://markets.ft.com/data/equities/tearsheet/summary?s=PM:NYS,2026-01-31T00:00:00+00:00,ft-us-2026-01-31,2026-01-31,,True
2026-01-31,US:PMT:NYS,US:PMT,PMT:NYS,PMT,PennyMac Mortgage Investment Trust,NYSE,us,russell3000,Mortgage Real Estate Investment Trusts,ft_icb_native,2026-01-31,Financials,Mortgage Real Estate Investment Trusts,ft_native_v2,ft_index_membership_filtered,0.95,high,2026-01-31,https://markets.ft.com/data/equities/tearsheet/summary?s=PMT:NYS,2026-01-31T00:00:00+00:00,ft-us-2026-01-31,2026-01-31,,True
2026-01-31,US:PNC:NYQ,US:PNC,PNC:NYQ,PNC,PNC Financial Services Group Inc,NYQ,us,russell3000,Banks,ft_icb_native,2026-01-31,Financials,Banks,ft_native_v2,ft_index_membership_filtered,0.95,high,2026-01-31,https://markets.ft.com/data/equities/tearsheet/summary?s=PNC:NYQ,2026-01-31T00:00:00+00:00,ft-us-2026-01-31,2026-01-31,,True
2026-01-31,US:PNFP:NYQ,US:PNFP,PNFP:NYQ,PNFP,Pinnacle Financial Partners Inc,NYQ,us,russell3000,Banks,ft_icb_native,2026-01-31,Financials,Banks,ft_native_v2,ft_index_membership_filtered,0.95,high,2026-01-31,https://markets.ft.com/data/equities/tearsheet/summary?s=PNFP:NYQ,2026-01-31T00:00:00+00:00,ft-us-2026-01-31,2026-01-31,,True
2026-01-31,US:PNR:NYQ,US:PNR,PNR:NYQ,PNR,Pentair PLC,NYQ,us,russell3000,Electronic and Electrical Equipment,ft_icb_native,2026-01-31,Industrials,Electronic and Electrical Equipment,ft_native_v2,ft_index_membership_filtered,0.95,high,2026-01-31,https://markets.ft.com/data/equities/tearsheet/summary?s=PNR:NYQ,2026-01-31T00:00:00+00:00,ft-us-2026-01-31,2026-01-31,,True
2026-01-31,US:PNTG:NSQ,US:PNTG,PNTG:NSQ,PNTG,Pennant Group Inc,NASDAQ,us,russell3000,Health Care Providers,ft_icb_native,2026-01-31,Health Care,Health Care Providers,ft_native_v2,ft_index_membership_filtered,0.95,high,2026-01-31,https://markets.ft.com/data/equities/tearsheet/summary?s=PNTG:NSQ,2026-01-31T00:00:00+00:00,ft-us-2026-01-31,2026-01-31,,True
2026-01-31,US:PNW:NYQ,US:PNW,PNW:NYQ,PNW,Pinnacle West Capital Corp,NYQ,us,russell3000,Electricity,ft_icb_native,2026-01-31,Utilities,Electricity,ft_native_v2,ft_index_membership_filtered,0.95,high,2026-01-31,https://markets.ft.com/data/equities/tearsheet/summary?s=PNW:NYQ,2026-01-31T00:00:00+00:00,ft-us-2026-01-31,2026-01-31,,True
2026-01-31,US:PODD:NSQ,US:PODD,PODD:NSQ,PODD,Insulet Corp,NASDAQ,us,russell3000,Medical Equipment and Services,ft_icb_native,2026-01-31,Health Care,Medical Equipment and Services,ft_native_v2,ft_index_membership_filtered,0.95,high,2026-01-31,https://markets.ft.com/data/equities/tearsheet/summary?s=PODD:NSQ,2026-01-31T00:00:00+00:00,ft-us-2026-01-31,2026-01-31,,True
2026-01-31,US:POOL:NSQ,US:POOL,POOL:NSQ,POOL,Pool Corp,NASDAQ,us,russell3000,Leisure Goods,ft_icb_native,2026-01-31,Consumer Discretionary,Leisure Goods,ft_native_v2,ft_index_membership_filtered,0.95,high,2026-01-31,https://markets.ft.com/data/equities/tearsheet/summary?s=POOL:NSQ,2026-01-31T00:00:00+00:00,ft-us-2026-01-31,2026-01-31,,True
2026-01-31,US:POR:NYS,US:POR,POR:NYS,POR,Portland General Electric Co,NYSE,us,russell3000,Electricity,ft_icb_native,2026-01-31,Utilities,Electricity,ft_native_v2,ft_index_membership_filtered,0.95,high,2026-01-31,https://markets.ft.com/data/equities/tearsheet/summary?s=POR:NYS,2026-01-31T00:00:00+00:00,ft-us-2026-01-31,2026-01-31,,True
2026-01-31,US:POST:NYQ,US:POST,POST:NYQ,POST,Post Holdings Inc,NYQ,us,russell3000,Food Producers,ft_icb_native,2026-01-31,Consumer Staples,Food Producers,ft_native_v2,ft_index_membership_filtered,0.95,high,2026-01-31,https://markets.ft.com/data/equities/tearsheet/summary?s=POST:NYQ,2026-01-31T00:00:00+00:00,ft-us-2026-01-31,2026-01-31,,True
2026-01-31,US:POWI:NSQ,US:POWI,POWI:NSQ,POWI,Power Integrations Inc,NASDAQ,us,russell3000,Technology Hardware and Equipment,ft_icb_native,2026-01-31,Technology,Technology Hardware and Equipment,ft_native_v2,ft_index_membership_filtered,0.95,high,2026-01-31,https://markets.ft.com/data/equities/tearsheet/summary?s=POWI:NSQ,2026-01-31T00:00:00+00:00,ft-us-2026-01-31,2026-01-31,,True
2026-01-31,US:POWL:NSQ,US:POWL,POWL:NSQ,POWL,Powell Industries Inc,NASDAQ,us,russell3000,Electronic and Electrical Equipment,ft_icb_native,2026-01-31,Industrials,Electronic and Electrical Equipment,ft_native_v2,ft_index_membership_filtered,0.95,high,2026-01-31,https://markets.ft.com/data/equities/tearsheet/summary?s=POWL:NSQ,2026-01-31T00:00:00+00:00,ft-us-2026-01-31,2026-01-31,,True
2026-01-31,US:POWW:NAQ,US:POWW,POWW:NAQ,POWW,Outdoor Holding Company,NAQ,us,russell3000,Leisure Goods,ft_icb_native,2026-01-31,Consumer Discretionary,Leisure Goods,ft_native_v2,ft_index_membership_filtered,0.95,high,2026-01-31,https://markets.ft.com/data/equities/tearsheet/summary?s=POWW:NAQ,2026-01-31T00:00:00+00:00,ft-us-2026-01-31,2026-01-31,,True
2026-01-31,US:PPC:NSQ,US:PPC,PPC:NSQ,PPC,Pilgrims Pride Corp,NASDAQ,us,russell3000,Food Producers,ft_icb_native,2026-01-31,Consumer Staples,Food Producers,ft_native_v2,ft_index_membership_filtered,0.95,high,2026-01-31,https://markets.ft.com/data/equities/tearsheet/summary?s=PPC:NSQ,2026-01-31T00:00:00+00:00,ft-us-2026-01-31,2026-01-31,,True
2026-01-31,US:PPG:NYQ,US:PPG,PPG:NYQ,PPG,PPG Industries Inc,NYQ,us,russell3000,General Industrials,ft_icb_native,2026-01-31,Basic Materials,General Industrials,ft_native_v2,ft_index_membership_filtered,0.95,high,2026-01-31,https://markets.ft.com/data/equities/tearsheet/summary?s=PPG:NYQ,2026-01-31T00:00:00+00:00,ft-us-2026-01-31,2026-01-31,,True
2026-01-31,US:PPL:NYQ,US:PPL,PPL:NYQ,PPL,PPL Corp,NYQ,us,russell3000,Electricity,ft_icb_native,2026-01-31,Utilities,Electricity,ft_native_v2,ft_index_membership_filtered,0.95,high,2026-01-31,https://markets.ft.com/data/equities/tearsheet/summary?s=PPL:NYQ,2026-01-31T00:00:00+00:00,ft-us-2026-01-31,2026-01-31,,True
2026-01-31,US:PPTA:NAQ,US:PPTA,PPTA:NAQ,PPTA,Perpetua Resources Corp,NAQ,us,russell3000,Precious Metals and Mining,ft_icb_native,2026-01-31,Basic Materials,Precious Metals and Mining,ft_native_v2,ft_index_membership_filtered,0.95,high,2026-01-31,https://markets.ft.com/data/equities/tearsheet/summary?s=PPTA:NAQ,2026-01-31T00:00:00+00:00,ft-us-2026-01-31,2026-01-31,,True
2026-01-31,US:PR:NYQ,US:PR,PR:NYQ,PR,Permian Resources Corp,NYQ,us,russell3000,"Oil, Gas and Coal",ft_icb_native,2026-01-31,Energy,"Oil, Gas and Coal",ft_native_v2,ft_index_membership_filtered,0.95,high,2026-01-31,https://markets.ft.com/data/equities/tearsheet/summary?s=PR:NYQ,2026-01-31T00:00:00+00:00,ft-us-2026-01-31,2026-01-31,,True
2026-01-31,US:PRA:NYQ,US:PRA,PRA:NYQ,PRA,ProAssurance Corp,NYQ,us,russell3000,Non-life Insurance,ft_icb_native,2026-01-31,Financials,Non-life Insurance,ft_native_v2,ft_index_membership_filtered,0.95,high,2026-01-31,https://markets.ft.com/data/equities/tearsheet/summary?s=PRA:NYQ,2026-01-31T00:00:00+00:00,ft-us-2026-01-31,2026-01-31,,True
2026-01-31,US:PRAA:NSQ,US:PRAA,PRAA:NSQ,PRAA,PRA Group Inc,NASDAQ,us,russell3000,Finance and Credit Services,ft_icb_native,2026-01-31,Financials,Finance and Credit Services,ft_native_v2,ft_index_membership_filtered,0.95,high,2026-01-31,https://markets.ft.com/data/equities/tearsheet/summary?s=PRAA:NSQ,2026-01-31T00:00:00+00:00,ft-us-2026-01-31,2026-01-31,,True
2026-01-31,US:PRAX:NSQ,US:PRAX,PRAX:NSQ,PRAX,Praxis Precision Medicines Inc,NASDAQ,us,russell3000,Pharmaceuticals and Biotechnology,ft_icb_native,2026-01-31,Health Care,Pharmaceuticals and Biotechnology,ft_native_v2,ft_index_membership_filtered_level3_fallback,0.65,medium,2026-01-31,https://markets.ft.com/data/equities/tearsheet/summary?s=PRAX:NSQ,2026-01-31T00:00:00+00:00,ft-us-2026-01-31,2026-01-31,,True
2026-01-31,US:PRCH:NAQ,US:PRCH,PRCH:NAQ,PRCH,Porch Group Inc,NAQ,us,russell3000,Non-life Insurance,ft_icb_native,2026-01-31,Technology,Non-life Insurance,ft_native_v2,ft_index_membership_filtered,0.95,high,2026-01-31,https://markets.ft.com/data/equities/tearsheet/summary?s=PRCH:NAQ,2026-01-31T00:00:00+00:00,ft-us-2026-01-31,2026-01-31,,True
2026-01-31,US:PRCT:NMQ,US:PRCT,PRCT:NMQ,PRCT,Procept Biorobotics Corp,NMQ,us,russell3000,Medical Equipment and Services,ft_icb_native,2026-01-31,Health Care,Medical Equipment and Services,ft_native_v2,ft_index_membership_filtered,0.95,high,2026-01-31,https://markets.ft.com/data/equities/tearsheet/summary?s=PRCT:NMQ,2026-01-31T00:00:00+00:00,ft-us-2026-01-31,2026-01-31,,True
2026-01-31,US:PRDO:NSQ,US:PRDO,PRDO:NSQ,PRDO,Perdoceo Education Corp,NASDAQ,us,russell3000,Consumer Services,ft_icb_native,2026-01-31,Consumer Discretionary,Consumer Services,ft_native_v2,ft_index_membership_filtered,0.95,high,2026-01-31,https://markets.ft.com/data/equities/tearsheet/summary?s=PRDO:NSQ,2026-01-31T00:00:00+00:00,ft-us-2026-01-31,2026-01-31,,True
2026-01-31,US:PRG:NYS,US:PRG,PRG:NYS,PRG,PROG Holdings Inc,NYSE,us,russell3000,Consumer Services,ft_icb_native,2026-01-31,Consumer Discretionary,Consumer Services,ft_native_v2,ft_index_membership_filtered,0.95,high,2026-01-31,https://markets.ft.com/data/equities/tearsheet/summary?s=PRG:NYS,2026-01-31T00:00:00+00:00,ft-us-2026-01-31,2026-01-31,,True
2026-01-31,US:PRGO:NYQ,US:PRGO,PRGO:NYQ,PRGO,Perrigo Company PLC,NYQ,us,russell3000,Pharmaceuticals and Biotechnology,ft_icb_native,2026-01-31,Health Care,Pharmaceuticals and Biotechnology,ft_native_v2,ft_index_membership_filtered,0.95,high,2026-01-31,https://markets.ft.com/data/equities/tearsheet/summary?s=PRGO:NYQ,2026-01-31T00:00:00+00:00,ft-us-2026-01-31,2026-01-31,,True
2026-01-31,US:PRGS:NSQ,US:PRGS,PRGS:NSQ,PRGS,Progress Software Corp,NASDAQ,us,russell3000,Technology,ft_icb_native,2026-01-31,Technology,Technology,ft_native_v2,ft_index_membership_filtered,0.95,high,2026-01-31,https://markets.ft.com/data/equities/tearsheet/summary?s=PRGS:NSQ,2026-01-31T00:00:00+00:00,ft-us-2026-01-31,2026-01-31,,True
2026-01-31,US:PRI:NYQ,US:PRI,PRI:NYQ,PRI,Primerica Inc,NYQ,us,russell3000,Life Insurance,ft_icb_native,2026-01-31,Financials,Life Insurance,ft_native_v2,ft_index_membership_filtered,0.95,high,2026-01-31,https://markets.ft.com/data/equities/tearsheet/summary?s=PRI:NYQ,2026-01-31T00:00:00+00:00,ft-us-2026-01-31,2026-01-31,,True
2026-01-31,US:PRIM:NYQ,US:PRIM,PRIM:NYQ,PRIM,Primoris Services Corp,NYQ,us,russell3000,Construction and Materials,ft_icb_native,2026-01-31,Industrials,Construction and Materials,ft_native_v2,ft_index_membership_filtered,0.95,high,2026-01-31,https://markets.ft.com/data/equities/tearsheet/summary?s=PRIM:NYQ,2026-01-31T00:00:00+00:00,ft-us-2026-01-31,2026-01-31,,True
2026-01-31,US:PRK:ASQ,US:PRK,PRK:ASQ,PRK,Park National Corp,ASQ,us,russell3000,Banks,ft_icb_native,2026-01-31,Financials,Banks,ft_native_v2,ft_index_membership_filtered,0.95,high,2026-01-31,https://markets.ft.com/data/equities/tearsheet/summary?s=PRK:ASQ,2026-01-31T00:00:00+00:00,ft-us-2026-01-31,2026-01-31,,True
2026-01-31,US:PRKS:NYQ,US:PRKS,PRKS:NYQ,PRKS,United Parks & Resorts Inc,NYQ,us,russell3000,Travel and Leisure,ft_icb_native,2026-01-31,Consumer Discretionary,Travel and Leisure,ft_native_v2,ft_index_membership_filtered,0.95,high,2026-01-31,https://markets.ft.com/data/equities/tearsheet/summary?s=PRKS:NYQ,2026-01-31T00:00:00+00:00,ft-us-2026-01-31,2026-01-31,,True
2026-01-31,US:PRLB:NYQ,US:PRLB,PRLB:NYQ,PRLB,Proto Labs Inc,NYQ,us,russell3000,Industrial Engineering,ft_icb_native,2026-01-31,Industrials,Industrial Engineering,ft_native_v2,ft_index_membership_filtered,0.95,high,2026-01-31,https://markets.ft.com/data/equities/tearsheet/summary?s=PRLB:NYQ,2026-01-31T00:00:00+00:00,ft-us-2026-01-31,2026-01-31,,True
2026-01-31,US:PRM:NYS,US:PRM,PRM:NYS,PRM,Perimeter Solutions Inc,NYSE,us,russell3000,Chemicals,ft_icb_native,2026-01-31,Basic Materials,Chemicals,ft_native_v2,ft_index_membership_filtered,0.95,high,2026-01-31,https://markets.ft.com/data/equities/tearsheet/summary?s=PRM:NYS,2026-01-31T00:00:00+00:00,ft-us-2026-01-31,2026-01-31,,True
2026-01-31,US:PRMB:NYQ,US:PRMB,PRMB:NYQ,PRMB,Primo Brands Corp,NYQ,us,russell3000,Beverages,ft_icb_native,2026-01-31,Consumer Staples,Beverages,ft_native_v2,ft_index_membership_filtered,0.95,high,2026-01-31,https://markets.ft.com/data/equities/tearsheet/summary?s=PRMB:NYQ,2026-01-31T00:00:00+00:00,ft-us-2026-01-31,2026-01-31,,True
2026-01-31,US:PRME:NMQ,US:PRME,PRME:NMQ,PRME,Prime Medicine Inc,NMQ,us,russell3000,Pharmaceuticals and Biotechnology,ft_icb_native,2026-01-31,Health Care,Pharmaceuticals and Biotechnology,ft_native_v2,ft_index_membership_filtered,0.95,high,2026-01-31,https://markets.ft.com/data/equities/tearsheet/summary?s=PRME:NMQ,2026-01-31T00:00:00+00:00,ft-us-2026-01-31,2026-01-31,,True
2026-01-31,US:PRSU:NYQ,US:PRSU,PRSU:NYQ,PRSU,Pursuit Attractions and Hospitality Inc,NYQ,us,russell3000,Travel and Leisure,ft_icb_native,2026-01-31,Consumer Discretionary,Travel and Leisure,ft_native_v2,ft_index_membership_filtered,0.95,high,2026-01-31,https://markets.ft.com/data/equities/tearsheet/summary?s=PRSU:NYQ,2026-01-31T00:00:00+00:00,ft-us-2026-01-31,2026-01-31,,True
2026-01-31,US:PRTA:NSQ,US:PRTA,PRTA:NSQ,PRTA,Prothena Corporation PLC,NASDAQ,us,russell3000,Pharmaceuticals and Biotechnology,ft_icb_native,2026-01-31,Health Care,Pharmaceuticals and Biotechnology,ft_native_v2,ft_index_membership_filtered,0.95,high,2026-01-31,https://markets.ft.com/data/equities/tearsheet/summary?s=PRTA:NSQ,2026-01-31T00:00:00+00:00,ft-us-2026-01-31,2026-01-31,,True
2026-01-31,US:PRTH:NAQ,US:PRTH,PRTH:NAQ,PRTH,Priority Technology Holdings Inc,NAQ,us,russell3000,Industrial Support Services,ft_icb_native,2026-01-31,Financials,Industrial Support Services,ft_native_v2,ft_index_membership_filtered,0.95,high,2026-01-31,https://markets.ft.com/data/equities/tearsheet/summary?s=PRTH:NAQ,2026-01-31T00:00:00+00:00,ft-us-2026-01-31,2026-01-31,,True
2026-01-31,US:PRU:NYQ,US:PRU,PRU:NYQ,PRU,Prudential Financial Inc,NYQ,us,russell3000,Life Insurance,ft_icb_native,2026-01-31,Financials,Life Insurance,ft_native_v2,ft_index_membership_filtered,0.95,high,2026-01-31,https://markets.ft.com/data/equities/tearsheet/summary?s=PRU:NYQ,2026-01-31T00:00:00+00:00,ft-us-2026-01-31,2026-01-31,,True
2026-01-31,US:PRVA:NSQ,US:PRVA,PRVA:NSQ,PRVA,Privia Health Group Inc,NASDAQ,us,russell3000,Health Care Providers,ft_icb_native,2026-01-31,Health Care,Health Care Providers,ft_native_v2,ft_index_membership_filtered,0.95,high,2026-01-31,https://markets.ft.com/data/equities/tearsheet/summary?s=PRVA:NSQ,2026-01-31T00:00:00+00:00,ft-us-2026-01-31,2026-01-31,,True
2026-01-31,US:PSA:NYQ,US:PSA,PSA:NYQ,PSA,Public Storage,NYQ,us,russell3000,Real Estate Investment Trusts,ft_icb_native,2026-01-31,Real Estate,Real Estate Investment Trusts,ft_native_v2,ft_index_membership_filtered,0.95,high,2026-01-31,https://markets.ft.com/data/equities/tearsheet/summary?s=PSA:NYQ,2026-01-31T00:00:00+00:00,ft-us-2026-01-31,2026-01-31,,True
2026-01-31,US:PSFE:NYS,US:PSFE,PSFE:NYS,PSFE,Paysafe Ltd,NYSE,us,russell3000,Industrial Support Services,ft_icb_native,2026-01-31,Industrials,Industrial Support Services,ft_native_v2,ft_index_membership_filtered,0.95,high,2026-01-31,https://markets.ft.com/data/equities/tearsheet/summary?s=PSFE:NYS,2026-01-31T00:00:00+00:00,ft-us-2026-01-31,2026-01-31,,True
2026-01-31,US:PSIX:NAQ,US:PSIX,PSIX:NAQ,PSIX,Power Solutions International Inc,NAQ,us,russell3000,Industrial Support Services,ft_icb_native,2026-01-31,Industrials,Industrial Support Services,ft_native_v2,ft_index_membership_filtered,0.95,high,2026-01-31,https://markets.ft.com/data/equities/tearsheet/summary?s=PSIX:NAQ,2026-01-31T00:00:00+00:00,ft-us-2026-01-31,2026-01-31,,True
2026-01-31,US:PSMT:NSQ,US:PSMT,PSMT:NSQ,PSMT,PriceSmart Inc,NASDAQ,us,russell3000,Consumer Discretionary,ft_icb_native,2026-01-31,Consumer Staples,Consumer Discretionary,ft_native_v2,ft_index_membership_filtered,0.95,high,2026-01-31,https://markets.ft.com/data/equities/tearsheet/summary?s=PSMT:NSQ,2026-01-31T00:00:00+00:00,ft-us-2026-01-31,2026-01-31,,True
2026-01-31,US:PSN:NYS,US:PSN,PSN:NYS,PSN,Parsons Corp,NYSE,us,russell3000,Technology,ft_icb_native,2026-01-31,Technology,Technology,ft_native_v2,ft_index_membership_filtered,0.95,high,2026-01-31,https://markets.ft.com/data/equities/tearsheet/summary?s=PSN:NYS,2026-01-31T00:00:00+00:00,ft-us-2026-01-31,2026-01-31,,True
2026-01-31,US:PSTG:NYQ,US:PSTG,PSTG:NYQ,PSTG,Pure Storage Inc,NYQ,us,russell3000,Technology Hardware and Equipment,ft_icb_native,2026-01-31,Technology,Technology Hardware and Equipment,ft_native_v2,ft_index_membership_filtered,0.95,high,2026-01-31,https://markets.ft.com/data/equities/tearsheet/summary?s=PSTG:NYQ,2026-01-31T00:00:00+00:00,ft-us-2026-01-31,2026-01-31,,True
2026-01-31,US:PSTL:NYQ,US:PSTL,PSTL:NYQ,PSTL,Postal Realty Trust Inc,NYQ,us,russell3000,Real Estate Investment Trusts,ft_icb_native,2026-01-31,Real Estate,Real Estate Investment Trusts,ft_native_v2,ft_index_membership_filtered,0.95,high,2026-01-31,https://markets.ft.com/data/equities/tearsheet/summary?s=PSTL:NYQ,2026-01-31T00:00:00+00:00,ft-us-2026-01-31,2026-01-31,,True
2026-01-31,US:PSX:NYQ,US:PSX,PSX:NYQ,PSX,Phillips 66,NYQ,us,russell3000,"Oil, Gas and Coal",ft_icb_native,2026-01-31,Energy,"Oil, Gas and Coal",ft_native_v2,ft_index_membership_filtered,0.95,high,2026-01-31,https://markets.ft.com/data/equities/tearsheet/summary?s=PSX:NYQ,2026-01-31T00:00:00+00:00,ft-us-2026-01-31,2026-01-31,,True
2026-01-31,US:PTC:NSQ,US:PTC,PTC:NSQ,PTC,PTC Inc,NASDAQ,us,russell3000,Technology,ft_icb_native,2026-01-31,Technology,Technology,ft_native_v2,ft_index_membership_filtered,0.95,high,2026-01-31,https://markets.ft.com/data/equities/tearsheet/summary?s=PTC:NSQ,2026-01-31T00:00:00+00:00,ft-us-2026-01-31,2026-01-31,,True
2026-01-31,US:PTCT:NSQ,US:PTCT,PTCT:NSQ,PTCT,PTC Therapeutics Inc,NASDAQ,us,russell3000,Pharmaceuticals and Biotechnology,ft_icb_native,2026-01-31,Health Care,Pharmaceuticals and Biotechnology,ft_native_v2,ft_index_membership_filtered,0.95,high,2026-01-31,https://markets.ft.com/data/equities/tearsheet/summary?s=PTCT:NSQ,2026-01-31T00:00:00+00:00,ft-us-2026-01-31,2026-01-31,,True
2026-01-31,US:PTEN:NSQ,US:PTEN,PTEN:NSQ,PTEN,Patterson-UTI Energy Inc,NASDAQ,us,russell3000,"Oil, Gas and Coal",ft_icb_native,2026-01-31,Energy,"Oil, Gas and Coal",ft_native_v2,ft_index_membership_filtered,0.95,high,2026-01-31,https://markets.ft.com/data/equities/tearsheet/summary?s=PTEN:NSQ,2026-01-31T00:00:00+00:00,ft-us-2026-01-31,2026-01-31,,True
2026-01-31,US:PTGX:NMQ,US:PTGX,PTGX:NMQ,PTGX,Protagonist Therapeutics Inc,NMQ,us,russell3000,Pharmaceuticals and Biotechnology,ft_icb_native,2026-01-31,Health Care,Pharmaceuticals and Biotechnology,ft_native_v2,ft_index_membership_filtered,0.95,high,2026-01-31,https://markets.ft.com/data/equities/tearsheet/summary?s=PTGX:NMQ,2026-01-31T00:00:00+00:00,ft-us-2026-01-31,2026-01-31,,True
2026-01-31,US:PTLO:NSQ,US:PTLO,PTLO:NSQ,PTLO,Portillos Inc,NASDAQ,us,russell3000,Travel and Leisure,ft_icb_native,2026-01-31,Consumer Discretionary,Travel and Leisure,ft_native_v2,ft_index_membership_filtered,0.95,high,2026-01-31,https://markets.ft.com/data/equities/tearsheet/summary?s=PTLO:NSQ,2026-01-31T00:00:00+00:00,ft-us-2026-01-31,2026-01-31,,True
2026-01-31,US:PTON:NSQ,US:PTON,PTON:NSQ,PTON,Peloton Interactive Inc,NASDAQ,us,russell3000,Travel and Leisure,ft_icb_native,2026-01-31,Consumer Discretionary,Travel and Leisure,ft_native_v2,ft_index_membership_filtered,0.95,high,2026-01-31,https://markets.ft.com/data/equities/tearsheet/summary?s=PTON:NSQ,2026-01-31T00:00:00+00:00,ft-us-2026-01-31,2026-01-31,,True
2026-01-31,US:PUBM:NMQ,US:PUBM,PUBM:NMQ,PUBM,PubMatic Inc,NMQ,us,russell3000,Technology,ft_icb_native,2026-01-31,Telecommunications,Technology,ft_native_v2,ft_index_membership_filtered,0.95,high,2026-01-31,https://markets.ft.com/data/equities/tearsheet/summary?s=PUBM:NMQ,2026-01-31T00:00:00+00:00,ft-us-2026-01-31,2026-01-31,,True
2026-01-31,US:PUMP:NYQ,US:PUMP,PUMP:NYQ,PUMP,ProPetro Holding Corp,NYQ,us,russell3000,"Oil, Gas and Coal",ft_icb_native,2026-01-31,Energy,"Oil, Gas and Coal",ft_native_v2,ft_index_membership_filtered,0.95,high,2026-01-31,https://markets.ft.com/data/equities/tearsheet/summary?s=PUMP:NYQ,2026-01-31T00:00:00+00:00,ft-us-2026-01-31,2026-01-31,,True
2026-01-31,US:PVH:NYQ,US:PVH,PVH:NYQ,PVH,PVH Corp,NYQ,us,russell3000,Personal Goods,ft_icb_native,2026-01-31,Consumer Discretionary,Personal Goods,ft_native_v2,ft_index_membership_filtered,0.95,high,2026-01-31,https://markets.ft.com/data/equities/tearsheet/summary?s=PVH:NYQ,2026-01-31T00:00:00+00:00,ft-us-2026-01-31,2026-01-31,,True
2026-01-31,US:PVLA:NAQ,US:PVLA,PVLA:NAQ,PVLA,Palvella Therapeutics Inc,NAQ,us,russell3000,Pharmaceuticals and Biotechnology,ft_icb_native,2026-01-31,Health Care,Pharmaceuticals and Biotechnology,ft_native_v2,ft_index_membership_filtered,0.95,high,2026-01-31,https://markets.ft.com/data/equities/tearsheet/summary?s=PVLA:NAQ,2026-01-31T00:00:00+00:00,ft-us-2026-01-31,2026-01-31,,True
2026-01-31,US:PWP:NSQ,US:PWP,PWP:NSQ,PWP,Perella Weinberg Partners,NASDAQ,us,russell3000,Investment Banking and Brokerage Services,ft_icb_native,2026-01-31,Financials,Investment Banking and Brokerage Services,ft_native_v2,ft_index_membership_filtered,0.95,high,2026-01-31,https://markets.ft.com/data/equities/tearsheet/summary?s=PWP:NSQ,2026-01-31T00:00:00+00:00,ft-us-2026-01-31,2026-01-31,,True
2026-01-31,US:PWR:NYQ,US:PWR,PWR:NYQ,PWR,Quanta Services Inc,NYQ,us,russell3000,Construction and Materials,ft_icb_native,2026-01-31,Industrials,Construction and Materials,ft_native_v2,ft_index_membership_filtered,0.95,high,2026-01-31,https://markets.ft.com/data/equities/tearsheet/summary?s=PWR:NYQ,2026-01-31T00:00:00+00:00,ft-us-2026-01-31,2026-01-31,,True
2026-01-31,US:PYPL:NSQ,US:PYPL,PYPL:NSQ,PYPL,PayPal Holdings Inc,NASDAQ,us,russell3000,Industrial Support Services,ft_icb_native,2026-01-31,Financials,Industrial Support Services,ft_native_v2,ft_index_membership_filtered,0.95,high,2026-01-31,https://markets.ft.com/data/equities/tearsheet/summary?s=PYPL:NSQ,2026-01-31T00:00:00+00:00,ft-us-2026-01-31,2026-01-31,,True
2026-01-31,US:PZZA:NSQ,US:PZZA,PZZA:NSQ,PZZA,Papa John's International Inc,NASDAQ,us,russell3000,Travel and Leisure,ft_icb_native,2026-01-31,Consumer Discretionary,Travel and Leisure,ft_native_v2,ft_index_membership_filtered,0.95,high,2026-01-31,https://markets.ft.com/data/equities/tearsheet/summary?s=PZZA:NSQ,2026-01-31T00:00:00+00:00,ft-us-2026-01-31,2026-01-31,,True
2026-01-31,US:Q:NYS,US:Q,Q:NYS,Q,Qnity Electronics Inc,NYSE,us,russell3000,Technology Hardware and Equipment,ft_icb_native,2026-01-31,Technology,Technology Hardware and Equipment,ft_native_v2,ft_index_membership_filtered,0.95,high,2026-01-31,https://markets.ft.com/data/equities/tearsheet/summary?s=Q:NYS,2026-01-31T00:00:00+00:00,ft-us-2026-01-31,2026-01-31,,True
2026-01-31,US:QBTS:NYQ,US:QBTS,QBTS:NYQ,QBTS,D-Wave Quantum Inc,NYQ,us,russell3000,Technology,ft_icb_native,2026-01-31,Technology,Technology,ft_native_v2,ft_index_membership_filtered,0.95,high,2026-01-31,https://markets.ft.com/data/equities/tearsheet/summary?s=QBTS:NYQ,2026-01-31T00:00:00+00:00,ft-us-2026-01-31,2026-01-31,,True
2026-01-31,US:QCOM:NSQ,US:QCOM,QCOM:NSQ,QCOM,Qualcomm Inc,NASDAQ,us,russell3000,Technology Hardware and Equipment,ft_icb_native,2026-01-31,Technology,Technology Hardware and Equipment,ft_native_v2,ft_index_membership_filtered,0.95,high,2026-01-31,https://markets.ft.com/data/equities/tearsheet/summary?s=QCOM:NSQ,2026-01-31T00:00:00+00:00,ft-us-2026-01-31,2026-01-31,,True
2026-01-31,US:QCRH:NMQ,US:QCRH,QCRH:NMQ,QCRH,QCR Holdings Inc,NMQ,us,russell3000,Banks,ft_icb_native,2026-01-31,Financials,Banks,ft_native_v2,ft_index_membership_filtered,0.95,high,2026-01-31,https://markets.ft.com/data/equities/tearsheet/summary?s=QCRH:NMQ,2026-01-31T00:00:00+00:00,ft-us-2026-01-31,2026-01-31,,True
2026-01-31,US:QDEL:NSQ,US:QDEL,QDEL:NSQ,QDEL,QuidelOrtho Corp,NASDAQ,us,russell3000,Medical Equipment and Services,ft_icb_native,2026-01-31,Health Care,Medical Equipment and Services,ft_native_v2,ft_index_membership_filtered,0.95,high,2026-01-31,https://markets.ft.com/data/equities/tearsheet/summary?s=QDEL:NSQ,2026-01-31T00:00:00+00:00,ft-us-2026-01-31,2026-01-31,,True
2026-01-31,US:QLYS:NSQ,US:QLYS,QLYS:NSQ,QLYS,Qualys Inc,NASDAQ,us,russell3000,Technology,ft_icb_native,2026-01-31,Technology,Technology,ft_native_v2,ft_index_membership_filtered,0.95,high,2026-01-31,https://markets.ft.com/data/equities/tearsheet/summary?s=QLYS:NSQ,2026-01-31T00:00:00+00:00,ft-us-2026-01-31,2026-01-31,,True
2026-01-31,US:QNST:NSQ,US:QNST,QNST:NSQ,QNST,QuinStreet Inc,NASDAQ,us,russell3000,Media,ft_icb_native,2026-01-31,Telecommunications,Media,ft_native_v2,ft_index_membership_filtered,0.95,high,2026-01-31,https://markets.ft.com/data/equities/tearsheet/summary?s=QNST:NSQ,2026-01-31T00:00:00+00:00,ft-us-2026-01-31,2026-01-31,,True
2026-01-31,US:QRVO:NSQ,US:QRVO,QRVO:NSQ,QRVO,Qorvo Inc,NASDAQ,us,russell3000,Technology Hardware and Equipment,ft_icb_native,2026-01-31,Technology,Technology Hardware and Equipment,ft_native_v2,ft_index_membership_filtered,0.95,high,2026-01-31,https://markets.ft.com/data/equities/tearsheet/summary?s=QRVO:NSQ,2026-01-31T00:00:00+00:00,ft-us-2026-01-31,2026-01-31,,True
2026-01-31,US:QS:NSQ,US:QS,QS:NSQ,QS,Quantumscape Corp,NASDAQ,us,russell3000,Automobiles and Parts,ft_icb_native,2026-01-31,Consumer Discretionary,Automobiles and Parts,ft_native_v2,ft_index_membership_filtered,0.95,high,2026-01-31,https://markets.ft.com/data/equities/tearsheet/summary?s=QS:NSQ,2026-01-31T00:00:00+00:00,ft-us-2026-01-31,2026-01-31,,True
2026-01-31,US:QSI:NMQ,US:QSI,QSI:NMQ,QSI,Quantum-Si Inc,NMQ,us,russell3000,Pharmaceuticals and Biotechnology,ft_icb_native,2026-01-31,Health Care,Pharmaceuticals and Biotechnology,ft_native_v2,ft_index_membership_filtered,0.95,high,2026-01-31,https://markets.ft.com/data/equities/tearsheet/summary?s=QSI:NMQ,2026-01-31T00:00:00+00:00,ft-us-2026-01-31,2026-01-31,,True
2026-01-31,US:QTRX:NMQ,US:QTRX,QTRX:NMQ,QTRX,Quanterix Corp,NMQ,us,russell3000,Medical Equipment and Services,ft_icb_native,2026-01-31,Health Care,Medical Equipment and Services,ft_native_v2,ft_index_membership_filtered,0.95,high,2026-01-31,https://markets.ft.com/data/equities/tearsheet/summary?s=QTRX:NMQ,2026-01-31T00:00:00+00:00,ft-us-2026-01-31,2026-01-31,,True
2026-01-31,US:QTWO:NYQ,US:QTWO,QTWO:NYQ,QTWO,Q2 Holdings Inc,NYQ,us,russell3000,Technology,ft_icb_native,2026-01-31,Technology,Technology,ft_native_v2,ft_index_membership_filtered,0.95,high,2026-01-31,https://markets.ft.com/data/equities/tearsheet/summary?s=QTWO:NYQ,2026-01-31T00:00:00+00:00,ft-us-2026-01-31,2026-01-31,,True
2026-01-31,US:QUBT:NAQ,US:QUBT,QUBT:NAQ,QUBT,Quantum Computing Inc,NAQ,us,russell3000,Technology,ft_icb_native,2026-01-31,Technology,Technology,ft_native_v2,ft_index_membership_filtered,0.95,high,2026-01-31,https://markets.ft.com/data/equities/tearsheet/summary?s=QUBT:NAQ,2026-01-31T00:00:00+00:00,ft-us-2026-01-31,2026-01-31,,True
2026-01-31,US:QXO:NYQ,US:QXO,QXO:NYQ,QXO,QXO Inc,NYQ,us,russell3000,Construction and Materials,ft_icb_native,2026-01-31,Industrials,Construction and Materials,ft_native_v2,ft_index_membership_filtered,0.95,high,2026-01-31,https://markets.ft.com/data/equities/tearsheet/summary?s=QXO:NYQ,2026-01-31T00:00:00+00:00,ft-us-2026-01-31,2026-01-31,,True
2026-01-31,US:R:NYQ,US:R,R:NYQ,R,Ryder System Inc,NYQ,us,russell3000,Industrial Transportation,ft_icb_native,2026-01-31,Industrials,Industrial Transportation,ft_native_v2,ft_index_membership_filtered,0.95,high,2026-01-31,https://markets.ft.com/data/equities/tearsheet/summary?s=R:NYQ,2026-01-31T00:00:00+00:00,ft-us-2026-01-31,2026-01-31,,True
2026-01-31,US:RAL:NYS,US:RAL,RAL:NYS,RAL,Ralliant Corp,NYSE,us,russell3000,Electronic and Electrical Equipment,ft_icb_native,2026-01-31,Industrials,Electronic and Electrical Equipment,ft_native_v2,ft_index_membership_filtered,0.95,high,2026-01-31,https://markets.ft.com/data/equities/tearsheet/summary?s=RAL:NYS,2026-01-31T00:00:00+00:00,ft-us-2026-01-31,2026-01-31,,True
2026-01-31,US:RAMP:NYQ,US:RAMP,RAMP:NYQ,RAMP,Liveramp Holdings Inc,NYQ,us,russell3000,Technology,ft_icb_native,2026-01-31,Technology,Technology,ft_native_v2,ft_index_membership_filtered,0.95,high,2026-01-31,https://markets.ft.com/data/equities/tearsheet/summary?s=RAMP:NYQ,2026-01-31T00:00:00+00:00,ft-us-2026-01-31,2026-01-31,,True
2026-01-31,US:RAPP:NMQ,US:RAPP,RAPP:NMQ,RAPP,Rapport Therapeutics Inc,NMQ,us,russell3000,Pharmaceuticals and Biotechnology,ft_icb_native,2026-01-31,Health Care,Pharmaceuticals and Biotechnology,ft_native_v2,ft_index_membership_filtered,0.95,high,2026-01-31,https://markets.ft.com/data/equities/tearsheet/summary?s=RAPP:NMQ,2026-01-31T00:00:00+00:00,ft-us-2026-01-31,2026-01-31,,True
2026-01-31,US:RARE:NSQ,US:RARE,RARE:NSQ,RARE,Ultragenyx Pharmaceutical Inc,NASDAQ,us,russell3000,Pharmaceuticals and Biotechnology,ft_icb_native,2026-01-31,Health Care,Pharmaceuticals and Biotechnology,ft_native_v2,ft_index_membership_filtered,0.95,high,2026-01-31,https://markets.ft.com/data/equities/tearsheet/summary?s=RARE:NSQ,2026-01-31T00:00:00+00:00,ft-us-2026-01-31,2026-01-31,,True
2026-01-31,US:RBB:NSQ,US:RBB,RBB:NSQ,RBB,RBB Bancorp,NASDAQ,us,russell3000,Banks,ft_icb_native,2026-01-31,Financials,Banks,ft_native_v2,ft_index_membership_filtered,0.95,high,2026-01-31,https://markets.ft.com/data/equities/tearsheet/summary?s=RBB:NSQ,2026-01-31T00:00:00+00:00,ft-us-2026-01-31,2026-01-31,,True
2026-01-31,US:RBBN:NSQ,US:RBBN,RBBN:NSQ,RBBN,Ribbon Communications Inc,NASDAQ,us,russell3000,Telecommunications Equipment,ft_icb_native,2026-01-31,Technology,Telecommunications Equipment,ft_native_v2,ft_index_membership_filtered,0.95,high,2026-01-31,https://markets.ft.com/data/equities/tearsheet/summary?s=RBBN:NSQ,2026-01-31T00:00:00+00:00,ft-us-2026-01-31,2026-01-31,,True
2026-01-31,US:RBC:NYQ,US:RBC,RBC:NYQ,RBC,RBC Bearings Inc,NYQ,us,russell3000,Industrial Metals and Mining,ft_icb_native,2026-01-31,Industrials,Industrial Metals and Mining,ft_native_v2,ft_index_membership_filtered,0.95,high,2026-01-31,https://markets.ft.com/data/equities/tearsheet/summary?s=RBC:NYQ,2026-01-31T00:00:00+00:00,ft-us-2026-01-31,2026-01-31,,True
2026-01-31,US:RBCAA:NSQ,US:RBCAA,RBCAA:NSQ,RBCAA,Republic Bancorp Inc,NASDAQ,us,russell3000,Banks,ft_icb_native,2026-01-31,Financials,Banks,ft_native_v2,ft_index_membership_filtered,0.95,high,2026-01-31,https://markets.ft.com/data/equities/tearsheet/summary?s=RBCAA:NSQ,2026-01-31T00:00:00+00:00,ft-us-2026-01-31,2026-01-31,,True
2026-01-31,US:RBLX:NYS,US:RBLX,RBLX:NYS,RBLX,Roblox Corp,NYSE,us,russell3000,Leisure Goods,ft_icb_native,2026-01-31,Consumer Discretionary,Leisure Goods,ft_native_v2,ft_index_membership_filtered,0.95,high,2026-01-31,https://markets.ft.com/data/equities/tearsheet/summary?s=RBLX:NYS,2026-01-31T00:00:00+00:00,ft-us-2026-01-31,2026-01-31,,True
2026-01-31,US:RBRK:NYQ,US:RBRK,RBRK:NYQ,RBRK,Rubrik Inc,NYQ,us,russell3000,Technology,ft_icb_native,2026-01-31,Technology,Technology,ft_native_v2,ft_index_membership_filtered,0.95,high,2026-01-31,https://markets.ft.com/data/equities/tearsheet/summary?s=RBRK:NYQ,2026-01-31T00:00:00+00:00,ft-us-2026-01-31,2026-01-31,,True
2026-01-31,US:RC:NYS,US:RC,RC:NYS,RC,Ready Capital Corp,NYSE,us,russell3000,Mortgage Real Estate Investment Trusts,ft_icb_native,2026-01-31,Financials,Mortgage Real Estate Investment Trusts,ft_native_v2,ft_index_membership_filtered,0.95,high,2026-01-31,https://markets.ft.com/data/equities/tearsheet/summary?s=RC:NYS,2026-01-31T00:00:00+00:00,ft-us-2026-01-31,2026-01-31,,True
2026-01-31,US:RCAT:NAQ,US:RCAT,RCAT:NAQ,RCAT,Red Cat Holdings Inc,NAQ,us,russell3000,Leisure Goods,ft_icb_native,2026-01-31,Industrials,Leisure Goods,ft_native_v2,ft_index_membership_filtered,0.95,high,2026-01-31,https://markets.ft.com/data/equities/tearsheet/summary?s=RCAT:NAQ,2026-01-31T00:00:00+00:00,ft-us-2026-01-31,2026-01-31,,True
2026-01-31,US:RCEL:NAQ,US:RCEL,RCEL:NAQ,RCEL,AVITA Medical Inc,NAQ,us,russell3000,Pharmaceuticals and Biotechnology,ft_icb_native,2026-01-31,Health Care,Pharmaceuticals and Biotechnology,ft_native_v2,ft_index_membership_filtered,0.95,high,2026-01-31,https://markets.ft.com/data/equities/tearsheet/summary?s=RCEL:NAQ,2026-01-31T00:00:00+00:00,ft-us-2026-01-31,2026-01-31,,True
2026-01-31,US:RCKT:NMQ,US:RCKT,RCKT:NMQ,RCKT,Rocket Pharmaceuticals Inc,NMQ,us,russell3000,Pharmaceuticals and Biotechnology,ft_icb_native,2026-01-31,Health Care,Pharmaceuticals and Biotechnology,ft_native_v2,ft_index_membership_filtered,0.95,high,2026-01-31,https://markets.ft.com/data/equities/tearsheet/summary?s=RCKT:NMQ,2026-01-31T00:00:00+00:00,ft-us-2026-01-31,2026-01-31,,True
2026-01-31,US:RCL:NYQ,US:RCL,RCL:NYQ,RCL,Royal Caribbean Cruises Ltd,NYQ,us,russell3000,Travel and Leisure,ft_icb_native,2026-01-31,Consumer Discretionary,Travel and Leisure,ft_native_v2,ft_index_membership_filtered,0.95,high,2026-01-31,https://markets.ft.com/data/equities/tearsheet/summary?s=RCL:NYQ,2026-01-31T00:00:00+00:00,ft-us-2026-01-31,2026-01-31,,True
2026-01-31,US:RCUS:NYQ,US:RCUS,RCUS:NYQ,RCUS,Arcus Biosciences Inc,NYQ,us,russell3000,Pharmaceuticals and Biotechnology,ft_icb_native,2026-01-31,Health Care,Pharmaceuticals and Biotechnology,ft_native_v2,ft_index_membership_filtered,0.95,high,2026-01-31,https://markets.ft.com/data/equities/tearsheet/summary?s=RCUS:NYQ,2026-01-31T00:00:00+00:00,ft-us-2026-01-31,2026-01-31,,True
2026-01-31,US:RDDT:NYS,US:RDDT,RDDT:NYS,RDDT,Reddit Inc,NYSE,us,russell3000,Technology,ft_icb_native,2026-01-31,Technology,Technology,ft_native_v2,ft_index_membership_filtered,0.95,high,2026-01-31,https://markets.ft.com/data/equities/tearsheet/summary?s=RDDT:NYS,2026-01-31T00:00:00+00:00,ft-us-2026-01-31,2026-01-31,,True
2026-01-31,US:RDN:NYQ,US:RDN,RDN:NYQ,RDN,Radian Group Inc,NYQ,us,russell3000,Finance and Credit Services,ft_icb_native,2026-01-31,Financials,Finance and Credit Services,ft_native_v2,ft_index_membership_filtered,0.95,high,2026-01-31,https://markets.ft.com/data/equities/tearsheet/summary?s=RDN:NYQ,2026-01-31T00:00:00+00:00,ft-us-2026-01-31,2026-01-31,,True
2026-01-31,US:RDNT:NMQ,US:RDNT,RDNT:NMQ,RDNT,RadNet Inc,NMQ,us,russell3000,Health Care Providers,ft_icb_native,2026-01-31,Health Care,Health Care Providers,ft_native_v2,ft_index_membership_filtered,0.95,high,2026-01-31,https://markets.ft.com/data/equities/tearsheet/summary?s=RDNT:NMQ,2026-01-31T00:00:00+00:00,ft-us-2026-01-31,2026-01-31,,True
2026-01-31,US:RDVT:NAQ,US:RDVT,RDVT:NAQ,RDVT,Red Violet Inc,NAQ,us,russell3000,Technology,ft_icb_native,2026-01-31,Technology,Technology,ft_native_v2,ft_index_membership_filtered,0.95,high,2026-01-31,https://markets.ft.com/data/equities/tearsheet/summary?s=RDVT:NAQ,2026-01-31T00:00:00+00:00,ft-us-2026-01-31,2026-01-31,,True
2026-01-31,US:RDW:NYQ,US:RDW,RDW:NYQ,RDW,Redwire Corp,NYQ,us,russell3000,Aerospace and Defense,ft_icb_native,2026-01-31,Industrials,Aerospace and Defense,ft_native_v2,ft_index_membership_filtered,0.95,high,2026-01-31,https://markets.ft.com/data/equities/tearsheet/summary?s=RDW:NYQ,2026-01-31T00:00:00+00:00,ft-us-2026-01-31,2026-01-31,,True
2026-01-31,US:REAL:NSQ,US:REAL,REAL:NSQ,REAL,RealReal Inc,NASDAQ,us,russell3000,Consumer Discretionary,ft_icb_native,2026-01-31,Consumer Discretionary,Consumer Discretionary,ft_native_v2,ft_index_membership_filtered,0.95,high,2026-01-31,https://markets.ft.com/data/equities/tearsheet/summary?s=REAL:NSQ,2026-01-31T00:00:00+00:00,ft-us-2026-01-31,2026-01-31,,True
2026-01-31,US:REFI:NMQ,US:REFI,REFI:NMQ,REFI,Chicago Atlantic Real Estate Finance Inc,NMQ,us,russell3000,Mortgage Real Estate Investment Trusts,ft_icb_native,2026-01-31,Financials,Mortgage Real Estate Investment Trusts,ft_native_v2,ft_index_membership_filtered,0.95,high,2026-01-31,https://markets.ft.com/data/equities/tearsheet/summary?s=REFI:NMQ,2026-01-31T00:00:00+00:00,ft-us-2026-01-31,2026-01-31,,True
2026-01-31,US:REG:NSQ,US:REG,REG:NSQ,REG,Regency Centers Corp,NASDAQ,us,russell3000,Real Estate Investment Trusts,ft_icb_native,2026-01-31,Real Estate,Real Estate Investment Trusts,ft_native_v2,ft_index_membership_filtered,0.95,high,2026-01-31,https://markets.ft.com/data/equities/tearsheet/summary?s=REG:NSQ,2026-01-31T00:00:00+00:00,ft-us-2026-01-31,2026-01-31,,True
2026-01-31,US:REGN:NSQ,US:REGN,REGN:NSQ,REGN,Regeneron Pharmaceuticals Inc,NASDAQ,us,russell3000,Pharmaceuticals and Biotechnology,ft_icb_native,2026-01-31,Health Care,Pharmaceuticals and Biotechnology,ft_native_v2,ft_index_membership_filtered,0.95,high,2026-01-31,https://markets.ft.com/data/equities/tearsheet/summary?s=REGN:NSQ,2026-01-31T00:00:00+00:00,ft-us-2026-01-31,2026-01-31,,True
2026-01-31,US:RELY:NSQ,US:RELY,RELY:NSQ,RELY,Remitly Global Inc,NASDAQ,us,russell3000,Industrial Support Services,ft_icb_native,2026-01-31,Financials,Industrial Support Services,ft_native_v2,ft_index_membership_filtered,0.95,high,2026-01-31,https://markets.ft.com/data/equities/tearsheet/summary?s=RELY:NSQ,2026-01-31T00:00:00+00:00,ft-us-2026-01-31,2026-01-31,,True
2026-01-31,US:REPL:NSQ,US:REPL,REPL:NSQ,REPL,Replimune Group Inc,NASDAQ,us,russell3000,Pharmaceuticals and Biotechnology,ft_icb_native,2026-01-31,Health Care,Pharmaceuticals and Biotechnology,ft_native_v2,ft_index_membership_filtered,0.95,high,2026-01-31,https://markets.ft.com/data/equities/tearsheet/summary?s=REPL:NSQ,2026-01-31T00:00:00+00:00,ft-us-2026-01-31,2026-01-31,,True
2026-01-31,US:REPX:ASQ,US:REPX,REPX:ASQ,REPX,Riley Exploration Permian Inc,ASQ,us,russell3000,"Oil, Gas and Coal",ft_icb_native,2026-01-31,Energy,"Oil, Gas and Coal",ft_native_v2,ft_index_membership_filtered,0.95,high,2026-01-31,https://markets.ft.com/data/equities/tearsheet/summary?s=REPX:ASQ,2026-01-31T00:00:00+00:00,ft-us-2026-01-31,2026-01-31,,True
2026-01-31,US:RES:NYQ,US:RES,RES:NYQ,RES,RPC Inc,NYQ,us,russell3000,"Oil, Gas and Coal",ft_icb_native,2026-01-31,Energy,"Oil, Gas and Coal",ft_native_v2,ft_index_membership_filtered,0.95,high,2026-01-31,https://markets.ft.com/data/equities/tearsheet/summary?s=RES:NYQ,2026-01-31T00:00:00+00:00,ft-us-2026-01-31,2026-01-31,,True
2026-01-31,US:REX:NYQ,US:REX,REX:NYQ,REX,REX American Resources Corp,NYQ,us,russell3000,Alternative Energy,ft_icb_native,2026-01-31,Energy,Alternative Energy,ft_native_v2,ft_index_membership_filtered,0.95,high,2026-01-31,https://markets.ft.com/data/equities/tearsheet/summary?s=REX:NYQ,2026-01-31T00:00:00+00:00,ft-us-2026-01-31,2026-01-31,,True
2026-01-31,US:REXR:NYQ,US:REXR,REXR:NYQ,REXR,Rexford Industrial Realty Inc,NYQ,us,russell3000,Real Estate Investment Trusts,ft_icb_native,2026-01-31,Real Estate,Real Estate Investment Trusts,ft_native_v2,ft_index_membership_filtered,0.95,high,2026-01-31,https://markets.ft.com/data/equities/tearsheet/summary?s=REXR:NYQ,2026-01-31T00:00:00+00:00,ft-us-2026-01-31,2026-01-31,,True
2026-01-31,US:REYN:NSQ,US:REYN,REYN:NSQ,REYN,Reynolds Consumer Products Inc,NASDAQ,us,russell3000,"Personal Care, Drug and Grocery Stores",ft_icb_native,2026-01-31,Consumer Staples,"Personal Care, Drug and Grocery Stores",ft_native_v2,ft_index_membership_filtered,0.95,high,2026-01-31,https://markets.ft.com/data/equities/tearsheet/summary?s=REYN:NSQ,2026-01-31T00:00:00+00:00,ft-us-2026-01-31,2026-01-31,,True
2026-01-31,US:REZI:NYQ,US:REZI,REZI:NYQ,REZI,Resideo Technologies Inc,NYQ,us,russell3000,Electronic and Electrical Equipment,ft_icb_native,2026-01-31,Industrials,Electronic and Electrical Equipment,ft_native_v2,ft_index_membership_filtered,0.95,high,2026-01-31,https://markets.ft.com/data/equities/tearsheet/summary?s=REZI:NYQ,2026-01-31T00:00:00+00:00,ft-us-2026-01-31,2026-01-31,,True
2026-01-31,US:RF:NYQ,US:RF,RF:NYQ,RF,Regions Financial Corp,NYQ,us,russell3000,Banks,ft_icb_native,2026-01-31,Financials,Banks,ft_native_v2,ft_index_membership_filtered,0.95,high,2026-01-31,https://markets.ft.com/data/equities/tearsheet/summary?s=RF:NYQ,2026-01-31T00:00:00+00:00,ft-us-2026-01-31,2026-01-31,,True
2026-01-31,US:RGA:NYQ,US:RGA,RGA:NYQ,RGA,Reinsurance Group of America Inc,NYQ,us,russell3000,Non-life Insurance,ft_icb_native,2026-01-31,Financials,Non-life Insurance,ft_native_v2,ft_index_membership_filtered,0.95,high,2026-01-31,https://markets.ft.com/data/equities/tearsheet/summary?s=RGA:NYQ,2026-01-31T00:00:00+00:00,ft-us-2026-01-31,2026-01-31,,True
2026-01-31,US:RGEN:NSQ,US:RGEN,RGEN:NSQ,RGEN,Repligen Corp,NASDAQ,us,russell3000,Medical Equipment and Services,ft_icb_native,2026-01-31,Health Care,Medical Equipment and Services,ft_native_v2,ft_index_membership_filtered,0.95,high,2026-01-31,https://markets.ft.com/data/equities/tearsheet/summary?s=RGEN:NSQ,2026-01-31T00:00:00+00:00,ft-us-2026-01-31,2026-01-31,,True
2026-01-31,US:RGLD:NSQ,US:RGLD,RGLD:NSQ,RGLD,Royal Gold Inc,NASDAQ,us,russell3000,Precious Metals and Mining,ft_icb_native,2026-01-31,Basic Materials,Precious Metals and Mining,ft_native_v2,ft_index_membership_filtered,0.95,high,2026-01-31,https://markets.ft.com/data/equities/tearsheet/summary?s=RGLD:NSQ,2026-01-31T00:00:00+00:00,ft-us-2026-01-31,2026-01-31,,True
2026-01-31,US:RGNX:NSQ,US:RGNX,RGNX:NSQ,RGNX,Regenxbio Inc,NASDAQ,us,russell3000,Pharmaceuticals and Biotechnology,ft_icb_native,2026-01-31,Health Care,Pharmaceuticals and Biotechnology,ft_native_v2,ft_index_membership_filtered,0.95,high,2026-01-31,https://markets.ft.com/data/equities/tearsheet/summary?s=RGNX:NSQ,2026-01-31T00:00:00+00:00,ft-us-2026-01-31,2026-01-31,,True
2026-01-31,US:RGP:NSQ,US:RGP,RGP:NSQ,RGP,Resources Connection Inc,NASDAQ,us,russell3000,Industrial Support Services,ft_icb_native,2026-01-31,Industrials,Industrial Support Services,ft_native_v2,ft_index_membership_filtered,0.95,high,2026-01-31,https://markets.ft.com/data/equities/tearsheet/summary?s=RGP:NSQ,2026-01-31T00:00:00+00:00,ft-us-2026-01-31,2026-01-31,,True
2026-01-31,US:RGR:NYQ,US:RGR,RGR:NYQ,RGR,Sturm Ruger & Company Inc,NYQ,us,russell3000,Leisure Goods,ft_icb_native,2026-01-31,Consumer Discretionary,Leisure Goods,ft_native_v2,ft_index_membership_filtered,0.95,high,2026-01-31,https://markets.ft.com/data/equities/tearsheet/summary?s=RGR:NYQ,2026-01-31T00:00:00+00:00,ft-us-2026-01-31,2026-01-31,,True
2026-01-31,US:RGTI:NAQ,US:RGTI,RGTI:NAQ,RGTI,Rigetti Computing Inc,NAQ,us,russell3000,Technology,ft_icb_native,2026-01-31,Technology,Technology,ft_native_v2,ft_index_membership_filtered,0.95,high,2026-01-31,https://markets.ft.com/data/equities/tearsheet/summary?s=RGTI:NAQ,2026-01-31T00:00:00+00:00,ft-us-2026-01-31,2026-01-31,,True
2026-01-31,US:RH:NYS,US:RH,RH:NYS,RH,RH,NYSE,us,russell3000,Consumer Discretionary,ft_icb_native,2026-01-31,Consumer Discretionary,Consumer Discretionary,ft_native_v2,ft_index_membership_filtered,0.95,high,2026-01-31,https://markets.ft.com/data/equities/tearsheet/summary?s=RH:NYS,2026-01-31T00:00:00+00:00,ft-us-2026-01-31,2026-01-31,,True
2026-01-31,US:RHI:NYQ,US:RHI,RHI:NYQ,RHI,Robert Half Inc,NYQ,us,russell3000,Industrial Support Services,ft_icb_native,2026-01-31,Industrials,Industrial Support Services,ft_native_v2,ft_index_membership_filtered,0.95,high,2026-01-31,https://markets.ft.com/data/equities/tearsheet/summary?s=RHI:NYQ,2026-01-31T00:00:00+00:00,ft-us-2026-01-31,2026-01-31,,True
2026-01-31,US:RHLD:NYS,US:RHLD,RHLD:NYS,RHLD,Resolute Holdings Management Inc,NYSE,us,russell3000,Industrial Support Services,ft_icb_native,2026-01-31,Industrials,Industrial Support Services,ft_native_v2,ft_index_membership_filtered,0.95,high,2026-01-31,https://markets.ft.com/data/equities/tearsheet/summary?s=RHLD:NYS,2026-01-31T00:00:00+00:00,ft-us-2026-01-31,2026-01-31,,True
2026-01-31,US:RHP:NYQ,US:RHP,RHP:NYQ,RHP,Ryman Hospitality Properties Inc,NYQ,us,russell3000,Real Estate Investment Trusts,ft_icb_native,2026-01-31,Real Estate,Real Estate Investment Trusts,ft_native_v2,ft_index_membership_filtered,0.95,high,2026-01-31,https://markets.ft.com/data/equities/tearsheet/summary?s=RHP:NYQ,2026-01-31T00:00:00+00:00,ft-us-2026-01-31,2026-01-31,,True
2026-01-31,US:RICK:NMQ,US:RICK,RICK:NMQ,RICK,RCI Hospitality Holdings Inc,NMQ,us,russell3000,Travel and Leisure,ft_icb_native,2026-01-31,Consumer Discretionary,Travel and Leisure,ft_native_v2,ft_index_membership_filtered,0.95,high,2026-01-31,https://markets.ft.com/data/equities/tearsheet/summary?s=RICK:NMQ,2026-01-31T00:00:00+00:00,ft-us-2026-01-31,2026-01-31,,True
2026-01-31,US:RIG:NYQ,US:RIG,RIG:NYQ,RIG,Transocean Ltd,NYQ,us,russell3000,"Oil, Gas and Coal",ft_icb_native,2026-01-31,Energy,"Oil, Gas and Coal",ft_native_v2,ft_index_membership_filtered,0.95,high,2026-01-31,https://markets.ft.com/data/equities/tearsheet/summary?s=RIG:NYQ,2026-01-31T00:00:00+00:00,ft-us-2026-01-31,2026-01-31,,True
2026-01-31,US:RIGL:NSQ,US:RIGL,RIGL:NSQ,RIGL,Rigel Pharmaceuticals Inc,NASDAQ,us,russell3000,Pharmaceuticals and Biotechnology,ft_icb_native,2026-01-31,Health Care,Pharmaceuticals and Biotechnology,ft_native_v2,ft_index_membership_filtered,0.95,high,2026-01-31,https://markets.ft.com/data/equities/tearsheet/summary?s=RIGL:NSQ,2026-01-31T00:00:00+00:00,ft-us-2026-01-31,2026-01-31,,True
2026-01-31,US:RIOT:NAQ,US:RIOT,RIOT:NAQ,RIOT,Riot Platforms Inc,NAQ,us,russell3000,Investment Banking and Brokerage Services,ft_icb_native,2026-01-31,Technology,Investment Banking and Brokerage Services,ft_native_v2,ft_index_membership_filtered,0.95,high,2026-01-31,https://markets.ft.com/data/equities/tearsheet/summary?s=RIOT:NAQ,2026-01-31T00:00:00+00:00,ft-us-2026-01-31,2026-01-31,,True
2026-01-31,US:RITM:NYQ,US:RITM,RITM:NYQ,RITM,Rithm Capital Corp,NYQ,us,russell3000,Mortgage Real Estate Investment Trusts,ft_icb_native,2026-01-31,Financials,Mortgage Real Estate Investment Trusts,ft_native_v2,ft_index_membership_filtered,0.95,high,2026-01-31,https://markets.ft.com/data/equities/tearsheet/summary?s=RITM:NYQ,2026-01-31T00:00:00+00:00,ft-us-2026-01-31,2026-01-31,,True
2026-01-31,US:RIVN:NSQ,US:RIVN,RIVN:NSQ,RIVN,Rivian Automotive Inc,NASDAQ,us,russell3000,Automobiles and Parts,ft_icb_native,2026-01-31,Consumer Discretionary,Automobiles and Parts,ft_native_v2,ft_index_membership_filtered,0.95,high,2026-01-31,https://markets.ft.com/data/equities/tearsheet/summary?s=RIVN:NSQ,2026-01-31T00:00:00+00:00,ft-us-2026-01-31,2026-01-31,,True
2026-01-31,US:RJF:NYQ,US:RJF,RJF:NYQ,RJF,Raymond James Financial Inc,NYQ,us,russell3000,Investment Banking and Brokerage Services,ft_icb_native,2026-01-31,Financials,Investment Banking and Brokerage Services,ft_native_v2,ft_index_membership_filtered,0.95,high,2026-01-31,https://markets.ft.com/data/equities/tearsheet/summary?s=RJF:NYQ,2026-01-31T00:00:00+00:00,ft-us-2026-01-31,2026-01-31,,True
2026-01-31,US:RKLB:NAQ,US:RKLB,RKLB:NAQ,RKLB,Rocket Lab Corp,NAQ,us,russell3000,Aerospace and Defense,ft_icb_native,2026-01-31,Industrials,Aerospace and Defense,ft_native_v2,ft_index_membership_filtered,0.95,high,2026-01-31,https://markets.ft.com/data/equities/tearsheet/summary?s=RKLB:NAQ,2026-01-31T00:00:00+00:00,ft-us-2026-01-31,2026-01-31,,True
2026-01-31,US:RKT:NYS,US:RKT,RKT:NYS,RKT,Rocket Companies Inc,NYSE,us,russell3000,Finance and Credit Services,ft_icb_native,2026-01-31,Financials,Finance and Credit Services,ft_native_v2,ft_index_membership_filtered,0.95,high,2026-01-31,https://markets.ft.com/data/equities/tearsheet/summary?s=RKT:NYS,2026-01-31T00:00:00+00:00,ft-us-2026-01-31,2026-01-31,,True
2026-01-31,US:RL:NYQ,US:RL,RL:NYQ,RL,Ralph Lauren Corp,NYQ,us,russell3000,Personal Goods,ft_icb_native,2026-01-31,Consumer Discretionary,Personal Goods,ft_native_v2,ft_index_membership_filtered,0.95,high,2026-01-31,https://markets.ft.com/data/equities/tearsheet/summary?s=RL:NYQ,2026-01-31T00:00:00+00:00,ft-us-2026-01-31,2026-01-31,,True
2026-01-31,US:RLAY:NMQ,US:RLAY,RLAY:NMQ,RLAY,Relay Therapeutics Inc,NMQ,us,russell3000,Pharmaceuticals and Biotechnology,ft_icb_native,2026-01-31,Health Care,Pharmaceuticals and Biotechnology,ft_native_v2,ft_index_membership_filtered,0.95,high,2026-01-31,https://markets.ft.com/data/equities/tearsheet/summary?s=RLAY:NMQ,2026-01-31T00:00:00+00:00,ft-us-2026-01-31,2026-01-31,,True
2026-01-31,US:RLI:NYQ,US:RLI,RLI:NYQ,RLI,RLI Corp,NYQ,us,russell3000,Non-life Insurance,ft_icb_native,2026-01-31,Financials,Non-life Insurance,ft_native_v2,ft_index_membership_filtered,0.95,high,2026-01-31,https://markets.ft.com/data/equities/tearsheet/summary?s=RLI:NYQ,2026-01-31T00:00:00+00:00,ft-us-2026-01-31,2026-01-31,,True
2026-01-31,US:RLJ:NYQ,US:RLJ,RLJ:NYQ,RLJ,RLJ Lodging Trust,NYQ,us,russell3000,Real Estate Investment Trusts,ft_icb_native,2026-01-31,Real Estate,Real Estate Investment Trusts,ft_native_v2,ft_index_membership_filtered,0.95,high,2026-01-31,https://markets.ft.com/data/equities/tearsheet/summary?s=RLJ:NYQ,2026-01-31T00:00:00+00:00,ft-us-2026-01-31,2026-01-31,,True
2026-01-31,US:RM:NYQ,US:RM,RM:NYQ,RM,Regional Management Corp,NYQ,us,russell3000,Finance and Credit Services,ft_icb_native,2026-01-31,Financials,Finance and Credit Services,ft_native_v2,ft_index_membership_filtered,0.95,high,2026-01-31,https://markets.ft.com/data/equities/tearsheet/summary?s=RM:NYQ,2026-01-31T00:00:00+00:00,ft-us-2026-01-31,2026-01-31,,True
2026-01-31,US:RMAX:NYS,US:RMAX,RMAX:NYS,RMAX,Re/Max Holdings Inc,NYSE,us,russell3000,Real Estate Investment and Services,ft_icb_native,2026-01-31,Real Estate,Real Estate Investment and Services,ft_native_v2,ft_index_membership_filtered,0.95,high,2026-01-31,https://markets.ft.com/data/equities/tearsheet/summary?s=RMAX:NYS,2026-01-31T00:00:00+00:00,ft-us-2026-01-31,2026-01-31,,True
2026-01-31,US:RMBS:NSQ,US:RMBS,RMBS:NSQ,RMBS,Rambus Inc,NASDAQ,us,russell3000,Technology Hardware and Equipment,ft_icb_native,2026-01-31,Technology,Technology Hardware and Equipment,ft_native_v2,ft_index_membership_filtered,0.95,high,2026-01-31,https://markets.ft.com/data/equities/tearsheet/summary?s=RMBS:NSQ,2026-01-31T00:00:00+00:00,ft-us-2026-01-31,2026-01-31,,True
2026-01-31,US:RMD:NYQ,US:RMD,RMD:NYQ,RMD,Resmed Inc,NYQ,us,russell3000,Medical Equipment and Services,ft_icb_native,2026-01-31,Health Care,Medical Equipment and Services,ft_native_v2,ft_index_membership_filtered,0.95,high,2026-01-31,https://markets.ft.com/data/equities/tearsheet/summary?s=RMD:NYQ,2026-01-31T00:00:00+00:00,ft-us-2026-01-31,2026-01-31,,True
2026-01-31,US:RMNI:NMQ,US:RMNI,RMNI:NMQ,RMNI,Rimini Street Inc,NMQ,us,russell3000,Technology,ft_icb_native,2026-01-31,Technology,Technology,ft_native_v2,ft_index_membership_filtered,0.95,high,2026-01-31,https://markets.ft.com/data/equities/tearsheet/summary?s=RMNI:NMQ,2026-01-31T00:00:00+00:00,ft-us-2026-01-31,2026-01-31,,True
2026-01-31,US:RMR:NAQ,US:RMR,RMR:NAQ,RMR,RMR Group Inc,NAQ,us,russell3000,Real Estate Investment and Services,ft_icb_native,2026-01-31,Real Estate,Real Estate Investment and Services,ft_native_v2,ft_index_membership_filtered,0.95,high,2026-01-31,https://markets.ft.com/data/equities/tearsheet/summary?s=RMR:NAQ,2026-01-31T00:00:00+00:00,ft-us-2026-01-31,2026-01-31,,True
2026-01-31,US:RNA:NMQ,US:RNA,RNA:NMQ,RNA,Avidity Biosciences Inc,NMQ,us,russell3000,Pharmaceuticals and Biotechnology,ft_icb_native,2026-01-31,Health Care,Pharmaceuticals and Biotechnology,ft_native_v2,ft_index_membership_filtered,0.95,high,2026-01-31,https://markets.ft.com/data/equities/tearsheet/summary?s=RNA:NMQ,2026-01-31T00:00:00+00:00,ft-us-2026-01-31,2026-01-31,,True
2026-01-31,US:RNG:NYQ,US:RNG,RNG:NYQ,RNG,RingCentral Inc,NYQ,us,russell3000,Technology,ft_icb_native,2026-01-31,Technology,Technology,ft_native_v2,ft_index_membership_filtered,0.95,high,2026-01-31,https://markets.ft.com/data/equities/tearsheet/summary?s=RNG:NYQ,2026-01-31T00:00:00+00:00,ft-us-2026-01-31,2026-01-31,,True
2026-01-31,US:RNR:NYQ,US:RNR,RNR:NYQ,RNR,Renaissancere Holdings Ltd,NYQ,us,russell3000,Non-life Insurance,ft_icb_native,2026-01-31,Financials,Non-life Insurance,ft_native_v2,ft_index_membership_filtered,0.95,high,2026-01-31,https://markets.ft.com/data/equities/tearsheet/summary?s=RNR:NYQ,2026-01-31T00:00:00+00:00,ft-us-2026-01-31,2026-01-31,,True
2026-01-31,US:RNST:NYQ,US:RNST,RNST:NYQ,RNST,Renasant Corp,NYQ,us,russell3000,Banks,ft_icb_native,2026-01-31,Financials,Banks,ft_native_v2,ft_index_membership_filtered,0.95,high,2026-01-31,https://markets.ft.com/data/equities/tearsheet/summary?s=RNST:NYQ,2026-01-31T00:00:00+00:00,ft-us-2026-01-31,2026-01-31,,True
2026-01-31,US:ROAD:NSQ,US:ROAD,ROAD:NSQ,ROAD,Construction Partners Inc,NASDAQ,us,russell3000,Construction and Materials,ft_icb_native,2026-01-31,Industrials,Construction and Materials,ft_native_v2,ft_index_membership_filtered,0.95,high,2026-01-31,https://markets.ft.com/data/equities/tearsheet/summary?s=ROAD:NSQ,2026-01-31T00:00:00+00:00,ft-us-2026-01-31,2026-01-31,,True
2026-01-31,US:ROCK:NSQ,US:ROCK,ROCK:NSQ,ROCK,Gibraltar Industries Inc,NASDAQ,us,russell3000,Construction and Materials,ft_icb_native,2026-01-31,Industrials,Construction and Materials,ft_native_v2,ft_index_membership_filtered,0.95,high,2026-01-31,https://markets.ft.com/data/equities/tearsheet/summary?s=ROCK:NSQ,2026-01-31T00:00:00+00:00,ft-us-2026-01-31,2026-01-31,,True
2026-01-31,US:ROG:NYQ,US:ROG,ROG:NYQ,ROG,Rogers Corp,NYQ,us,russell3000,Technology Hardware and Equipment,ft_icb_native,2026-01-31,Technology,Technology Hardware and Equipment,ft_native_v2,ft_index_membership_filtered,0.95,high,2026-01-31,https://markets.ft.com/data/equities/tearsheet/summary?s=ROG:NYQ,2026-01-31T00:00:00+00:00,ft-us-2026-01-31,2026-01-31,,True
2026-01-31,US:ROIV:NSQ,US:ROIV,ROIV:NSQ,ROIV,Roivant Sciences Ltd,NASDAQ,us,russell3000,Pharmaceuticals and Biotechnology,ft_icb_native,2026-01-31,Health Care,Pharmaceuticals and Biotechnology,ft_native_v2,ft_index_membership_filtered,0.95,high,2026-01-31,https://markets.ft.com/data/equities/tearsheet/summary?s=ROIV:NSQ,2026-01-31T00:00:00+00:00,ft-us-2026-01-31,2026-01-31,,True
2026-01-31,US:ROK:NYQ,US:ROK,ROK:NYQ,ROK,Rockwell Automation Inc,NYQ,us,russell3000,Electronic and Electrical Equipment,ft_icb_native,2026-01-31,Industrials,Electronic and Electrical Equipment,ft_native_v2,ft_index_membership_filtered,0.95,high,2026-01-31,https://markets.ft.com/data/equities/tearsheet/summary?s=ROK:NYQ,2026-01-31T00:00:00+00:00,ft-us-2026-01-31,2026-01-31,,True
2026-01-31,US:ROKU:NSQ,US:ROKU,ROKU:NSQ,ROKU,Roku Inc,NASDAQ,us,russell3000,Telecommunications Service Providers,ft_icb_native,2026-01-31,Telecommunications,Telecommunications Service Providers,ft_native_v2,ft_index_membership_filtered,0.95,high,2026-01-31,https://markets.ft.com/data/equities/tearsheet/summary?s=ROKU:NSQ,2026-01-31T00:00:00+00:00,ft-us-2026-01-31,2026-01-31,,True
2026-01-31,US:ROL:NYQ,US:ROL,ROL:NYQ,ROL,Rollins Inc,NYQ,us,russell3000,Consumer Services,ft_icb_native,2026-01-31,Industrials,Consumer Services,ft_native_v2,ft_index_membership_filtered,0.95,high,2026-01-31,https://markets.ft.com/data/equities/tearsheet/summary?s=ROL:NYQ,2026-01-31T00:00:00+00:00,ft-us-2026-01-31,2026-01-31,,True
2026-01-31,US:ROOT:NSQ,US:ROOT,ROOT:NSQ,ROOT,Root Inc,NASDAQ,us,russell3000,Non-life Insurance,ft_icb_native,2026-01-31,Financials,Non-life Insurance,ft_native_v2,ft_index_membership_filtered,0.95,high,2026-01-31,https://markets.ft.com/data/equities/tearsheet/summary?s=ROOT:NSQ,2026-01-31T00:00:00+00:00,ft-us-2026-01-31,2026-01-31,,True
2026-01-31,US:ROP:NSQ,US:ROP,ROP:NSQ,ROP,Roper Technologies Inc,NASDAQ,us,russell3000,Technology,ft_icb_native,2026-01-31,Technology,Technology,ft_native_v2,ft_index_membership_filtered,0.95,high,2026-01-31,https://markets.ft.com/data/equities/tearsheet/summary?s=ROP:NSQ,2026-01-31T00:00:00+00:00,ft-us-2026-01-31,2026-01-31,,True
2026-01-31,US:ROST:NSQ,US:ROST,ROST:NSQ,ROST,Ross Stores Inc,NASDAQ,us,russell3000,Consumer Discretionary,ft_icb_native,2026-01-31,Consumer Discretionary,Consumer Discretionary,ft_native_v2,ft_index_membership_filtered,0.95,high,2026-01-31,https://markets.ft.com/data/equities/tearsheet/summary?s=ROST:NSQ,2026-01-31T00:00:00+00:00,ft-us-2026-01-31,2026-01-31,,True
2026-01-31,US:RPAY:NAQ,US:RPAY,RPAY:NAQ,RPAY,Repay Holdings Corp,NAQ,us,russell3000,Industrial Support Services,ft_icb_native,2026-01-31,Financials,Industrial Support Services,ft_native_v2,ft_index_membership_filtered,0.95,high,2026-01-31,https://markets.ft.com/data/equities/tearsheet/summary?s=RPAY:NAQ,2026-01-31T00:00:00+00:00,ft-us-2026-01-31,2026-01-31,,True
2026-01-31,US:RPC:NYS,US:RPC,RPC:NYS,RPC,Ridgepost Capital Inc,NYSE,us,russell3000,Investment Banking and Brokerage Services,ft_icb_native,2026-01-31,Financials,Investment Banking and Brokerage Services,ft_native_v2,ft_index_membership_filtered,0.95,high,2026-01-31,https://markets.ft.com/data/equities/tearsheet/summary?s=RPC:NYS,2026-01-31T00:00:00+00:00,ft-us-2026-01-31,2026-01-31,,True
2026-01-31,US:RPD:NMQ,US:RPD,RPD:NMQ,RPD,Rapid7 Inc,NMQ,us,russell3000,Technology,ft_icb_native,2026-01-31,Technology,Technology,ft_native_v2,ft_index_membership_filtered,0.95,high,2026-01-31,https://markets.ft.com/data/equities/tearsheet/summary?s=RPD:NMQ,2026-01-31T00:00:00+00:00,ft-us-2026-01-31,2026-01-31,,True
2026-01-31,US:RPM:NYQ,US:RPM,RPM:NYQ,RPM,RPM International Inc,NYQ,us,russell3000,General Industrials,ft_icb_native,2026-01-31,Basic Materials,General Industrials,ft_native_v2,ft_index_membership_filtered,0.95,high,2026-01-31,https://markets.ft.com/data/equities/tearsheet/summary?s=RPM:NYQ,2026-01-31T00:00:00+00:00,ft-us-2026-01-31,2026-01-31,,True
2026-01-31,US:RPRX:NSQ,US:RPRX,RPRX:NSQ,RPRX,Royalty Pharma PLC,NASDAQ,us,russell3000,Pharmaceuticals and Biotechnology,ft_icb_native,2026-01-31,Health Care,Pharmaceuticals and Biotechnology,ft_native_v2,ft_index_membership_filtered,0.95,high,2026-01-31,https://markets.ft.com/data/equities/tearsheet/summary?s=RPRX:NSQ,2026-01-31T00:00:00+00:00,ft-us-2026-01-31,2026-01-31,,True
2026-01-31,US:RRBI:NSQ,US:RRBI,RRBI:NSQ,RRBI,Red River Bancshares Inc,NASDAQ,us,russell3000,Banks,ft_icb_native,2026-01-31,Financials,Banks,ft_native_v2,ft_index_membership_filtered,0.95,high,2026-01-31,https://markets.ft.com/data/equities/tearsheet/summary?s=RRBI:NSQ,2026-01-31T00:00:00+00:00,ft-us-2026-01-31,2026-01-31,,True
2026-01-31,US:RRC:NYQ,US:RRC,RRC:NYQ,RRC,Range Resources Corp,NYQ,us,russell3000,"Oil, Gas and Coal",ft_icb_native,2026-01-31,Energy,"Oil, Gas and Coal",ft_native_v2,ft_index_membership_filtered,0.95,high,2026-01-31,https://markets.ft.com/data/equities/tearsheet/summary?s=RRC:NYQ,2026-01-31T00:00:00+00:00,ft-us-2026-01-31,2026-01-31,,True
2026-01-31,US:RRR:NSQ,US:RRR,RRR:NSQ,RRR,Red Rock Resorts Inc,NASDAQ,us,russell3000,Travel and Leisure,ft_icb_native,2026-01-31,Consumer Discretionary,Travel and Leisure,ft_native_v2,ft_index_membership_filtered,0.95,high,2026-01-31,https://markets.ft.com/data/equities/tearsheet/summary?s=RRR:NSQ,2026-01-31T00:00:00+00:00,ft-us-2026-01-31,2026-01-31,,True
2026-01-31,US:RRX:NYQ,US:RRX,RRX:NYQ,RRX,Regal Rexnord Corp,NYQ,us,russell3000,Electronic and Electrical Equipment,ft_icb_native,2026-01-31,Industrials,Electronic and Electrical Equipment,ft_native_v2,ft_index_membership_filtered,0.95,high,2026-01-31,https://markets.ft.com/data/equities/tearsheet/summary?s=RRX:NYQ,2026-01-31T00:00:00+00:00,ft-us-2026-01-31,2026-01-31,,True
2026-01-31,US:RS:NYQ,US:RS,RS:NYQ,RS,Reliance Inc,NYQ,us,russell3000,Industrial Metals and Mining,ft_icb_native,2026-01-31,Basic Materials,Industrial Metals and Mining,ft_native_v2,ft_index_membership_filtered,0.95,high,2026-01-31,https://markets.ft.com/data/equities/tearsheet/summary?s=RS:NYQ,2026-01-31T00:00:00+00:00,ft-us-2026-01-31,2026-01-31,,True
2026-01-31,US:RSG:NYQ,US:RSG,RSG:NYQ,RSG,Republic Services Inc,NYQ,us,russell3000,Waste and Disposal Services,ft_icb_native,2026-01-31,Industrials,Waste and Disposal Services,ft_native_v2,ft_index_membership_filtered,0.95,high,2026-01-31,https://markets.ft.com/data/equities/tearsheet/summary?s=RSG:NYQ,2026-01-31T00:00:00+00:00,ft-us-2026-01-31,2026-01-31,,True
2026-01-31,US:RSI:NYS,US:RSI,RSI:NYS,RSI,Rush Street Interactive Inc,NYSE,us,russell3000,Travel and Leisure,ft_icb_native,2026-01-31,Consumer Discretionary,Travel and Leisure,ft_native_v2,ft_index_membership_filtered,0.95,high,2026-01-31,https://markets.ft.com/data/equities/tearsheet/summary?s=RSI:NYS,2026-01-31T00:00:00+00:00,ft-us-2026-01-31,2026-01-31,,True
2026-01-31,US:RTX:NYQ,US:RTX,RTX:NYQ,RTX,RTX Corp,NYQ,us,russell3000,Aerospace and Defense,ft_icb_native,2026-01-31,Industrials,Aerospace and Defense,ft_native_v2,ft_index_membership_filtered,0.95,high,2026-01-31,https://markets.ft.com/data/equities/tearsheet/summary?s=RTX:NYQ,2026-01-31T00:00:00+00:00,ft-us-2026-01-31,2026-01-31,,True
2026-01-31,US:RUM:NMQ,US:RUM,RUM:NMQ,RUM,Rumble Inc,NMQ,us,russell3000,Technology,ft_icb_native,2026-01-31,Telecommunications,Technology,ft_native_v2,ft_index_membership_filtered,0.95,high,2026-01-31,https://markets.ft.com/data/equities/tearsheet/summary?s=RUM:NMQ,2026-01-31T00:00:00+00:00,ft-us-2026-01-31,2026-01-31,,True
2026-01-31,US:RUN:NSQ,US:RUN,RUN:NSQ,RUN,Sunrun Inc,NASDAQ,us,russell3000,Electricity,ft_icb_native,2026-01-31,Industrials,Electricity,ft_native_v2,ft_index_membership_filtered,0.95,high,2026-01-31,https://markets.ft.com/data/equities/tearsheet/summary?s=RUN:NSQ,2026-01-31T00:00:00+00:00,ft-us-2026-01-31,2026-01-31,,True
2026-01-31,US:RUSHA:NSQ,US:RUSHA,RUSHA:NSQ,RUSHA,Rush Enterprises Inc,NASDAQ,us,russell3000,Consumer Discretionary,ft_icb_native,2026-01-31,Industrials,Consumer Discretionary,ft_native_v2,ft_index_membership_filtered,0.95,high,2026-01-31,https://markets.ft.com/data/equities/tearsheet/summary?s=RUSHA:NSQ,2026-01-31T00:00:00+00:00,ft-us-2026-01-31,2026-01-31,,True
2026-01-31,US:RUSHB:NSQ,US:RUSHB,RUSHB:NSQ,RUSHB,Rush Enterprises,NASDAQ,us,russell3000,Consumer Discretionary,ft_icb_native,2026-01-31,Industrials,Consumer Discretionary,ft_native_v2,ft_index_membership_filtered,0.95,high,2026-01-31,https://markets.ft.com/data/equities/tearsheet/summary?s=RUSHB:NSQ,2026-01-31T00:00:00+00:00,ft-us-2026-01-31,2026-01-31,,True
2026-01-31,US:RVLV:NYS,US:RVLV,RVLV:NYS,RVLV,Revolve Group Inc,NYSE,us,russell3000,Consumer Discretionary,ft_icb_native,2026-01-31,Consumer Discretionary,Consumer Discretionary,ft_native_v2,ft_index_membership_filtered,0.95,high,2026-01-31,https://markets.ft.com/data/equities/tearsheet/summary?s=RVLV:NYS,2026-01-31T00:00:00+00:00,ft-us-2026-01-31,2026-01-31,,True
2026-01-31,US:RVMD:NSQ,US:RVMD,RVMD:NSQ,RVMD,Revolution Medicines Inc,NASDAQ,us,russell3000,Pharmaceuticals and Biotechnology,ft_icb_native,2026-01-31,Health Care,Pharmaceuticals and Biotechnology,ft_native_v2,ft_index_membership_filtered,0.95,high,2026-01-31,https://markets.ft.com/data/equities/tearsheet/summary?s=RVMD:NSQ,2026-01-31T00:00:00+00:00,ft-us-2026-01-31,2026-01-31,,True
2026-01-31,US:RVTY:NYQ,US:RVTY,RVTY:NYQ,RVTY,Revvity Inc,NYQ,us,russell3000,Medical Equipment and Services,ft_icb_native,2026-01-31,Health Care,Medical Equipment and Services,ft_native_v2,ft_index_membership_filtered,0.95,high,2026-01-31,https://markets.ft.com/data/equities/tearsheet/summary?s=RVTY:NYQ,2026-01-31T00:00:00+00:00,ft-us-2026-01-31,2026-01-31,,True
2026-01-31,US:RWT:NYQ,US:RWT,RWT:NYQ,RWT,Redwood Trust Inc,NYQ,us,russell3000,Mortgage Real Estate Investment Trusts,ft_icb_native,2026-01-31,Financials,Mortgage Real Estate Investment Trusts,ft_native_v2,ft_index_membership_filtered,0.95,high,2026-01-31,https://markets.ft.com/data/equities/tearsheet/summary?s=RWT:NYQ,2026-01-31T00:00:00+00:00,ft-us-2026-01-31,2026-01-31,,True
2026-01-31,US:RXO:NYS,US:RXO,RXO:NYS,RXO,RXO Inc,NYSE,us,russell3000,Industrial Transportation,ft_icb_native,2026-01-31,Industrials,Industrial Transportation,ft_native_v2,ft_index_membership_filtered,0.95,high,2026-01-31,https://markets.ft.com/data/equities/tearsheet/summary?s=RXO:NYS,2026-01-31T00:00:00+00:00,ft-us-2026-01-31,2026-01-31,,True
2026-01-31,US:RXRX:NSQ,US:RXRX,RXRX:NSQ,RXRX,Recursion Pharmaceuticals Inc,NASDAQ,us,russell3000,Pharmaceuticals and Biotechnology,ft_icb_native,2026-01-31,Health Care,Pharmaceuticals and Biotechnology,ft_native_v2,ft_index_membership_filtered,0.95,high,2026-01-31,https://markets.ft.com/data/equities/tearsheet/summary?s=RXRX:NSQ,2026-01-31T00:00:00+00:00,ft-us-2026-01-31,2026-01-31,,True
2026-01-31,US:RXST:NMQ,US:RXST,RXST:NMQ,RXST,Rxsight Inc,NMQ,us,russell3000,Medical Equipment and Services,ft_icb_native,2026-01-31,Health Care,Medical Equipment and Services,ft_native_v2,ft_index_membership_filtered,0.95,high,2026-01-31,https://markets.ft.com/data/equities/tearsheet/summary?s=RXST:NMQ,2026-01-31T00:00:00+00:00,ft-us-2026-01-31,2026-01-31,,True
2026-01-31,US:RYAM:NYQ,US:RYAM,RYAM:NYQ,RYAM,Rayonier Advanced Materials Inc,NYQ,us,russell3000,Chemicals,ft_icb_native,2026-01-31,Basic Materials,Chemicals,ft_native_v2,ft_index_membership_filtered,0.95,high,2026-01-31,https://markets.ft.com/data/equities/tearsheet/summary?s=RYAM:NYQ,2026-01-31T00:00:00+00:00,ft-us-2026-01-31,2026-01-31,,True
2026-01-31,US:RYAN:NYS,US:RYAN,RYAN:NYS,RYAN,Ryan Specialty Holdings Inc,NYSE,us,russell3000,Non-life Insurance,ft_icb_native,2026-01-31,Financials,Non-life Insurance,ft_native_v2,ft_index_membership_filtered,0.95,high,2026-01-31,https://markets.ft.com/data/equities/tearsheet/summary?s=RYAN:NYS,2026-01-31T00:00:00+00:00,ft-us-2026-01-31,2026-01-31,,True
2026-01-31,US:RYI:NYQ,US:RYI,RYI:NYQ,RYI,Ryerson Holding Corp,NYQ,us,russell3000,Industrial Metals and Mining,ft_icb_native,2026-01-31,Basic Materials,Industrial Metals and Mining,ft_native_v2,ft_index_membership_filtered,0.95,high,2026-01-31,https://markets.ft.com/data/equities/tearsheet/summary?s=RYI:NYQ,2026-01-31T00:00:00+00:00,ft-us-2026-01-31,2026-01-31,,True
2026-01-31,US:RYN:NYQ,US:RYN,RYN:NYQ,RYN,Rayonier Inc,NYQ,us,russell3000,Real Estate Investment Trusts,ft_icb_native,2026-01-31,Real Estate,Real Estate Investment Trusts,ft_native_v2,ft_index_membership_filtered,0.95,high,2026-01-31,https://markets.ft.com/data/equities/tearsheet/summary?s=RYN:NYQ,2026-01-31T00:00:00+00:00,ft-us-2026-01-31,2026-01-31,,True
2026-01-31,US:RYTM:NMQ,US:RYTM,RYTM:NMQ,RYTM,Rhythm Pharmaceuticals Inc,NMQ,us,russell3000,Pharmaceuticals and Biotechnology,ft_icb_native,2026-01-31,Health Care,Pharmaceuticals and Biotechnology,ft_native_v2,ft_index_membership_filtered,0.95,high,2026-01-31,https://markets.ft.com/data/equities/tearsheet/summary?s=RYTM:NMQ,2026-01-31T00:00:00+00:00,ft-us-2026-01-31,2026-01-31,,True
2026-01-31,US:S:NYS,US:S,S:NYS,S,SentinelOne Inc,NYSE,us,russell3000,Technology,ft_icb_native,2026-01-31,Technology,Technology,ft_native_v2,ft_index_membership_filtered,0.95,high,2026-01-31,https://markets.ft.com/data/equities/tearsheet/summary?s=S:NYS,2026-01-31T00:00:00+00:00,ft-us-2026-01-31,2026-01-31,,True
2026-01-31,US:SABR:NSQ,US:SABR,SABR:NSQ,SABR,Sabre Corp,NASDAQ,us,russell3000,Travel and Leisure,ft_icb_native,2026-01-31,Consumer Discretionary,Travel and Leisure,ft_native_v2,ft_index_membership_filtered,0.95,high,2026-01-31,https://markets.ft.com/data/equities/tearsheet/summary?s=SABR:NSQ,2026-01-31T00:00:00+00:00,ft-us-2026-01-31,2026-01-31,,True
2026-01-31,US:SAFE:NYQ,US:SAFE,SAFE:NYQ,SAFE,Safehold Inc,NYQ,us,russell3000,Real Estate Investment Trusts,ft_icb_native,2026-01-31,Real Estate,Real Estate Investment Trusts,ft_native_v2,ft_index_membership_filtered,0.95,high,2026-01-31,https://markets.ft.com/data/equities/tearsheet/summary?s=SAFE:NYQ,2026-01-31T00:00:00+00:00,ft-us-2026-01-31,2026-01-31,,True
2026-01-31,US:SAFT:NSQ,US:SAFT,SAFT:NSQ,SAFT,Safety Insurance Group Inc,NASDAQ,us,russell3000,Non-life Insurance,ft_icb_native,2026-01-31,Financials,Non-life Insurance,ft_native_v2,ft_index_membership_filtered,0.95,high,2026-01-31,https://markets.ft.com/data/equities/tearsheet/summary?s=SAFT:NSQ,2026-01-31T00:00:00+00:00,ft-us-2026-01-31,2026-01-31,,True
2026-01-31,US:SAH:NYQ,US:SAH,SAH:NYQ,SAH,Sonic Automotive Inc,NYQ,us,russell3000,Consumer Discretionary,ft_icb_native,2026-01-31,Consumer Discretionary,Consumer Discretionary,ft_native_v2,ft_index_membership_filtered,0.95,high,2026-01-31,https://markets.ft.com/data/equities/tearsheet/summary?s=SAH:NYQ,2026-01-31T00:00:00+00:00,ft-us-2026-01-31,2026-01-31,,True
2026-01-31,US:SAIA:NSQ,US:SAIA,SAIA:NSQ,SAIA,Saia Inc,NASDAQ,us,russell3000,Industrial Transportation,ft_icb_native,2026-01-31,Industrials,Industrial Transportation,ft_native_v2,ft_index_membership_filtered,0.95,high,2026-01-31,https://markets.ft.com/data/equities/tearsheet/summary?s=SAIA:NSQ,2026-01-31T00:00:00+00:00,ft-us-2026-01-31,2026-01-31,,True
2026-01-31,US:SAIC:NSQ,US:SAIC,SAIC:NSQ,SAIC,Science Applications International Corp,NASDAQ,us,russell3000,General Industrials,ft_icb_native,2026-01-31,Industrials,General Industrials,ft_native_v2,ft_index_membership_filtered_level3_fallback,0.65,medium,2026-01-31,https://markets.ft.com/data/equities/tearsheet/summary?s=SAIC:NSQ,2026-01-31T00:00:00+00:00,ft-us-2026-01-31,2026-01-31,,True
2026-01-31,US:SAIL:NSQ,US:SAIL,SAIL:NSQ,SAIL,SailPoint Inc,NASDAQ,us,russell3000,Technology,ft_icb_native,2026-01-31,Technology,Technology,ft_native_v2,ft_index_membership_filtered,0.95,high,2026-01-31,https://markets.ft.com/data/equities/tearsheet/summary?s=SAIL:NSQ,2026-01-31T00:00:00+00:00,ft-us-2026-01-31,2026-01-31,,True
2026-01-31,US:SAM:NYQ,US:SAM,SAM:NYQ,SAM,Boston Beer Company Inc,NYQ,us,russell3000,Beverages,ft_icb_native,2026-01-31,Consumer Staples,Beverages,ft_native_v2,ft_index_membership_filtered,0.95,high,2026-01-31,https://markets.ft.com/data/equities/tearsheet/summary?s=SAM:NYQ,2026-01-31T00:00:00+00:00,ft-us-2026-01-31,2026-01-31,,True
2026-01-31,US:SANA:NSQ,US:SANA,SANA:NSQ,SANA,Sana Biotechnology Inc,NASDAQ,us,russell3000,Pharmaceuticals and Biotechnology,ft_icb_native,2026-01-31,Health Care,Pharmaceuticals and Biotechnology,ft_native_v2,ft_index_membership_filtered,0.95,high,2026-01-31,https://markets.ft.com/data/equities/tearsheet/summary?s=SANA:NSQ,2026-01-31T00:00:00+00:00,ft-us-2026-01-31,2026-01-31,,True
2026-01-31,US:SANM:NSQ,US:SANM,SANM:NSQ,SANM,Sanmina Corp,NASDAQ,us,russell3000,Technology Hardware and Equipment,ft_icb_native,2026-01-31,Technology,Technology Hardware and Equipment,ft_native_v2,ft_index_membership_filtered,0.95,high,2026-01-31,https://markets.ft.com/data/equities/tearsheet/summary?s=SANM:NSQ,2026-01-31T00:00:00+00:00,ft-us-2026-01-31,2026-01-31,,True
2026-01-31,US:SARO:NYQ,US:SARO,SARO:NYQ,SARO,"StandardAero, Inc.",NYQ,us,russell3000,Industrial Support Services,ft_icb_native,2026-01-31,Industrials,Industrial Support Services,ft_native_v2,ft_index_membership_filtered,0.95,high,2026-01-31,https://markets.ft.com/data/equities/tearsheet/summary?s=SARO:NYQ,2026-01-31T00:00:00+00:00,ft-us-2026-01-31,2026-01-31,,True
2026-01-31,US:SATS:NSQ,US:SATS,SATS:NSQ,SATS,EchoStar Corp,NASDAQ,us,russell3000,Telecommunications Equipment,ft_icb_native,2026-01-31,Telecommunications,Telecommunications Equipment,ft_native_v2,ft_index_membership_filtered,0.95,high,2026-01-31,https://markets.ft.com/data/equities/tearsheet/summary?s=SATS:NSQ,2026-01-31T00:00:00+00:00,ft-us-2026-01-31,2026-01-31,,True
2026-01-31,US:SBAC:NSQ,US:SBAC,SBAC:NSQ,SBAC,SBA Communications Corp,NASDAQ,us,russell3000,Real Estate Investment Trusts,ft_icb_native,2026-01-31,Real Estate,Real Estate Investment Trusts,ft_native_v2,ft_index_membership_filtered,0.95,high,2026-01-31,https://markets.ft.com/data/equities/tearsheet/summary?s=SBAC:NSQ,2026-01-31T00:00:00+00:00,ft-us-2026-01-31,2026-01-31,,True
2026-01-31,US:SBCF:NSQ,US:SBCF,SBCF:NSQ,SBCF,Seacoast Banking Corporation of Florida,NASDAQ,us,russell3000,Banks,ft_icb_native,2026-01-31,Financials,Banks,ft_native_v2,ft_index_membership_filtered,0.95,high,2026-01-31,https://markets.ft.com/data/equities/tearsheet/summary?s=SBCF:NSQ,2026-01-31T00:00:00+00:00,ft-us-2026-01-31,2026-01-31,,True
2026-01-31,US:SBGI:NSQ,US:SBGI,SBGI:NSQ,SBGI,Sinclair Inc,NASDAQ,us,russell3000,Media,ft_icb_native,2026-01-31,Telecommunications,Media,ft_native_v2,ft_index_membership_filtered,0.95,high,2026-01-31,https://markets.ft.com/data/equities/tearsheet/summary?s=SBGI:NSQ,2026-01-31T00:00:00+00:00,ft-us-2026-01-31,2026-01-31,,True
2026-01-31,US:SBH:NYS,US:SBH,SBH:NYS,SBH,Sally Beauty Holdings Inc,NYSE,us,russell3000,Consumer Discretionary,ft_icb_native,2026-01-31,Consumer Discretionary,Consumer Discretionary,ft_native_v2,ft_index_membership_filtered,0.95,high,2026-01-31,https://markets.ft.com/data/equities/tearsheet/summary?s=SBH:NYS,2026-01-31T00:00:00+00:00,ft-us-2026-01-31,2026-01-31,,True
2026-01-31,US:SBRA:NSQ,US:SBRA,SBRA:NSQ,SBRA,Sabra Health Care REIT Inc,NASDAQ,us,russell3000,Real Estate Investment Trusts,ft_icb_native,2026-01-31,Real Estate,Real Estate Investment Trusts,ft_native_v2,ft_index_membership_filtered,0.95,high,2026-01-31,https://markets.ft.com/data/equities/tearsheet/summary?s=SBRA:NSQ,2026-01-31T00:00:00+00:00,ft-us-2026-01-31,2026-01-31,,True
2026-01-31,US:SBSI:NYQ,US:SBSI,SBSI:NYQ,SBSI,Southside Bancshares Inc,NYQ,us,russell3000,Banks,ft_icb_native,2026-01-31,Financials,Banks,ft_native_v2,ft_index_membership_filtered,0.95,high,2026-01-31,https://markets.ft.com/data/equities/tearsheet/summary?s=SBSI:NYQ,2026-01-31T00:00:00+00:00,ft-us-2026-01-31,2026-01-31,,True
2026-01-31,US:SBUX:NSQ,US:SBUX,SBUX:NSQ,SBUX,Starbucks Corp,NASDAQ,us,russell3000,Travel and Leisure,ft_icb_native,2026-01-31,Consumer Discretionary,Travel and Leisure,ft_native_v2,ft_index_membership_filtered,0.95,high,2026-01-31,https://markets.ft.com/data/equities/tearsheet/summary?s=SBUX:NSQ,2026-01-31T00:00:00+00:00,ft-us-2026-01-31,2026-01-31,,True
2026-01-31,US:SCHL:NSQ,US:SCHL,SCHL:NSQ,SCHL,Scholastic Corp,NASDAQ,us,russell3000,Media,ft_icb_native,2026-01-31,Telecommunications,Media,ft_native_v2,ft_index_membership_filtered,0.95,high,2026-01-31,https://markets.ft.com/data/equities/tearsheet/summary?s=SCHL:NSQ,2026-01-31T00:00:00+00:00,ft-us-2026-01-31,2026-01-31,,True
2026-01-31,US:SCHW:NYQ,US:SCHW,SCHW:NYQ,SCHW,Charles Schwab Corp,NYQ,us,russell3000,Investment Banking and Brokerage Services,ft_icb_native,2026-01-31,Financials,Investment Banking and Brokerage Services,ft_native_v2,ft_index_membership_filtered,0.95,high,2026-01-31,https://markets.ft.com/data/equities/tearsheet/summary?s=SCHW:NYQ,2026-01-31T00:00:00+00:00,ft-us-2026-01-31,2026-01-31,,True
2026-01-31,US:SCI:NYQ,US:SCI,SCI:NYQ,SCI,Service Corporation International,NYQ,us,russell3000,Consumer Services,ft_icb_native,2026-01-31,Consumer Discretionary,Consumer Services,ft_native_v2,ft_index_membership_filtered,0.95,high,2026-01-31,https://markets.ft.com/data/equities/tearsheet/summary?s=SCI:NYQ,2026-01-31T00:00:00+00:00,ft-us-2026-01-31,2026-01-31,,True
2026-01-31,US:SCL:NYQ,US:SCL,SCL:NYQ,SCL,Stepan Co,NYQ,us,russell3000,Chemicals,ft_icb_native,2026-01-31,Basic Materials,Chemicals,ft_native_v2,ft_index_membership_filtered,0.95,high,2026-01-31,https://markets.ft.com/data/equities/tearsheet/summary?s=SCL:NYQ,2026-01-31T00:00:00+00:00,ft-us-2026-01-31,2026-01-31,,True
2026-01-31,US:SCSC:NSQ,US:SCSC,SCSC:NSQ,SCSC,Scansource Inc,NASDAQ,us,russell3000,Technology Hardware and Equipment,ft_icb_native,2026-01-31,Technology,Technology Hardware and Equipment,ft_native_v2,ft_index_membership_filtered,0.95,high,2026-01-31,https://markets.ft.com/data/equities/tearsheet/summary?s=SCSC:NSQ,2026-01-31T00:00:00+00:00,ft-us-2026-01-31,2026-01-31,,True
2026-01-31,US:SCVL:NSQ,US:SCVL,SCVL:NSQ,SCVL,Shoe Carnival Inc,NASDAQ,us,russell3000,Consumer Discretionary,ft_icb_native,2026-01-31,Consumer Discretionary,Consumer Discretionary,ft_native_v2,ft_index_membership_filtered,0.95,high,2026-01-31,https://markets.ft.com/data/equities/tearsheet/summary?s=SCVL:NSQ,2026-01-31T00:00:00+00:00,ft-us-2026-01-31,2026-01-31,,True
2026-01-31,US:SD:NYQ,US:SD,SD:NYQ,SD,SandRidge Energy Inc,NYQ,us,russell3000,"Oil, Gas and Coal",ft_icb_native,2026-01-31,Energy,"Oil, Gas and Coal",ft_native_v2,ft_index_membership_filtered,0.95,high,2026-01-31,https://markets.ft.com/data/equities/tearsheet/summary?s=SD:NYQ,2026-01-31T00:00:00+00:00,ft-us-2026-01-31,2026-01-31,,True
2026-01-31,US:SDGR:NSQ,US:SDGR,SDGR:NSQ,SDGR,Schrodinger Inc,NASDAQ,us,russell3000,Technology,ft_icb_native,2026-01-31,Health Care,Technology,ft_native_v2,ft_index_membership_filtered,0.95,high,2026-01-31,https://markets.ft.com/data/equities/tearsheet/summary?s=SDGR:NSQ,2026-01-31T00:00:00+00:00,ft-us-2026-01-31,2026-01-31,,True
2026-01-31,US:SDRL:NYQ,US:SDRL,SDRL:NYQ,SDRL,Seadrill Ltd,NYQ,us,russell3000,"Oil, Gas and Coal",ft_icb_native,2026-01-31,Energy,"Oil, Gas and Coal",ft_native_v2,ft_index_membership_filtered,0.95,high,2026-01-31,https://markets.ft.com/data/equities/tearsheet/summary?s=SDRL:NYQ,2026-01-31T00:00:00+00:00,ft-us-2026-01-31,2026-01-31,,True
2026-01-31,US:SEAT:NSQ,US:SEAT,SEAT:NSQ,SEAT,Vivid Seats Inc,NASDAQ,us,russell3000,Telecommunications Service Providers,ft_icb_native,2026-01-31,Telecommunications,Telecommunications Service Providers,ft_native_v2,ft_index_membership_filtered_level3_fallback,0.65,medium,2026-01-31,https://markets.ft.com/data/equities/tearsheet/summary?s=SEAT:NSQ,2026-01-31T00:00:00+00:00,ft-us-2026-01-31,2026-01-31,,True
2026-01-31,US:SEB:ASQ,US:SEB,SEB:ASQ,SEB,Seaboard Corp,ASQ,us,russell3000,Food Producers,ft_icb_native,2026-01-31,Consumer Staples,Food Producers,ft_native_v2,ft_index_membership_filtered,0.95,high,2026-01-31,https://markets.ft.com/data/equities/tearsheet/summary?s=SEB:ASQ,2026-01-31T00:00:00+00:00,ft-us-2026-01-31,2026-01-31,,True
2026-01-31,US:SEE:NYQ,US:SEE,SEE:NYQ,SEE,Sealed Air Corp,NYQ,us,russell3000,General Industrials,ft_icb_native,2026-01-31,Basic Materials,General Industrials,ft_native_v2,ft_index_membership_filtered,0.95,high,2026-01-31,https://markets.ft.com/data/equities/tearsheet/summary?s=SEE:NYQ,2026-01-31T00:00:00+00:00,ft-us-2026-01-31,2026-01-31,,True
2026-01-31,US:SEG:NYQ,US:SEG,SEG:NYQ,SEG,Seaport Entertainment Group Inc,NYQ,us,russell3000,Real Estate Investment and Services,ft_icb_native,2026-01-31,Real Estate,Real Estate Investment and Services,ft_native_v2,ft_index_membership_filtered,0.95,high,2026-01-31,https://markets.ft.com/data/equities/tearsheet/summary?s=SEG:NYQ,2026-01-31T00:00:00+00:00,ft-us-2026-01-31,2026-01-31,,True
2026-01-31,US:SEI:NYQ,US:SEI,SEI:NYQ,SEI,Solaris Energy Infrastructure Inc,NYQ,us,russell3000,"Oil, Gas and Coal",ft_icb_native,2026-01-31,Energy,"Oil, Gas and Coal",ft_native_v2,ft_index_membership_filtered,0.95,high,2026-01-31,https://markets.ft.com/data/equities/tearsheet/summary?s=SEI:NYQ,2026-01-31T00:00:00+00:00,ft-us-2026-01-31,2026-01-31,,True
2026-01-31,US:SEIC:NSQ,US:SEIC,SEIC:NSQ,SEIC,SEI Investments Co,NASDAQ,us,russell3000,Investment Banking and Brokerage Services,ft_icb_native,2026-01-31,Financials,Investment Banking and Brokerage Services,ft_native_v2,ft_index_membership_filtered,0.95,high,2026-01-31,https://markets.ft.com/data/equities/tearsheet/summary?s=SEIC:NSQ,2026-01-31T00:00:00+00:00,ft-us-2026-01-31,2026-01-31,,True
2026-01-31,US:SEM:NYQ,US:SEM,SEM:NYQ,SEM,Select Medical Holdings Corp,NYQ,us,russell3000,Health Care Providers,ft_icb_native,2026-01-31,Health Care,Health Care Providers,ft_native_v2,ft_index_membership_filtered,0.95,high,2026-01-31,https://markets.ft.com/data/equities/tearsheet/summary?s=SEM:NYQ,2026-01-31T00:00:00+00:00,ft-us-2026-01-31,2026-01-31,,True
2026-01-31,US:SEMR:NYQ,US:SEMR,SEMR:NYQ,SEMR,SEMrush Holdings Inc,NYQ,us,russell3000,Technology,ft_icb_native,2026-01-31,Technology,Technology,ft_native_v2,ft_index_membership_filtered,0.95,high,2026-01-31,https://markets.ft.com/data/equities/tearsheet/summary?s=SEMR:NYQ,2026-01-31T00:00:00+00:00,ft-us-2026-01-31,2026-01-31,,True
2026-01-31,US:SENEA:NSQ,US:SENEA,SENEA:NSQ,SENEA,Seneca Foods Corp,NASDAQ,us,russell3000,Food Producers,ft_icb_native,2026-01-31,Consumer Staples,Food Producers,ft_native_v2,ft_index_membership_filtered,0.95,high,2026-01-31,https://markets.ft.com/data/equities/tearsheet/summary?s=SENEA:NSQ,2026-01-31T00:00:00+00:00,ft-us-2026-01-31,2026-01-31,,True
2026-01-31,US:SEPN:NMQ,US:SEPN,SEPN:NMQ,SEPN,Septerna Inc,NMQ,us,russell3000,Pharmaceuticals and Biotechnology,ft_icb_native,2026-01-31,Health Care,Pharmaceuticals and Biotechnology,ft_native_v2,ft_index_membership_filtered,0.95,high,2026-01-31,https://markets.ft.com/data/equities/tearsheet/summary?s=SEPN:NMQ,2026-01-31T00:00:00+00:00,ft-us-2026-01-31,2026-01-31,,True
2026-01-31,US:SERV:NAQ,US:SERV,SERV:NAQ,SERV,Serve Robotics Inc,NAQ,us,russell3000,Technology,ft_icb_native,2026-01-31,Consumer Discretionary,Technology,ft_native_v2,ft_index_membership_filtered,0.95,high,2026-01-31,https://markets.ft.com/data/equities/tearsheet/summary?s=SERV:NAQ,2026-01-31T00:00:00+00:00,ft-us-2026-01-31,2026-01-31,,True
2026-01-31,US:SEZL:NAQ,US:SEZL,SEZL:NAQ,SEZL,Sezzle Inc,NAQ,us,russell3000,Industrial Support Services,ft_icb_native,2026-01-31,Financials,Industrial Support Services,ft_native_v2,ft_index_membership_filtered,0.95,high,2026-01-31,https://markets.ft.com/data/equities/tearsheet/summary?s=SEZL:NAQ,2026-01-31T00:00:00+00:00,ft-us-2026-01-31,2026-01-31,,True
2026-01-31,US:SF:NYQ,US:SF,SF:NYQ,SF,Stifel Financial Corp,NYQ,us,russell3000,Investment Banking and Brokerage Services,ft_icb_native,2026-01-31,Financials,Investment Banking and Brokerage Services,ft_native_v2,ft_index_membership_filtered,0.95,high,2026-01-31,https://markets.ft.com/data/equities/tearsheet/summary?s=SF:NYQ,2026-01-31T00:00:00+00:00,ft-us-2026-01-31,2026-01-31,,True
2026-01-31,US:SFBS:NYQ,US:SFBS,SFBS:NYQ,SFBS,ServisFirst Bancshares Inc,NYQ,us,russell3000,Banks,ft_icb_native,2026-01-31,Financials,Banks,ft_native_v2,ft_index_membership_filtered,0.95,high,2026-01-31,https://markets.ft.com/data/equities/tearsheet/summary?s=SFBS:NYQ,2026-01-31T00:00:00+00:00,ft-us-2026-01-31,2026-01-31,,True
2026-01-31,US:SFD:NSQ,US:SFD,SFD:NSQ,SFD,Smithfield Foods Inc,NASDAQ,us,russell3000,Food Producers,ft_icb_native,2026-01-31,Consumer Staples,Food Producers,ft_native_v2,ft_index_membership_filtered,0.95,high,2026-01-31,https://markets.ft.com/data/equities/tearsheet/summary?s=SFD:NSQ,2026-01-31T00:00:00+00:00,ft-us-2026-01-31,2026-01-31,,True
2026-01-31,US:SFIX:NSQ,US:SFIX,SFIX:NSQ,SFIX,Stitch Fix Inc,NASDAQ,us,russell3000,Consumer Discretionary,ft_icb_native,2026-01-31,Consumer Discretionary,Consumer Discretionary,ft_native_v2,ft_index_membership_filtered,0.95,high,2026-01-31,https://markets.ft.com/data/equities/tearsheet/summary?s=SFIX:NSQ,2026-01-31T00:00:00+00:00,ft-us-2026-01-31,2026-01-31,,True
2026-01-31,US:SFL:NYQ,US:SFL,SFL:NYQ,SFL,SFL Corporation Ltd,NYQ,us,russell3000,Industrial Transportation,ft_icb_native,2026-01-31,Energy,Industrial Transportation,ft_native_v2,ft_index_membership_filtered,0.95,high,2026-01-31,https://markets.ft.com/data/equities/tearsheet/summary?s=SFL:NYQ,2026-01-31T00:00:00+00:00,ft-us-2026-01-31,2026-01-31,,True
2026-01-31,US:SFNC:NSQ,US:SFNC,SFNC:NSQ,SFNC,Simmons First National Corp,NASDAQ,us,russell3000,Banks,ft_icb_native,2026-01-31,Financials,Banks,ft_native_v2,ft_index_membership_filtered,0.95,high,2026-01-31,https://markets.ft.com/data/equities/tearsheet/summary?s=SFNC:NSQ,2026-01-31T00:00:00+00:00,ft-us-2026-01-31,2026-01-31,,True
2026-01-31,US:SFST:NMQ,US:SFST,SFST:NMQ,SFST,Southern First Bancshares Inc,NMQ,us,russell3000,Banks,ft_icb_native,2026-01-31,Financials,Banks,ft_native_v2,ft_index_membership_filtered,0.95,high,2026-01-31,https://markets.ft.com/data/equities/tearsheet/summary?s=SFST:NMQ,2026-01-31T00:00:00+00:00,ft-us-2026-01-31,2026-01-31,,True
2026-01-31,US:SG:NYS,US:SG,SG:NYS,SG,Sweetgreen Inc,NYSE,us,russell3000,Travel and Leisure,ft_icb_native,2026-01-31,Consumer Discretionary,Travel and Leisure,ft_native_v2,ft_index_membership_filtered,0.95,high,2026-01-31,https://markets.ft.com/data/equities/tearsheet/summary?s=SG:NYS,2026-01-31T00:00:00+00:00,ft-us-2026-01-31,2026-01-31,,True
2026-01-31,US:SGHC:NYS,US:SGHC,SGHC:NYS,SGHC,SGHC Ltd,NYSE,us,russell3000,Travel and Leisure,ft_icb_native,2026-01-31,Consumer Discretionary,Travel and Leisure,ft_native_v2,ft_index_membership_filtered,0.95,high,2026-01-31,https://markets.ft.com/data/equities/tearsheet/summary?s=SGHC:NYS,2026-01-31T00:00:00+00:00,ft-us-2026-01-31,2026-01-31,,True
2026-01-31,US:SGI:NYQ,US:SGI,SGI:NYQ,SGI,Somnigroup International Inc,NYQ,us,russell3000,Household Goods and Home Construction,ft_icb_native,2026-01-31,Consumer Discretionary,Household Goods and Home Construction,ft_native_v2,ft_index_membership_filtered,0.95,high,2026-01-31,https://markets.ft.com/data/equities/tearsheet/summary?s=SGI:NYQ,2026-01-31T00:00:00+00:00,ft-us-2026-01-31,2026-01-31,,True
2026-01-31,US:SGRY:NSQ,US:SGRY,SGRY:NSQ,SGRY,Surgery Partners Inc,NASDAQ,us,russell3000,Health Care Providers,ft_icb_native,2026-01-31,Health Care,Health Care Providers,ft_native_v2,ft_index_membership_filtered,0.95,high,2026-01-31,https://markets.ft.com/data/equities/tearsheet/summary?s=SGRY:NSQ,2026-01-31T00:00:00+00:00,ft-us-2026-01-31,2026-01-31,,True
2026-01-31,US:SHAK:NYS,US:SHAK,SHAK:NYS,SHAK,Shake Shack Inc,NYSE,us,russell3000,Travel and Leisure,ft_icb_native,2026-01-31,Consumer Discretionary,Travel and Leisure,ft_native_v2,ft_index_membership_filtered,0.95,high,2026-01-31,https://markets.ft.com/data/equities/tearsheet/summary?s=SHAK:NYS,2026-01-31T00:00:00+00:00,ft-us-2026-01-31,2026-01-31,,True
2026-01-31,US:SHBI:NSQ,US:SHBI,SHBI:NSQ,SHBI,Shore Bancshares Inc,NASDAQ,us,russell3000,Banks,ft_icb_native,2026-01-31,Financials,Banks,ft_native_v2,ft_index_membership_filtered,0.95,high,2026-01-31,https://markets.ft.com/data/equities/tearsheet/summary?s=SHBI:NSQ,2026-01-31T00:00:00+00:00,ft-us-2026-01-31,2026-01-31,,True
2026-01-31,US:SHC:NSQ,US:SHC,SHC:NSQ,SHC,Sotera Health Co,NASDAQ,us,russell3000,Medical Equipment and Services,ft_icb_native,2026-01-31,Health Care,Medical Equipment and Services,ft_native_v2,ft_index_membership_filtered,0.95,high,2026-01-31,https://markets.ft.com/data/equities/tearsheet/summary?s=SHC:NSQ,2026-01-31T00:00:00+00:00,ft-us-2026-01-31,2026-01-31,,True
2026-01-31,US:SHEN:NSQ,US:SHEN,SHEN:NSQ,SHEN,Shenandoah Telecommunications Co,NASDAQ,us,russell3000,Telecommunications Service Providers,ft_icb_native,2026-01-31,Telecommunications,Telecommunications Service Providers,ft_native_v2,ft_index_membership_filtered,0.95,high,2026-01-31,https://markets.ft.com/data/equities/tearsheet/summary?s=SHEN:NSQ,2026-01-31T00:00:00+00:00,ft-us-2026-01-31,2026-01-31,,True
2026-01-31,US:SHLS:NMQ,US:SHLS,SHLS:NMQ,SHLS,Shoals Technologies Group Inc,NMQ,us,russell3000,Alternative Energy,ft_icb_native,2026-01-31,Industrials,Alternative Energy,ft_native_v2,ft_index_membership_filtered,0.95,high,2026-01-31,https://markets.ft.com/data/equities/tearsheet/summary?s=SHLS:NMQ,2026-01-31T00:00:00+00:00,ft-us-2026-01-31,2026-01-31,,True
2026-01-31,US:SHO:NYQ,US:SHO,SHO:NYQ,SHO,Sunstone Hotel Investors Inc,NYQ,us,russell3000,Real Estate Investment Trusts,ft_icb_native,2026-01-31,Real Estate,Real Estate Investment Trusts,ft_native_v2,ft_index_membership_filtered,0.95,high,2026-01-31,https://markets.ft.com/data/equities/tearsheet/summary?s=SHO:NYQ,2026-01-31T00:00:00+00:00,ft-us-2026-01-31,2026-01-31,,True
2026-01-31,US:SHOO:NSQ,US:SHOO,SHOO:NSQ,SHOO,Steven Madden Ltd,NASDAQ,us,russell3000,Personal Goods,ft_icb_native,2026-01-31,Consumer Discretionary,Personal Goods,ft_native_v2,ft_index_membership_filtered,0.95,high,2026-01-31,https://markets.ft.com/data/equities/tearsheet/summary?s=SHOO:NSQ,2026-01-31T00:00:00+00:00,ft-us-2026-01-31,2026-01-31,,True
2026-01-31,US:SHW:NYQ,US:SHW,SHW:NYQ,SHW,Sherwin-Williams Co,NYQ,us,russell3000,General Industrials,ft_icb_native,2026-01-31,Basic Materials,General Industrials,ft_native_v2,ft_index_membership_filtered,0.95,high,2026-01-31,https://markets.ft.com/data/equities/tearsheet/summary?s=SHW:NYQ,2026-01-31T00:00:00+00:00,ft-us-2026-01-31,2026-01-31,,True
2026-01-31,US:SIBN:NMQ,US:SIBN,SIBN:NMQ,SIBN,SI-BONE Inc,NMQ,us,russell3000,Medical Equipment and Services,ft_icb_native,2026-01-31,Health Care,Medical Equipment and Services,ft_native_v2,ft_index_membership_filtered,0.95,high,2026-01-31,https://markets.ft.com/data/equities/tearsheet/summary?s=SIBN:NMQ,2026-01-31T00:00:00+00:00,ft-us-2026-01-31,2026-01-31,,True
2026-01-31,US:SIG:NYQ,US:SIG,SIG:NYQ,SIG,Signet Jewelers Ltd,NYQ,us,russell3000,Personal Goods,ft_icb_native,2026-01-31,Consumer Discretionary,Personal Goods,ft_native_v2,ft_index_membership_filtered,0.95,high,2026-01-31,https://markets.ft.com/data/equities/tearsheet/summary?s=SIG:NYQ,2026-01-31T00:00:00+00:00,ft-us-2026-01-31,2026-01-31,,True
2026-01-31,US:SIGA:NMQ,US:SIGA,SIGA:NMQ,SIGA,SIGA Technologies Inc,NMQ,us,russell3000,Pharmaceuticals and Biotechnology,ft_icb_native,2026-01-31,Health Care,Pharmaceuticals and Biotechnology,ft_native_v2,ft_index_membership_filtered,0.95,high,2026-01-31,https://markets.ft.com/data/equities/tearsheet/summary?s=SIGA:NMQ,2026-01-31T00:00:00+00:00,ft-us-2026-01-31,2026-01-31,,True
2026-01-31,US:SIGI:NSQ,US:SIGI,SIGI:NSQ,SIGI,Selective Insurance Group Inc,NASDAQ,us,russell3000,Non-life Insurance,ft_icb_native,2026-01-31,Financials,Non-life Insurance,ft_native_v2,ft_index_membership_filtered,0.95,high,2026-01-31,https://markets.ft.com/data/equities/tearsheet/summary?s=SIGI:NSQ,2026-01-31T00:00:00+00:00,ft-us-2026-01-31,2026-01-31,,True
2026-01-31,US:SILA:NYQ,US:SILA,SILA:NYQ,SILA,Sila Realty Trust Inc,NYQ,us,russell3000,Real Estate Investment Trusts,ft_icb_native,2026-01-31,Real Estate,Real Estate Investment Trusts,ft_native_v2,ft_index_membership_filtered,0.95,high,2026-01-31,https://markets.ft.com/data/equities/tearsheet/summary?s=SILA:NYQ,2026-01-31T00:00:00+00:00,ft-us-2026-01-31,2026-01-31,,True
2026-01-31,US:SION:NMQ,US:SION,SION:NMQ,SION,Sionna Therapeutics Inc,NMQ,us,russell3000,Pharmaceuticals and Biotechnology,ft_icb_native,2026-01-31,Health Care,Pharmaceuticals and Biotechnology,ft_native_v2,ft_index_membership_filtered,0.95,high,2026-01-31,https://markets.ft.com/data/equities/tearsheet/summary?s=SION:NMQ,2026-01-31T00:00:00+00:00,ft-us-2026-01-31,2026-01-31,,True
2026-01-31,US:SIRI:NSQ,US:SIRI,SIRI:NSQ,SIRI,Sirius XM Holdings Inc,NASDAQ,us,russell3000,Media,ft_icb_native,2026-01-31,Telecommunications,Media,ft_native_v2,ft_index_membership_filtered,0.95,high,2026-01-31,https://markets.ft.com/data/equities/tearsheet/summary?s=SIRI:NSQ,2026-01-31T00:00:00+00:00,ft-us-2026-01-31,2026-01-31,,True
2026-01-31,US:SITC:NYQ,US:SITC,SITC:NYQ,SITC,Site Centers Corp,NYQ,us,russell3000,Real Estate Investment Trusts,ft_icb_native,2026-01-31,Real Estate,Real Estate Investment Trusts,ft_native_v2,ft_index_membership_filtered,0.95,high,2026-01-31,https://markets.ft.com/data/equities/tearsheet/summary?s=SITC:NYQ,2026-01-31T00:00:00+00:00,ft-us-2026-01-31,2026-01-31,,True
2026-01-31,US:SITE:NYQ,US:SITE,SITE:NYQ,SITE,SiteOne Landscape Supply Inc,NYQ,us,russell3000,Consumer Discretionary,ft_icb_native,2026-01-31,Industrials,Consumer Discretionary,ft_native_v2,ft_index_membership_filtered,0.95,high,2026-01-31,https://markets.ft.com/data/equities/tearsheet/summary?s=SITE:NYQ,2026-01-31T00:00:00+00:00,ft-us-2026-01-31,2026-01-31,,True
2026-01-31,US:SITM:NMQ,US:SITM,SITM:NMQ,SITM,SiTime Corp,NMQ,us,russell3000,Technology Hardware and Equipment,ft_icb_native,2026-01-31,Technology,Technology Hardware and Equipment,ft_native_v2,ft_index_membership_filtered,0.95,high,2026-01-31,https://markets.ft.com/data/equities/tearsheet/summary?s=SITM:NMQ,2026-01-31T00:00:00+00:00,ft-us-2026-01-31,2026-01-31,,True
2026-01-31,US:SJM:NYQ,US:SJM,SJM:NYQ,SJM,J M Smucker Co,NYQ,us,russell3000,Food Producers,ft_icb_native,2026-01-31,Consumer Staples,Food Producers,ft_native_v2,ft_index_membership_filtered,0.95,high,2026-01-31,https://markets.ft.com/data/equities/tearsheet/summary?s=SJM:NYQ,2026-01-31T00:00:00+00:00,ft-us-2026-01-31,2026-01-31,,True
2026-01-31,US:SKIN:NAQ,US:SKIN,SKIN:NAQ,SKIN,Beauty Health Co,NAQ,us,russell3000,"Personal Care, Drug and Grocery Stores",ft_icb_native,2026-01-31,Consumer Staples,"Personal Care, Drug and Grocery Stores",ft_native_v2,ft_index_membership_filtered,0.95,high,2026-01-31,https://markets.ft.com/data/equities/tearsheet/summary?s=SKIN:NAQ,2026-01-31T00:00:00+00:00,ft-us-2026-01-31,2026-01-31,,True
2026-01-31,US:SKT:NYQ,US:SKT,SKT:NYQ,SKT,Tanger Inc,NYQ,us,russell3000,Real Estate Investment Trusts,ft_icb_native,2026-01-31,Real Estate,Real Estate Investment Trusts,ft_native_v2,ft_index_membership_filtered,0.95,high,2026-01-31,https://markets.ft.com/data/equities/tearsheet/summary?s=SKT:NYQ,2026-01-31T00:00:00+00:00,ft-us-2026-01-31,2026-01-31,,True
2026-01-31,US:SKWD:NSQ,US:SKWD,SKWD:NSQ,SKWD,Skyward Specialty Insurance Group Inc,NASDAQ,us,russell3000,Non-life Insurance,ft_icb_native,2026-01-31,Financials,Non-life Insurance,ft_native_v2,ft_index_membership_filtered,0.95,high,2026-01-31,https://markets.ft.com/data/equities/tearsheet/summary?s=SKWD:NSQ,2026-01-31T00:00:00+00:00,ft-us-2026-01-31,2026-01-31,,True
2026-01-31,US:SKY:NYQ,US:SKY,SKY:NYQ,SKY,Champion Homes Inc,NYQ,us,russell3000,Household Goods and Home Construction,ft_icb_native,2026-01-31,Consumer Discretionary,Household Goods and Home Construction,ft_native_v2,ft_index_membership_filtered,0.95,high,2026-01-31,https://markets.ft.com/data/equities/tearsheet/summary?s=SKY:NYQ,2026-01-31T00:00:00+00:00,ft-us-2026-01-31,2026-01-31,,True
2026-01-31,US:SKYT:NAQ,US:SKYT,SKYT:NAQ,SKYT,Skywater Technology Inc,NAQ,us,russell3000,Technology Hardware and Equipment,ft_icb_native,2026-01-31,Technology,Technology Hardware and Equipment,ft_native_v2,ft_index_membership_filtered,0.95,high,2026-01-31,https://markets.ft.com/data/equities/tearsheet/summary?s=SKYT:NAQ,2026-01-31T00:00:00+00:00,ft-us-2026-01-31,2026-01-31,,True
2026-01-31,US:SKYW:NSQ,US:SKYW,SKYW:NSQ,SKYW,SkyWest Inc,NASDAQ,us,russell3000,Travel and Leisure,ft_icb_native,2026-01-31,Industrials,Travel and Leisure,ft_native_v2,ft_index_membership_filtered,0.95,high,2026-01-31,https://markets.ft.com/data/equities/tearsheet/summary?s=SKYW:NSQ,2026-01-31T00:00:00+00:00,ft-us-2026-01-31,2026-01-31,,True
2026-01-31,US:SLAB:NSQ,US:SLAB,SLAB:NSQ,SLAB,Silicon Laboratories Inc,NASDAQ,us,russell3000,Technology Hardware and Equipment,ft_icb_native,2026-01-31,Technology,Technology Hardware and Equipment,ft_native_v2,ft_index_membership_filtered,0.95,high,2026-01-31,https://markets.ft.com/data/equities/tearsheet/summary?s=SLAB:NSQ,2026-01-31T00:00:00+00:00,ft-us-2026-01-31,2026-01-31,,True
2026-01-31,US:SLB:NYQ,US:SLB,SLB:NYQ,SLB,Slb NV,NYQ,us,russell3000,"Oil, Gas and Coal",ft_icb_native,2026-01-31,Energy,"Oil, Gas and Coal",ft_native_v2,ft_index_membership_filtered,0.95,high,2026-01-31,https://markets.ft.com/data/equities/tearsheet/summary?s=SLB:NYQ,2026-01-31T00:00:00+00:00,ft-us-2026-01-31,2026-01-31,,True
2026-01-31,US:SLDE:NSQ,US:SLDE,SLDE:NSQ,SLDE,Slide Insurance Holdings Inc,NASDAQ,us,russell3000,Non-life Insurance,ft_icb_native,2026-01-31,Financials,Non-life Insurance,ft_native_v2,ft_index_membership_filtered,0.95,high,2026-01-31,https://markets.ft.com/data/equities/tearsheet/summary?s=SLDE:NSQ,2026-01-31T00:00:00+00:00,ft-us-2026-01-31,2026-01-31,,True
2026-01-31,US:SLDP:NSQ,US:SLDP,SLDP:NSQ,SLDP,Solid Power Inc,NASDAQ,us,russell3000,Alternative Energy,ft_icb_native,2026-01-31,Consumer Discretionary,Alternative Energy,ft_native_v2,ft_index_membership_filtered,0.95,high,2026-01-31,https://markets.ft.com/data/equities/tearsheet/summary?s=SLDP:NSQ,2026-01-31T00:00:00+00:00,ft-us-2026-01-31,2026-01-31,,True
2026-01-31,US:SLG:NYQ,US:SLG,SLG:NYQ,SLG,SL Green Realty Corp,NYQ,us,russell3000,Real Estate Investment Trusts,ft_icb_native,2026-01-31,Real Estate,Real Estate Investment Trusts,ft_native_v2,ft_index_membership_filtered,0.95,high,2026-01-31,https://markets.ft.com/data/equities/tearsheet/summary?s=SLG:NYQ,2026-01-31T00:00:00+00:00,ft-us-2026-01-31,2026-01-31,,True
2026-01-31,US:SLGN:NYQ,US:SLGN,SLGN:NYQ,SLGN,Silgan Holdings Inc,NYQ,us,russell3000,General Industrials,ft_icb_native,2026-01-31,Basic Materials,General Industrials,ft_native_v2,ft_index_membership_filtered,0.95,high,2026-01-31,https://markets.ft.com/data/equities/tearsheet/summary?s=SLGN:NYQ,2026-01-31T00:00:00+00:00,ft-us-2026-01-31,2026-01-31,,True
2026-01-31,US:SLM:NSQ,US:SLM,SLM:NSQ,SLM,SLM Corp,NASDAQ,us,russell3000,Finance and Credit Services,ft_icb_native,2026-01-31,Financials,Finance and Credit Services,ft_native_v2,ft_index_membership_filtered,0.95,high,2026-01-31,https://markets.ft.com/data/equities/tearsheet/summary?s=SLM:NSQ,2026-01-31T00:00:00+00:00,ft-us-2026-01-31,2026-01-31,,True
2026-01-31,US:SLNO:NAQ,US:SLNO,SLNO:NAQ,SLNO,Soleno Therapeutics Inc,NAQ,us,russell3000,Pharmaceuticals and Biotechnology,ft_icb_native,2026-01-31,Health Care,Pharmaceuticals and Biotechnology,ft_native_v2,ft_index_membership_filtered,0.95,high,2026-01-31,https://markets.ft.com/data/equities/tearsheet/summary?s=SLNO:NAQ,2026-01-31T00:00:00+00:00,ft-us-2026-01-31,2026-01-31,,True
2026-01-31,US:SLP:NSQ,US:SLP,SLP:NSQ,SLP,Simulations Plus Inc,NASDAQ,us,russell3000,Technology,ft_icb_native,2026-01-31,Health Care,Technology,ft_native_v2,ft_index_membership_filtered,0.95,high,2026-01-31,https://markets.ft.com/data/equities/tearsheet/summary?s=SLP:NSQ,2026-01-31T00:00:00+00:00,ft-us-2026-01-31,2026-01-31,,True
2026-01-31,US:SLQT:NYQ,US:SLQT,SLQT:NYQ,SLQT,SelectQuote Inc,NYQ,us,russell3000,Non-life Insurance,ft_icb_native,2026-01-31,Financials,Non-life Insurance,ft_native_v2,ft_index_membership_filtered,0.95,high,2026-01-31,https://markets.ft.com/data/equities/tearsheet/summary?s=SLQT:NYQ,2026-01-31T00:00:00+00:00,ft-us-2026-01-31,2026-01-31,,True
2026-01-31,US:SLS:NAQ,US:SLS,SLS:NAQ,SLS,Sellas Life Sciences Group Inc,NAQ,us,russell3000,Pharmaceuticals and Biotechnology,ft_icb_native,2026-01-31,Health Care,Pharmaceuticals and Biotechnology,ft_native_v2,ft_index_membership_filtered,0.95,high,2026-01-31,https://markets.ft.com/data/equities/tearsheet/summary?s=SLS:NAQ,2026-01-31T00:00:00+00:00,ft-us-2026-01-31,2026-01-31,,True
2026-01-31,US:SLVM:NYQ,US:SLVM,SLVM:NYQ,SLVM,Sylvamo Corp,NYQ,us,russell3000,Industrial Materials,ft_icb_native,2026-01-31,Basic Materials,Industrial Materials,ft_native_v2,ft_index_membership_filtered,0.95,high,2026-01-31,https://markets.ft.com/data/equities/tearsheet/summary?s=SLVM:NYQ,2026-01-31T00:00:00+00:00,ft-us-2026-01-31,2026-01-31,,True
2026-01-31,US:SM:NYQ,US:SM,SM:NYQ,SM,SM Energy Co,NYQ,us,russell3000,"Oil, Gas and Coal",ft_icb_native,2026-01-31,Energy,"Oil, Gas and Coal",ft_native_v2,ft_index_membership_filtered,0.95,high,2026-01-31,https://markets.ft.com/data/equities/tearsheet/summary?s=SM:NYQ,2026-01-31T00:00:00+00:00,ft-us-2026-01-31,2026-01-31,,True
2026-01-31,US:SMA:NYS,US:SMA,SMA:NYS,SMA,SmartStop Self Storage REIT Inc,NYSE,us,russell3000,Real Estate Investment Trusts,ft_icb_native,2026-01-31,Real Estate,Real Estate Investment Trusts,ft_native_v2,ft_index_membership_filtered,0.95,high,2026-01-31,https://markets.ft.com/data/equities/tearsheet/summary?s=SMA:NYS,2026-01-31T00:00:00+00:00,ft-us-2026-01-31,2026-01-31,,True
2026-01-31,US:SMBC:NMQ,US:SMBC,SMBC:NMQ,SMBC,Southern Missouri Bancorp Inc,NMQ,us,russell3000,Banks,ft_icb_native,2026-01-31,Financials,Banks,ft_native_v2,ft_index_membership_filtered,0.95,high,2026-01-31,https://markets.ft.com/data/equities/tearsheet/summary?s=SMBC:NMQ,2026-01-31T00:00:00+00:00,ft-us-2026-01-31,2026-01-31,,True
2026-01-31,US:SMBK:NYQ,US:SMBK,SMBK:NYQ,SMBK,SmartFinancial Inc,NYQ,us,russell3000,Banks,ft_icb_native,2026-01-31,Financials,Banks,ft_native_v2,ft_index_membership_filtered,0.95,high,2026-01-31,https://markets.ft.com/data/equities/tearsheet/summary?s=SMBK:NYQ,2026-01-31T00:00:00+00:00,ft-us-2026-01-31,2026-01-31,,True
2026-01-31,US:SMCI:NSQ,US:SMCI,SMCI:NSQ,SMCI,Super Micro Computer Inc,NASDAQ,us,russell3000,Technology Hardware and Equipment,ft_icb_native,2026-01-31,Technology,Technology Hardware and Equipment,ft_native_v2,ft_index_membership_filtered,0.95,high,2026-01-31,https://markets.ft.com/data/equities/tearsheet/summary?s=SMCI:NSQ,2026-01-31T00:00:00+00:00,ft-us-2026-01-31,2026-01-31,,True
2026-01-31,US:SMG:NYQ,US:SMG,SMG:NYQ,SMG,Scotts Miracle-Gro Co,NYQ,us,russell3000,Chemicals,ft_icb_native,2026-01-31,Basic Materials,Chemicals,ft_native_v2,ft_index_membership_filtered,0.95,high,2026-01-31,https://markets.ft.com/data/equities/tearsheet/summary?s=SMG:NYQ,2026-01-31T00:00:00+00:00,ft-us-2026-01-31,2026-01-31,,True
2026-01-31,US:SMMT:NMQ,US:SMMT,SMMT:NMQ,SMMT,Summit Therapeutics Inc,NMQ,us,russell3000,Pharmaceuticals and Biotechnology,ft_icb_native,2026-01-31,Health Care,Pharmaceuticals and Biotechnology,ft_native_v2,ft_index_membership_filtered,0.95,high,2026-01-31,https://markets.ft.com/data/equities/tearsheet/summary?s=SMMT:NMQ,2026-01-31T00:00:00+00:00,ft-us-2026-01-31,2026-01-31,,True
2026-01-31,US:SMP:NYQ,US:SMP,SMP:NYQ,SMP,Standard Motor Products Inc,NYQ,us,russell3000,Automobiles and Parts,ft_icb_native,2026-01-31,Consumer Discretionary,Automobiles and Parts,ft_native_v2,ft_index_membership_filtered,0.95,high,2026-01-31,https://markets.ft.com/data/equities/tearsheet/summary?s=SMP:NYQ,2026-01-31T00:00:00+00:00,ft-us-2026-01-31,2026-01-31,,True
2026-01-31,US:SMPL:NAQ,US:SMPL,SMPL:NAQ,SMPL,Simply Good Foods Co,NAQ,us,russell3000,Food Producers,ft_icb_native,2026-01-31,Consumer Staples,Food Producers,ft_native_v2,ft_index_membership_filtered,0.95,high,2026-01-31,https://markets.ft.com/data/equities/tearsheet/summary?s=SMPL:NAQ,2026-01-31T00:00:00+00:00,ft-us-2026-01-31,2026-01-31,,True
2026-01-31,US:SMR:NYQ,US:SMR,SMR:NYQ,SMR,Nuscale Power Corp,NYQ,us,russell3000,Electricity,ft_icb_native,2026-01-31,Industrials,Electricity,ft_native_v2,ft_index_membership_filtered,0.95,high,2026-01-31,https://markets.ft.com/data/equities/tearsheet/summary?s=SMR:NYQ,2026-01-31T00:00:00+00:00,ft-us-2026-01-31,2026-01-31,,True
2026-01-31,US:SMTC:NSQ,US:SMTC,SMTC:NSQ,SMTC,Semtech Corp,NASDAQ,us,russell3000,Technology Hardware and Equipment,ft_icb_native,2026-01-31,Technology,Technology Hardware and Equipment,ft_native_v2,ft_index_membership_filtered,0.95,high,2026-01-31,https://markets.ft.com/data/equities/tearsheet/summary?s=SMTC:NSQ,2026-01-31T00:00:00+00:00,ft-us-2026-01-31,2026-01-31,,True
2026-01-31,US:SN:NYS,US:SN,SN:NYS,SN,Sharkninja Inc,NYSE,us,russell3000,Household Goods and Home Construction,ft_icb_native,2026-01-31,Consumer Discretionary,Household Goods and Home Construction,ft_native_v2,ft_index_membership_filtered,0.95,high,2026-01-31,https://markets.ft.com/data/equities/tearsheet/summary?s=SN:NYS,2026-01-31T00:00:00+00:00,ft-us-2026-01-31,2026-01-31,,True
2026-01-31,US:SNA:NYQ,US:SNA,SNA:NYQ,SNA,Snap-On Inc,NYQ,us,russell3000,Industrial Engineering,ft_icb_native,2026-01-31,Industrials,Industrial Engineering,ft_native_v2,ft_index_membership_filtered,0.95,high,2026-01-31,https://markets.ft.com/data/equities/tearsheet/summary?s=SNA:NYQ,2026-01-31T00:00:00+00:00,ft-us-2026-01-31,2026-01-31,,True
2026-01-31,US:SNBR:NSQ,US:SNBR,SNBR:NSQ,SNBR,Sleep Number Corp,NASDAQ,us,russell3000,Household Goods and Home Construction,ft_icb_native,2026-01-31,Consumer Discretionary,Household Goods and Home Construction,ft_native_v2,ft_index_membership_filtered,0.95,high,2026-01-31,https://markets.ft.com/data/equities/tearsheet/summary?s=SNBR:NSQ,2026-01-31T00:00:00+00:00,ft-us-2026-01-31,2026-01-31,,True
2026-01-31,US:SNCY:NSQ,US:SNCY,SNCY:NSQ,SNCY,Sun Country Airlines Holdings Inc,NASDAQ,us,russell3000,Travel and Leisure,ft_icb_native,2026-01-31,Industrials,Travel and Leisure,ft_native_v2,ft_index_membership_filtered,0.95,high,2026-01-31,https://markets.ft.com/data/equities/tearsheet/summary?s=SNCY:NSQ,2026-01-31T00:00:00+00:00,ft-us-2026-01-31,2026-01-31,,True
2026-01-31,US:SNDK:NSQ,US:SNDK,SNDK:NSQ,SNDK,Sandisk Corp,NASDAQ,us,russell3000,Technology Hardware and Equipment,ft_icb_native,2026-01-31,Technology,Technology Hardware and Equipment,ft_native_v2,ft_index_membership_filtered,0.95,high,2026-01-31,https://markets.ft.com/data/equities/tearsheet/summary?s=SNDK:NSQ,2026-01-31T00:00:00+00:00,ft-us-2026-01-31,2026-01-31,,True
2026-01-31,US:SNDR:NYQ,US:SNDR,SNDR:NYQ,SNDR,Schneider National Inc,NYQ,us,russell3000,Industrial Transportation,ft_icb_native,2026-01-31,Industrials,Industrial Transportation,ft_native_v2,ft_index_membership_filtered,0.95,high,2026-01-31,https://markets.ft.com/data/equities/tearsheet/summary?s=SNDR:NYQ,2026-01-31T00:00:00+00:00,ft-us-2026-01-31,2026-01-31,,True
2026-01-31,US:SNDX:NSQ,US:SNDX,SNDX:NSQ,SNDX,Syndax Pharmaceuticals Inc,NASDAQ,us,russell3000,Pharmaceuticals and Biotechnology,ft_icb_native,2026-01-31,Health Care,Pharmaceuticals and Biotechnology,ft_native_v2,ft_index_membership_filtered,0.95,high,2026-01-31,https://markets.ft.com/data/equities/tearsheet/summary?s=SNDX:NSQ,2026-01-31T00:00:00+00:00,ft-us-2026-01-31,2026-01-31,,True
2026-01-31,US:SNEX:NSQ,US:SNEX,SNEX:NSQ,SNEX,StoneX Group Inc,NASDAQ,us,russell3000,Investment Banking and Brokerage Services,ft_icb_native,2026-01-31,Financials,Investment Banking and Brokerage Services,ft_native_v2,ft_index_membership_filtered,0.95,high,2026-01-31,https://markets.ft.com/data/equities/tearsheet/summary?s=SNEX:NSQ,2026-01-31T00:00:00+00:00,ft-us-2026-01-31,2026-01-31,,True
2026-01-31,US:SNOW:NYQ,US:SNOW,SNOW:NYQ,SNOW,Snowflake Inc,NYQ,us,russell3000,Technology,ft_icb_native,2026-01-31,Technology,Technology,ft_native_v2,ft_index_membership_filtered,0.95,high,2026-01-31,https://markets.ft.com/data/equities/tearsheet/summary?s=SNOW:NYQ,2026-01-31T00:00:00+00:00,ft-us-2026-01-31,2026-01-31,,True
2026-01-31,US:SNPS:NSQ,US:SNPS,SNPS:NSQ,SNPS,Synopsys Inc,NASDAQ,us,russell3000,Technology,ft_icb_native,2026-01-31,Technology,Technology,ft_native_v2,ft_index_membership_filtered,0.95,high,2026-01-31,https://markets.ft.com/data/equities/tearsheet/summary?s=SNPS:NSQ,2026-01-31T00:00:00+00:00,ft-us-2026-01-31,2026-01-31,,True
2026-01-31,US:SNX:NYQ,US:SNX,SNX:NYQ,SNX,TD Synnex Corp,NYQ,us,russell3000,Technology Hardware and Equipment,ft_icb_native,2026-01-31,Technology,Technology Hardware and Equipment,ft_native_v2,ft_index_membership_filtered,0.95,high,2026-01-31,https://markets.ft.com/data/equities/tearsheet/summary?s=SNX:NYQ,2026-01-31T00:00:00+00:00,ft-us-2026-01-31,2026-01-31,,True
2026-01-31,US:SO:NYQ,US:SO,SO:NYQ,SO,Southern Co,NYQ,us,russell3000,Electricity,ft_icb_native,2026-01-31,Utilities,Electricity,ft_native_v2,ft_index_membership_filtered,0.95,high,2026-01-31,https://markets.ft.com/data/equities/tearsheet/summary?s=SO:NYQ,2026-01-31T00:00:00+00:00,ft-us-2026-01-31,2026-01-31,,True
2026-01-31,US:SOC:NYQ,US:SOC,SOC:NYQ,SOC,Sable Offshore Corp,NYQ,us,russell3000,"Oil, Gas and Coal",ft_icb_native,2026-01-31,Energy,"Oil, Gas and Coal",ft_native_v2,ft_index_membership_filtered,0.95,high,2026-01-31,https://markets.ft.com/data/equities/tearsheet/summary?s=SOC:NYQ,2026-01-31T00:00:00+00:00,ft-us-2026-01-31,2026-01-31,,True
2026-01-31,US:SOFI:NSQ,US:SOFI,SOFI:NSQ,SOFI,SoFi Technologies Inc,NASDAQ,us,russell3000,Financial Services,ft_icb_native,2026-01-31,Financials,Financial Services,ft_native_v2,ft_index_membership_filtered_level3_fallback,0.65,medium,2026-01-31,https://markets.ft.com/data/equities/tearsheet/summary?s=SOFI:NSQ,2026-01-31T00:00:00+00:00,ft-us-2026-01-31,2026-01-31,,True
2026-01-31,US:SOLS:NSQ,US:SOLS,SOLS:NSQ,SOLS,Solstice Advanced Materials Inc,NASDAQ,us,russell3000,Industrial Materials,ft_icb_native,2026-01-31,Basic Materials,Industrial Materials,ft_native_v2,ft_index_membership_filtered,0.95,high,2026-01-31,https://markets.ft.com/data/equities/tearsheet/summary?s=SOLS:NSQ,2026-01-31T00:00:00+00:00,ft-us-2026-01-31,2026-01-31,,True
2026-01-31,US:SOLV:NYQ,US:SOLV,SOLV:NYQ,SOLV,Solventum Corp,NYQ,us,russell3000,Medical Equipment and Services,ft_icb_native,2026-01-31,Health Care,Medical Equipment and Services,ft_native_v2,ft_index_membership_filtered,0.95,high,2026-01-31,https://markets.ft.com/data/equities/tearsheet/summary?s=SOLV:NYQ,2026-01-31T00:00:00+00:00,ft-us-2026-01-31,2026-01-31,,True
2026-01-31,US:SON:NYQ,US:SON,SON:NYQ,SON,Sonoco Products Co,NYQ,us,russell3000,General Industrials,ft_icb_native,2026-01-31,Basic Materials,General Industrials,ft_native_v2,ft_index_membership_filtered,0.95,high,2026-01-31,https://markets.ft.com/data/equities/tearsheet/summary?s=SON:NYQ,2026-01-31T00:00:00+00:00,ft-us-2026-01-31,2026-01-31,,True
2026-01-31,US:SONO:NSQ,US:SONO,SONO:NSQ,SONO,Sonos Inc,NASDAQ,us,russell3000,Leisure Goods,ft_icb_native,2026-01-31,Consumer Discretionary,Leisure Goods,ft_native_v2,ft_index_membership_filtered,0.95,high,2026-01-31,https://markets.ft.com/data/equities/tearsheet/summary?s=SONO:NSQ,2026-01-31T00:00:00+00:00,ft-us-2026-01-31,2026-01-31,,True
2026-01-31,US:SOUN:NMQ,US:SOUN,SOUN:NMQ,SOUN,SoundHound AI Inc,NMQ,us,russell3000,Technology,ft_icb_native,2026-01-31,Technology,Technology,ft_native_v2,ft_index_membership_filtered,0.95,high,2026-01-31,https://markets.ft.com/data/equities/tearsheet/summary?s=SOUN:NMQ,2026-01-31T00:00:00+00:00,ft-us-2026-01-31,2026-01-31,,True
2026-01-31,US:SPB:NYQ,US:SPB,SPB:NYQ,SPB,Spectrum Brands Holdings Inc,NYQ,us,russell3000,"Personal Care, Drug and Grocery Stores",ft_icb_native,2026-01-31,Consumer Staples,"Personal Care, Drug and Grocery Stores",ft_native_v2,ft_index_membership_filtered,0.95,high,2026-01-31,https://markets.ft.com/data/equities/tearsheet/summary?s=SPB:NYQ,2026-01-31T00:00:00+00:00,ft-us-2026-01-31,2026-01-31,,True
2026-01-31,US:SPFI:NSQ,US:SPFI,SPFI:NSQ,SPFI,South Plains Financial Inc,NASDAQ,us,russell3000,Banks,ft_icb_native,2026-01-31,Financials,Banks,ft_native_v2,ft_index_membership_filtered,0.95,high,2026-01-31,https://markets.ft.com/data/equities/tearsheet/summary?s=SPFI:NSQ,2026-01-31T00:00:00+00:00,ft-us-2026-01-31,2026-01-31,,True
2026-01-31,US:SPG:NYQ,US:SPG,SPG:NYQ,SPG,Simon Property Group Inc,NYQ,us,russell3000,Real Estate Investment Trusts,ft_icb_native,2026-01-31,Real Estate,Real Estate Investment Trusts,ft_native_v2,ft_index_membership_filtered,0.95,high,2026-01-31,https://markets.ft.com/data/equities/tearsheet/summary?s=SPG:NYQ,2026-01-31T00:00:00+00:00,ft-us-2026-01-31,2026-01-31,,True
2026-01-31,US:SPGI:NYQ,US:SPGI,SPGI:NYQ,SPGI,S&P Global Inc,NYQ,us,russell3000,Finance and Credit Services,ft_icb_native,2026-01-31,Financials,Finance and Credit Services,ft_native_v2,ft_index_membership_filtered,0.95,high,2026-01-31,https://markets.ft.com/data/equities/tearsheet/summary?s=SPGI:NYQ,2026-01-31T00:00:00+00:00,ft-us-2026-01-31,2026-01-31,,True
2026-01-31,US:SPHR:NYQ,US:SPHR,SPHR:NYQ,SPHR,Sphere Entertainment Co,NYQ,us,russell3000,Travel and Leisure,ft_icb_native,2026-01-31,Telecommunications,Travel and Leisure,ft_native_v2,ft_index_membership_filtered,0.95,high,2026-01-31,https://markets.ft.com/data/equities/tearsheet/summary?s=SPHR:NYQ,2026-01-31T00:00:00+00:00,ft-us-2026-01-31,2026-01-31,,True
2026-01-31,US:SPNT:NYQ,US:SPNT,SPNT:NYQ,SPNT,Siriuspoint Ltd,NYQ,us,russell3000,Non-life Insurance,ft_icb_native,2026-01-31,Financials,Non-life Insurance,ft_native_v2,ft_index_membership_filtered,0.95,high,2026-01-31,https://markets.ft.com/data/equities/tearsheet/summary?s=SPNT:NYQ,2026-01-31T00:00:00+00:00,ft-us-2026-01-31,2026-01-31,,True
2026-01-31,US:SPOK:NSQ,US:SPOK,SPOK:NSQ,SPOK,Spok Holdings Inc,NASDAQ,us,russell3000,Telecommunications Service Providers,ft_icb_native,2026-01-31,Telecommunications,Telecommunications Service Providers,ft_native_v2,ft_index_membership_filtered,0.95,high,2026-01-31,https://markets.ft.com/data/equities/tearsheet/summary?s=SPOK:NSQ,2026-01-31T00:00:00+00:00,ft-us-2026-01-31,2026-01-31,,True
2026-01-31,US:SPRY:NMQ,US:SPRY,SPRY:NMQ,SPRY,ARS Pharmaceuticals Inc,NMQ,us,russell3000,Pharmaceuticals and Biotechnology,ft_icb_native,2026-01-31,Health Care,Pharmaceuticals and Biotechnology,ft_native_v2,ft_index_membership_filtered,0.95,high,2026-01-31,https://markets.ft.com/data/equities/tearsheet/summary?s=SPRY:NMQ,2026-01-31T00:00:00+00:00,ft-us-2026-01-31,2026-01-31,,True
2026-01-31,US:SR:NYQ,US:SR,SR:NYQ,SR,Spire Inc,NYQ,us,russell3000,"Gas, Water and Multi-utilities",ft_icb_native,2026-01-31,Utilities,"Gas, Water and Multi-utilities",ft_native_v2,ft_index_membership_filtered,0.95,high,2026-01-31,https://markets.ft.com/data/equities/tearsheet/summary?s=SR:NYQ,2026-01-31T00:00:00+00:00,ft-us-2026-01-31,2026-01-31,,True
2026-01-31,US:SRCE:NSQ,US:SRCE,SRCE:NSQ,SRCE,1st Source Corp,NASDAQ,us,russell3000,Banks,ft_icb_native,2026-01-31,Financials,Banks,ft_native_v2,ft_index_membership_filtered,0.95,high,2026-01-31,https://markets.ft.com/data/equities/tearsheet/summary?s=SRCE:NSQ,2026-01-31T00:00:00+00:00,ft-us-2026-01-31,2026-01-31,,True
2026-01-31,US:SRE:NYQ,US:SRE,SRE:NYQ,SRE,Sempra,NYQ,us,russell3000,"Gas, Water and Multi-utilities",ft_icb_native,2026-01-31,Utilities,"Gas, Water and Multi-utilities",ft_native_v2,ft_index_membership_filtered,0.95,high,2026-01-31,https://markets.ft.com/data/equities/tearsheet/summary?s=SRE:NYQ,2026-01-31T00:00:00+00:00,ft-us-2026-01-31,2026-01-31,,True
2026-01-31,US:SRPT:NSQ,US:SRPT,SRPT:NSQ,SRPT,Sarepta Therapeutics Inc,NASDAQ,us,russell3000,Pharmaceuticals and Biotechnology,ft_icb_native,2026-01-31,Health Care,Pharmaceuticals and Biotechnology,ft_native_v2,ft_index_membership_filtered,0.95,high,2026-01-31,https://markets.ft.com/data/equities/tearsheet/summary?s=SRPT:NSQ,2026-01-31T00:00:00+00:00,ft-us-2026-01-31,2026-01-31,,True
2026-01-31,US:SRRK:NSQ,US:SRRK,SRRK:NSQ,SRRK,Scholar Rock Holding Corp,NASDAQ,us,russell3000,Pharmaceuticals and Biotechnology,ft_icb_native,2026-01-31,Health Care,Pharmaceuticals and Biotechnology,ft_native_v2,ft_index_membership_filtered,0.95,high,2026-01-31,https://markets.ft.com/data/equities/tearsheet/summary?s=SRRK:NSQ,2026-01-31T00:00:00+00:00,ft-us-2026-01-31,2026-01-31,,True
2026-01-31,US:SRTA:NAQ,US:SRTA,SRTA:NAQ,SRTA,Strata Critical Medical Inc,NAQ,us,russell3000,Industrial Transportation,ft_icb_native,2026-01-31,Health Care,Industrial Transportation,ft_native_v2,ft_index_membership_filtered,0.95,high,2026-01-31,https://markets.ft.com/data/equities/tearsheet/summary?s=SRTA:NAQ,2026-01-31T00:00:00+00:00,ft-us-2026-01-31,2026-01-31,,True
2026-01-31,US:SSB:NYQ,US:SSB,SSB:NYQ,SSB,SouthState Bank Corp,NYQ,us,russell3000,Banks,ft_icb_native,2026-01-31,Financials,Banks,ft_native_v2,ft_index_membership_filtered,0.95,high,2026-01-31,https://markets.ft.com/data/equities/tearsheet/summary?s=SSB:NYQ,2026-01-31T00:00:00+00:00,ft-us-2026-01-31,2026-01-31,,True
2026-01-31,US:SSD:NYQ,US:SSD,SSD:NYQ,SSD,Simpson Manufacturing Co Inc,NYQ,us,russell3000,Construction and Materials,ft_icb_native,2026-01-31,Industrials,Construction and Materials,ft_native_v2,ft_index_membership_filtered,0.95,high,2026-01-31,https://markets.ft.com/data/equities/tearsheet/summary?s=SSD:NYQ,2026-01-31T00:00:00+00:00,ft-us-2026-01-31,2026-01-31,,True
2026-01-31,US:SSNC:NSQ,US:SSNC,SSNC:NSQ,SSNC,SS&C Technologies Holdings Inc,NASDAQ,us,russell3000,Technology,ft_icb_native,2026-01-31,Industrials,Technology,ft_native_v2,ft_index_membership_filtered,0.95,high,2026-01-31,https://markets.ft.com/data/equities/tearsheet/summary?s=SSNC:NSQ,2026-01-31T00:00:00+00:00,ft-us-2026-01-31,2026-01-31,,True
2026-01-31,US:SSP:NSQ,US:SSP,SSP:NSQ,SSP,E W Scripps Co,NASDAQ,us,russell3000,Media,ft_icb_native,2026-01-31,Telecommunications,Media,ft_native_v2,ft_index_membership_filtered,0.95,high,2026-01-31,https://markets.ft.com/data/equities/tearsheet/summary?s=SSP:NSQ,2026-01-31T00:00:00+00:00,ft-us-2026-01-31,2026-01-31,,True
2026-01-31,US:SSTI:NAQ,US:SSTI,SSTI:NAQ,SSTI,SoundThinking Inc,NAQ,us,russell3000,Industrial Support Services,ft_icb_native,2026-01-31,Technology,Industrial Support Services,ft_native_v2,ft_index_membership_filtered,0.95,high,2026-01-31,https://markets.ft.com/data/equities/tearsheet/summary?s=SSTI:NAQ,2026-01-31T00:00:00+00:00,ft-us-2026-01-31,2026-01-31,,True
2026-01-31,US:SSTK:NYQ,US:SSTK,SSTK:NYQ,SSTK,Shutterstock Inc,NYQ,us,russell3000,Technology,ft_icb_native,2026-01-31,Telecommunications,Technology,ft_native_v2,ft_index_membership_filtered,0.95,high,2026-01-31,https://markets.ft.com/data/equities/tearsheet/summary?s=SSTK:NYQ,2026-01-31T00:00:00+00:00,ft-us-2026-01-31,2026-01-31,,True
2026-01-31,US:ST:NYQ,US:ST,ST:NYQ,ST,Sensata Technologies Holding PLC,NYQ,us,russell3000,Electronic and Electrical Equipment,ft_icb_native,2026-01-31,Industrials,Electronic and Electrical Equipment,ft_native_v2,ft_index_membership_filtered,0.95,high,2026-01-31,https://markets.ft.com/data/equities/tearsheet/summary?s=ST:NYQ,2026-01-31T00:00:00+00:00,ft-us-2026-01-31,2026-01-31,,True
2026-01-31,US:STAA:NMQ,US:STAA,STAA:NMQ,STAA,STAAR Surgical Co,NMQ,us,russell3000,Medical Equipment and Services,ft_icb_native,2026-01-31,Health Care,Medical Equipment and Services,ft_native_v2,ft_index_membership_filtered,0.95,high,2026-01-31,https://markets.ft.com/data/equities/tearsheet/summary?s=STAA:NMQ,2026-01-31T00:00:00+00:00,ft-us-2026-01-31,2026-01-31,,True
2026-01-31,US:STAG:NYQ,US:STAG,STAG:NYQ,STAG,STAG Industrial Inc,NYQ,us,russell3000,Real Estate Investment Trusts,ft_icb_native,2026-01-31,Real Estate,Real Estate Investment Trusts,ft_native_v2,ft_index_membership_filtered,0.95,high,2026-01-31,https://markets.ft.com/data/equities/tearsheet/summary?s=STAG:NYQ,2026-01-31T00:00:00+00:00,ft-us-2026-01-31,2026-01-31,,True
2026-01-31,US:STBA:NSQ,US:STBA,STBA:NSQ,STBA,S&T Bancorp Inc,NASDAQ,us,russell3000,Banks,ft_icb_native,2026-01-31,Financials,Banks,ft_native_v2,ft_index_membership_filtered,0.95,high,2026-01-31,https://markets.ft.com/data/equities/tearsheet/summary?s=STBA:NSQ,2026-01-31T00:00:00+00:00,ft-us-2026-01-31,2026-01-31,,True
2026-01-31,US:STC:NYQ,US:STC,STC:NYQ,STC,Stewart Information Services Corp,NYQ,us,russell3000,Non-life Insurance,ft_icb_native,2026-01-31,Financials,Non-life Insurance,ft_native_v2,ft_index_membership_filtered,0.95,high,2026-01-31,https://markets.ft.com/data/equities/tearsheet/summary?s=STC:NYQ,2026-01-31T00:00:00+00:00,ft-us-2026-01-31,2026-01-31,,True
2026-01-31,US:STE:NYQ,US:STE,STE:NYQ,STE,STERIS plc,NYQ,us,russell3000,Medical Equipment and Services,ft_icb_native,2026-01-31,Health Care,Medical Equipment and Services,ft_native_v2,ft_index_membership_filtered,0.95,high,2026-01-31,https://markets.ft.com/data/equities/tearsheet/summary?s=STE:NYQ,2026-01-31T00:00:00+00:00,ft-us-2026-01-31,2026-01-31,,True
2026-01-31,US:STEL:NYS,US:STEL,STEL:NYS,STEL,Stellar Bancorp Inc,NYSE,us,russell3000,Banks,ft_icb_native,2026-01-31,Financials,Banks,ft_native_v2,ft_index_membership_filtered,0.95,high,2026-01-31,https://markets.ft.com/data/equities/tearsheet/summary?s=STEL:NYS,2026-01-31T00:00:00+00:00,ft-us-2026-01-31,2026-01-31,,True
2026-01-31,US:STEP:NSQ,US:STEP,STEP:NSQ,STEP,StepStone Group Inc,NASDAQ,us,russell3000,Investment Banking and Brokerage Services,ft_icb_native,2026-01-31,Financials,Investment Banking and Brokerage Services,ft_native_v2,ft_index_membership_filtered,0.95,high,2026-01-31,https://markets.ft.com/data/equities/tearsheet/summary?s=STEP:NSQ,2026-01-31T00:00:00+00:00,ft-us-2026-01-31,2026-01-31,,True
2026-01-31,US:STGW:NSQ,US:STGW,STGW:NSQ,STGW,Stagwell Inc,NASDAQ,us,russell3000,Media,ft_icb_native,2026-01-31,Telecommunications,Media,ft_native_v2,ft_index_membership_filtered,0.95,high,2026-01-31,https://markets.ft.com/data/equities/tearsheet/summary?s=STGW:NSQ,2026-01-31T00:00:00+00:00,ft-us-2026-01-31,2026-01-31,,True
2026-01-31,US:STLD:NSQ,US:STLD,STLD:NSQ,STLD,Steel Dynamics Inc,NASDAQ,us,russell3000,Industrial Metals and Mining,ft_icb_native,2026-01-31,Basic Materials,Industrial Metals and Mining,ft_native_v2,ft_index_membership_filtered,0.95,high,2026-01-31,https://markets.ft.com/data/equities/tearsheet/summary?s=STLD:NSQ,2026-01-31T00:00:00+00:00,ft-us-2026-01-31,2026-01-31,,True
2026-01-31,US:STNG:NYS,US:STNG,STNG:NYS,STNG,Scorpio Tankers Inc,NYSE,us,russell3000,Industrial Transportation,ft_icb_native,2026-01-31,Industrials,Industrial Transportation,ft_native_v2,ft_index_membership_filtered,0.95,high,2026-01-31,https://markets.ft.com/data/equities/tearsheet/summary?s=STNG:NYS,2026-01-31T00:00:00+00:00,ft-us-2026-01-31,2026-01-31,,True
2026-01-31,US:STOK:NSQ,US:STOK,STOK:NSQ,STOK,Stoke Therapeutics Inc,NASDAQ,us,russell3000,Pharmaceuticals and Biotechnology,ft_icb_native,2026-01-31,Health Care,Pharmaceuticals and Biotechnology,ft_native_v2,ft_index_membership_filtered,0.95,high,2026-01-31,https://markets.ft.com/data/equities/tearsheet/summary?s=STOK:NSQ,2026-01-31T00:00:00+00:00,ft-us-2026-01-31,2026-01-31,,True
2026-01-31,US:STRA:NSQ,US:STRA,STRA:NSQ,STRA,Strategic Education Inc,NASDAQ,us,russell3000,Consumer Services,ft_icb_native,2026-01-31,Consumer Discretionary,Consumer Services,ft_native_v2,ft_index_membership_filtered,0.95,high,2026-01-31,https://markets.ft.com/data/equities/tearsheet/summary?s=STRA:NSQ,2026-01-31T00:00:00+00:00,ft-us-2026-01-31,2026-01-31,,True
2026-01-31,US:STRL:NSQ,US:STRL,STRL:NSQ,STRL,Sterling Infrastructure Inc,NASDAQ,us,russell3000,Construction and Materials,ft_icb_native,2026-01-31,Industrials,Construction and Materials,ft_native_v2,ft_index_membership_filtered,0.95,high,2026-01-31,https://markets.ft.com/data/equities/tearsheet/summary?s=STRL:NSQ,2026-01-31T00:00:00+00:00,ft-us-2026-01-31,2026-01-31,,True
2026-01-31,US:STRZ:NSQ,US:STRZ,STRZ:NSQ,STRZ,Starz Entertainment Corp,NASDAQ,us,russell3000,Media,ft_icb_native,2026-01-31,Telecommunications,Media,ft_native_v2,ft_index_membership_filtered,0.95,high,2026-01-31,https://markets.ft.com/data/equities/tearsheet/summary?s=STRZ:NSQ,2026-01-31T00:00:00+00:00,ft-us-2026-01-31,2026-01-31,,True
2026-01-31,US:STT:NYQ,US:STT,STT:NYQ,STT,State Street Corp,NYQ,us,russell3000,Investment Banking and Brokerage Services,ft_icb_native,2026-01-31,Financials,Investment Banking and Brokerage Services,ft_native_v2,ft_index_membership_filtered,0.95,high,2026-01-31,https://markets.ft.com/data/equities/tearsheet/summary?s=STT:NYQ,2026-01-31T00:00:00+00:00,ft-us-2026-01-31,2026-01-31,,True
2026-01-31,US:STWD:NYS,US:STWD,STWD:NYS,STWD,Starwood Property Trust Inc,NYSE,us,russell3000,Mortgage Real Estate Investment Trusts,ft_icb_native,2026-01-31,Financials,Mortgage Real Estate Investment Trusts,ft_native_v2,ft_index_membership_filtered,0.95,high,2026-01-31,https://markets.ft.com/data/equities/tearsheet/summary?s=STWD:NYS,2026-01-31T00:00:00+00:00,ft-us-2026-01-31,2026-01-31,,True
2026-01-31,US:STZ:NYQ,US:STZ,STZ:NYQ,STZ,Constellation Brands Inc,NYQ,us,russell3000,Beverages,ft_icb_native,2026-01-31,Consumer Staples,Beverages,ft_native_v2,ft_index_membership_filtered,0.95,high,2026-01-31,https://markets.ft.com/data/equities/tearsheet/summary?s=STZ:NYQ,2026-01-31T00:00:00+00:00,ft-us-2026-01-31,2026-01-31,,True
2026-01-31,US:SUI:NYQ,US:SUI,SUI:NYQ,SUI,Sun Communities Inc,NYQ,us,russell3000,Real Estate Investment Trusts,ft_icb_native,2026-01-31,Real Estate,Real Estate Investment Trusts,ft_native_v2,ft_index_membership_filtered,0.95,high,2026-01-31,https://markets.ft.com/data/equities/tearsheet/summary?s=SUI:NYQ,2026-01-31T00:00:00+00:00,ft-us-2026-01-31,2026-01-31,,True
2026-01-31,US:SUNS:NAQ,US:SUNS,SUNS:NAQ,SUNS,Sunrise Realty Trust Inc,NAQ,us,russell3000,Financial Services,ft_icb_native,2026-01-31,Financials,Financial Services,ft_native_v2,ft_index_membership_filtered_level3_fallback,0.65,medium,2026-01-31,https://markets.ft.com/data/equities/tearsheet/summary?s=SUNS:NAQ,2026-01-31T00:00:00+00:00,ft-us-2026-01-31,2026-01-31,,True
2026-01-31,US:SUPN:NMQ,US:SUPN,SUPN:NMQ,SUPN,Supernus Pharmaceuticals Inc,NMQ,us,russell3000,Pharmaceuticals and Biotechnology,ft_icb_native,2026-01-31,Health Care,Pharmaceuticals and Biotechnology,ft_native_v2,ft_index_membership_filtered,0.95,high,2026-01-31,https://markets.ft.com/data/equities/tearsheet/summary?s=SUPN:NMQ,2026-01-31T00:00:00+00:00,ft-us-2026-01-31,2026-01-31,,True
2026-01-31,US:SVC:NSQ,US:SVC,SVC:NSQ,SVC,Service Properties Trust,NASDAQ,us,russell3000,Real Estate Investment Trusts,ft_icb_native,2026-01-31,Real Estate,Real Estate Investment Trusts,ft_native_v2,ft_index_membership_filtered,0.95,high,2026-01-31,https://markets.ft.com/data/equities/tearsheet/summary?s=SVC:NSQ,2026-01-31T00:00:00+00:00,ft-us-2026-01-31,2026-01-31,,True
2026-01-31,US:SVRA:NSQ,US:SVRA,SVRA:NSQ,SVRA,Savara Inc,NASDAQ,us,russell3000,Pharmaceuticals and Biotechnology,ft_icb_native,2026-01-31,Health Care,Pharmaceuticals and Biotechnology,ft_native_v2,ft_index_membership_filtered,0.95,high,2026-01-31,https://markets.ft.com/data/equities/tearsheet/summary?s=SVRA:NSQ,2026-01-31T00:00:00+00:00,ft-us-2026-01-31,2026-01-31,,True
2026-01-31,US:SVV:NYS,US:SVV,SVV:NYS,SVV,Savers Value Village Inc,NYSE,us,russell3000,Consumer Discretionary,ft_icb_native,2026-01-31,Consumer Discretionary,Consumer Discretionary,ft_native_v2,ft_index_membership_filtered,0.95,high,2026-01-31,https://markets.ft.com/data/equities/tearsheet/summary?s=SVV:NYS,2026-01-31T00:00:00+00:00,ft-us-2026-01-31,2026-01-31,,True
2026-01-31,US:SW:NYQ,US:SW,SW:NYQ,SW,Smurfit WestRock PLC,NYQ,us,russell3000,General Industrials,ft_icb_native,2026-01-31,Basic Materials,General Industrials,ft_native_v2,ft_index_membership_filtered,0.95,high,2026-01-31,https://markets.ft.com/data/equities/tearsheet/summary?s=SW:NYQ,2026-01-31T00:00:00+00:00,ft-us-2026-01-31,2026-01-31,,True
2026-01-31,US:SWBI:NSQ,US:SWBI,SWBI:NSQ,SWBI,Smith & Wesson Brands Inc,NASDAQ,us,russell3000,Leisure Goods,ft_icb_native,2026-01-31,Consumer Discretionary,Leisure Goods,ft_native_v2,ft_index_membership_filtered,0.95,high,2026-01-31,https://markets.ft.com/data/equities/tearsheet/summary?s=SWBI:NSQ,2026-01-31T00:00:00+00:00,ft-us-2026-01-31,2026-01-31,,True
2026-01-31,US:SWK:NYQ,US:SWK,SWK:NYQ,SWK,Stanley Black & Decker Inc,NYQ,us,russell3000,Industrial Engineering,ft_icb_native,2026-01-31,Industrials,Industrial Engineering,ft_native_v2,ft_index_membership_filtered,0.95,high,2026-01-31,https://markets.ft.com/data/equities/tearsheet/summary?s=SWK:NYQ,2026-01-31T00:00:00+00:00,ft-us-2026-01-31,2026-01-31,,True
2026-01-31,US:SWKS:NSQ,US:SWKS,SWKS:NSQ,SWKS,Skyworks Solutions Inc,NASDAQ,us,russell3000,Technology Hardware and Equipment,ft_icb_native,2026-01-31,Technology,Technology Hardware and Equipment,ft_native_v2,ft_index_membership_filtered,0.95,high,2026-01-31,https://markets.ft.com/data/equities/tearsheet/summary?s=SWKS:NSQ,2026-01-31T00:00:00+00:00,ft-us-2026-01-31,2026-01-31,,True
2026-01-31,US:SWX:NYQ,US:SWX,SWX:NYQ,SWX,Southwest Gas Holdings Inc,NYQ,us,russell3000,"Gas, Water and Multi-utilities",ft_icb_native,2026-01-31,Utilities,"Gas, Water and Multi-utilities",ft_native_v2,ft_index_membership_filtered,0.95,high,2026-01-31,https://markets.ft.com/data/equities/tearsheet/summary?s=SWX:NYQ,2026-01-31T00:00:00+00:00,ft-us-2026-01-31,2026-01-31,,True
2026-01-31,US:SXC:NYQ,US:SXC,SXC:NYQ,SXC,SunCoke Energy Inc,NYQ,us,russell3000,"Oil, Gas and Coal",ft_icb_native,2026-01-31,Basic Materials,"Oil, Gas and Coal",ft_native_v2,ft_index_membership_filtered,0.95,high,2026-01-31,https://markets.ft.com/data/equities/tearsheet/summary?s=SXC:NYQ,2026-01-31T00:00:00+00:00,ft-us-2026-01-31,2026-01-31,,True
2026-01-31,US:SXI:NYQ,US:SXI,SXI:NYQ,SXI,Standex International Corp,NYQ,us,russell3000,General Industrials,ft_icb_native,2026-01-31,Industrials,General Industrials,ft_native_v2,ft_index_membership_filtered,0.95,high,2026-01-31,https://markets.ft.com/data/equities/tearsheet/summary?s=SXI:NYQ,2026-01-31T00:00:00+00:00,ft-us-2026-01-31,2026-01-31,,True
2026-01-31,US:SXT:NYQ,US:SXT,SXT:NYQ,SXT,Sensient Technologies Corp,NYQ,us,russell3000,Chemicals,ft_icb_native,2026-01-31,Basic Materials,Chemicals,ft_native_v2,ft_index_membership_filtered,0.95,high,2026-01-31,https://markets.ft.com/data/equities/tearsheet/summary?s=SXT:NYQ,2026-01-31T00:00:00+00:00,ft-us-2026-01-31,2026-01-31,,True
2026-01-31,US:SYBT:NSQ,US:SYBT,SYBT:NSQ,SYBT,Stock Yards Bancorp Inc,NASDAQ,us,russell3000,Banks,ft_icb_native,2026-01-31,Financials,Banks,ft_native_v2,ft_index_membership_filtered,0.95,high,2026-01-31,https://markets.ft.com/data/equities/tearsheet/summary?s=SYBT:NSQ,2026-01-31T00:00:00+00:00,ft-us-2026-01-31,2026-01-31,,True
2026-01-31,US:SYF:NYQ,US:SYF,SYF:NYQ,SYF,Synchrony Financial,NYQ,us,russell3000,Industrial Support Services,ft_icb_native,2026-01-31,Financials,Industrial Support Services,ft_native_v2,ft_index_membership_filtered,0.95,high,2026-01-31,https://markets.ft.com/data/equities/tearsheet/summary?s=SYF:NYQ,2026-01-31T00:00:00+00:00,ft-us-2026-01-31,2026-01-31,,True
2026-01-31,US:SYK:NYQ,US:SYK,SYK:NYQ,SYK,Stryker Corp,NYQ,us,russell3000,Medical Equipment and Services,ft_icb_native,2026-01-31,Health Care,Medical Equipment and Services,ft_native_v2,ft_index_membership_filtered,0.95,high,2026-01-31,https://markets.ft.com/data/equities/tearsheet/summary?s=SYK:NYQ,2026-01-31T00:00:00+00:00,ft-us-2026-01-31,2026-01-31,,True
2026-01-31,US:SYNA:NSQ,US:SYNA,SYNA:NSQ,SYNA,Synaptics Inc,NASDAQ,us,russell3000,Technology Hardware and Equipment,ft_icb_native,2026-01-31,Technology,Technology Hardware and Equipment,ft_native_v2,ft_index_membership_filtered,0.95,high,2026-01-31,https://markets.ft.com/data/equities/tearsheet/summary?s=SYNA:NSQ,2026-01-31T00:00:00+00:00,ft-us-2026-01-31,2026-01-31,,True
2026-01-31,US:SYY:NYQ,US:SYY,SYY:NYQ,SYY,Sysco Corp,NYQ,us,russell3000,"Personal Care, Drug and Grocery Stores",ft_icb_native,2026-01-31,Consumer Staples,"Personal Care, Drug and Grocery Stores",ft_native_v2,ft_index_membership_filtered,0.95,high,2026-01-31,https://markets.ft.com/data/equities/tearsheet/summary?s=SYY:NYQ,2026-01-31T00:00:00+00:00,ft-us-2026-01-31,2026-01-31,,True
2026-01-31,US:T:NYQ,US:T,T:NYQ,T,AT&T Inc,NYQ,us,russell3000,Telecommunications Service Providers,ft_icb_native,2026-01-31,Telecommunications,Telecommunications Service Providers,ft_native_v2,ft_index_membership_filtered,0.95,high,2026-01-31,https://markets.ft.com/data/equities/tearsheet/summary?s=T:NYQ,2026-01-31T00:00:00+00:00,ft-us-2026-01-31,2026-01-31,,True
2026-01-31,US:TALK:NAQ,US:TALK,TALK:NAQ,TALK,Talkspace Inc,NAQ,us,russell3000,Health Care Providers,ft_icb_native,2026-01-31,Health Care,Health Care Providers,ft_native_v2,ft_index_membership_filtered,0.95,high,2026-01-31,https://markets.ft.com/data/equities/tearsheet/summary?s=TALK:NAQ,2026-01-31T00:00:00+00:00,ft-us-2026-01-31,2026-01-31,,True
2026-01-31,US:TALO:NYQ,US:TALO,TALO:NYQ,TALO,Talos Energy Inc,NYQ,us,russell3000,"Oil, Gas and Coal",ft_icb_native,2026-01-31,Energy,"Oil, Gas and Coal",ft_native_v2,ft_index_membership_filtered,0.95,high,2026-01-31,https://markets.ft.com/data/equities/tearsheet/summary?s=TALO:NYQ,2026-01-31T00:00:00+00:00,ft-us-2026-01-31,2026-01-31,,True
2026-01-31,US:TAP:NYQ,US:TAP,TAP:NYQ,TAP,Molson Coors Beverage Co,NYQ,us,russell3000,Beverages,ft_icb_native,2026-01-31,Consumer Staples,Beverages,ft_native_v2,ft_index_membership_filtered,0.95,high,2026-01-31,https://markets.ft.com/data/equities/tearsheet/summary?s=TAP:NYQ,2026-01-31T00:00:00+00:00,ft-us-2026-01-31,2026-01-31,,True
2026-01-31,US:TARS:NSQ,US:TARS,TARS:NSQ,TARS,Tarsus Pharmaceuticals Inc,NASDAQ,us,russell3000,Pharmaceuticals and Biotechnology,ft_icb_native,2026-01-31,Health Care,Pharmaceuticals and Biotechnology,ft_native_v2,ft_index_membership_filtered,0.95,high,2026-01-31,https://markets.ft.com/data/equities/tearsheet/summary?s=TARS:NSQ,2026-01-31T00:00:00+00:00,ft-us-2026-01-31,2026-01-31,,True
2026-01-31,US:TBBK:NSQ,US:TBBK,TBBK:NSQ,TBBK,Bancorp Inc,NASDAQ,us,russell3000,Banks,ft_icb_native,2026-01-31,Financials,Banks,ft_native_v2,ft_index_membership_filtered,0.95,high,2026-01-31,https://markets.ft.com/data/equities/tearsheet/summary?s=TBBK:NSQ,2026-01-31T00:00:00+00:00,ft-us-2026-01-31,2026-01-31,,True
2026-01-31,US:TBCH:NMQ,US:TBCH,TBCH:NMQ,TBCH,Turtle Beach Corp,NMQ,us,russell3000,Leisure Goods,ft_icb_native,2026-01-31,Technology,Leisure Goods,ft_native_v2,ft_index_membership_filtered,0.95,high,2026-01-31,https://markets.ft.com/data/equities/tearsheet/summary?s=TBCH:NMQ,2026-01-31T00:00:00+00:00,ft-us-2026-01-31,2026-01-31,,True
2026-01-31,US:TBI:NYQ,US:TBI,TBI:NYQ,TBI,TrueBlue Inc,NYQ,us,russell3000,Industrial Support Services,ft_icb_native,2026-01-31,Industrials,Industrial Support Services,ft_native_v2,ft_index_membership_filtered,0.95,high,2026-01-31,https://markets.ft.com/data/equities/tearsheet/summary?s=TBI:NYQ,2026-01-31T00:00:00+00:00,ft-us-2026-01-31,2026-01-31,,True
2026-01-31,US:TBPH:NMQ,US:TBPH,TBPH:NMQ,TBPH,Theravance Biopharma Inc,NMQ,us,russell3000,Pharmaceuticals and Biotechnology,ft_icb_native,2026-01-31,Health Care,Pharmaceuticals and Biotechnology,ft_native_v2,ft_index_membership_filtered,0.95,high,2026-01-31,https://markets.ft.com/data/equities/tearsheet/summary?s=TBPH:NMQ,2026-01-31T00:00:00+00:00,ft-us-2026-01-31,2026-01-31,,True
2026-01-31,US:TCBI:NSQ,US:TCBI,TCBI:NSQ,TCBI,Texas Capital Bancshares Inc,NASDAQ,us,russell3000,Banks,ft_icb_native,2026-01-31,Financials,Banks,ft_native_v2,ft_index_membership_filtered,0.95,high,2026-01-31,https://markets.ft.com/data/equities/tearsheet/summary?s=TCBI:NSQ,2026-01-31T00:00:00+00:00,ft-us-2026-01-31,2026-01-31,,True
2026-01-31,US:TCBK:NSQ,US:TCBK,TCBK:NSQ,TCBK,Trico Bancshares,NASDAQ,us,russell3000,Banks,ft_icb_native,2026-01-31,Financials,Banks,ft_native_v2,ft_index_membership_filtered,0.95,high,2026-01-31,https://markets.ft.com/data/equities/tearsheet/summary?s=TCBK:NSQ,2026-01-31T00:00:00+00:00,ft-us-2026-01-31,2026-01-31,,True
2026-01-31,US:TCBX:NYS,US:TCBX,TCBX:NYS,TCBX,Third Coast Bancshares Inc,NYSE,us,russell3000,Banks,ft_icb_native,2026-01-31,Financials,Banks,ft_native_v2,ft_index_membership_filtered,0.95,high,2026-01-31,https://markets.ft.com/data/equities/tearsheet/summary?s=TCBX:NYS,2026-01-31T00:00:00+00:00,ft-us-2026-01-31,2026-01-31,,True
2026-01-31,US:TCMD:NMQ,US:TCMD,TCMD:NMQ,TCMD,Tactile Systems Technology Inc,NMQ,us,russell3000,Medical Equipment and Services,ft_icb_native,2026-01-31,Health Care,Medical Equipment and Services,ft_native_v2,ft_index_membership_filtered,0.95,high,2026-01-31,https://markets.ft.com/data/equities/tearsheet/summary?s=TCMD:NMQ,2026-01-31T00:00:00+00:00,ft-us-2026-01-31,2026-01-31,,True
2026-01-31,US:TCX:NAQ,US:TCX,TCX:NAQ,TCX,Tucows Inc,NAQ,us,russell3000,Technology,ft_icb_native,2026-01-31,Technology,Technology,ft_native_v2,ft_index_membership_filtered,0.95,high,2026-01-31,https://markets.ft.com/data/equities/tearsheet/summary?s=TCX:NAQ,2026-01-31T00:00:00+00:00,ft-us-2026-01-31,2026-01-31,,True
2026-01-31,US:TDAY:NYS,US:TDAY,TDAY:NYS,TDAY,USA TODAY Co Inc,NYSE,us,russell3000,Media,ft_icb_native,2026-01-31,Consumer Discretionary,Media,ft_native_v2,ft_index_membership_filtered,0.95,high,2026-01-31,https://markets.ft.com/data/equities/tearsheet/summary?s=TDAY:NYS,2026-01-31T00:00:00+00:00,ft-us-2026-01-31,2026-01-31,,True
2026-01-31,US:TDC:NYS,US:TDC,TDC:NYS,TDC,Teradata Corp,NYSE,us,russell3000,Technology,ft_icb_native,2026-01-31,Technology,Technology,ft_native_v2,ft_index_membership_filtered,0.95,high,2026-01-31,https://markets.ft.com/data/equities/tearsheet/summary?s=TDC:NYS,2026-01-31T00:00:00+00:00,ft-us-2026-01-31,2026-01-31,,True
2026-01-31,US:TDG:NYS,US:TDG,TDG:NYS,TDG,TransDigm Group Inc,NYSE,us,russell3000,Aerospace and Defense,ft_icb_native,2026-01-31,Industrials,Aerospace and Defense,ft_native_v2,ft_index_membership_filtered,0.95,high,2026-01-31,https://markets.ft.com/data/equities/tearsheet/summary?s=TDG:NYS,2026-01-31T00:00:00+00:00,ft-us-2026-01-31,2026-01-31,,True
2026-01-31,US:TDOC:NYQ,US:TDOC,TDOC:NYQ,TDOC,Teladoc Health Inc,NYQ,us,russell3000,Health Care Providers,ft_icb_native,2026-01-31,Health Care,Health Care Providers,ft_native_v2,ft_index_membership_filtered,0.95,high,2026-01-31,https://markets.ft.com/data/equities/tearsheet/summary?s=TDOC:NYQ,2026-01-31T00:00:00+00:00,ft-us-2026-01-31,2026-01-31,,True
2026-01-31,US:TDS:NYQ,US:TDS,TDS:NYQ,TDS,Telephone and Data Systems Inc,NYQ,us,russell3000,Telecommunications Service Providers,ft_icb_native,2026-01-31,Telecommunications,Telecommunications Service Providers,ft_native_v2,ft_index_membership_filtered,0.95,high,2026-01-31,https://markets.ft.com/data/equities/tearsheet/summary?s=TDS:NYQ,2026-01-31T00:00:00+00:00,ft-us-2026-01-31,2026-01-31,,True
2026-01-31,US:TDUP:NSQ,US:TDUP,TDUP:NSQ,TDUP,ThredUp Inc,NASDAQ,us,russell3000,Consumer Discretionary,ft_icb_native,2026-01-31,Consumer Discretionary,Consumer Discretionary,ft_native_v2,ft_index_membership_filtered,0.95,high,2026-01-31,https://markets.ft.com/data/equities/tearsheet/summary?s=TDUP:NSQ,2026-01-31T00:00:00+00:00,ft-us-2026-01-31,2026-01-31,,True
2026-01-31,US:TDW:NYQ,US:TDW,TDW:NYQ,TDW,Tidewater Inc,NYQ,us,russell3000,"Oil, Gas and Coal",ft_icb_native,2026-01-31,Energy,"Oil, Gas and Coal",ft_native_v2,ft_index_membership_filtered,0.95,high,2026-01-31,https://markets.ft.com/data/equities/tearsheet/summary?s=TDW:NYQ,2026-01-31T00:00:00+00:00,ft-us-2026-01-31,2026-01-31,,True
2026-01-31,US:TDY:NYQ,US:TDY,TDY:NYQ,TDY,Teledyne Technologies Inc,NYQ,us,russell3000,Electronic and Electrical Equipment,ft_icb_native,2026-01-31,Technology,Electronic and Electrical Equipment,ft_native_v2,ft_index_membership_filtered,0.95,high,2026-01-31,https://markets.ft.com/data/equities/tearsheet/summary?s=TDY:NYQ,2026-01-31T00:00:00+00:00,ft-us-2026-01-31,2026-01-31,,True
2026-01-31,US:TE:NYS,US:TE,TE:NYS,TE,T1 Energy Inc,NYSE,us,russell3000,Alternative Energy,ft_icb_native,2026-01-31,Energy,Alternative Energy,ft_native_v2,ft_index_membership_filtered,0.95,high,2026-01-31,https://markets.ft.com/data/equities/tearsheet/summary?s=TE:NYS,2026-01-31T00:00:00+00:00,ft-us-2026-01-31,2026-01-31,,True
2026-01-31,US:TEAD:NSQ,US:TEAD,TEAD:NSQ,TEAD,Teads Holding Co,NASDAQ,us,russell3000,Media,ft_icb_native,2026-01-31,Telecommunications,Media,ft_native_v2,ft_index_membership_filtered,0.95,high,2026-01-31,https://markets.ft.com/data/equities/tearsheet/summary?s=TEAD:NSQ,2026-01-31T00:00:00+00:00,ft-us-2026-01-31,2026-01-31,,True
2026-01-31,US:TEAM:NSQ,US:TEAM,TEAM:NSQ,TEAM,Atlassian Corp,NASDAQ,us,russell3000,Technology,ft_icb_native,2026-01-31,Technology,Technology,ft_native_v2,ft_index_membership_filtered,0.95,high,2026-01-31,https://markets.ft.com/data/equities/tearsheet/summary?s=TEAM:NSQ,2026-01-31T00:00:00+00:00,ft-us-2026-01-31,2026-01-31,,True
2026-01-31,US:TECH:NSQ,US:TECH,TECH:NSQ,TECH,Bio-Techne Corp,NASDAQ,us,russell3000,Medical Equipment and Services,ft_icb_native,2026-01-31,Health Care,Medical Equipment and Services,ft_native_v2,ft_index_membership_filtered,0.95,high,2026-01-31,https://markets.ft.com/data/equities/tearsheet/summary?s=TECH:NSQ,2026-01-31T00:00:00+00:00,ft-us-2026-01-31,2026-01-31,,True
2026-01-31,US:TEM:NSQ,US:TEM,TEM:NSQ,TEM,Tempus AI Inc,NASDAQ,us,russell3000,Pharmaceuticals and Biotechnology,ft_icb_native,2026-01-31,Health Care,Pharmaceuticals and Biotechnology,ft_native_v2,ft_index_membership_filtered,0.95,high,2026-01-31,https://markets.ft.com/data/equities/tearsheet/summary?s=TEM:NSQ,2026-01-31T00:00:00+00:00,ft-us-2026-01-31,2026-01-31,,True
2026-01-31,US:TENB:NSQ,US:TENB,TENB:NSQ,TENB,Tenable Holdings Inc,NASDAQ,us,russell3000,Technology,ft_icb_native,2026-01-31,Technology,Technology,ft_native_v2,ft_index_membership_filtered,0.95,high,2026-01-31,https://markets.ft.com/data/equities/tearsheet/summary?s=TENB:NSQ,2026-01-31T00:00:00+00:00,ft-us-2026-01-31,2026-01-31,,True
2026-01-31,US:TER:NSQ,US:TER,TER:NSQ,TER,Teradyne Inc,NASDAQ,us,russell3000,Technology Hardware and Equipment,ft_icb_native,2026-01-31,Technology,Technology Hardware and Equipment,ft_native_v2,ft_index_membership_filtered,0.95,high,2026-01-31,https://markets.ft.com/data/equities/tearsheet/summary?s=TER:NSQ,2026-01-31T00:00:00+00:00,ft-us-2026-01-31,2026-01-31,,True
2026-01-31,US:TERN:NSQ,US:TERN,TERN:NSQ,TERN,Terns Pharmaceuticals Inc,NASDAQ,us,russell3000,Pharmaceuticals and Biotechnology,ft_icb_native,2026-01-31,Health Care,Pharmaceuticals and Biotechnology,ft_native_v2,ft_index_membership_filtered_level3_fallback,0.65,medium,2026-01-31,https://markets.ft.com/data/equities/tearsheet/summary?s=TERN:NSQ,2026-01-31T00:00:00+00:00,ft-us-2026-01-31,2026-01-31,,True
2026-01-31,US:TEX:NYQ,US:TEX,TEX:NYQ,TEX,Terex Corp,NYQ,us,russell3000,Industrial Engineering,ft_icb_native,2026-01-31,Industrials,Industrial Engineering,ft_native_v2,ft_index_membership_filtered,0.95,high,2026-01-31,https://markets.ft.com/data/equities/tearsheet/summary?s=TEX:NYQ,2026-01-31T00:00:00+00:00,ft-us-2026-01-31,2026-01-31,,True
2026-01-31,US:TFC:NYQ,US:TFC,TFC:NYQ,TFC,Truist Financial Corp,NYQ,us,russell3000,Banks,ft_icb_native,2026-01-31,Financials,Banks,ft_native_v2,ft_index_membership_filtered,0.95,high,2026-01-31,https://markets.ft.com/data/equities/tearsheet/summary?s=TFC:NYQ,2026-01-31T00:00:00+00:00,ft-us-2026-01-31,2026-01-31,,True
2026-01-31,US:TFIN:NYS,US:TFIN,TFIN:NYS,TFIN,Triumph Financial Inc,NYSE,us,russell3000,Banks,ft_icb_native,2026-01-31,Financials,Banks,ft_native_v2,ft_index_membership_filtered,0.95,high,2026-01-31,https://markets.ft.com/data/equities/tearsheet/summary?s=TFIN:NYS,2026-01-31T00:00:00+00:00,ft-us-2026-01-31,2026-01-31,,True
2026-01-31,US:TFSL:NSQ,US:TFSL,TFSL:NSQ,TFSL,TFS Financial Corp,NASDAQ,us,russell3000,Banks,ft_icb_native,2026-01-31,Financials,Banks,ft_native_v2,ft_index_membership_filtered,0.95,high,2026-01-31,https://markets.ft.com/data/equities/tearsheet/summary?s=TFSL:NSQ,2026-01-31T00:00:00+00:00,ft-us-2026-01-31,2026-01-31,,True
2026-01-31,US:TFX:NYQ,US:TFX,TFX:NYQ,TFX,Teleflex Inc,NYQ,us,russell3000,Medical Equipment and Services,ft_icb_native,2026-01-31,Health Care,Medical Equipment and Services,ft_native_v2,ft_index_membership_filtered,0.95,high,2026-01-31,https://markets.ft.com/data/equities/tearsheet/summary?s=TFX:NYQ,2026-01-31T00:00:00+00:00,ft-us-2026-01-31,2026-01-31,,True
2026-01-31,US:TG:NYQ,US:TG,TG:NYQ,TG,Tredegar Corp,NYQ,us,russell3000,Industrial Materials,ft_icb_native,2026-01-31,Basic Materials,Industrial Materials,ft_native_v2,ft_index_membership_filtered,0.95,high,2026-01-31,https://markets.ft.com/data/equities/tearsheet/summary?s=TG:NYQ,2026-01-31T00:00:00+00:00,ft-us-2026-01-31,2026-01-31,,True
2026-01-31,US:TGLS:NYQ,US:TGLS,TGLS:NYQ,TGLS,Tecnoglass Inc,NYQ,us,russell3000,General Industrials,ft_icb_native,2026-01-31,Industrials,General Industrials,ft_native_v2,ft_index_membership_filtered,0.95,high,2026-01-31,https://markets.ft.com/data/equities/tearsheet/summary?s=TGLS:NYQ,2026-01-31T00:00:00+00:00,ft-us-2026-01-31,2026-01-31,,True
2026-01-31,US:TGNA:NYQ,US:TGNA,TGNA:NYQ,TGNA,Tegna Inc,NYQ,us,russell3000,Media,ft_icb_native,2026-01-31,Telecommunications,Media,ft_native_v2,ft_index_membership_filtered,0.95,high,2026-01-31,https://markets.ft.com/data/equities/tearsheet/summary?s=TGNA:NYQ,2026-01-31T00:00:00+00:00,ft-us-2026-01-31,2026-01-31,,True
2026-01-31,US:TGT:NYQ,US:TGT,TGT:NYQ,TGT,Target Corp,NYQ,us,russell3000,Consumer Discretionary,ft_icb_native,2026-01-31,Consumer Staples,Consumer Discretionary,ft_native_v2,ft_index_membership_filtered,0.95,high,2026-01-31,https://markets.ft.com/data/equities/tearsheet/summary?s=TGT:NYQ,2026-01-31T00:00:00+00:00,ft-us-2026-01-31,2026-01-31,,True
2026-01-31,US:TGTX:NAQ,US:TGTX,TGTX:NAQ,TGTX,TG Therapeutics Inc,NAQ,us,russell3000,Pharmaceuticals and Biotechnology,ft_icb_native,2026-01-31,Health Care,Pharmaceuticals and Biotechnology,ft_native_v2,ft_index_membership_filtered,0.95,high,2026-01-31,https://markets.ft.com/data/equities/tearsheet/summary?s=TGTX:NAQ,2026-01-31T00:00:00+00:00,ft-us-2026-01-31,2026-01-31,,True
2026-01-31,US:TH:NAQ,US:TH,TH:NAQ,TH,Target Hospitality Corp,NAQ,us,russell3000,Industrial Support Services,ft_icb_native,2026-01-31,Consumer Discretionary,Industrial Support Services,ft_native_v2,ft_index_membership_filtered,0.95,high,2026-01-31,https://markets.ft.com/data/equities/tearsheet/summary?s=TH:NAQ,2026-01-31T00:00:00+00:00,ft-us-2026-01-31,2026-01-31,,True
2026-01-31,US:THC:NYQ,US:THC,THC:NYQ,THC,Tenet Healthcare Corp,NYQ,us,russell3000,Health Care Providers,ft_icb_native,2026-01-31,Health Care,Health Care Providers,ft_native_v2,ft_index_membership_filtered,0.95,high,2026-01-31,https://markets.ft.com/data/equities/tearsheet/summary?s=THC:NYQ,2026-01-31T00:00:00+00:00,ft-us-2026-01-31,2026-01-31,,True
2026-01-31,US:THFF:NSQ,US:THFF,THFF:NSQ,THFF,First Financial Corp,NASDAQ,us,russell3000,Banks,ft_icb_native,2026-01-31,Financials,Banks,ft_native_v2,ft_index_membership_filtered,0.95,high,2026-01-31,https://markets.ft.com/data/equities/tearsheet/summary?s=THFF:NSQ,2026-01-31T00:00:00+00:00,ft-us-2026-01-31,2026-01-31,,True
2026-01-31,US:THG:NYQ,US:THG,THG:NYQ,THG,Hanover Insurance Group Inc,NYQ,us,russell3000,Non-life Insurance,ft_icb_native,2026-01-31,Financials,Non-life Insurance,ft_native_v2,ft_index_membership_filtered,0.95,high,2026-01-31,https://markets.ft.com/data/equities/tearsheet/summary?s=THG:NYQ,2026-01-31T00:00:00+00:00,ft-us-2026-01-31,2026-01-31,,True
2026-01-31,US:THO:NYQ,US:THO,THO:NYQ,THO,Thor Industries Inc,NYQ,us,russell3000,Leisure Goods,ft_icb_native,2026-01-31,Consumer Discretionary,Leisure Goods,ft_native_v2,ft_index_membership_filtered,0.95,high,2026-01-31,https://markets.ft.com/data/equities/tearsheet/summary?s=THO:NYQ,2026-01-31T00:00:00+00:00,ft-us-2026-01-31,2026-01-31,,True
2026-01-31,US:THR:NYQ,US:THR,THR:NYQ,THR,Thermon Group Holdings Inc,NYQ,us,russell3000,Electronic and Electrical Equipment,ft_icb_native,2026-01-31,Industrials,Electronic and Electrical Equipment,ft_native_v2,ft_index_membership_filtered,0.95,high,2026-01-31,https://markets.ft.com/data/equities/tearsheet/summary?s=THR:NYQ,2026-01-31T00:00:00+00:00,ft-us-2026-01-31,2026-01-31,,True
2026-01-31,US:THRM:NSQ,US:THRM,THRM:NSQ,THRM,Gentherm Inc,NASDAQ,us,russell3000,Automobiles and Parts,ft_icb_native,2026-01-31,Consumer Discretionary,Automobiles and Parts,ft_native_v2,ft_index_membership_filtered,0.95,high,2026-01-31,https://markets.ft.com/data/equities/tearsheet/summary?s=THRM:NSQ,2026-01-31T00:00:00+00:00,ft-us-2026-01-31,2026-01-31,,True
2026-01-31,US:THRY:NAQ,US:THRY,THRY:NAQ,THRY,Thryv Holdings Inc,NAQ,us,russell3000,Media,ft_icb_native,2026-01-31,Telecommunications,Media,ft_native_v2,ft_index_membership_filtered,0.95,high,2026-01-31,https://markets.ft.com/data/equities/tearsheet/summary?s=THRY:NAQ,2026-01-31T00:00:00+00:00,ft-us-2026-01-31,2026-01-31,,True
2026-01-31,US:TIC:NYQ,US:TIC,TIC:NYQ,TIC,TIC Solutions Inc,NYQ,us,russell3000,Industrial Support Services,ft_icb_native,2026-01-31,Industrials,Industrial Support Services,ft_native_v2,ft_index_membership_filtered,0.95,high,2026-01-31,https://markets.ft.com/data/equities/tearsheet/summary?s=TIC:NYQ,2026-01-31T00:00:00+00:00,ft-us-2026-01-31,2026-01-31,,True
2026-01-31,US:TILE:NSQ,US:TILE,TILE:NSQ,TILE,Interface Inc,NASDAQ,us,russell3000,Household Goods and Home Construction,ft_icb_native,2026-01-31,Industrials,Household Goods and Home Construction,ft_native_v2,ft_index_membership_filtered,0.95,high,2026-01-31,https://markets.ft.com/data/equities/tearsheet/summary?s=TILE:NSQ,2026-01-31T00:00:00+00:00,ft-us-2026-01-31,2026-01-31,,True
2026-01-31,US:TIPT:NAQ,US:TIPT,TIPT:NAQ,TIPT,Tiptree Inc,NAQ,us,russell3000,Non-life Insurance,ft_icb_native,2026-01-31,Financials,Non-life Insurance,ft_native_v2,ft_index_membership_filtered,0.95,high,2026-01-31,https://markets.ft.com/data/equities/tearsheet/summary?s=TIPT:NAQ,2026-01-31T00:00:00+00:00,ft-us-2026-01-31,2026-01-31,,True
2026-01-31,US:TITN:NSQ,US:TITN,TITN:NSQ,TITN,Titan Machinery Inc,NASDAQ,us,russell3000,Industrial Engineering,ft_icb_native,2026-01-31,Industrials,Industrial Engineering,ft_native_v2,ft_index_membership_filtered,0.95,high,2026-01-31,https://markets.ft.com/data/equities/tearsheet/summary?s=TITN:NSQ,2026-01-31T00:00:00+00:00,ft-us-2026-01-31,2026-01-31,,True
2026-01-31,US:TJX:NYQ,US:TJX,TJX:NYQ,TJX,TJX Companies Inc,NYQ,us,russell3000,Consumer Discretionary,ft_icb_native,2026-01-31,Consumer Discretionary,Consumer Discretionary,ft_native_v2,ft_index_membership_filtered,0.95,high,2026-01-31,https://markets.ft.com/data/equities/tearsheet/summary?s=TJX:NYQ,2026-01-31T00:00:00+00:00,ft-us-2026-01-31,2026-01-31,,True
2026-01-31,US:TKO:NYQ,US:TKO,TKO:NYQ,TKO,TKO Group Holdings Inc,NYQ,us,russell3000,Media,ft_icb_native,2026-01-31,Telecommunications,Media,ft_native_v2,ft_index_membership_filtered,0.95,high,2026-01-31,https://markets.ft.com/data/equities/tearsheet/summary?s=TKO:NYQ,2026-01-31T00:00:00+00:00,ft-us-2026-01-31,2026-01-31,,True
2026-01-31,US:TKR:NYQ,US:TKR,TKR:NYQ,TKR,Timken Co,NYQ,us,russell3000,Industrial Metals and Mining,ft_icb_native,2026-01-31,Industrials,Industrial Metals and Mining,ft_native_v2,ft_index_membership_filtered,0.95,high,2026-01-31,https://markets.ft.com/data/equities/tearsheet/summary?s=TKR:NYQ,2026-01-31T00:00:00+00:00,ft-us-2026-01-31,2026-01-31,,True
2026-01-31,US:TLN:NSQ,US:TLN,TLN:NSQ,TLN,Talen Energy Corp,NASDAQ,us,russell3000,Electricity,ft_icb_native,2026-01-31,Utilities,Electricity,ft_native_v2,ft_index_membership_filtered,0.95,high,2026-01-31,https://markets.ft.com/data/equities/tearsheet/summary?s=TLN:NSQ,2026-01-31T00:00:00+00:00,ft-us-2026-01-31,2026-01-31,,True
2026-01-31,US:TMCI:NSQ,US:TMCI,TMCI:NSQ,TMCI,Treace Medical Concepts Inc,NASDAQ,us,russell3000,Pharmaceuticals and Biotechnology,ft_icb_native,2026-01-31,Health Care,Pharmaceuticals and Biotechnology,ft_native_v2,ft_index_membership_filtered_level3_fallback,0.65,medium,2026-01-31,https://markets.ft.com/data/equities/tearsheet/summary?s=TMCI:NSQ,2026-01-31T00:00:00+00:00,ft-us-2026-01-31,2026-01-31,,True
2026-01-31,US:TMDX:NMQ,US:TMDX,TMDX:NMQ,TMDX,Transmedics Group Inc,NMQ,us,russell3000,Medical Equipment and Services,ft_icb_native,2026-01-31,Health Care,Medical Equipment and Services,ft_native_v2,ft_index_membership_filtered,0.95,high,2026-01-31,https://markets.ft.com/data/equities/tearsheet/summary?s=TMDX:NMQ,2026-01-31T00:00:00+00:00,ft-us-2026-01-31,2026-01-31,,True
2026-01-31,US:TMHC:NYQ,US:TMHC,TMHC:NYQ,TMHC,Taylor Morrison Home Corp,NYQ,us,russell3000,Household Goods and Home Construction,ft_icb_native,2026-01-31,Consumer Discretionary,Household Goods and Home Construction,ft_native_v2,ft_index_membership_filtered,0.95,high,2026-01-31,https://markets.ft.com/data/equities/tearsheet/summary?s=TMHC:NYQ,2026-01-31T00:00:00+00:00,ft-us-2026-01-31,2026-01-31,,True
2026-01-31,US:TMO:NYQ,US:TMO,TMO:NYQ,TMO,Thermo Fisher Scientific Inc,NYQ,us,russell3000,Medical Equipment and Services,ft_icb_native,2026-01-31,Health Care,Medical Equipment and Services,ft_native_v2,ft_index_membership_filtered,0.95,high,2026-01-31,https://markets.ft.com/data/equities/tearsheet/summary?s=TMO:NYQ,2026-01-31T00:00:00+00:00,ft-us-2026-01-31,2026-01-31,,True
2026-01-31,US:TMP:ASQ,US:TMP,TMP:ASQ,TMP,Tompkins Financial Corp,ASQ,us,russell3000,Banks,ft_icb_native,2026-01-31,Financials,Banks,ft_native_v2,ft_index_membership_filtered,0.95,high,2026-01-31,https://markets.ft.com/data/equities/tearsheet/summary?s=TMP:ASQ,2026-01-31T00:00:00+00:00,ft-us-2026-01-31,2026-01-31,,True
2026-01-31,US:TMUS:NSQ,US:TMUS,TMUS:NSQ,TMUS,T-Mobile US Inc,NASDAQ,us,russell3000,Telecommunications Service Providers,ft_icb_native,2026-01-31,Telecommunications,Telecommunications Service Providers,ft_native_v2,ft_index_membership_filtered,0.95,high,2026-01-31,https://markets.ft.com/data/equities/tearsheet/summary?s=TMUS:NSQ,2026-01-31T00:00:00+00:00,ft-us-2026-01-31,2026-01-31,,True
2026-01-31,US:TNC:NYQ,US:TNC,TNC:NYQ,TNC,Tennant Co,NYQ,us,russell3000,Industrial Engineering,ft_icb_native,2026-01-31,Industrials,Industrial Engineering,ft_native_v2,ft_index_membership_filtered,0.95,high,2026-01-31,https://markets.ft.com/data/equities/tearsheet/summary?s=TNC:NYQ,2026-01-31T00:00:00+00:00,ft-us-2026-01-31,2026-01-31,,True
2026-01-31,US:TNDM:NMQ,US:TNDM,TNDM:NMQ,TNDM,Tandem Diabetes Care Inc,NMQ,us,russell3000,Medical Equipment and Services,ft_icb_native,2026-01-31,Health Care,Medical Equipment and Services,ft_native_v2,ft_index_membership_filtered,0.95,high,2026-01-31,https://markets.ft.com/data/equities/tearsheet/summary?s=TNDM:NMQ,2026-01-31T00:00:00+00:00,ft-us-2026-01-31,2026-01-31,,True
2026-01-31,US:TNET:NYQ,US:TNET,TNET:NYQ,TNET,TriNet Group Inc,NYQ,us,russell3000,Industrial Support Services,ft_icb_native,2026-01-31,Industrials,Industrial Support Services,ft_native_v2,ft_index_membership_filtered,0.95,high,2026-01-31,https://markets.ft.com/data/equities/tearsheet/summary?s=TNET:NYQ,2026-01-31T00:00:00+00:00,ft-us-2026-01-31,2026-01-31,,True
2026-01-31,US:TNGX:NMQ,US:TNGX,TNGX:NMQ,TNGX,Tango Therapeutics Inc,NMQ,us,russell3000,Pharmaceuticals and Biotechnology,ft_icb_native,2026-01-31,Health Care,Pharmaceuticals and Biotechnology,ft_native_v2,ft_index_membership_filtered,0.95,high,2026-01-31,https://markets.ft.com/data/equities/tearsheet/summary?s=TNGX:NMQ,2026-01-31T00:00:00+00:00,ft-us-2026-01-31,2026-01-31,,True
2026-01-31,US:TNL:NYS,US:TNL,TNL:NYS,TNL,Travel + Leisure Co,NYSE,us,russell3000,Travel and Leisure,ft_icb_native,2026-01-31,Consumer Discretionary,Travel and Leisure,ft_native_v2,ft_index_membership_filtered,0.95,high,2026-01-31,https://markets.ft.com/data/equities/tearsheet/summary?s=TNL:NYS,2026-01-31T00:00:00+00:00,ft-us-2026-01-31,2026-01-31,,True
2026-01-31,US:TOL:NYQ,US:TOL,TOL:NYQ,TOL,Toll Brothers Inc,NYQ,us,russell3000,Household Goods and Home Construction,ft_icb_native,2026-01-31,Consumer Discretionary,Household Goods and Home Construction,ft_native_v2,ft_index_membership_filtered,0.95,high,2026-01-31,https://markets.ft.com/data/equities/tearsheet/summary?s=TOL:NYQ,2026-01-31T00:00:00+00:00,ft-us-2026-01-31,2026-01-31,,True
2026-01-31,US:TOST:NYS,US:TOST,TOST:NYS,TOST,Toast Inc,NYSE,us,russell3000,Technology,ft_icb_native,2026-01-31,Technology,Technology,ft_native_v2,ft_index_membership_filtered,0.95,high,2026-01-31,https://markets.ft.com/data/equities/tearsheet/summary?s=TOST:NYS,2026-01-31T00:00:00+00:00,ft-us-2026-01-31,2026-01-31,,True
2026-01-31,US:TOWN:NSQ,US:TOWN,TOWN:NSQ,TOWN,TowneBank,NASDAQ,us,russell3000,Banks,ft_icb_native,2026-01-31,Financials,Banks,ft_native_v2,ft_index_membership_filtered,0.95,high,2026-01-31,https://markets.ft.com/data/equities/tearsheet/summary?s=TOWN:NSQ,2026-01-31T00:00:00+00:00,ft-us-2026-01-31,2026-01-31,,True
2026-01-31,US:TPB:NYQ,US:TPB,TPB:NYQ,TPB,Turning Point Brands Inc,NYQ,us,russell3000,Tobacco,ft_icb_native,2026-01-31,Consumer Staples,Tobacco,ft_native_v2,ft_index_membership_filtered,0.95,high,2026-01-31,https://markets.ft.com/data/equities/tearsheet/summary?s=TPB:NYQ,2026-01-31T00:00:00+00:00,ft-us-2026-01-31,2026-01-31,,True
2026-01-31,US:TPC:NYQ,US:TPC,TPC:NYQ,TPC,Tutor Perini Corp,NYQ,us,russell3000,Construction and Materials,ft_icb_native,2026-01-31,Industrials,Construction and Materials,ft_native_v2,ft_index_membership_filtered,0.95,high,2026-01-31,https://markets.ft.com/data/equities/tearsheet/summary?s=TPC:NYQ,2026-01-31T00:00:00+00:00,ft-us-2026-01-31,2026-01-31,,True
2026-01-31,US:TPG:NSQ,US:TPG,TPG:NSQ,TPG,TPG Inc,NASDAQ,us,russell3000,Investment Banking and Brokerage Services,ft_icb_native,2026-01-31,Financials,Investment Banking and Brokerage Services,ft_native_v2,ft_index_membership_filtered,0.95,high,2026-01-31,https://markets.ft.com/data/equities/tearsheet/summary?s=TPG:NSQ,2026-01-31T00:00:00+00:00,ft-us-2026-01-31,2026-01-31,,True
2026-01-31,US:TPH:NYQ,US:TPH,TPH:NYQ,TPH,Tri Pointe Homes Inc (Delaware),NYQ,us,russell3000,Household Goods and Home Construction,ft_icb_native,2026-01-31,Consumer Discretionary,Household Goods and Home Construction,ft_native_v2,ft_index_membership_filtered,0.95,high,2026-01-31,https://markets.ft.com/data/equities/tearsheet/summary?s=TPH:NYQ,2026-01-31T00:00:00+00:00,ft-us-2026-01-31,2026-01-31,,True
2026-01-31,US:TPL:NYQ,US:TPL,TPL:NYQ,TPL,Texas Pacific Land Corp,NYQ,us,russell3000,"Oil, Gas and Coal",ft_icb_native,2026-01-31,Energy,"Oil, Gas and Coal",ft_native_v2,ft_index_membership_filtered,0.95,high,2026-01-31,https://markets.ft.com/data/equities/tearsheet/summary?s=TPL:NYQ,2026-01-31T00:00:00+00:00,ft-us-2026-01-31,2026-01-31,,True
2026-01-31,US:TPR:NYQ,US:TPR,TPR:NYQ,TPR,Tapestry Inc,NYQ,us,russell3000,Consumer Discretionary,ft_icb_native,2026-01-31,Consumer Discretionary,Consumer Discretionary,ft_native_v2,ft_index_membership_filtered,0.95,high,2026-01-31,https://markets.ft.com/data/equities/tearsheet/summary?s=TPR:NYQ,2026-01-31T00:00:00+00:00,ft-us-2026-01-31,2026-01-31,,True
2026-01-31,US:TR:NYQ,US:TR,TR:NYQ,TR,Tootsie Roll Industries Inc,NYQ,us,russell3000,Food Producers,ft_icb_native,2026-01-31,Consumer Staples,Food Producers,ft_native_v2,ft_index_membership_filtered,0.95,high,2026-01-31,https://markets.ft.com/data/equities/tearsheet/summary?s=TR:NYQ,2026-01-31T00:00:00+00:00,ft-us-2026-01-31,2026-01-31,,True
2026-01-31,US:TRC:NYQ,US:TRC,TRC:NYQ,TRC,Tejon Ranch Co,NYQ,us,russell3000,Real Estate Investment and Services,ft_icb_native,2026-01-31,Real Estate,Real Estate Investment and Services,ft_native_v2,ft_index_membership_filtered,0.95,high,2026-01-31,https://markets.ft.com/data/equities/tearsheet/summary?s=TRC:NYQ,2026-01-31T00:00:00+00:00,ft-us-2026-01-31,2026-01-31,,True
2026-01-31,US:TRDA:NMQ,US:TRDA,TRDA:NMQ,TRDA,Entrada Therapeutics Inc,NMQ,us,russell3000,Pharmaceuticals and Biotechnology,ft_icb_native,2026-01-31,Health Care,Pharmaceuticals and Biotechnology,ft_native_v2,ft_index_membership_filtered,0.95,high,2026-01-31,https://markets.ft.com/data/equities/tearsheet/summary?s=TRDA:NMQ,2026-01-31T00:00:00+00:00,ft-us-2026-01-31,2026-01-31,,True
2026-01-31,US:TREE:NSQ,US:TREE,TREE:NSQ,TREE,Lendingtree Inc,NASDAQ,us,russell3000,Finance and Credit Services,ft_icb_native,2026-01-31,Financials,Finance and Credit Services,ft_native_v2,ft_index_membership_filtered,0.95,high,2026-01-31,https://markets.ft.com/data/equities/tearsheet/summary?s=TREE:NSQ,2026-01-31T00:00:00+00:00,ft-us-2026-01-31,2026-01-31,,True
2026-01-31,US:TREX:NYQ,US:TREX,TREX:NYQ,TREX,Trex Company Inc,NYQ,us,russell3000,Construction and Materials,ft_icb_native,2026-01-31,Industrials,Construction and Materials,ft_native_v2,ft_index_membership_filtered,0.95,high,2026-01-31,https://markets.ft.com/data/equities/tearsheet/summary?s=TREX:NYQ,2026-01-31T00:00:00+00:00,ft-us-2026-01-31,2026-01-31,,True
2026-01-31,US:TRGP:NYQ,US:TRGP,TRGP:NYQ,TRGP,Targa Resources Corp,NYQ,us,russell3000,"Oil, Gas and Coal",ft_icb_native,2026-01-31,Energy,"Oil, Gas and Coal",ft_native_v2,ft_index_membership_filtered,0.95,high,2026-01-31,https://markets.ft.com/data/equities/tearsheet/summary?s=TRGP:NYQ,2026-01-31T00:00:00+00:00,ft-us-2026-01-31,2026-01-31,,True
2026-01-31,US:TRIP:NSQ,US:TRIP,TRIP:NSQ,TRIP,Tripadvisor Inc,NASDAQ,us,russell3000,Travel and Leisure,ft_icb_native,2026-01-31,Telecommunications,Travel and Leisure,ft_native_v2,ft_index_membership_filtered,0.95,high,2026-01-31,https://markets.ft.com/data/equities/tearsheet/summary?s=TRIP:NSQ,2026-01-31T00:00:00+00:00,ft-us-2026-01-31,2026-01-31,,True
2026-01-31,US:TRMB:NSQ,US:TRMB,TRMB:NSQ,TRMB,Trimble Inc,NASDAQ,us,russell3000,Electronic and Electrical Equipment,ft_icb_native,2026-01-31,Technology,Electronic and Electrical Equipment,ft_native_v2,ft_index_membership_filtered,0.95,high,2026-01-31,https://markets.ft.com/data/equities/tearsheet/summary?s=TRMB:NSQ,2026-01-31T00:00:00+00:00,ft-us-2026-01-31,2026-01-31,,True
2026-01-31,US:TRMK:NSQ,US:TRMK,TRMK:NSQ,TRMK,Trustmark Corp,NASDAQ,us,russell3000,Banks,ft_icb_native,2026-01-31,Financials,Banks,ft_native_v2,ft_index_membership_filtered,0.95,high,2026-01-31,https://markets.ft.com/data/equities/tearsheet/summary?s=TRMK:NSQ,2026-01-31T00:00:00+00:00,ft-us-2026-01-31,2026-01-31,,True
2026-01-31,US:TRN:NYQ,US:TRN,TRN:NYQ,TRN,Trinity Industries Inc,NYQ,us,russell3000,Industrial Transportation,ft_icb_native,2026-01-31,Industrials,Industrial Transportation,ft_native_v2,ft_index_membership_filtered,0.95,high,2026-01-31,https://markets.ft.com/data/equities/tearsheet/summary?s=TRN:NYQ,2026-01-31T00:00:00+00:00,ft-us-2026-01-31,2026-01-31,,True
2026-01-31,US:TRNO:NYQ,US:TRNO,TRNO:NYQ,TRNO,Terreno Realty Corp,NYQ,us,russell3000,Real Estate Investment Trusts,ft_icb_native,2026-01-31,Real Estate,Real Estate Investment Trusts,ft_native_v2,ft_index_membership_filtered,0.95,high,2026-01-31,https://markets.ft.com/data/equities/tearsheet/summary?s=TRNO:NYQ,2026-01-31T00:00:00+00:00,ft-us-2026-01-31,2026-01-31,,True
2026-01-31,US:TRNS:NMQ,US:TRNS,TRNS:NMQ,TRNS,Transcat Inc,NMQ,us,russell3000,Electronic and Electrical Equipment,ft_icb_native,2026-01-31,Industrials,Electronic and Electrical Equipment,ft_native_v2,ft_index_membership_filtered,0.95,high,2026-01-31,https://markets.ft.com/data/equities/tearsheet/summary?s=TRNS:NMQ,2026-01-31T00:00:00+00:00,ft-us-2026-01-31,2026-01-31,,True
2026-01-31,US:TROW:NSQ,US:TROW,TROW:NSQ,TROW,T Rowe Price Group Inc,NASDAQ,us,russell3000,Investment Banking and Brokerage Services,ft_icb_native,2026-01-31,Financials,Investment Banking and Brokerage Services,ft_native_v2,ft_index_membership_filtered,0.95,high,2026-01-31,https://markets.ft.com/data/equities/tearsheet/summary?s=TROW:NSQ,2026-01-31T00:00:00+00:00,ft-us-2026-01-31,2026-01-31,,True
2026-01-31,US:TROX:NYQ,US:TROX,TROX:NYQ,TROX,Tronox Holdings PLC,NYQ,us,russell3000,Chemicals,ft_icb_native,2026-01-31,Basic Materials,Chemicals,ft_native_v2,ft_index_membership_filtered,0.95,high,2026-01-31,https://markets.ft.com/data/equities/tearsheet/summary?s=TROX:NYQ,2026-01-31T00:00:00+00:00,ft-us-2026-01-31,2026-01-31,,True
2026-01-31,US:TRS:NSQ,US:TRS,TRS:NSQ,TRS,TriMas Corp,NASDAQ,us,russell3000,General Industrials,ft_icb_native,2026-01-31,Basic Materials,General Industrials,ft_native_v2,ft_index_membership_filtered,0.95,high,2026-01-31,https://markets.ft.com/data/equities/tearsheet/summary?s=TRS:NSQ,2026-01-31T00:00:00+00:00,ft-us-2026-01-31,2026-01-31,,True
2026-01-31,US:TRST:NSQ,US:TRST,TRST:NSQ,TRST,TrustCo Bank Corp NY,NASDAQ,us,russell3000,Banks,ft_icb_native,2026-01-31,Financials,Banks,ft_native_v2,ft_index_membership_filtered,0.95,high,2026-01-31,https://markets.ft.com/data/equities/tearsheet/summary?s=TRST:NSQ,2026-01-31T00:00:00+00:00,ft-us-2026-01-31,2026-01-31,,True
2026-01-31,US:TRTX:NYQ,US:TRTX,TRTX:NYQ,TRTX,TPG RE Finance Trust Inc,NYQ,us,russell3000,Mortgage Real Estate Investment Trusts,ft_icb_native,2026-01-31,Financials,Mortgage Real Estate Investment Trusts,ft_native_v2,ft_index_membership_filtered,0.95,high,2026-01-31,https://markets.ft.com/data/equities/tearsheet/summary?s=TRTX:NYQ,2026-01-31T00:00:00+00:00,ft-us-2026-01-31,2026-01-31,,True
2026-01-31,US:TRU:NYQ,US:TRU,TRU:NYQ,TRU,TransUnion,NYQ,us,russell3000,Industrial Support Services,ft_icb_native,2026-01-31,Industrials,Industrial Support Services,ft_native_v2,ft_index_membership_filtered,0.95,high,2026-01-31,https://markets.ft.com/data/equities/tearsheet/summary?s=TRU:NYQ,2026-01-31T00:00:00+00:00,ft-us-2026-01-31,2026-01-31,,True
2026-01-31,US:TRUP:NMQ,US:TRUP,TRUP:NMQ,TRUP,Trupanion Inc,NMQ,us,russell3000,Life Insurance,ft_icb_native,2026-01-31,Financials,Life Insurance,ft_native_v2,ft_index_membership_filtered,0.95,high,2026-01-31,https://markets.ft.com/data/equities/tearsheet/summary?s=TRUP:NMQ,2026-01-31T00:00:00+00:00,ft-us-2026-01-31,2026-01-31,,True
2026-01-31,US:TRV:NYQ,US:TRV,TRV:NYQ,TRV,Travelers Companies Inc,NYQ,us,russell3000,Non-life Insurance,ft_icb_native,2026-01-31,Financials,Non-life Insurance,ft_native_v2,ft_index_membership_filtered,0.95,high,2026-01-31,https://markets.ft.com/data/equities/tearsheet/summary?s=TRV:NYQ,2026-01-31T00:00:00+00:00,ft-us-2026-01-31,2026-01-31,,True
2026-01-31,US:TRVI:NMQ,US:TRVI,TRVI:NMQ,TRVI,Trevi Therapeutics Inc,NMQ,us,russell3000,Pharmaceuticals and Biotechnology,ft_icb_native,2026-01-31,Health Care,Pharmaceuticals and Biotechnology,ft_native_v2,ft_index_membership_filtered,0.95,high,2026-01-31,https://markets.ft.com/data/equities/tearsheet/summary?s=TRVI:NMQ,2026-01-31T00:00:00+00:00,ft-us-2026-01-31,2026-01-31,,True
2026-01-31,US:TSBK:NMQ,US:TSBK,TSBK:NMQ,TSBK,Timberland Bancorp Inc,NMQ,us,russell3000,Banks,ft_icb_native,2026-01-31,Financials,Banks,ft_native_v2,ft_index_membership_filtered,0.95,high,2026-01-31,https://markets.ft.com/data/equities/tearsheet/summary?s=TSBK:NMQ,2026-01-31T00:00:00+00:00,ft-us-2026-01-31,2026-01-31,,True
2026-01-31,US:TSCO:NSQ,US:TSCO,TSCO:NSQ,TSCO,Tractor Supply Co,NASDAQ,us,russell3000,Consumer Discretionary,ft_icb_native,2026-01-31,Consumer Discretionary,Consumer Discretionary,ft_native_v2,ft_index_membership_filtered,0.95,high,2026-01-31,https://markets.ft.com/data/equities/tearsheet/summary?s=TSCO:NSQ,2026-01-31T00:00:00+00:00,ft-us-2026-01-31,2026-01-31,,True
2026-01-31,US:TSHA:NSQ,US:TSHA,TSHA:NSQ,TSHA,Taysha Gene Therapies Inc,NASDAQ,us,russell3000,Pharmaceuticals and Biotechnology,ft_icb_native,2026-01-31,Health Care,Pharmaceuticals and Biotechnology,ft_native_v2,ft_index_membership_filtered_level3_fallback,0.65,medium,2026-01-31,https://markets.ft.com/data/equities/tearsheet/summary?s=TSHA:NSQ,2026-01-31T00:00:00+00:00,ft-us-2026-01-31,2026-01-31,,True
2026-01-31,US:TSLA:NSQ,US:TSLA,TSLA:NSQ,TSLA,Tesla Inc,NASDAQ,us,russell3000,Automobiles and Parts,ft_icb_native,2026-01-31,Consumer Discretionary,Automobiles and Parts,ft_native_v2,ft_index_membership_filtered,0.95,high,2026-01-31,https://markets.ft.com/data/equities/tearsheet/summary?s=TSLA:NSQ,2026-01-31T00:00:00+00:00,ft-us-2026-01-31,2026-01-31,,True
2026-01-31,US:TSN:NYQ,US:TSN,TSN:NYQ,TSN,Tyson Foods Inc,NYQ,us,russell3000,Food Producers,ft_icb_native,2026-01-31,Consumer Staples,Food Producers,ft_native_v2,ft_index_membership_filtered,0.95,high,2026-01-31,https://markets.ft.com/data/equities/tearsheet/summary?s=TSN:NYQ,2026-01-31T00:00:00+00:00,ft-us-2026-01-31,2026-01-31,,True
2026-01-31,US:TT:NYQ,US:TT,TT:NYQ,TT,Trane Technologies PLC,NYQ,us,russell3000,Construction and Materials,ft_icb_native,2026-01-31,Industrials,Construction and Materials,ft_native_v2,ft_index_membership_filtered,0.95,high,2026-01-31,https://markets.ft.com/data/equities/tearsheet/summary?s=TT:NYQ,2026-01-31T00:00:00+00:00,ft-us-2026-01-31,2026-01-31,,True
2026-01-31,US:TTC:NYQ,US:TTC,TTC:NYQ,TTC,Toro Co,NYQ,us,russell3000,Industrial Engineering,ft_icb_native,2026-01-31,Industrials,Industrial Engineering,ft_native_v2,ft_index_membership_filtered,0.95,high,2026-01-31,https://markets.ft.com/data/equities/tearsheet/summary?s=TTC:NYQ,2026-01-31T00:00:00+00:00,ft-us-2026-01-31,2026-01-31,,True
2026-01-31,US:TTD:NMQ,US:TTD,TTD:NMQ,TTD,Trade Desk Inc,NMQ,us,russell3000,Media,ft_icb_native,2026-01-31,Telecommunications,Media,ft_native_v2,ft_index_membership_filtered,0.95,high,2026-01-31,https://markets.ft.com/data/equities/tearsheet/summary?s=TTD:NMQ,2026-01-31T00:00:00+00:00,ft-us-2026-01-31,2026-01-31,,True
2026-01-31,US:TTEC:NSQ,US:TTEC,TTEC:NSQ,TTEC,TTEC Holdings Inc,NASDAQ,us,russell3000,Industrial Support Services,ft_icb_native,2026-01-31,Industrials,Industrial Support Services,ft_native_v2,ft_index_membership_filtered,0.95,high,2026-01-31,https://markets.ft.com/data/equities/tearsheet/summary?s=TTEC:NSQ,2026-01-31T00:00:00+00:00,ft-us-2026-01-31,2026-01-31,,True
2026-01-31,US:TTEK:NSQ,US:TTEK,TTEK:NSQ,TTEK,Tetra Tech Inc,NASDAQ,us,russell3000,Construction and Materials,ft_icb_native,2026-01-31,Industrials,Construction and Materials,ft_native_v2,ft_index_membership_filtered,0.95,high,2026-01-31,https://markets.ft.com/data/equities/tearsheet/summary?s=TTEK:NSQ,2026-01-31T00:00:00+00:00,ft-us-2026-01-31,2026-01-31,,True
2026-01-31,US:TTGT:NSQ,US:TTGT,TTGT:NSQ,TTGT,TechTarget Inc,NASDAQ,us,russell3000,Technology,ft_icb_native,2026-01-31,Telecommunications,Technology,ft_native_v2,ft_index_membership_filtered,0.95,high,2026-01-31,https://markets.ft.com/data/equities/tearsheet/summary?s=TTGT:NSQ,2026-01-31T00:00:00+00:00,ft-us-2026-01-31,2026-01-31,,True
2026-01-31,US:TTI:NYQ,US:TTI,TTI:NYQ,TTI,Tetra Technologies Inc,NYQ,us,russell3000,"Oil, Gas and Coal",ft_icb_native,2026-01-31,Energy,"Oil, Gas and Coal",ft_native_v2,ft_index_membership_filtered,0.95,high,2026-01-31,https://markets.ft.com/data/equities/tearsheet/summary?s=TTI:NYQ,2026-01-31T00:00:00+00:00,ft-us-2026-01-31,2026-01-31,,True
2026-01-31,US:TTMI:NSQ,US:TTMI,TTMI:NSQ,TTMI,TTM Technologies Inc,NASDAQ,us,russell3000,Technology Hardware and Equipment,ft_icb_native,2026-01-31,Technology,Technology Hardware and Equipment,ft_native_v2,ft_index_membership_filtered,0.95,high,2026-01-31,https://markets.ft.com/data/equities/tearsheet/summary?s=TTMI:NSQ,2026-01-31T00:00:00+00:00,ft-us-2026-01-31,2026-01-31,,True
2026-01-31,US:TTWO:NSQ,US:TTWO,TTWO:NSQ,TTWO,Take-Two Interactive Software Inc,NASDAQ,us,russell3000,Leisure Goods,ft_icb_native,2026-01-31,Telecommunications,Leisure Goods,ft_native_v2,ft_index_membership_filtered,0.95,high,2026-01-31,https://markets.ft.com/data/equities/tearsheet/summary?s=TTWO:NSQ,2026-01-31T00:00:00+00:00,ft-us-2026-01-31,2026-01-31,,True
2026-01-31,US:TVTX:NMQ,US:TVTX,TVTX:NMQ,TVTX,Travere Therapeutics Inc,NMQ,us,russell3000,Pharmaceuticals and Biotechnology,ft_icb_native,2026-01-31,Health Care,Pharmaceuticals and Biotechnology,ft_native_v2,ft_index_membership_filtered_level3_fallback,0.65,medium,2026-01-31,https://markets.ft.com/data/equities/tearsheet/summary?s=TVTX:NMQ,2026-01-31T00:00:00+00:00,ft-us-2026-01-31,2026-01-31,,True
2026-01-31,US:TW:NSQ,US:TW,TW:NSQ,TW,Tradeweb Markets Inc,NASDAQ,us,russell3000,Investment Banking and Brokerage Services,ft_icb_native,2026-01-31,Financials,Investment Banking and Brokerage Services,ft_native_v2,ft_index_membership_filtered,0.95,high,2026-01-31,https://markets.ft.com/data/equities/tearsheet/summary?s=TW:NSQ,2026-01-31T00:00:00+00:00,ft-us-2026-01-31,2026-01-31,,True
2026-01-31,US:TWI:NYQ,US:TWI,TWI:NYQ,TWI,Titan International Inc,NYQ,us,russell3000,Industrial Engineering,ft_icb_native,2026-01-31,Industrials,Industrial Engineering,ft_native_v2,ft_index_membership_filtered,0.95,high,2026-01-31,https://markets.ft.com/data/equities/tearsheet/summary?s=TWI:NYQ,2026-01-31T00:00:00+00:00,ft-us-2026-01-31,2026-01-31,,True
2026-01-31,US:TWLO:NYQ,US:TWLO,TWLO:NYQ,TWLO,Twilio Inc,NYQ,us,russell3000,Technology,ft_icb_native,2026-01-31,Technology,Technology,ft_native_v2,ft_index_membership_filtered,0.95,high,2026-01-31,https://markets.ft.com/data/equities/tearsheet/summary?s=TWLO:NYQ,2026-01-31T00:00:00+00:00,ft-us-2026-01-31,2026-01-31,,True
2026-01-31,US:TWO:NYQ,US:TWO,TWO:NYQ,TWO,Two Harbors Investment Corp,NYQ,us,russell3000,Mortgage Real Estate Investment Trusts,ft_icb_native,2026-01-31,Financials,Mortgage Real Estate Investment Trusts,ft_native_v2,ft_index_membership_filtered,0.95,high,2026-01-31,https://markets.ft.com/data/equities/tearsheet/summary?s=TWO:NYQ,2026-01-31T00:00:00+00:00,ft-us-2026-01-31,2026-01-31,,True
2026-01-31,US:TWST:NSQ,US:TWST,TWST:NSQ,TWST,Twist Bioscience Corp,NASDAQ,us,russell3000,Pharmaceuticals and Biotechnology,ft_icb_native,2026-01-31,Health Care,Pharmaceuticals and Biotechnology,ft_native_v2,ft_index_membership_filtered,0.95,high,2026-01-31,https://markets.ft.com/data/equities/tearsheet/summary?s=TWST:NSQ,2026-01-31T00:00:00+00:00,ft-us-2026-01-31,2026-01-31,,True
2026-01-31,US:TXG:NSQ,US:TXG,TXG:NSQ,TXG,10X Genomics Inc,NASDAQ,us,russell3000,Pharmaceuticals and Biotechnology,ft_icb_native,2026-01-31,Health Care,Pharmaceuticals and Biotechnology,ft_native_v2,ft_index_membership_filtered,0.95,high,2026-01-31,https://markets.ft.com/data/equities/tearsheet/summary?s=TXG:NSQ,2026-01-31T00:00:00+00:00,ft-us-2026-01-31,2026-01-31,,True
2026-01-31,US:TXN:NSQ,US:TXN,TXN:NSQ,TXN,Texas Instruments Inc,NASDAQ,us,russell3000,Technology Hardware and Equipment,ft_icb_native,2026-01-31,Technology,Technology Hardware and Equipment,ft_native_v2,ft_index_membership_filtered,0.95,high,2026-01-31,https://markets.ft.com/data/equities/tearsheet/summary?s=TXN:NSQ,2026-01-31T00:00:00+00:00,ft-us-2026-01-31,2026-01-31,,True
2026-01-31,US:TXNM:NYQ,US:TXNM,TXNM:NYQ,TXNM,TXNM Energy Inc,NYQ,us,russell3000,Electricity,ft_icb_native,2026-01-31,Utilities,Electricity,ft_native_v2,ft_index_membership_filtered,0.95,high,2026-01-31,https://markets.ft.com/data/equities/tearsheet/summary?s=TXNM:NYQ,2026-01-31T00:00:00+00:00,ft-us-2026-01-31,2026-01-31,,True
2026-01-31,US:TXRH:NSQ,US:TXRH,TXRH:NSQ,TXRH,Texas Roadhouse Inc,NASDAQ,us,russell3000,Travel and Leisure,ft_icb_native,2026-01-31,Consumer Discretionary,Travel and Leisure,ft_native_v2,ft_index_membership_filtered,0.95,high,2026-01-31,https://markets.ft.com/data/equities/tearsheet/summary?s=TXRH:NSQ,2026-01-31T00:00:00+00:00,ft-us-2026-01-31,2026-01-31,,True
2026-01-31,US:TXT:NYQ,US:TXT,TXT:NYQ,TXT,Textron Inc,NYQ,us,russell3000,Aerospace and Defense,ft_icb_native,2026-01-31,Industrials,Aerospace and Defense,ft_native_v2,ft_index_membership_filtered,0.95,high,2026-01-31,https://markets.ft.com/data/equities/tearsheet/summary?s=TXT:NYQ,2026-01-31T00:00:00+00:00,ft-us-2026-01-31,2026-01-31,,True
2026-01-31,US:TYL:NYQ,US:TYL,TYL:NYQ,TYL,Tyler Technologies Inc,NYQ,us,russell3000,Technology,ft_icb_native,2026-01-31,Technology,Technology,ft_native_v2,ft_index_membership_filtered,0.95,high,2026-01-31,https://markets.ft.com/data/equities/tearsheet/summary?s=TYL:NYQ,2026-01-31T00:00:00+00:00,ft-us-2026-01-31,2026-01-31,,True
2026-01-31,US:TYRA:NSQ,US:TYRA,TYRA:NSQ,TYRA,Tyra Biosciences Inc,NASDAQ,us,russell3000,Pharmaceuticals and Biotechnology,ft_icb_native,2026-01-31,Health Care,Pharmaceuticals and Biotechnology,ft_native_v2,ft_index_membership_filtered,0.95,high,2026-01-31,https://markets.ft.com/data/equities/tearsheet/summary?s=TYRA:NSQ,2026-01-31T00:00:00+00:00,ft-us-2026-01-31,2026-01-31,,True
2026-01-31,US:U:NYS,US:U,U:NYS,U,Unity Software Inc,NYSE,us,russell3000,Technology,ft_icb_native,2026-01-31,Technology,Technology,ft_native_v2,ft_index_membership_filtered,0.95,high,2026-01-31,https://markets.ft.com/data/equities/tearsheet/summary?s=U:NYS,2026-01-31T00:00:00+00:00,ft-us-2026-01-31,2026-01-31,,True
2026-01-31,US:UA:NYQ,US:UA,UA:NYQ,UA,Under Armour,NYQ,us,russell3000,Personal Goods,ft_icb_native,2026-01-31,Consumer Discretionary,Personal Goods,ft_native_v2,ft_index_membership_filtered,0.95,high,2026-01-31,https://markets.ft.com/data/equities/tearsheet/summary?s=UA:NYQ,2026-01-31T00:00:00+00:00,ft-us-2026-01-31,2026-01-31,,True
2026-01-31,US:UAA:NYQ,US:UAA,UAA:NYQ,UAA,Under Armour Inc,NYQ,us,russell3000,Personal Goods,ft_icb_native,2026-01-31,Consumer Discretionary,Personal Goods,ft_native_v2,ft_index_membership_filtered,0.95,high,2026-01-31,https://markets.ft.com/data/equities/tearsheet/summary?s=UAA:NYQ,2026-01-31T00:00:00+00:00,ft-us-2026-01-31,2026-01-31,,True
2026-01-31,US:UAL:NSQ,US:UAL,UAL:NSQ,UAL,United Airlines Holdings Inc,NASDAQ,us,russell3000,Travel and Leisure,ft_icb_native,2026-01-31,Industrials,Travel and Leisure,ft_native_v2,ft_index_membership_filtered,0.95,high,2026-01-31,https://markets.ft.com/data/equities/tearsheet/summary?s=UAL:NSQ,2026-01-31T00:00:00+00:00,ft-us-2026-01-31,2026-01-31,,True
2026-01-31,US:UAMY:ASQ,US:UAMY,UAMY:ASQ,UAMY,United States Antimony Corp,ASQ,us,russell3000,Industrial Metals and Mining,ft_icb_native,2026-01-31,Basic Materials,Industrial Metals and Mining,ft_native_v2,ft_index_membership_filtered,0.95,high,2026-01-31,https://markets.ft.com/data/equities/tearsheet/summary?s=UAMY:ASQ,2026-01-31T00:00:00+00:00,ft-us-2026-01-31,2026-01-31,,True
2026-01-31,US:UBER:NYQ,US:UBER,UBER:NYQ,UBER,Uber Technologies Inc,NYQ,us,russell3000,Consumer Services,ft_icb_native,2026-01-31,Industrials,Consumer Services,ft_native_v2,ft_index_membership_filtered,0.95,high,2026-01-31,https://markets.ft.com/data/equities/tearsheet/summary?s=UBER:NYQ,2026-01-31T00:00:00+00:00,ft-us-2026-01-31,2026-01-31,,True
2026-01-31,US:UBSI:NSQ,US:UBSI,UBSI:NSQ,UBSI,United Bankshares Inc,NASDAQ,us,russell3000,Banks,ft_icb_native,2026-01-31,Financials,Banks,ft_native_v2,ft_index_membership_filtered,0.95,high,2026-01-31,https://markets.ft.com/data/equities/tearsheet/summary?s=UBSI:NSQ,2026-01-31T00:00:00+00:00,ft-us-2026-01-31,2026-01-31,,True
2026-01-31,US:UCB:NYQ,US:UCB,UCB:NYQ,UCB,United Community Banks Inc,NYQ,us,russell3000,Banks,ft_icb_native,2026-01-31,Financials,Banks,ft_native_v2,ft_index_membership_filtered,0.95,high,2026-01-31,https://markets.ft.com/data/equities/tearsheet/summary?s=UCB:NYQ,2026-01-31T00:00:00+00:00,ft-us-2026-01-31,2026-01-31,,True
2026-01-31,US:UCTT:NSQ,US:UCTT,UCTT:NSQ,UCTT,Ultra Clean Holdings Inc,NASDAQ,us,russell3000,Technology Hardware and Equipment,ft_icb_native,2026-01-31,Technology,Technology Hardware and Equipment,ft_native_v2,ft_index_membership_filtered,0.95,high,2026-01-31,https://markets.ft.com/data/equities/tearsheet/summary?s=UCTT:NSQ,2026-01-31T00:00:00+00:00,ft-us-2026-01-31,2026-01-31,,True
2026-01-31,US:UDMY:NSQ,US:UDMY,UDMY:NSQ,UDMY,Udemy Inc,NASDAQ,us,russell3000,Consumer Services,ft_icb_native,2026-01-31,Consumer Discretionary,Consumer Services,ft_native_v2,ft_index_membership_filtered,0.95,high,2026-01-31,https://markets.ft.com/data/equities/tearsheet/summary?s=UDMY:NSQ,2026-01-31T00:00:00+00:00,ft-us-2026-01-31,2026-01-31,,True
2026-01-31,US:UDR:NYQ,US:UDR,UDR:NYQ,UDR,UDR Inc,NYQ,us,russell3000,Real Estate Investment Trusts,ft_icb_native,2026-01-31,Real Estate,Real Estate Investment Trusts,ft_native_v2,ft_index_membership_filtered,0.95,high,2026-01-31,https://markets.ft.com/data/equities/tearsheet/summary?s=UDR:NYQ,2026-01-31T00:00:00+00:00,ft-us-2026-01-31,2026-01-31,,True
2026-01-31,US:UE:NYQ,US:UE,UE:NYQ,UE,Urban Edge Properties,NYQ,us,russell3000,Real Estate Investment Trusts,ft_icb_native,2026-01-31,Real Estate,Real Estate Investment Trusts,ft_native_v2,ft_index_membership_filtered,0.95,high,2026-01-31,https://markets.ft.com/data/equities/tearsheet/summary?s=UE:NYQ,2026-01-31T00:00:00+00:00,ft-us-2026-01-31,2026-01-31,,True
2026-01-31,US:UEC:ASQ,US:UEC,UEC:ASQ,UEC,Uranium Energy Corp,ASQ,us,russell3000,Industrial Metals and Mining,ft_icb_native,2026-01-31,Energy,Industrial Metals and Mining,ft_native_v2,ft_index_membership_filtered,0.95,high,2026-01-31,https://markets.ft.com/data/equities/tearsheet/summary?s=UEC:ASQ,2026-01-31T00:00:00+00:00,ft-us-2026-01-31,2026-01-31,,True
2026-01-31,US:UFCS:NSQ,US:UFCS,UFCS:NSQ,UFCS,United Fire Group Inc,NASDAQ,us,russell3000,Non-life Insurance,ft_icb_native,2026-01-31,Financials,Non-life Insurance,ft_native_v2,ft_index_membership_filtered,0.95,high,2026-01-31,https://markets.ft.com/data/equities/tearsheet/summary?s=UFCS:NSQ,2026-01-31T00:00:00+00:00,ft-us-2026-01-31,2026-01-31,,True
2026-01-31,US:UFPI:NSQ,US:UFPI,UFPI:NSQ,UFPI,UFP Industries Inc,NASDAQ,us,russell3000,Industrial Materials,ft_icb_native,2026-01-31,Industrials,Industrial Materials,ft_native_v2,ft_index_membership_filtered,0.95,high,2026-01-31,https://markets.ft.com/data/equities/tearsheet/summary?s=UFPI:NSQ,2026-01-31T00:00:00+00:00,ft-us-2026-01-31,2026-01-31,,True
2026-01-31,US:UFPT:NAQ,US:UFPT,UFPT:NAQ,UFPT,UFP Technologies Inc,NAQ,us,russell3000,Medical Equipment and Services,ft_icb_native,2026-01-31,Health Care,Medical Equipment and Services,ft_native_v2,ft_index_membership_filtered,0.95,high,2026-01-31,https://markets.ft.com/data/equities/tearsheet/summary?s=UFPT:NAQ,2026-01-31T00:00:00+00:00,ft-us-2026-01-31,2026-01-31,,True
2026-01-31,US:UGI:NYQ,US:UGI,UGI:NYQ,UGI,UGI Corp,NYQ,us,russell3000,"Gas, Water and Multi-utilities",ft_icb_native,2026-01-31,Utilities,"Gas, Water and Multi-utilities",ft_native_v2,ft_index_membership_filtered,0.95,high,2026-01-31,https://markets.ft.com/data/equities/tearsheet/summary?s=UGI:NYQ,2026-01-31T00:00:00+00:00,ft-us-2026-01-31,2026-01-31,,True
2026-01-31,US:UHAL:NYQ,US:UHAL,UHAL:NYQ,UHAL,U-Haul Holding Co,NYQ,us,russell3000,Consumer Services,ft_icb_native,2026-01-31,Industrials,Consumer Services,ft_native_v2,ft_index_membership_filtered,0.95,high,2026-01-31,https://markets.ft.com/data/equities/tearsheet/summary?s=UHAL:NYQ,2026-01-31T00:00:00+00:00,ft-us-2026-01-31,2026-01-31,,True
2026-01-31,US:UHAL.B:NYQ,US:UHAL.B,UHAL.B:NYQ,UHAL.B,U-Haul Holding Co,NYQ,us,russell3000,Consumer Services,ft_icb_native,2026-01-31,Industrials,Consumer Services,ft_native_v2,ft_index_membership_filtered,0.95,high,2026-01-31,https://markets.ft.com/data/equities/tearsheet/summary?s=UHAL.B:NYQ,2026-01-31T00:00:00+00:00,ft-us-2026-01-31,2026-01-31,,True
2026-01-31,US:UI:NYQ,US:UI,UI:NYQ,UI,Ubiquiti Inc,NYQ,us,russell3000,Telecommunications Equipment,ft_icb_native,2026-01-31,Technology,Telecommunications Equipment,ft_native_v2,ft_index_membership_filtered,0.95,high,2026-01-31,https://markets.ft.com/data/equities/tearsheet/summary?s=UI:NYQ,2026-01-31T00:00:00+00:00,ft-us-2026-01-31,2026-01-31,,True
2026-01-31,US:UIS:NYQ,US:UIS,UIS:NYQ,UIS,Unisys Corp,NYQ,us,russell3000,Technology,ft_icb_native,2026-01-31,Technology,Technology,ft_native_v2,ft_index_membership_filtered,0.95,high,2026-01-31,https://markets.ft.com/data/equities/tearsheet/summary?s=UIS:NYQ,2026-01-31T00:00:00+00:00,ft-us-2026-01-31,2026-01-31,,True
2026-01-31,US:ULCC:NSQ,US:ULCC,ULCC:NSQ,ULCC,Frontier Group Holdings Inc,NASDAQ,us,russell3000,Travel and Leisure,ft_icb_native,2026-01-31,Industrials,Travel and Leisure,ft_native_v2,ft_index_membership_filtered,0.95,high,2026-01-31,https://markets.ft.com/data/equities/tearsheet/summary?s=ULCC:NSQ,2026-01-31T00:00:00+00:00,ft-us-2026-01-31,2026-01-31,,True
2026-01-31,US:ULTA:NSQ,US:ULTA,ULTA:NSQ,ULTA,Ulta Beauty Inc,NASDAQ,us,russell3000,Consumer Discretionary,ft_icb_native,2026-01-31,Consumer Discretionary,Consumer Discretionary,ft_native_v2,ft_index_membership_filtered,0.95,high,2026-01-31,https://markets.ft.com/data/equities/tearsheet/summary?s=ULTA:NSQ,2026-01-31T00:00:00+00:00,ft-us-2026-01-31,2026-01-31,,True
2026-01-31,US:UMBF:NSQ,US:UMBF,UMBF:NSQ,UMBF,UMB Financial Corp,NASDAQ,us,russell3000,Banks,ft_icb_native,2026-01-31,Financials,Banks,ft_native_v2,ft_index_membership_filtered,0.95,high,2026-01-31,https://markets.ft.com/data/equities/tearsheet/summary?s=UMBF:NSQ,2026-01-31T00:00:00+00:00,ft-us-2026-01-31,2026-01-31,,True
2026-01-31,US:UMH:NYQ,US:UMH,UMH:NYQ,UMH,UMH Properties Inc,NYQ,us,russell3000,Real Estate Investment Trusts,ft_icb_native,2026-01-31,Real Estate,Real Estate Investment Trusts,ft_native_v2,ft_index_membership_filtered,0.95,high,2026-01-31,https://markets.ft.com/data/equities/tearsheet/summary?s=UMH:NYQ,2026-01-31T00:00:00+00:00,ft-us-2026-01-31,2026-01-31,,True
2026-01-31,US:UNF:NYQ,US:UNF,UNF:NYQ,UNF,UniFirst Corp,NYQ,us,russell3000,Industrial Support Services,ft_icb_native,2026-01-31,Industrials,Industrial Support Services,ft_native_v2,ft_index_membership_filtered,0.95,high,2026-01-31,https://markets.ft.com/data/equities/tearsheet/summary?s=UNF:NYQ,2026-01-31T00:00:00+00:00,ft-us-2026-01-31,2026-01-31,,True
2026-01-31,US:UNFI:NYQ,US:UNFI,UNFI:NYQ,UNFI,United Natural Foods Inc,NYQ,us,russell3000,"Personal Care, Drug and Grocery Stores",ft_icb_native,2026-01-31,Consumer Staples,"Personal Care, Drug and Grocery Stores",ft_native_v2,ft_index_membership_filtered,0.95,high,2026-01-31,https://markets.ft.com/data/equities/tearsheet/summary?s=UNFI:NYQ,2026-01-31T00:00:00+00:00,ft-us-2026-01-31,2026-01-31,,True
2026-01-31,US:UNH:NYQ,US:UNH,UNH:NYQ,UNH,UnitedHealth Group Inc,NYQ,us,russell3000,Health Care Providers,ft_icb_native,2026-01-31,Health Care,Health Care Providers,ft_native_v2,ft_index_membership_filtered,0.95,high,2026-01-31,https://markets.ft.com/data/equities/tearsheet/summary?s=UNH:NYQ,2026-01-31T00:00:00+00:00,ft-us-2026-01-31,2026-01-31,,True
2026-01-31,US:UNIT:NSQ,US:UNIT,UNIT:NSQ,UNIT,Uniti Group Inc (Delaware),NASDAQ,us,russell3000,Telecommunications Equipment,ft_icb_native,2026-01-31,Telecommunications,Telecommunications Equipment,ft_native_v2,ft_index_membership_filtered,0.95,high,2026-01-31,https://markets.ft.com/data/equities/tearsheet/summary?s=UNIT:NSQ,2026-01-31T00:00:00+00:00,ft-us-2026-01-31,2026-01-31,,True
2026-01-31,US:UNP:NYQ,US:UNP,UNP:NYQ,UNP,Union Pacific Corp,NYQ,us,russell3000,Industrial Transportation,ft_icb_native,2026-01-31,Industrials,Industrial Transportation,ft_native_v2,ft_index_membership_filtered,0.95,high,2026-01-31,https://markets.ft.com/data/equities/tearsheet/summary?s=UNP:NYQ,2026-01-31T00:00:00+00:00,ft-us-2026-01-31,2026-01-31,,True
2026-01-31,US:UNTY:NMQ,US:UNTY,UNTY:NMQ,UNTY,Unity Bancorp Inc,NMQ,us,russell3000,Banks,ft_icb_native,2026-01-31,Financials,Banks,ft_native_v2,ft_index_membership_filtered,0.95,high,2026-01-31,https://markets.ft.com/data/equities/tearsheet/summary?s=UNTY:NMQ,2026-01-31T00:00:00+00:00,ft-us-2026-01-31,2026-01-31,,True
2026-01-31,US:UPB:NSQ,US:UPB,UPB:NSQ,UPB,Upstream Bio Inc,NASDAQ,us,russell3000,Pharmaceuticals and Biotechnology,ft_icb_native,2026-01-31,Health Care,Pharmaceuticals and Biotechnology,ft_native_v2,ft_index_membership_filtered,0.95,high,2026-01-31,https://markets.ft.com/data/equities/tearsheet/summary?s=UPB:NSQ,2026-01-31T00:00:00+00:00,ft-us-2026-01-31,2026-01-31,,True
2026-01-31,US:UPBD:NSQ,US:UPBD,UPBD:NSQ,UPBD,Upbound Group Inc,NASDAQ,us,russell3000,Consumer Services,ft_icb_native,2026-01-31,Consumer Discretionary,Consumer Services,ft_native_v2,ft_index_membership_filtered,0.95,high,2026-01-31,https://markets.ft.com/data/equities/tearsheet/summary?s=UPBD:NSQ,2026-01-31T00:00:00+00:00,ft-us-2026-01-31,2026-01-31,,True
2026-01-31,US:UPS:NYQ,US:UPS,UPS:NYQ,UPS,United Parcel Service Inc,NYQ,us,russell3000,Industrial Transportation,ft_icb_native,2026-01-31,Industrials,Industrial Transportation,ft_native_v2,ft_index_membership_filtered,0.95,high,2026-01-31,https://markets.ft.com/data/equities/tearsheet/summary?s=UPS:NYQ,2026-01-31T00:00:00+00:00,ft-us-2026-01-31,2026-01-31,,True
2026-01-31,US:UPST:NSQ,US:UPST,UPST:NSQ,UPST,Upstart Holdings Inc,NASDAQ,us,russell3000,Finance and Credit Services,ft_icb_native,2026-01-31,Financials,Finance and Credit Services,ft_native_v2,ft_index_membership_filtered,0.95,high,2026-01-31,https://markets.ft.com/data/equities/tearsheet/summary?s=UPST:NSQ,2026-01-31T00:00:00+00:00,ft-us-2026-01-31,2026-01-31,,True
2026-01-31,US:UPWK:NSQ,US:UPWK,UPWK:NSQ,UPWK,Upwork Inc,NASDAQ,us,russell3000,Industrial Support Services,ft_icb_native,2026-01-31,Industrials,Industrial Support Services,ft_native_v2,ft_index_membership_filtered,0.95,high,2026-01-31,https://markets.ft.com/data/equities/tearsheet/summary?s=UPWK:NSQ,2026-01-31T00:00:00+00:00,ft-us-2026-01-31,2026-01-31,,True
2026-01-31,US:URBN:NSQ,US:URBN,URBN:NSQ,URBN,Urban Outfitters Inc,NASDAQ,us,russell3000,Consumer Discretionary,ft_icb_native,2026-01-31,Consumer Discretionary,Consumer Discretionary,ft_native_v2,ft_index_membership_filtered,0.95,high,2026-01-31,https://markets.ft.com/data/equities/tearsheet/summary?s=URBN:NSQ,2026-01-31T00:00:00+00:00,ft-us-2026-01-31,2026-01-31,,True
2026-01-31,US:URGN:NMQ,US:URGN,URGN:NMQ,URGN,Urogen Pharma Ltd,NMQ,us,russell3000,Pharmaceuticals and Biotechnology,ft_icb_native,2026-01-31,Health Care,Pharmaceuticals and Biotechnology,ft_native_v2,ft_index_membership_filtered,0.95,high,2026-01-31,https://markets.ft.com/data/equities/tearsheet/summary?s=URGN:NMQ,2026-01-31T00:00:00+00:00,ft-us-2026-01-31,2026-01-31,,True
2026-01-31,US:URI:NYQ,US:URI,URI:NYQ,URI,United Rentals Inc,NYQ,us,russell3000,Industrial Transportation,ft_icb_native,2026-01-31,Industrials,Industrial Transportation,ft_native_v2,ft_index_membership_filtered,0.95,high,2026-01-31,https://markets.ft.com/data/equities/tearsheet/summary?s=URI:NYQ,2026-01-31T00:00:00+00:00,ft-us-2026-01-31,2026-01-31,,True
2026-01-31,US:USAR:NMQ,US:USAR,USAR:NMQ,USAR,USA Rare Earth Inc,NMQ,us,russell3000,Industrial Metals and Mining,ft_icb_native,2026-01-31,Basic Materials,Industrial Metals and Mining,ft_native_v2,ft_index_membership_filtered,0.95,high,2026-01-31,https://markets.ft.com/data/equities/tearsheet/summary?s=USAR:NMQ,2026-01-31T00:00:00+00:00,ft-us-2026-01-31,2026-01-31,,True
2026-01-31,US:USB:NYQ,US:USB,USB:NYQ,USB,US Bancorp,NYQ,us,russell3000,Banks,ft_icb_native,2026-01-31,Financials,Banks,ft_native_v2,ft_index_membership_filtered,0.95,high,2026-01-31,https://markets.ft.com/data/equities/tearsheet/summary?s=USB:NYQ,2026-01-31T00:00:00+00:00,ft-us-2026-01-31,2026-01-31,,True
2026-01-31,US:USFD:NYQ,US:USFD,USFD:NYQ,USFD,US Foods Holding Corp,NYQ,us,russell3000,Food Producers,ft_icb_native,2026-01-31,Consumer Staples,Food Producers,ft_native_v2,ft_index_membership_filtered,0.95,high,2026-01-31,https://markets.ft.com/data/equities/tearsheet/summary?s=USFD:NYQ,2026-01-31T00:00:00+00:00,ft-us-2026-01-31,2026-01-31,,True
2026-01-31,US:USLM:NSQ,US:USLM,USLM:NSQ,USLM,United States Lime & Minerals Inc,NASDAQ,us,russell3000,Construction and Materials,ft_icb_native,2026-01-31,Basic Materials,Construction and Materials,ft_native_v2,ft_index_membership_filtered,0.95,high,2026-01-31,https://markets.ft.com/data/equities/tearsheet/summary?s=USLM:NSQ,2026-01-31T00:00:00+00:00,ft-us-2026-01-31,2026-01-31,,True
2026-01-31,US:USNA:NYQ,US:USNA,USNA:NYQ,USNA,USANA Health Sciences Inc,NYQ,us,russell3000,Food Producers,ft_icb_native,2026-01-31,Consumer Staples,Food Producers,ft_native_v2,ft_index_membership_filtered,0.95,high,2026-01-31,https://markets.ft.com/data/equities/tearsheet/summary?s=USNA:NYQ,2026-01-31T00:00:00+00:00,ft-us-2026-01-31,2026-01-31,,True
2026-01-31,US:USPH:NYQ,US:USPH,USPH:NYQ,USPH,US Physical Therapy Inc,NYQ,us,russell3000,Health Care Providers,ft_icb_native,2026-01-31,Health Care,Health Care Providers,ft_native_v2,ft_index_membership_filtered,0.95,high,2026-01-31,https://markets.ft.com/data/equities/tearsheet/summary?s=USPH:NYQ,2026-01-31T00:00:00+00:00,ft-us-2026-01-31,2026-01-31,,True
2026-01-31,US:UTHR:NSQ,US:UTHR,UTHR:NSQ,UTHR,United Therapeutics Corp,NASDAQ,us,russell3000,Pharmaceuticals and Biotechnology,ft_icb_native,2026-01-31,Health Care,Pharmaceuticals and Biotechnology,ft_native_v2,ft_index_membership_filtered,0.95,high,2026-01-31,https://markets.ft.com/data/equities/tearsheet/summary?s=UTHR:NSQ,2026-01-31T00:00:00+00:00,ft-us-2026-01-31,2026-01-31,,True
2026-01-31,US:UTL:NYQ,US:UTL,UTL:NYQ,UTL,Unitil Corp,NYQ,us,russell3000,Electricity,ft_icb_native,2026-01-31,Utilities,Electricity,ft_native_v2,ft_index_membership_filtered,0.95,high,2026-01-31,https://markets.ft.com/data/equities/tearsheet/summary?s=UTL:NYQ,2026-01-31T00:00:00+00:00,ft-us-2026-01-31,2026-01-31,,True
2026-01-31,US:UTMD:NSQ,US:UTMD,UTMD:NSQ,UTMD,Utah Medical Products Inc,NASDAQ,us,russell3000,Medical Equipment and Services,ft_icb_native,2026-01-31,Health Care,Medical Equipment and Services,ft_native_v2,ft_index_membership_filtered,0.95,high,2026-01-31,https://markets.ft.com/data/equities/tearsheet/summary?s=UTMD:NSQ,2026-01-31T00:00:00+00:00,ft-us-2026-01-31,2026-01-31,,True
2026-01-31,US:UTZ:NYS,US:UTZ,UTZ:NYS,UTZ,UTZ Brands Inc,NYSE,us,russell3000,Food Producers,ft_icb_native,2026-01-31,Consumer Staples,Food Producers,ft_native_v2,ft_index_membership_filtered,0.95,high,2026-01-31,https://markets.ft.com/data/equities/tearsheet/summary?s=UTZ:NYS,2026-01-31T00:00:00+00:00,ft-us-2026-01-31,2026-01-31,,True
2026-01-31,US:UVV:NYQ,US:UVV,UVV:NYQ,UVV,Universal Corp,NYQ,us,russell3000,Tobacco,ft_icb_native,2026-01-31,Consumer Staples,Tobacco,ft_native_v2,ft_index_membership_filtered,0.95,high,2026-01-31,https://markets.ft.com/data/equities/tearsheet/summary?s=UVV:NYQ,2026-01-31T00:00:00+00:00,ft-us-2026-01-31,2026-01-31,,True
2026-01-31,US:UWMC:NYS,US:UWMC,UWMC:NYS,UWMC,UWM Holdings Corp,NYSE,us,russell3000,Finance and Credit Services,ft_icb_native,2026-01-31,Financials,Finance and Credit Services,ft_native_v2,ft_index_membership_filtered,0.95,high,2026-01-31,https://markets.ft.com/data/equities/tearsheet/summary?s=UWMC:NYS,2026-01-31T00:00:00+00:00,ft-us-2026-01-31,2026-01-31,,True
2026-01-31,US:V:NYS,US:V,V:NYS,V,Visa Inc,NYSE,us,russell3000,Industrial Support Services,ft_icb_native,2026-01-31,Industrials,Industrial Support Services,ft_native_v2,ft_index_membership_filtered,0.95,high,2026-01-31,https://markets.ft.com/data/equities/tearsheet/summary?s=V:NYS,2026-01-31T00:00:00+00:00,ft-us-2026-01-31,2026-01-31,,True
2026-01-31,US:VAC:NYQ,US:VAC,VAC:NYQ,VAC,Marriott Vacations Worldwide Corp,NYQ,us,russell3000,Travel and Leisure,ft_icb_native,2026-01-31,Consumer Discretionary,Travel and Leisure,ft_native_v2,ft_index_membership_filtered,0.95,high,2026-01-31,https://markets.ft.com/data/equities/tearsheet/summary?s=VAC:NYQ,2026-01-31T00:00:00+00:00,ft-us-2026-01-31,2026-01-31,,True
2026-01-31,US:VAL:NYS,US:VAL,VAL:NYS,VAL,Valaris Ltd,NYSE,us,russell3000,"Oil, Gas and Coal",ft_icb_native,2026-01-31,Energy,"Oil, Gas and Coal",ft_native_v2,ft_index_membership_filtered,0.95,high,2026-01-31,https://markets.ft.com/data/equities/tearsheet/summary?s=VAL:NYS,2026-01-31T00:00:00+00:00,ft-us-2026-01-31,2026-01-31,,True
2026-01-31,US:VC:NSQ,US:VC,VC:NSQ,VC,Visteon Corp,NASDAQ,us,russell3000,Automobiles and Parts,ft_icb_native,2026-01-31,Consumer Discretionary,Automobiles and Parts,ft_native_v2,ft_index_membership_filtered,0.95,high,2026-01-31,https://markets.ft.com/data/equities/tearsheet/summary?s=VC:NSQ,2026-01-31T00:00:00+00:00,ft-us-2026-01-31,2026-01-31,,True
2026-01-31,US:VCEL:NMQ,US:VCEL,VCEL:NMQ,VCEL,Vericel Corp,NMQ,us,russell3000,Pharmaceuticals and Biotechnology,ft_icb_native,2026-01-31,Health Care,Pharmaceuticals and Biotechnology,ft_native_v2,ft_index_membership_filtered,0.95,high,2026-01-31,https://markets.ft.com/data/equities/tearsheet/summary?s=VCEL:NMQ,2026-01-31T00:00:00+00:00,ft-us-2026-01-31,2026-01-31,,True
2026-01-31,US:VCTR:NSQ,US:VCTR,VCTR:NSQ,VCTR,Victory Capital Holdings Inc,NASDAQ,us,russell3000,Investment Banking and Brokerage Services,ft_icb_native,2026-01-31,Financials,Investment Banking and Brokerage Services,ft_native_v2,ft_index_membership_filtered,0.95,high,2026-01-31,https://markets.ft.com/data/equities/tearsheet/summary?s=VCTR:NSQ,2026-01-31T00:00:00+00:00,ft-us-2026-01-31,2026-01-31,,True
2026-01-31,US:VCYT:NMQ,US:VCYT,VCYT:NMQ,VCYT,Veracyte Inc,NMQ,us,russell3000,Pharmaceuticals and Biotechnology,ft_icb_native,2026-01-31,Health Care,Pharmaceuticals and Biotechnology,ft_native_v2,ft_index_membership_filtered,0.95,high,2026-01-31,https://markets.ft.com/data/equities/tearsheet/summary?s=VCYT:NMQ,2026-01-31T00:00:00+00:00,ft-us-2026-01-31,2026-01-31,,True
2026-01-31,US:VECO:NSQ,US:VECO,VECO:NSQ,VECO,Veeco Instruments Inc,NASDAQ,us,russell3000,Technology Hardware and Equipment,ft_icb_native,2026-01-31,Technology,Technology Hardware and Equipment,ft_native_v2,ft_index_membership_filtered,0.95,high,2026-01-31,https://markets.ft.com/data/equities/tearsheet/summary?s=VECO:NSQ,2026-01-31T00:00:00+00:00,ft-us-2026-01-31,2026-01-31,,True
2026-01-31,US:VEEV:NYQ,US:VEEV,VEEV:NYQ,VEEV,Veeva Systems Inc,NYQ,us,russell3000,Health Care Providers,ft_icb_native,2026-01-31,Health Care,Health Care Providers,ft_native_v2,ft_index_membership_filtered,0.95,high,2026-01-31,https://markets.ft.com/data/equities/tearsheet/summary?s=VEEV:NYQ,2026-01-31T00:00:00+00:00,ft-us-2026-01-31,2026-01-31,,True
2026-01-31,US:VEL:NYQ,US:VEL,VEL:NYQ,VEL,Velocity Financial Inc,NYQ,us,russell3000,Finance and Credit Services,ft_icb_native,2026-01-31,Financials,Finance and Credit Services,ft_native_v2,ft_index_membership_filtered,0.95,high,2026-01-31,https://markets.ft.com/data/equities/tearsheet/summary?s=VEL:NYQ,2026-01-31T00:00:00+00:00,ft-us-2026-01-31,2026-01-31,,True
2026-01-31,US:VERA:NMQ,US:VERA,VERA:NMQ,VERA,Vera Therapeutics Inc,NMQ,us,russell3000,Pharmaceuticals and Biotechnology,ft_icb_native,2026-01-31,Health Care,Pharmaceuticals and Biotechnology,ft_native_v2,ft_index_membership_filtered,0.95,high,2026-01-31,https://markets.ft.com/data/equities/tearsheet/summary?s=VERA:NMQ,2026-01-31T00:00:00+00:00,ft-us-2026-01-31,2026-01-31,,True
2026-01-31,US:VERX:NMQ,US:VERX,VERX:NMQ,VERX,Vertex Inc,NMQ,us,russell3000,Technology,ft_icb_native,2026-01-31,Technology,Technology,ft_native_v2,ft_index_membership_filtered,0.95,high,2026-01-31,https://markets.ft.com/data/equities/tearsheet/summary?s=VERX:NMQ,2026-01-31T00:00:00+00:00,ft-us-2026-01-31,2026-01-31,,True
2026-01-31,US:VFC:NYQ,US:VFC,VFC:NYQ,VFC,VF Corp,NYQ,us,russell3000,Personal Goods,ft_icb_native,2026-01-31,Consumer Discretionary,Personal Goods,ft_native_v2,ft_index_membership_filtered,0.95,high,2026-01-31,https://markets.ft.com/data/equities/tearsheet/summary?s=VFC:NYQ,2026-01-31T00:00:00+00:00,ft-us-2026-01-31,2026-01-31,,True
2026-01-31,US:VIAV:NSQ,US:VIAV,VIAV:NSQ,VIAV,Viavi Solutions Inc,NASDAQ,us,russell3000,Telecommunications Equipment,ft_icb_native,2026-01-31,Technology,Telecommunications Equipment,ft_native_v2,ft_index_membership_filtered,0.95,high,2026-01-31,https://markets.ft.com/data/equities/tearsheet/summary?s=VIAV:NSQ,2026-01-31T00:00:00+00:00,ft-us-2026-01-31,2026-01-31,,True
2026-01-31,US:VICI:NYQ,US:VICI,VICI:NYQ,VICI,VICI Properties Inc,NYQ,us,russell3000,Real Estate Investment Trusts,ft_icb_native,2026-01-31,Real Estate,Real Estate Investment Trusts,ft_native_v2,ft_index_membership_filtered,0.95,high,2026-01-31,https://markets.ft.com/data/equities/tearsheet/summary?s=VICI:NYQ,2026-01-31T00:00:00+00:00,ft-us-2026-01-31,2026-01-31,,True
2026-01-31,US:VICR:NSQ,US:VICR,VICR:NSQ,VICR,Vicor Corp,NASDAQ,us,russell3000,Electronic and Electrical Equipment,ft_icb_native,2026-01-31,Industrials,Electronic and Electrical Equipment,ft_native_v2,ft_index_membership_filtered,0.95,high,2026-01-31,https://markets.ft.com/data/equities/tearsheet/summary?s=VICR:NSQ,2026-01-31T00:00:00+00:00,ft-us-2026-01-31,2026-01-31,,True
2026-01-31,US:VIK:NYS,US:VIK,VIK:NYS,VIK,Viking Holdings Ltd,NYSE,us,russell3000,Travel and Leisure,ft_icb_native,2026-01-31,Consumer Discretionary,Travel and Leisure,ft_native_v2,ft_index_membership_filtered,0.95,high,2026-01-31,https://markets.ft.com/data/equities/tearsheet/summary?s=VIK:NYS,2026-01-31T00:00:00+00:00,ft-us-2026-01-31,2026-01-31,,True
2026-01-31,US:VIR:NSQ,US:VIR,VIR:NSQ,VIR,Vir Biotechnology Inc,NASDAQ,us,russell3000,Pharmaceuticals and Biotechnology,ft_icb_native,2026-01-31,Health Care,Pharmaceuticals and Biotechnology,ft_native_v2,ft_index_membership_filtered,0.95,high,2026-01-31,https://markets.ft.com/data/equities/tearsheet/summary?s=VIR:NSQ,2026-01-31T00:00:00+00:00,ft-us-2026-01-31,2026-01-31,,True
2026-01-31,US:VIRT:NYQ,US:VIRT,VIRT:NYQ,VIRT,Virtu Financial Inc,NYQ,us,russell3000,Investment Banking and Brokerage Services,ft_icb_native,2026-01-31,Financials,Investment Banking and Brokerage Services,ft_native_v2,ft_index_membership_filtered,0.95,high,2026-01-31,https://markets.ft.com/data/equities/tearsheet/summary?s=VIRT:NYQ,2026-01-31T00:00:00+00:00,ft-us-2026-01-31,2026-01-31,,True
2026-01-31,US:VISN:NSQ,US:VISN,VISN:NSQ,VISN,Vistance Networks Inc,NASDAQ,us,russell3000,Telecommunications Equipment,ft_icb_native,2026-01-31,Technology,Telecommunications Equipment,ft_native_v2,ft_index_membership_filtered,0.95,high,2026-01-31,https://markets.ft.com/data/equities/tearsheet/summary?s=VISN:NSQ,2026-01-31T00:00:00+00:00,ft-us-2026-01-31,2026-01-31,,True
2026-01-31,US:VITL:NMQ,US:VITL,VITL:NMQ,VITL,Vital Farms Inc,NMQ,us,russell3000,Food Producers,ft_icb_native,2026-01-31,Consumer Staples,Food Producers,ft_native_v2,ft_index_membership_filtered,0.95,high,2026-01-31,https://markets.ft.com/data/equities/tearsheet/summary?s=VITL:NMQ,2026-01-31T00:00:00+00:00,ft-us-2026-01-31,2026-01-31,,True
2026-01-31,US:VKTX:NAQ,US:VKTX,VKTX:NAQ,VKTX,Viking Therapeutics Inc,NAQ,us,russell3000,Pharmaceuticals and Biotechnology,ft_icb_native,2026-01-31,Health Care,Pharmaceuticals and Biotechnology,ft_native_v2,ft_index_membership_filtered,0.95,high,2026-01-31,https://markets.ft.com/data/equities/tearsheet/summary?s=VKTX:NAQ,2026-01-31T00:00:00+00:00,ft-us-2026-01-31,2026-01-31,,True
2026-01-31,US:VLO:NYQ,US:VLO,VLO:NYQ,VLO,Valero Energy Corp,NYQ,us,russell3000,"Oil, Gas and Coal",ft_icb_native,2026-01-31,Energy,"Oil, Gas and Coal",ft_native_v2,ft_index_membership_filtered,0.95,high,2026-01-31,https://markets.ft.com/data/equities/tearsheet/summary?s=VLO:NYQ,2026-01-31T00:00:00+00:00,ft-us-2026-01-31,2026-01-31,,True
2026-01-31,US:VLTO:NYS,US:VLTO,VLTO:NYS,VLTO,Veralto Corp,NYSE,us,russell3000,Electronic and Electrical Equipment,ft_icb_native,2026-01-31,Industrials,Electronic and Electrical Equipment,ft_native_v2,ft_index_membership_filtered,0.95,high,2026-01-31,https://markets.ft.com/data/equities/tearsheet/summary?s=VLTO:NYS,2026-01-31T00:00:00+00:00,ft-us-2026-01-31,2026-01-31,,True
2026-01-31,US:VLY:NSQ,US:VLY,VLY:NSQ,VLY,Valley National Bancorp,NASDAQ,us,russell3000,Banks,ft_icb_native,2026-01-31,Financials,Banks,ft_native_v2,ft_index_membership_filtered,0.95,high,2026-01-31,https://markets.ft.com/data/equities/tearsheet/summary?s=VLY:NSQ,2026-01-31T00:00:00+00:00,ft-us-2026-01-31,2026-01-31,,True
2026-01-31,US:VMC:NYQ,US:VMC,VMC:NYQ,VMC,Vulcan Materials Co,NYQ,us,russell3000,Construction and Materials,ft_icb_native,2026-01-31,Basic Materials,Construction and Materials,ft_native_v2,ft_index_membership_filtered,0.95,high,2026-01-31,https://markets.ft.com/data/equities/tearsheet/summary?s=VMC:NYQ,2026-01-31T00:00:00+00:00,ft-us-2026-01-31,2026-01-31,,True
2026-01-31,US:VMD:NAQ,US:VMD,VMD:NAQ,VMD,Viemed Healthcare Inc,NAQ,us,russell3000,Health Care Providers,ft_icb_native,2026-01-31,Health Care,Health Care Providers,ft_native_v2,ft_index_membership_filtered,0.95,high,2026-01-31,https://markets.ft.com/data/equities/tearsheet/summary?s=VMD:NAQ,2026-01-31T00:00:00+00:00,ft-us-2026-01-31,2026-01-31,,True
2026-01-31,US:VMI:NYQ,US:VMI,VMI:NYQ,VMI,Valmont Industries Inc,NYQ,us,russell3000,General Industrials,ft_icb_native,2026-01-31,Industrials,General Industrials,ft_native_v2,ft_index_membership_filtered,0.95,high,2026-01-31,https://markets.ft.com/data/equities/tearsheet/summary?s=VMI:NYQ,2026-01-31T00:00:00+00:00,ft-us-2026-01-31,2026-01-31,,True
2026-01-31,US:VNDA:NMQ,US:VNDA,VNDA:NMQ,VNDA,Vanda Pharmaceuticals Inc,NMQ,us,russell3000,Pharmaceuticals and Biotechnology,ft_icb_native,2026-01-31,Health Care,Pharmaceuticals and Biotechnology,ft_native_v2,ft_index_membership_filtered,0.95,high,2026-01-31,https://markets.ft.com/data/equities/tearsheet/summary?s=VNDA:NMQ,2026-01-31T00:00:00+00:00,ft-us-2026-01-31,2026-01-31,,True
2026-01-31,US:VNO:NYQ,US:VNO,VNO:NYQ,VNO,Vornado Realty Trust,NYQ,us,russell3000,Real Estate Investment Trusts,ft_icb_native,2026-01-31,Real Estate,Real Estate Investment Trusts,ft_native_v2,ft_index_membership_filtered,0.95,high,2026-01-31,https://markets.ft.com/data/equities/tearsheet/summary?s=VNO:NYQ,2026-01-31T00:00:00+00:00,ft-us-2026-01-31,2026-01-31,,True
2026-01-31,US:VNOM:NSQ,US:VNOM,VNOM:NSQ,VNOM,Viper Energy Inc,NASDAQ,us,russell3000,"Oil, Gas and Coal",ft_icb_native,2026-01-31,Energy,"Oil, Gas and Coal",ft_native_v2,ft_index_membership_filtered,0.95,high,2026-01-31,https://markets.ft.com/data/equities/tearsheet/summary?s=VNOM:NSQ,2026-01-31T00:00:00+00:00,ft-us-2026-01-31,2026-01-31,,True
2026-01-31,US:VNT:NYQ,US:VNT,VNT:NYQ,VNT,Vontier Corp,NYQ,us,russell3000,Industrial Support Services,ft_icb_native,2026-01-31,Technology,Industrial Support Services,ft_native_v2,ft_index_membership_filtered,0.95,high,2026-01-31,https://markets.ft.com/data/equities/tearsheet/summary?s=VNT:NYQ,2026-01-31T00:00:00+00:00,ft-us-2026-01-31,2026-01-31,,True
2026-01-31,US:VOYA:NYQ,US:VOYA,VOYA:NYQ,VOYA,Voya Financial Inc,NYQ,us,russell3000,Investment Banking and Brokerage Services,ft_icb_native,2026-01-31,Financials,Investment Banking and Brokerage Services,ft_native_v2,ft_index_membership_filtered,0.95,high,2026-01-31,https://markets.ft.com/data/equities/tearsheet/summary?s=VOYA:NYQ,2026-01-31T00:00:00+00:00,ft-us-2026-01-31,2026-01-31,,True
2026-01-31,US:VPG:NYS,US:VPG,VPG:NYS,VPG,Vishay Precision Group Inc,NYSE,us,russell3000,Electronic and Electrical Equipment,ft_icb_native,2026-01-31,Industrials,Electronic and Electrical Equipment,ft_native_v2,ft_index_membership_filtered,0.95,high,2026-01-31,https://markets.ft.com/data/equities/tearsheet/summary?s=VPG:NYS,2026-01-31T00:00:00+00:00,ft-us-2026-01-31,2026-01-31,,True
2026-01-31,US:VRDN:NAQ,US:VRDN,VRDN:NAQ,VRDN,Viridian Therapeutics Inc,NAQ,us,russell3000,Pharmaceuticals and Biotechnology,ft_icb_native,2026-01-31,Health Care,Pharmaceuticals and Biotechnology,ft_native_v2,ft_index_membership_filtered,0.95,high,2026-01-31,https://markets.ft.com/data/equities/tearsheet/summary?s=VRDN:NAQ,2026-01-31T00:00:00+00:00,ft-us-2026-01-31,2026-01-31,,True
2026-01-31,US:VRE:NYQ,US:VRE,VRE:NYQ,VRE,Veris Residential Inc,NYQ,us,russell3000,Real Estate Investment Trusts,ft_icb_native,2026-01-31,Real Estate,Real Estate Investment Trusts,ft_native_v2,ft_index_membership_filtered,0.95,high,2026-01-31,https://markets.ft.com/data/equities/tearsheet/summary?s=VRE:NYQ,2026-01-31T00:00:00+00:00,ft-us-2026-01-31,2026-01-31,,True
2026-01-31,US:VREX:NSQ,US:VREX,VREX:NSQ,VREX,Varex Imaging Corp,NASDAQ,us,russell3000,Medical Equipment and Services,ft_icb_native,2026-01-31,Health Care,Medical Equipment and Services,ft_native_v2,ft_index_membership_filtered,0.95,high,2026-01-31,https://markets.ft.com/data/equities/tearsheet/summary?s=VREX:NSQ,2026-01-31T00:00:00+00:00,ft-us-2026-01-31,2026-01-31,,True
2026-01-31,US:VRNS:NSQ,US:VRNS,VRNS:NSQ,VRNS,Varonis Systems Inc,NASDAQ,us,russell3000,Technology,ft_icb_native,2026-01-31,Technology,Technology,ft_native_v2,ft_index_membership_filtered,0.95,high,2026-01-31,https://markets.ft.com/data/equities/tearsheet/summary?s=VRNS:NSQ,2026-01-31T00:00:00+00:00,ft-us-2026-01-31,2026-01-31,,True
2026-01-31,US:VRRM:NAQ,US:VRRM,VRRM:NAQ,VRRM,Verra Mobility Corp,NAQ,us,russell3000,Electronic and Electrical Equipment,ft_icb_native,2026-01-31,Industrials,Electronic and Electrical Equipment,ft_native_v2,ft_index_membership_filtered,0.95,high,2026-01-31,https://markets.ft.com/data/equities/tearsheet/summary?s=VRRM:NAQ,2026-01-31T00:00:00+00:00,ft-us-2026-01-31,2026-01-31,,True
2026-01-31,US:VRSK:NSQ,US:VRSK,VRSK:NSQ,VRSK,Verisk Analytics Inc,NASDAQ,us,russell3000,Industrial Support Services,ft_icb_native,2026-01-31,Industrials,Industrial Support Services,ft_native_v2,ft_index_membership_filtered,0.95,high,2026-01-31,https://markets.ft.com/data/equities/tearsheet/summary?s=VRSK:NSQ,2026-01-31T00:00:00+00:00,ft-us-2026-01-31,2026-01-31,,True
2026-01-31,US:VRSN:NSQ,US:VRSN,VRSN:NSQ,VRSN,"VeriSign, Inc",NASDAQ,us,russell3000,Technology,ft_icb_native,2026-01-31,Technology,Technology,ft_native_v2,ft_index_membership_filtered,0.95,high,2026-01-31,https://markets.ft.com/data/equities/tearsheet/summary?s=VRSN:NSQ,2026-01-31T00:00:00+00:00,ft-us-2026-01-31,2026-01-31,,True
2026-01-31,US:VRT:NYQ,US:VRT,VRT:NYQ,VRT,Vertiv Holdings Co,NYQ,us,russell3000,Technology Hardware and Equipment,ft_icb_native,2026-01-31,Industrials,Technology Hardware and Equipment,ft_native_v2,ft_index_membership_filtered,0.95,high,2026-01-31,https://markets.ft.com/data/equities/tearsheet/summary?s=VRT:NYQ,2026-01-31T00:00:00+00:00,ft-us-2026-01-31,2026-01-31,,True
2026-01-31,US:VRTS:NYQ,US:VRTS,VRTS:NYQ,VRTS,Virtus Investment Partners Inc,NYQ,us,russell3000,Investment Banking and Brokerage Services,ft_icb_native,2026-01-31,Financials,Investment Banking and Brokerage Services,ft_native_v2,ft_index_membership_filtered,0.95,high,2026-01-31,https://markets.ft.com/data/equities/tearsheet/summary?s=VRTS:NYQ,2026-01-31T00:00:00+00:00,ft-us-2026-01-31,2026-01-31,,True
2026-01-31,US:VRTX:NSQ,US:VRTX,VRTX:NSQ,VRTX,Vertex Pharmaceuticals Inc,NASDAQ,us,russell3000,Pharmaceuticals and Biotechnology,ft_icb_native,2026-01-31,Health Care,Pharmaceuticals and Biotechnology,ft_native_v2,ft_index_membership_filtered,0.95,high,2026-01-31,https://markets.ft.com/data/equities/tearsheet/summary?s=VRTX:NSQ,2026-01-31T00:00:00+00:00,ft-us-2026-01-31,2026-01-31,,True
2026-01-31,US:VSAT:NSQ,US:VSAT,VSAT:NSQ,VSAT,Viasat Inc,NASDAQ,us,russell3000,Telecommunications Equipment,ft_icb_native,2026-01-31,Technology,Telecommunications Equipment,ft_native_v2,ft_index_membership_filtered,0.95,high,2026-01-31,https://markets.ft.com/data/equities/tearsheet/summary?s=VSAT:NSQ,2026-01-31T00:00:00+00:00,ft-us-2026-01-31,2026-01-31,,True
2026-01-31,US:VSCO:NYQ,US:VSCO,VSCO:NYQ,VSCO,Victoria's Secret & Co,NYQ,us,russell3000,Consumer Discretionary,ft_icb_native,2026-01-31,Consumer Discretionary,Consumer Discretionary,ft_native_v2,ft_index_membership_filtered,0.95,high,2026-01-31,https://markets.ft.com/data/equities/tearsheet/summary?s=VSCO:NYQ,2026-01-31T00:00:00+00:00,ft-us-2026-01-31,2026-01-31,,True
2026-01-31,US:VSEC:NSQ,US:VSEC,VSEC:NSQ,VSEC,VSE Corp,NASDAQ,us,russell3000,Aerospace and Defense,ft_icb_native,2026-01-31,Industrials,Aerospace and Defense,ft_native_v2,ft_index_membership_filtered,0.95,high,2026-01-31,https://markets.ft.com/data/equities/tearsheet/summary?s=VSEC:NSQ,2026-01-31T00:00:00+00:00,ft-us-2026-01-31,2026-01-31,,True
2026-01-31,US:VSH:NYQ,US:VSH,VSH:NYQ,VSH,Vishay Intertechnology Inc,NYQ,us,russell3000,Technology Hardware and Equipment,ft_icb_native,2026-01-31,Technology,Technology Hardware and Equipment,ft_native_v2,ft_index_membership_filtered,0.95,high,2026-01-31,https://markets.ft.com/data/equities/tearsheet/summary?s=VSH:NYQ,2026-01-31T00:00:00+00:00,ft-us-2026-01-31,2026-01-31,,True
2026-01-31,US:VSNT:NSQ,US:VSNT,VSNT:NSQ,VSNT,Versant Media Group Inc,NASDAQ,us,russell3000,Media,ft_icb_native,2026-01-31,Telecommunications,Media,ft_native_v2,ft_index_membership_filtered,0.95,high,2026-01-31,https://markets.ft.com/data/equities/tearsheet/summary?s=VSNT:NSQ,2026-01-31T00:00:00+00:00,ft-us-2026-01-31,2026-01-31,,True
2026-01-31,US:VST:NYQ,US:VST,VST:NYQ,VST,Vistra Corp,NYQ,us,russell3000,Electricity,ft_icb_native,2026-01-31,Utilities,Electricity,ft_native_v2,ft_index_membership_filtered,0.95,high,2026-01-31,https://markets.ft.com/data/equities/tearsheet/summary?s=VST:NYQ,2026-01-31T00:00:00+00:00,ft-us-2026-01-31,2026-01-31,,True
2026-01-31,US:VSTS:NYS,US:VSTS,VSTS:NYS,VSTS,Vestis Corp,NYSE,us,russell3000,Industrial Support Services,ft_icb_native,2026-01-31,Industrials,Industrial Support Services,ft_native_v2,ft_index_membership_filtered,0.95,high,2026-01-31,https://markets.ft.com/data/equities/tearsheet/summary?s=VSTS:NYS,2026-01-31T00:00:00+00:00,ft-us-2026-01-31,2026-01-31,,True
2026-01-31,US:VTOL:NYQ,US:VTOL,VTOL:NYQ,VTOL,Bristow Group Inc,NYQ,us,russell3000,"Oil, Gas and Coal",ft_icb_native,2026-01-31,Energy,"Oil, Gas and Coal",ft_native_v2,ft_index_membership_filtered,0.95,high,2026-01-31,https://markets.ft.com/data/equities/tearsheet/summary?s=VTOL:NYQ,2026-01-31T00:00:00+00:00,ft-us-2026-01-31,2026-01-31,,True
2026-01-31,US:VTR:NYQ,US:VTR,VTR:NYQ,VTR,Ventas Inc,NYQ,us,russell3000,Real Estate Investment Trusts,ft_icb_native,2026-01-31,Real Estate,Real Estate Investment Trusts,ft_native_v2,ft_index_membership_filtered,0.95,high,2026-01-31,https://markets.ft.com/data/equities/tearsheet/summary?s=VTR:NYQ,2026-01-31T00:00:00+00:00,ft-us-2026-01-31,2026-01-31,,True
2026-01-31,US:VTRS:NSQ,US:VTRS,VTRS:NSQ,VTRS,Viatris Inc,NASDAQ,us,russell3000,Pharmaceuticals and Biotechnology,ft_icb_native,2026-01-31,Health Care,Pharmaceuticals and Biotechnology,ft_native_v2,ft_index_membership_filtered,0.95,high,2026-01-31,https://markets.ft.com/data/equities/tearsheet/summary?s=VTRS:NSQ,2026-01-31T00:00:00+00:00,ft-us-2026-01-31,2026-01-31,,True
2026-01-31,US:VTS:NYS,US:VTS,VTS:NYS,VTS,Vitesse Energy Inc,NYSE,us,russell3000,"Oil, Gas and Coal",ft_icb_native,2026-01-31,Energy,"Oil, Gas and Coal",ft_native_v2,ft_index_membership_filtered,0.95,high,2026-01-31,https://markets.ft.com/data/equities/tearsheet/summary?s=VTS:NYS,2026-01-31T00:00:00+00:00,ft-us-2026-01-31,2026-01-31,,True
2026-01-31,US:VVV:NYS,US:VVV,VVV:NYS,VVV,Valvoline Inc,NYSE,us,russell3000,Automobiles and Parts,ft_icb_native,2026-01-31,Consumer Discretionary,Automobiles and Parts,ft_native_v2,ft_index_membership_filtered,0.95,high,2026-01-31,https://markets.ft.com/data/equities/tearsheet/summary?s=VVV:NYS,2026-01-31T00:00:00+00:00,ft-us-2026-01-31,2026-01-31,,True
2026-01-31,US:VVX:NYQ,US:VVX,VVX:NYQ,VVX,V2X Inc,NYQ,us,russell3000,Aerospace and Defense,ft_icb_native,2026-01-31,Industrials,Aerospace and Defense,ft_native_v2,ft_index_membership_filtered,0.95,high,2026-01-31,https://markets.ft.com/data/equities/tearsheet/summary?s=VVX:NYQ,2026-01-31T00:00:00+00:00,ft-us-2026-01-31,2026-01-31,,True
2026-01-31,US:VYGR:NSQ,US:VYGR,VYGR:NSQ,VYGR,Voyager Therapeutics Inc,NASDAQ,us,russell3000,Pharmaceuticals and Biotechnology,ft_icb_native,2026-01-31,Health Care,Pharmaceuticals and Biotechnology,ft_native_v2,ft_index_membership_filtered,0.95,high,2026-01-31,https://markets.ft.com/data/equities/tearsheet/summary?s=VYGR:NSQ,2026-01-31T00:00:00+00:00,ft-us-2026-01-31,2026-01-31,,True
2026-01-31,US:VYX:NYQ,US:VYX,VYX:NYQ,VYX,NCR Voyix Corp,NYQ,us,russell3000,Technology,ft_icb_native,2026-01-31,Technology,Technology,ft_native_v2,ft_index_membership_filtered,0.95,high,2026-01-31,https://markets.ft.com/data/equities/tearsheet/summary?s=VYX:NYQ,2026-01-31T00:00:00+00:00,ft-us-2026-01-31,2026-01-31,,True
2026-01-31,US:VZ:NYQ,US:VZ,VZ:NYQ,VZ,Verizon Communications Inc,NYQ,us,russell3000,Telecommunications Service Providers,ft_icb_native,2026-01-31,Telecommunications,Telecommunications Service Providers,ft_native_v2,ft_index_membership_filtered,0.95,high,2026-01-31,https://markets.ft.com/data/equities/tearsheet/summary?s=VZ:NYQ,2026-01-31T00:00:00+00:00,ft-us-2026-01-31,2026-01-31,,True
2026-01-31,US:W:NYQ,US:W,W:NYQ,W,Wayfair Inc,NYQ,us,russell3000,Consumer Discretionary,ft_icb_native,2026-01-31,Consumer Discretionary,Consumer Discretionary,ft_native_v2,ft_index_membership_filtered,0.95,high,2026-01-31,https://markets.ft.com/data/equities/tearsheet/summary?s=W:NYQ,2026-01-31T00:00:00+00:00,ft-us-2026-01-31,2026-01-31,,True
2026-01-31,US:WAB:NYQ,US:WAB,WAB:NYQ,WAB,Westinghouse Air Brake Technologies Corp,NYQ,us,russell3000,Industrial Transportation,ft_icb_native,2026-01-31,Industrials,Industrial Transportation,ft_native_v2,ft_index_membership_filtered,0.95,high,2026-01-31,https://markets.ft.com/data/equities/tearsheet/summary?s=WAB:NYQ,2026-01-31T00:00:00+00:00,ft-us-2026-01-31,2026-01-31,,True
2026-01-31,US:WABC:NSQ,US:WABC,WABC:NSQ,WABC,Westamerica Bancorp,NASDAQ,us,russell3000,Banks,ft_icb_native,2026-01-31,Financials,Banks,ft_native_v2,ft_index_membership_filtered,0.95,high,2026-01-31,https://markets.ft.com/data/equities/tearsheet/summary?s=WABC:NSQ,2026-01-31T00:00:00+00:00,ft-us-2026-01-31,2026-01-31,,True
2026-01-31,US:WAFD:NSQ,US:WAFD,WAFD:NSQ,WAFD,WaFd Inc,NASDAQ,us,russell3000,Banks,ft_icb_native,2026-01-31,Financials,Banks,ft_native_v2,ft_index_membership_filtered,0.95,high,2026-01-31,https://markets.ft.com/data/equities/tearsheet/summary?s=WAFD:NSQ,2026-01-31T00:00:00+00:00,ft-us-2026-01-31,2026-01-31,,True
2026-01-31,US:WAL:NYS,US:WAL,WAL:NYS,WAL,Western Alliance Bancorp,NYSE,us,russell3000,Banks,ft_icb_native,2026-01-31,Financials,Banks,ft_native_v2,ft_index_membership_filtered,0.95,high,2026-01-31,https://markets.ft.com/data/equities/tearsheet/summary?s=WAL:NYS,2026-01-31T00:00:00+00:00,ft-us-2026-01-31,2026-01-31,,True
2026-01-31,US:WALD:NAQ,US:WALD,WALD:NAQ,WALD,Waldencast PLC,NAQ,us,russell3000,"Personal Care, Drug and Grocery Stores",ft_icb_native,2026-01-31,Consumer Staples,"Personal Care, Drug and Grocery Stores",ft_native_v2,ft_index_membership_filtered,0.95,high,2026-01-31,https://markets.ft.com/data/equities/tearsheet/summary?s=WALD:NAQ,2026-01-31T00:00:00+00:00,ft-us-2026-01-31,2026-01-31,,True
2026-01-31,US:WASH:NSQ,US:WASH,WASH:NSQ,WASH,Washington Trust Bancorp Inc,NASDAQ,us,russell3000,Banks,ft_icb_native,2026-01-31,Financials,Banks,ft_native_v2,ft_index_membership_filtered,0.95,high,2026-01-31,https://markets.ft.com/data/equities/tearsheet/summary?s=WASH:NSQ,2026-01-31T00:00:00+00:00,ft-us-2026-01-31,2026-01-31,,True
2026-01-31,US:WAT:NYQ,US:WAT,WAT:NYQ,WAT,Waters Corp,NYQ,us,russell3000,Medical Equipment and Services,ft_icb_native,2026-01-31,Health Care,Medical Equipment and Services,ft_native_v2,ft_index_membership_filtered,0.95,high,2026-01-31,https://markets.ft.com/data/equities/tearsheet/summary?s=WAT:NYQ,2026-01-31T00:00:00+00:00,ft-us-2026-01-31,2026-01-31,,True
2026-01-31,US:WAY:NSQ,US:WAY,WAY:NSQ,WAY,Waystar Holding Corp,NASDAQ,us,russell3000,Health Care Providers,ft_icb_native,2026-01-31,Health Care,Health Care Providers,ft_native_v2,ft_index_membership_filtered,0.95,high,2026-01-31,https://markets.ft.com/data/equities/tearsheet/summary?s=WAY:NSQ,2026-01-31T00:00:00+00:00,ft-us-2026-01-31,2026-01-31,,True
2026-01-31,US:WBD:NSQ,US:WBD,WBD:NSQ,WBD,Warner Bros Discovery Inc,NASDAQ,us,russell3000,Media,ft_icb_native,2026-01-31,Telecommunications,Media,ft_native_v2,ft_index_membership_filtered,0.95,high,2026-01-31,https://markets.ft.com/data/equities/tearsheet/summary?s=WBD:NSQ,2026-01-31T00:00:00+00:00,ft-us-2026-01-31,2026-01-31,,True
2026-01-31,US:WBS:NYQ,US:WBS,WBS:NYQ,WBS,Webster Financial Corp,NYQ,us,russell3000,Banks,ft_icb_native,2026-01-31,Financials,Banks,ft_native_v2,ft_index_membership_filtered,0.95,high,2026-01-31,https://markets.ft.com/data/equities/tearsheet/summary?s=WBS:NYQ,2026-01-31T00:00:00+00:00,ft-us-2026-01-31,2026-01-31,,True
2026-01-31,US:WCC:NYQ,US:WCC,WCC:NYQ,WCC,Wesco International Inc,NYQ,us,russell3000,Electronic and Electrical Equipment,ft_icb_native,2026-01-31,Industrials,Electronic and Electrical Equipment,ft_native_v2,ft_index_membership_filtered,0.95,high,2026-01-31,https://markets.ft.com/data/equities/tearsheet/summary?s=WCC:NYQ,2026-01-31T00:00:00+00:00,ft-us-2026-01-31,2026-01-31,,True
2026-01-31,US:WD:NYQ,US:WD,WD:NYQ,WD,Walker & Dunlop Inc,NYQ,us,russell3000,Finance and Credit Services,ft_icb_native,2026-01-31,Financials,Finance and Credit Services,ft_native_v2,ft_index_membership_filtered,0.95,high,2026-01-31,https://markets.ft.com/data/equities/tearsheet/summary?s=WD:NYQ,2026-01-31T00:00:00+00:00,ft-us-2026-01-31,2026-01-31,,True
2026-01-31,US:WDAY:NSQ,US:WDAY,WDAY:NSQ,WDAY,Workday Inc,NASDAQ,us,russell3000,Technology,ft_icb_native,2026-01-31,Technology,Technology,ft_native_v2,ft_index_membership_filtered,0.95,high,2026-01-31,https://markets.ft.com/data/equities/tearsheet/summary?s=WDAY:NSQ,2026-01-31T00:00:00+00:00,ft-us-2026-01-31,2026-01-31,,True
2026-01-31,US:WDC:NSQ,US:WDC,WDC:NSQ,WDC,Western Digital Corp,NASDAQ,us,russell3000,Technology Hardware and Equipment,ft_icb_native,2026-01-31,Technology,Technology Hardware and Equipment,ft_native_v2,ft_index_membership_filtered,0.95,high,2026-01-31,https://markets.ft.com/data/equities/tearsheet/summary?s=WDC:NSQ,2026-01-31T00:00:00+00:00,ft-us-2026-01-31,2026-01-31,,True
2026-01-31,US:WDFC:NSQ,US:WDFC,WDFC:NSQ,WDFC,WD-40 Co,NASDAQ,us,russell3000,"Personal Care, Drug and Grocery Stores",ft_icb_native,2026-01-31,Consumer Staples,"Personal Care, Drug and Grocery Stores",ft_native_v2,ft_index_membership_filtered,0.95,high,2026-01-31,https://markets.ft.com/data/equities/tearsheet/summary?s=WDFC:NSQ,2026-01-31T00:00:00+00:00,ft-us-2026-01-31,2026-01-31,,True
2026-01-31,US:WEAV:NYS,US:WEAV,WEAV:NYS,WEAV,Weave Communications Inc,NYSE,us,russell3000,Technology,ft_icb_native,2026-01-31,Technology,Technology,ft_native_v2,ft_index_membership_filtered,0.95,high,2026-01-31,https://markets.ft.com/data/equities/tearsheet/summary?s=WEAV:NYS,2026-01-31T00:00:00+00:00,ft-us-2026-01-31,2026-01-31,,True
2026-01-31,US:WEC:NYQ,US:WEC,WEC:NYQ,WEC,WEC Energy Group Inc,NYQ,us,russell3000,"Gas, Water and Multi-utilities",ft_icb_native,2026-01-31,Utilities,"Gas, Water and Multi-utilities",ft_native_v2,ft_index_membership_filtered,0.95,high,2026-01-31,https://markets.ft.com/data/equities/tearsheet/summary?s=WEC:NYQ,2026-01-31T00:00:00+00:00,ft-us-2026-01-31,2026-01-31,,True
2026-01-31,US:WELL:NYQ,US:WELL,WELL:NYQ,WELL,Welltower Inc,NYQ,us,russell3000,Real Estate Investment Trusts,ft_icb_native,2026-01-31,Real Estate,Real Estate Investment Trusts,ft_native_v2,ft_index_membership_filtered,0.95,high,2026-01-31,https://markets.ft.com/data/equities/tearsheet/summary?s=WELL:NYQ,2026-01-31T00:00:00+00:00,ft-us-2026-01-31,2026-01-31,,True
2026-01-31,US:WEN:NSQ,US:WEN,WEN:NSQ,WEN,Wendy's Co,NASDAQ,us,russell3000,Travel and Leisure,ft_icb_native,2026-01-31,Consumer Discretionary,Travel and Leisure,ft_native_v2,ft_index_membership_filtered,0.95,high,2026-01-31,https://markets.ft.com/data/equities/tearsheet/summary?s=WEN:NSQ,2026-01-31T00:00:00+00:00,ft-us-2026-01-31,2026-01-31,,True
2026-01-31,US:WERN:NSQ,US:WERN,WERN:NSQ,WERN,Werner Enterprises Inc,NASDAQ,us,russell3000,Industrial Transportation,ft_icb_native,2026-01-31,Industrials,Industrial Transportation,ft_native_v2,ft_index_membership_filtered,0.95,high,2026-01-31,https://markets.ft.com/data/equities/tearsheet/summary?s=WERN:NSQ,2026-01-31T00:00:00+00:00,ft-us-2026-01-31,2026-01-31,,True
2026-01-31,US:WEST:NMQ,US:WEST,WEST:NMQ,WEST,Westrock Coffee Co,NMQ,us,russell3000,Beverages,ft_icb_native,2026-01-31,Consumer Staples,Beverages,ft_native_v2,ft_index_membership_filtered,0.95,high,2026-01-31,https://markets.ft.com/data/equities/tearsheet/summary?s=WEST:NMQ,2026-01-31T00:00:00+00:00,ft-us-2026-01-31,2026-01-31,,True
2026-01-31,US:WEX:NYQ,US:WEX,WEX:NYQ,WEX,WEX Inc,NYQ,us,russell3000,Industrial Support Services,ft_icb_native,2026-01-31,Financials,Industrial Support Services,ft_native_v2,ft_index_membership_filtered,0.95,high,2026-01-31,https://markets.ft.com/data/equities/tearsheet/summary?s=WEX:NYQ,2026-01-31T00:00:00+00:00,ft-us-2026-01-31,2026-01-31,,True
2026-01-31,US:WFC:NYQ,US:WFC,WFC:NYQ,WFC,Wells Fargo & Co,NYQ,us,russell3000,Banks,ft_icb_native,2026-01-31,Financials,Banks,ft_native_v2,ft_index_membership_filtered,0.95,high,2026-01-31,https://markets.ft.com/data/equities/tearsheet/summary?s=WFC:NYQ,2026-01-31T00:00:00+00:00,ft-us-2026-01-31,2026-01-31,,True
2026-01-31,US:WFRD:NSQ,US:WFRD,WFRD:NSQ,WFRD,Weatherford International PLC,NASDAQ,us,russell3000,"Oil, Gas and Coal",ft_icb_native,2026-01-31,Energy,"Oil, Gas and Coal",ft_native_v2,ft_index_membership_filtered,0.95,high,2026-01-31,https://markets.ft.com/data/equities/tearsheet/summary?s=WFRD:NSQ,2026-01-31T00:00:00+00:00,ft-us-2026-01-31,2026-01-31,,True
2026-01-31,US:WGO:NYQ,US:WGO,WGO:NYQ,WGO,Winnebago Industries Inc,NYQ,us,russell3000,Leisure Goods,ft_icb_native,2026-01-31,Consumer Discretionary,Leisure Goods,ft_native_v2,ft_index_membership_filtered,0.95,high,2026-01-31,https://markets.ft.com/data/equities/tearsheet/summary?s=WGO:NYQ,2026-01-31T00:00:00+00:00,ft-us-2026-01-31,2026-01-31,,True
2026-01-31,US:WGS:NSQ,US:WGS,WGS:NSQ,WGS,GeneDx Holdings Corp,NASDAQ,us,russell3000,Health Care Providers,ft_icb_native,2026-01-31,Health Care,Health Care Providers,ft_native_v2,ft_index_membership_filtered,0.95,high,2026-01-31,https://markets.ft.com/data/equities/tearsheet/summary?s=WGS:NSQ,2026-01-31T00:00:00+00:00,ft-us-2026-01-31,2026-01-31,,True
2026-01-31,US:WH:NYQ,US:WH,WH:NYQ,WH,Wyndham Hotels & Resorts Inc,NYQ,us,russell3000,Travel and Leisure,ft_icb_native,2026-01-31,Consumer Discretionary,Travel and Leisure,ft_native_v2,ft_index_membership_filtered,0.95,high,2026-01-31,https://markets.ft.com/data/equities/tearsheet/summary?s=WH:NYQ,2026-01-31T00:00:00+00:00,ft-us-2026-01-31,2026-01-31,,True
2026-01-31,US:WHD:NYQ,US:WHD,WHD:NYQ,WHD,Cactus Inc,NYQ,us,russell3000,"Oil, Gas and Coal",ft_icb_native,2026-01-31,Energy,"Oil, Gas and Coal",ft_native_v2,ft_index_membership_filtered,0.95,high,2026-01-31,https://markets.ft.com/data/equities/tearsheet/summary?s=WHD:NYQ,2026-01-31T00:00:00+00:00,ft-us-2026-01-31,2026-01-31,,True
2026-01-31,US:WHR:NYQ,US:WHR,WHR:NYQ,WHR,Whirlpool Corp,NYQ,us,russell3000,Household Goods and Home Construction,ft_icb_native,2026-01-31,Consumer Discretionary,Household Goods and Home Construction,ft_native_v2,ft_index_membership_filtered,0.95,high,2026-01-31,https://markets.ft.com/data/equities/tearsheet/summary?s=WHR:NYQ,2026-01-31T00:00:00+00:00,ft-us-2026-01-31,2026-01-31,,True
2026-01-31,US:WINA:NMQ,US:WINA,WINA:NMQ,WINA,Winmark Corp,NMQ,us,russell3000,Consumer Discretionary,ft_icb_native,2026-01-31,Consumer Discretionary,Consumer Discretionary,ft_native_v2,ft_index_membership_filtered,0.95,high,2026-01-31,https://markets.ft.com/data/equities/tearsheet/summary?s=WINA:NMQ,2026-01-31T00:00:00+00:00,ft-us-2026-01-31,2026-01-31,,True
2026-01-31,US:WING:NSQ,US:WING,WING:NSQ,WING,Wingstop Inc,NASDAQ,us,russell3000,Travel and Leisure,ft_icb_native,2026-01-31,Consumer Discretionary,Travel and Leisure,ft_native_v2,ft_index_membership_filtered,0.95,high,2026-01-31,https://markets.ft.com/data/equities/tearsheet/summary?s=WING:NSQ,2026-01-31T00:00:00+00:00,ft-us-2026-01-31,2026-01-31,,True
2026-01-31,US:WK:NYS,US:WK,WK:NYS,WK,Workiva Inc,NYSE,us,russell3000,Technology,ft_icb_native,2026-01-31,Technology,Technology,ft_native_v2,ft_index_membership_filtered,0.95,high,2026-01-31,https://markets.ft.com/data/equities/tearsheet/summary?s=WK:NYS,2026-01-31T00:00:00+00:00,ft-us-2026-01-31,2026-01-31,,True
2026-01-31,US:WKC:NYQ,US:WKC,WKC:NYQ,WKC,World Kinect Corp,NYQ,us,russell3000,"Oil, Gas and Coal",ft_icb_native,2026-01-31,Energy,"Oil, Gas and Coal",ft_native_v2,ft_index_membership_filtered,0.95,high,2026-01-31,https://markets.ft.com/data/equities/tearsheet/summary?s=WKC:NYQ,2026-01-31T00:00:00+00:00,ft-us-2026-01-31,2026-01-31,,True
2026-01-31,US:WLDN:NMQ,US:WLDN,WLDN:NMQ,WLDN,Willdan Group Inc,NMQ,us,russell3000,Construction and Materials,ft_icb_native,2026-01-31,Industrials,Construction and Materials,ft_native_v2,ft_index_membership_filtered,0.95,high,2026-01-31,https://markets.ft.com/data/equities/tearsheet/summary?s=WLDN:NMQ,2026-01-31T00:00:00+00:00,ft-us-2026-01-31,2026-01-31,,True
2026-01-31,US:WLFC:NMQ,US:WLFC,WLFC:NMQ,WLFC,Willis Lease Finance Corp,NMQ,us,russell3000,Industrial Transportation,ft_icb_native,2026-01-31,Industrials,Industrial Transportation,ft_native_v2,ft_index_membership_filtered,0.95,high,2026-01-31,https://markets.ft.com/data/equities/tearsheet/summary?s=WLFC:NMQ,2026-01-31T00:00:00+00:00,ft-us-2026-01-31,2026-01-31,,True
2026-01-31,US:WLK:NYQ,US:WLK,WLK:NYQ,WLK,Westlake Corp,NYQ,us,russell3000,Chemicals,ft_icb_native,2026-01-31,Basic Materials,Chemicals,ft_native_v2,ft_index_membership_filtered,0.95,high,2026-01-31,https://markets.ft.com/data/equities/tearsheet/summary?s=WLK:NYQ,2026-01-31T00:00:00+00:00,ft-us-2026-01-31,2026-01-31,,True
2026-01-31,US:WLY:NYQ,US:WLY,WLY:NYQ,WLY,John Wiley & Sons Inc,NYQ,us,russell3000,Media,ft_icb_native,2026-01-31,Telecommunications,Media,ft_native_v2,ft_index_membership_filtered,0.95,high,2026-01-31,https://markets.ft.com/data/equities/tearsheet/summary?s=WLY:NYQ,2026-01-31T00:00:00+00:00,ft-us-2026-01-31,2026-01-31,,True
2026-01-31,US:WM:NYQ,US:WM,WM:NYQ,WM,Waste Management Inc,NYQ,us,russell3000,Waste and Disposal Services,ft_icb_native,2026-01-31,Industrials,Waste and Disposal Services,ft_native_v2,ft_index_membership_filtered,0.95,high,2026-01-31,https://markets.ft.com/data/equities/tearsheet/summary?s=WM:NYQ,2026-01-31T00:00:00+00:00,ft-us-2026-01-31,2026-01-31,,True
2026-01-31,US:WMB:NYQ,US:WMB,WMB:NYQ,WMB,Williams Companies Inc,NYQ,us,russell3000,"Oil, Gas and Coal",ft_icb_native,2026-01-31,Energy,"Oil, Gas and Coal",ft_native_v2,ft_index_membership_filtered,0.95,high,2026-01-31,https://markets.ft.com/data/equities/tearsheet/summary?s=WMB:NYQ,2026-01-31T00:00:00+00:00,ft-us-2026-01-31,2026-01-31,,True
2026-01-31,US:WMK:NYQ,US:WMK,WMK:NYQ,WMK,Weis Markets Inc,NYQ,us,russell3000,"Personal Care, Drug and Grocery Stores",ft_icb_native,2026-01-31,Consumer Staples,"Personal Care, Drug and Grocery Stores",ft_native_v2,ft_index_membership_filtered,0.95,high,2026-01-31,https://markets.ft.com/data/equities/tearsheet/summary?s=WMK:NYQ,2026-01-31T00:00:00+00:00,ft-us-2026-01-31,2026-01-31,,True
2026-01-31,US:WMS:NYQ,US:WMS,WMS:NYQ,WMS,Advanced Drainage Systems Inc,NYQ,us,russell3000,Construction and Materials,ft_icb_native,2026-01-31,Industrials,Construction and Materials,ft_native_v2,ft_index_membership_filtered,0.95,high,2026-01-31,https://markets.ft.com/data/equities/tearsheet/summary?s=WMS:NYQ,2026-01-31T00:00:00+00:00,ft-us-2026-01-31,2026-01-31,,True
2026-01-31,US:WMT:NSQ,US:WMT,WMT:NSQ,WMT,Walmart Inc,NASDAQ,us,russell3000,Consumer Discretionary,ft_icb_native,2026-01-31,Consumer Staples,Consumer Discretionary,ft_native_v2,ft_index_membership_filtered,0.95,high,2026-01-31,https://markets.ft.com/data/equities/tearsheet/summary?s=WMT:NSQ,2026-01-31T00:00:00+00:00,ft-us-2026-01-31,2026-01-31,,True
2026-01-31,US:WNC:NYQ,US:WNC,WNC:NYQ,WNC,Wabash National Corp,NYQ,us,russell3000,Industrial Transportation,ft_icb_native,2026-01-31,Industrials,Industrial Transportation,ft_native_v2,ft_index_membership_filtered,0.95,high,2026-01-31,https://markets.ft.com/data/equities/tearsheet/summary?s=WNC:NYQ,2026-01-31T00:00:00+00:00,ft-us-2026-01-31,2026-01-31,,True
2026-01-31,US:WOOF:NSQ,US:WOOF,WOOF:NSQ,WOOF,Petco Health and Wellness Company Inc,NASDAQ,us,russell3000,Consumer Discretionary,ft_icb_native,2026-01-31,Consumer Discretionary,Consumer Discretionary,ft_native_v2,ft_index_membership_filtered,0.95,high,2026-01-31,https://markets.ft.com/data/equities/tearsheet/summary?s=WOOF:NSQ,2026-01-31T00:00:00+00:00,ft-us-2026-01-31,2026-01-31,,True
2026-01-31,US:WOR:NYQ,US:WOR,WOR:NYQ,WOR,Worthington Enterprises Inc,NYQ,us,russell3000,Household Goods and Home Construction,ft_icb_native,2026-01-31,Industrials,Household Goods and Home Construction,ft_native_v2,ft_index_membership_filtered,0.95,high,2026-01-31,https://markets.ft.com/data/equities/tearsheet/summary?s=WOR:NYQ,2026-01-31T00:00:00+00:00,ft-us-2026-01-31,2026-01-31,,True
2026-01-31,US:WPC:NYQ,US:WPC,WPC:NYQ,WPC,WP Carey Inc,NYQ,us,russell3000,Real Estate Investment Trusts,ft_icb_native,2026-01-31,Real Estate,Real Estate Investment Trusts,ft_native_v2,ft_index_membership_filtered,0.95,high,2026-01-31,https://markets.ft.com/data/equities/tearsheet/summary?s=WPC:NYQ,2026-01-31T00:00:00+00:00,ft-us-2026-01-31,2026-01-31,,True
2026-01-31,US:WRB:NYQ,US:WRB,WRB:NYQ,WRB,W R Berkley Corp,NYQ,us,russell3000,Non-life Insurance,ft_icb_native,2026-01-31,Financials,Non-life Insurance,ft_native_v2,ft_index_membership_filtered,0.95,high,2026-01-31,https://markets.ft.com/data/equities/tearsheet/summary?s=WRB:NYQ,2026-01-31T00:00:00+00:00,ft-us-2026-01-31,2026-01-31,,True
2026-01-31,US:WRBY:NYS,US:WRBY,WRBY:NYS,WRBY,Warby Parker Inc,NYSE,us,russell3000,Medical Equipment and Services,ft_icb_native,2026-01-31,Health Care,Medical Equipment and Services,ft_native_v2,ft_index_membership_filtered,0.95,high,2026-01-31,https://markets.ft.com/data/equities/tearsheet/summary?s=WRBY:NYS,2026-01-31T00:00:00+00:00,ft-us-2026-01-31,2026-01-31,,True
2026-01-31,US:WRLD:NSQ,US:WRLD,WRLD:NSQ,WRLD,World Acceptance Corp,NASDAQ,us,russell3000,Finance and Credit Services,ft_icb_native,2026-01-31,Financials,Finance and Credit Services,ft_native_v2,ft_index_membership_filtered,0.95,high,2026-01-31,https://markets.ft.com/data/equities/tearsheet/summary?s=WRLD:NSQ,2026-01-31T00:00:00+00:00,ft-us-2026-01-31,2026-01-31,,True
2026-01-31,US:WS:NYS,US:WS,WS:NYS,WS,Worthington Steel Inc,NYSE,us,russell3000,Industrial Metals and Mining,ft_icb_native,2026-01-31,Basic Materials,Industrial Metals and Mining,ft_native_v2,ft_index_membership_filtered,0.95,high,2026-01-31,https://markets.ft.com/data/equities/tearsheet/summary?s=WS:NYS,2026-01-31T00:00:00+00:00,ft-us-2026-01-31,2026-01-31,,True
2026-01-31,US:WSBC:NSQ,US:WSBC,WSBC:NSQ,WSBC,WesBanco Inc,NASDAQ,us,russell3000,Banks,ft_icb_native,2026-01-31,Financials,Banks,ft_native_v2,ft_index_membership_filtered,0.95,high,2026-01-31,https://markets.ft.com/data/equities/tearsheet/summary?s=WSBC:NSQ,2026-01-31T00:00:00+00:00,ft-us-2026-01-31,2026-01-31,,True
2026-01-31,US:WSBF:NSQ,US:WSBF,WSBF:NSQ,WSBF,Waterstone Financial Inc,NASDAQ,us,russell3000,Banks,ft_icb_native,2026-01-31,Financials,Banks,ft_native_v2,ft_index_membership_filtered,0.95,high,2026-01-31,https://markets.ft.com/data/equities/tearsheet/summary?s=WSBF:NSQ,2026-01-31T00:00:00+00:00,ft-us-2026-01-31,2026-01-31,,True
2026-01-31,US:WSC:NAQ,US:WSC,WSC:NAQ,WSC,WillScot Holdings Corp,NAQ,us,russell3000,Industrial Transportation,ft_icb_native,2026-01-31,Industrials,Industrial Transportation,ft_native_v2,ft_index_membership_filtered,0.95,high,2026-01-31,https://markets.ft.com/data/equities/tearsheet/summary?s=WSC:NAQ,2026-01-31T00:00:00+00:00,ft-us-2026-01-31,2026-01-31,,True
2026-01-31,US:WSFS:NSQ,US:WSFS,WSFS:NSQ,WSFS,WSFS Financial Corp,NASDAQ,us,russell3000,Banks,ft_icb_native,2026-01-31,Financials,Banks,ft_native_v2,ft_index_membership_filtered,0.95,high,2026-01-31,https://markets.ft.com/data/equities/tearsheet/summary?s=WSFS:NSQ,2026-01-31T00:00:00+00:00,ft-us-2026-01-31,2026-01-31,,True
2026-01-31,US:WSM:NYQ,US:WSM,WSM:NYQ,WSM,Williams-Sonoma Inc,NYQ,us,russell3000,Consumer Discretionary,ft_icb_native,2026-01-31,Consumer Discretionary,Consumer Discretionary,ft_native_v2,ft_index_membership_filtered,0.95,high,2026-01-31,https://markets.ft.com/data/equities/tearsheet/summary?s=WSM:NYQ,2026-01-31T00:00:00+00:00,ft-us-2026-01-31,2026-01-31,,True
2026-01-31,US:WSO:NYQ,US:WSO,WSO:NYQ,WSO,Watsco Inc,NYQ,us,russell3000,Construction and Materials,ft_icb_native,2026-01-31,Industrials,Construction and Materials,ft_native_v2,ft_index_membership_filtered,0.95,high,2026-01-31,https://markets.ft.com/data/equities/tearsheet/summary?s=WSO:NYQ,2026-01-31T00:00:00+00:00,ft-us-2026-01-31,2026-01-31,,True
2026-01-31,US:WSR:NYS,US:WSR,WSR:NYS,WSR,Whitestone REIT,NYSE,us,russell3000,Real Estate Investment Trusts,ft_icb_native,2026-01-31,Real Estate,Real Estate Investment Trusts,ft_native_v2,ft_index_membership_filtered,0.95,high,2026-01-31,https://markets.ft.com/data/equities/tearsheet/summary?s=WSR:NYS,2026-01-31T00:00:00+00:00,ft-us-2026-01-31,2026-01-31,,True
2026-01-31,US:WST:NYQ,US:WST,WST:NYQ,WST,West Pharmaceutical Services Inc,NYQ,us,russell3000,Medical Equipment and Services,ft_icb_native,2026-01-31,Health Care,Medical Equipment and Services,ft_native_v2,ft_index_membership_filtered,0.95,high,2026-01-31,https://markets.ft.com/data/equities/tearsheet/summary?s=WST:NYQ,2026-01-31T00:00:00+00:00,ft-us-2026-01-31,2026-01-31,,True
2026-01-31,US:WT:NYQ,US:WT,WT:NYQ,WT,WisdomTree Inc,NYQ,us,russell3000,Investment Banking and Brokerage Services,ft_icb_native,2026-01-31,Financials,Investment Banking and Brokerage Services,ft_native_v2,ft_index_membership_filtered,0.95,high,2026-01-31,https://markets.ft.com/data/equities/tearsheet/summary?s=WT:NYQ,2026-01-31T00:00:00+00:00,ft-us-2026-01-31,2026-01-31,,True
2026-01-31,US:WTBA:NSQ,US:WTBA,WTBA:NSQ,WTBA,West Bancorporation Inc,NASDAQ,us,russell3000,Banks,ft_icb_native,2026-01-31,Financials,Banks,ft_native_v2,ft_index_membership_filtered,0.95,high,2026-01-31,https://markets.ft.com/data/equities/tearsheet/summary?s=WTBA:NSQ,2026-01-31T00:00:00+00:00,ft-us-2026-01-31,2026-01-31,,True
2026-01-31,US:WTFC:NSQ,US:WTFC,WTFC:NSQ,WTFC,Wintrust Financial Corp,NASDAQ,us,russell3000,Banks,ft_icb_native,2026-01-31,Financials,Banks,ft_native_v2,ft_index_membership_filtered,0.95,high,2026-01-31,https://markets.ft.com/data/equities/tearsheet/summary?s=WTFC:NSQ,2026-01-31T00:00:00+00:00,ft-us-2026-01-31,2026-01-31,,True
2026-01-31,US:WTI:NYQ,US:WTI,WTI:NYQ,WTI,W&T Offshore Inc,NYQ,us,russell3000,"Oil, Gas and Coal",ft_icb_native,2026-01-31,Energy,"Oil, Gas and Coal",ft_native_v2,ft_index_membership_filtered,0.95,high,2026-01-31,https://markets.ft.com/data/equities/tearsheet/summary?s=WTI:NYQ,2026-01-31T00:00:00+00:00,ft-us-2026-01-31,2026-01-31,,True
2026-01-31,US:WTM:NYQ,US:WTM,WTM:NYQ,WTM,White Mountains Insurance Group Ltd,NYQ,us,russell3000,Non-life Insurance,ft_icb_native,2026-01-31,Financials,Non-life Insurance,ft_native_v2,ft_index_membership_filtered,0.95,high,2026-01-31,https://markets.ft.com/data/equities/tearsheet/summary?s=WTM:NYQ,2026-01-31T00:00:00+00:00,ft-us-2026-01-31,2026-01-31,,True
2026-01-31,US:WTRG:NYQ,US:WTRG,WTRG:NYQ,WTRG,Essential Utilities Inc,NYQ,us,russell3000,"Gas, Water and Multi-utilities",ft_icb_native,2026-01-31,Utilities,"Gas, Water and Multi-utilities",ft_native_v2,ft_index_membership_filtered,0.95,high,2026-01-31,https://markets.ft.com/data/equities/tearsheet/summary?s=WTRG:NYQ,2026-01-31T00:00:00+00:00,ft-us-2026-01-31,2026-01-31,,True
2026-01-31,US:WTS:NYQ,US:WTS,WTS:NYQ,WTS,Watts Water Technologies Inc,NYQ,us,russell3000,Electronic and Electrical Equipment,ft_icb_native,2026-01-31,Industrials,Electronic and Electrical Equipment,ft_native_v2,ft_index_membership_filtered,0.95,high,2026-01-31,https://markets.ft.com/data/equities/tearsheet/summary?s=WTS:NYQ,2026-01-31T00:00:00+00:00,ft-us-2026-01-31,2026-01-31,,True
2026-01-31,US:WTTR:NYQ,US:WTTR,WTTR:NYQ,WTTR,Select Water Solutions Inc,NYQ,us,russell3000,"Oil, Gas and Coal",ft_icb_native,2026-01-31,Energy,"Oil, Gas and Coal",ft_native_v2,ft_index_membership_filtered,0.95,high,2026-01-31,https://markets.ft.com/data/equities/tearsheet/summary?s=WTTR:NYQ,2026-01-31T00:00:00+00:00,ft-us-2026-01-31,2026-01-31,,True
2026-01-31,US:WTW:NSQ,US:WTW,WTW:NSQ,WTW,Willis Towers Watson PLC,NASDAQ,us,russell3000,Non-life Insurance,ft_icb_native,2026-01-31,Financials,Non-life Insurance,ft_native_v2,ft_index_membership_filtered,0.95,high,2026-01-31,https://markets.ft.com/data/equities/tearsheet/summary?s=WTW:NSQ,2026-01-31T00:00:00+00:00,ft-us-2026-01-31,2026-01-31,,True
2026-01-31,US:WU:NYS,US:WU,WU:NYS,WU,Western Union Co,NYSE,us,russell3000,Industrial Support Services,ft_icb_native,2026-01-31,Industrials,Industrial Support Services,ft_native_v2,ft_index_membership_filtered,0.95,high,2026-01-31,https://markets.ft.com/data/equities/tearsheet/summary?s=WU:NYS,2026-01-31T00:00:00+00:00,ft-us-2026-01-31,2026-01-31,,True
2026-01-31,US:WULF:NAQ,US:WULF,WULF:NAQ,WULF,Terawulf Inc,NAQ,us,russell3000,Technology,ft_icb_native,2026-01-31,Technology,Technology,ft_native_v2,ft_index_membership_filtered,0.95,high,2026-01-31,https://markets.ft.com/data/equities/tearsheet/summary?s=WULF:NAQ,2026-01-31T00:00:00+00:00,ft-us-2026-01-31,2026-01-31,,True
2026-01-31,US:WVE:NMQ,US:WVE,WVE:NMQ,WVE,WAVE Life Sciences Ltd,NMQ,us,russell3000,Pharmaceuticals and Biotechnology,ft_icb_native,2026-01-31,Health Care,Pharmaceuticals and Biotechnology,ft_native_v2,ft_index_membership_filtered,0.95,high,2026-01-31,https://markets.ft.com/data/equities/tearsheet/summary?s=WVE:NMQ,2026-01-31T00:00:00+00:00,ft-us-2026-01-31,2026-01-31,,True
2026-01-31,US:WWD:NSQ,US:WWD,WWD:NSQ,WWD,Woodward Inc,NASDAQ,us,russell3000,Industrial Engineering,ft_icb_native,2026-01-31,Industrials,Industrial Engineering,ft_native_v2,ft_index_membership_filtered,0.95,high,2026-01-31,https://markets.ft.com/data/equities/tearsheet/summary?s=WWD:NSQ,2026-01-31T00:00:00+00:00,ft-us-2026-01-31,2026-01-31,,True
2026-01-31,US:WWW:NYQ,US:WWW,WWW:NYQ,WWW,Wolverine World Wide Inc,NYQ,us,russell3000,Personal Goods,ft_icb_native,2026-01-31,Consumer Discretionary,Personal Goods,ft_native_v2,ft_index_membership_filtered,0.95,high,2026-01-31,https://markets.ft.com/data/equities/tearsheet/summary?s=WWW:NYQ,2026-01-31T00:00:00+00:00,ft-us-2026-01-31,2026-01-31,,True
2026-01-31,US:WY:NYQ,US:WY,WY:NYQ,WY,Weyerhaeuser Co,NYQ,us,russell3000,Real Estate Investment Trusts,ft_icb_native,2026-01-31,Real Estate,Real Estate Investment Trusts,ft_native_v2,ft_index_membership_filtered,0.95,high,2026-01-31,https://markets.ft.com/data/equities/tearsheet/summary?s=WY:NYQ,2026-01-31T00:00:00+00:00,ft-us-2026-01-31,2026-01-31,,True
2026-01-31,US:WYNN:NSQ,US:WYNN,WYNN:NSQ,WYNN,Wynn Resorts Ltd,NASDAQ,us,russell3000,Travel and Leisure,ft_icb_native,2026-01-31,Consumer Discretionary,Travel and Leisure,ft_native_v2,ft_index_membership_filtered,0.95,high,2026-01-31,https://markets.ft.com/data/equities/tearsheet/summary?s=WYNN:NSQ,2026-01-31T00:00:00+00:00,ft-us-2026-01-31,2026-01-31,,True
2026-01-31,US:XEL:NSQ,US:XEL,XEL:NSQ,XEL,Xcel Energy Inc,NASDAQ,us,russell3000,Electricity,ft_icb_native,2026-01-31,Utilities,Electricity,ft_native_v2,ft_index_membership_filtered,0.95,high,2026-01-31,https://markets.ft.com/data/equities/tearsheet/summary?s=XEL:NSQ,2026-01-31T00:00:00+00:00,ft-us-2026-01-31,2026-01-31,,True
2026-01-31,US:XENE:NMQ,US:XENE,XENE:NMQ,XENE,Xenon Pharmaceuticals Inc,NMQ,us,russell3000,Pharmaceuticals and Biotechnology,ft_icb_native,2026-01-31,Health Care,Pharmaceuticals and Biotechnology,ft_native_v2,ft_index_membership_filtered,0.95,high,2026-01-31,https://markets.ft.com/data/equities/tearsheet/summary?s=XENE:NMQ,2026-01-31T00:00:00+00:00,ft-us-2026-01-31,2026-01-31,,True
2026-01-31,US:XERS:NSQ,US:XERS,XERS:NSQ,XERS,Xeris Biopharma Holdings Inc,NASDAQ,us,russell3000,Pharmaceuticals and Biotechnology,ft_icb_native,2026-01-31,Health Care,Pharmaceuticals and Biotechnology,ft_native_v2,ft_index_membership_filtered,0.95,high,2026-01-31,https://markets.ft.com/data/equities/tearsheet/summary?s=XERS:NSQ,2026-01-31T00:00:00+00:00,ft-us-2026-01-31,2026-01-31,,True
2026-01-31,US:XHR:NYQ,US:XHR,XHR:NYQ,XHR,Xenia Hotels & Resorts Inc,NYQ,us,russell3000,Real Estate Investment Trusts,ft_icb_native,2026-01-31,Real Estate,Real Estate Investment Trusts,ft_native_v2,ft_index_membership_filtered,0.95,high,2026-01-31,https://markets.ft.com/data/equities/tearsheet/summary?s=XHR:NYQ,2026-01-31T00:00:00+00:00,ft-us-2026-01-31,2026-01-31,,True
2026-01-31,US:XMTR:NSQ,US:XMTR,XMTR:NSQ,XMTR,Xometry Inc,NASDAQ,us,russell3000,Technology,ft_icb_native,2026-01-31,Industrials,Technology,ft_native_v2,ft_index_membership_filtered,0.95,high,2026-01-31,https://markets.ft.com/data/equities/tearsheet/summary?s=XMTR:NSQ,2026-01-31T00:00:00+00:00,ft-us-2026-01-31,2026-01-31,,True
2026-01-31,US:XNCR:NMQ,US:XNCR,XNCR:NMQ,XNCR,Xencor Inc,NMQ,us,russell3000,Pharmaceuticals and Biotechnology,ft_icb_native,2026-01-31,Health Care,Pharmaceuticals and Biotechnology,ft_native_v2,ft_index_membership_filtered,0.95,high,2026-01-31,https://markets.ft.com/data/equities/tearsheet/summary?s=XNCR:NMQ,2026-01-31T00:00:00+00:00,ft-us-2026-01-31,2026-01-31,,True
2026-01-31,US:XOM:NYQ,US:XOM,XOM:NYQ,XOM,Exxon Mobil Corp,NYQ,us,russell3000,"Oil, Gas and Coal",ft_icb_native,2026-01-31,Energy,"Oil, Gas and Coal",ft_native_v2,ft_index_membership_filtered,0.95,high,2026-01-31,https://markets.ft.com/data/equities/tearsheet/summary?s=XOM:NYQ,2026-01-31T00:00:00+00:00,ft-us-2026-01-31,2026-01-31,,True
2026-01-31,US:XPEL:NAQ,US:XPEL,XPEL:NAQ,XPEL,Xpel Inc,NAQ,us,russell3000,Automobiles and Parts,ft_icb_native,2026-01-31,Consumer Discretionary,Automobiles and Parts,ft_native_v2,ft_index_membership_filtered,0.95,high,2026-01-31,https://markets.ft.com/data/equities/tearsheet/summary?s=XPEL:NAQ,2026-01-31T00:00:00+00:00,ft-us-2026-01-31,2026-01-31,,True
2026-01-31,US:XPER:NYQ,US:XPER,XPER:NYQ,XPER,Xperi Inc,NYQ,us,russell3000,Telecommunications Service Providers,ft_icb_native,2026-01-31,Technology,Telecommunications Service Providers,ft_native_v2,ft_index_membership_filtered,0.95,high,2026-01-31,https://markets.ft.com/data/equities/tearsheet/summary?s=XPER:NYQ,2026-01-31T00:00:00+00:00,ft-us-2026-01-31,2026-01-31,,True
2026-01-31,US:XPO:NYQ,US:XPO,XPO:NYQ,XPO,XPO Inc,NYQ,us,russell3000,Industrial Transportation,ft_icb_native,2026-01-31,Industrials,Industrial Transportation,ft_native_v2,ft_index_membership_filtered,0.95,high,2026-01-31,https://markets.ft.com/data/equities/tearsheet/summary?s=XPO:NYQ,2026-01-31T00:00:00+00:00,ft-us-2026-01-31,2026-01-31,,True
2026-01-31,US:XPOF:NYQ,US:XPOF,XPOF:NYQ,XPOF,Xponential Fitness Inc,NYQ,us,russell3000,Travel and Leisure,ft_icb_native,2026-01-31,Consumer Discretionary,Travel and Leisure,ft_native_v2,ft_index_membership_filtered,0.95,high,2026-01-31,https://markets.ft.com/data/equities/tearsheet/summary?s=XPOF:NYQ,2026-01-31T00:00:00+00:00,ft-us-2026-01-31,2026-01-31,,True
2026-01-31,US:XPRO:NYQ,US:XPRO,XPRO:NYQ,XPRO,Expro Group Holdings NV,NYQ,us,russell3000,"Oil, Gas and Coal",ft_icb_native,2026-01-31,Energy,"Oil, Gas and Coal",ft_native_v2,ft_index_membership_filtered,0.95,high,2026-01-31,https://markets.ft.com/data/equities/tearsheet/summary?s=XPRO:NYQ,2026-01-31T00:00:00+00:00,ft-us-2026-01-31,2026-01-31,,True
2026-01-31,US:XRAY:NSQ,US:XRAY,XRAY:NSQ,XRAY,DENTSPLY SIRONA Inc,NASDAQ,us,russell3000,Medical Equipment and Services,ft_icb_native,2026-01-31,Health Care,Medical Equipment and Services,ft_native_v2,ft_index_membership_filtered,0.95,high,2026-01-31,https://markets.ft.com/data/equities/tearsheet/summary?s=XRAY:NSQ,2026-01-31T00:00:00+00:00,ft-us-2026-01-31,2026-01-31,,True
2026-01-31,US:XRX:NSQ,US:XRX,XRX:NSQ,XRX,Xerox Holdings Corp,NASDAQ,us,russell3000,Technology Hardware and Equipment,ft_icb_native,2026-01-31,Technology,Technology Hardware and Equipment,ft_native_v2,ft_index_membership_filtered,0.95,high,2026-01-31,https://markets.ft.com/data/equities/tearsheet/summary?s=XRX:NSQ,2026-01-31T00:00:00+00:00,ft-us-2026-01-31,2026-01-31,,True
2026-01-31,US:XYL:NYQ,US:XYL,XYL:NYQ,XYL,Xylem Inc,NYQ,us,russell3000,Electronic and Electrical Equipment,ft_icb_native,2026-01-31,Industrials,Electronic and Electrical Equipment,ft_native_v2,ft_index_membership_filtered,0.95,high,2026-01-31,https://markets.ft.com/data/equities/tearsheet/summary?s=XYL:NYQ,2026-01-31T00:00:00+00:00,ft-us-2026-01-31,2026-01-31,,True
2026-01-31,US:XYZ:NYQ,US:XYZ,XYZ:NYQ,XYZ,Block Inc,NYQ,us,russell3000,Industrial Support Services,ft_icb_native,2026-01-31,Financials,Industrial Support Services,ft_native_v2,ft_index_membership_filtered,0.95,high,2026-01-31,https://markets.ft.com/data/equities/tearsheet/summary?s=XYZ:NYQ,2026-01-31T00:00:00+00:00,ft-us-2026-01-31,2026-01-31,,True
2026-01-31,US:YELP:NYQ,US:YELP,YELP:NYQ,YELP,Yelp Inc,NYQ,us,russell3000,Technology,ft_icb_native,2026-01-31,Telecommunications,Technology,ft_native_v2,ft_index_membership_filtered,0.95,high,2026-01-31,https://markets.ft.com/data/equities/tearsheet/summary?s=YELP:NYQ,2026-01-31T00:00:00+00:00,ft-us-2026-01-31,2026-01-31,,True
2026-01-31,US:YETI:NYQ,US:YETI,YETI:NYQ,YETI,Yeti Holdings Inc,NYQ,us,russell3000,Leisure Goods,ft_icb_native,2026-01-31,Consumer Discretionary,Leisure Goods,ft_native_v2,ft_index_membership_filtered,0.95,high,2026-01-31,https://markets.ft.com/data/equities/tearsheet/summary?s=YETI:NYQ,2026-01-31T00:00:00+00:00,ft-us-2026-01-31,2026-01-31,,True
2026-01-31,US:YEXT:NYQ,US:YEXT,YEXT:NYQ,YEXT,Yext Inc,NYQ,us,russell3000,Technology,ft_icb_native,2026-01-31,Technology,Technology,ft_native_v2,ft_index_membership_filtered,0.95,high,2026-01-31,https://markets.ft.com/data/equities/tearsheet/summary?s=YEXT:NYQ,2026-01-31T00:00:00+00:00,ft-us-2026-01-31,2026-01-31,,True
2026-01-31,US:YOU:NYQ,US:YOU,YOU:NYQ,YOU,Clear Secure Inc,NYQ,us,russell3000,Technology,ft_icb_native,2026-01-31,Technology,Technology,ft_native_v2,ft_index_membership_filtered,0.95,high,2026-01-31,https://markets.ft.com/data/equities/tearsheet/summary?s=YOU:NYQ,2026-01-31T00:00:00+00:00,ft-us-2026-01-31,2026-01-31,,True
2026-01-31,US:YUM:NYQ,US:YUM,YUM:NYQ,YUM,Yum! Brands Inc,NYQ,us,russell3000,Travel and Leisure,ft_icb_native,2026-01-31,Consumer Discretionary,Travel and Leisure,ft_native_v2,ft_index_membership_filtered,0.95,high,2026-01-31,https://markets.ft.com/data/equities/tearsheet/summary?s=YUM:NYQ,2026-01-31T00:00:00+00:00,ft-us-2026-01-31,2026-01-31,,True
2026-01-31,US:Z:NSQ,US:Z,Z:NSQ,Z,Zillow Group Inc,NASDAQ,us,russell3000,Real Estate Investment and Services,ft_icb_native,2026-01-31,Real Estate,Real Estate Investment and Services,ft_native_v2,ft_index_membership_filtered,0.95,high,2026-01-31,https://markets.ft.com/data/equities/tearsheet/summary?s=Z:NSQ,2026-01-31T00:00:00+00:00,ft-us-2026-01-31,2026-01-31,,True
2026-01-31,US:ZBH:NYQ,US:ZBH,ZBH:NYQ,ZBH,Zimmer Biomet Holdings Inc,NYQ,us,russell3000,Medical Equipment and Services,ft_icb_native,2026-01-31,Health Care,Medical Equipment and Services,ft_native_v2,ft_index_membership_filtered,0.95,high,2026-01-31,https://markets.ft.com/data/equities/tearsheet/summary?s=ZBH:NYQ,2026-01-31T00:00:00+00:00,ft-us-2026-01-31,2026-01-31,,True
2026-01-31,US:ZBIO:NSQ,US:ZBIO,ZBIO:NSQ,ZBIO,Zenas Biopharma Inc,NASDAQ,us,russell3000,Pharmaceuticals and Biotechnology,ft_icb_native,2026-01-31,Health Care,Pharmaceuticals and Biotechnology,ft_native_v2,ft_index_membership_filtered,0.95,high,2026-01-31,https://markets.ft.com/data/equities/tearsheet/summary?s=ZBIO:NSQ,2026-01-31T00:00:00+00:00,ft-us-2026-01-31,2026-01-31,,True
2026-01-31,US:ZBRA:NSQ,US:ZBRA,ZBRA:NSQ,ZBRA,Zebra Technologies Corp,NASDAQ,us,russell3000,Electronic and Electrical Equipment,ft_icb_native,2026-01-31,Technology,Electronic and Electrical Equipment,ft_native_v2,ft_index_membership_filtered,0.95,high,2026-01-31,https://markets.ft.com/data/equities/tearsheet/summary?s=ZBRA:NSQ,2026-01-31T00:00:00+00:00,ft-us-2026-01-31,2026-01-31,,True
2026-01-31,US:ZD:NSQ,US:ZD,ZD:NSQ,ZD,Ziff Davis Inc,NASDAQ,us,russell3000,Technology,ft_icb_native,2026-01-31,Telecommunications,Technology,ft_native_v2,ft_index_membership_filtered,0.95,high,2026-01-31,https://markets.ft.com/data/equities/tearsheet/summary?s=ZD:NSQ,2026-01-31T00:00:00+00:00,ft-us-2026-01-31,2026-01-31,,True
2026-01-31,US:ZETA:NYS,US:ZETA,ZETA:NYS,ZETA,Zeta Global Holdings Corp,NYSE,us,russell3000,Technology,ft_icb_native,2026-01-31,Technology,Technology,ft_native_v2,ft_index_membership_filtered,0.95,high,2026-01-31,https://markets.ft.com/data/equities/tearsheet/summary?s=ZETA:NYS,2026-01-31T00:00:00+00:00,ft-us-2026-01-31,2026-01-31,,True
2026-01-31,US:ZEUS:NSQ,US:ZEUS,ZEUS:NSQ,ZEUS,Olympic Steel Inc,NASDAQ,us,russell3000,Industrial Metals and Mining,ft_icb_native,2026-01-31,Basic Materials,Industrial Metals and Mining,ft_native_v2,ft_index_membership_filtered,0.95,high,2026-01-31,https://markets.ft.com/data/equities/tearsheet/summary?s=ZEUS:NSQ,2026-01-31T00:00:00+00:00,ft-us-2026-01-31,2026-01-31,,True
2026-01-31,US:ZG:NSQ,US:ZG,ZG:NSQ,ZG,Zillow Group,NASDAQ,us,russell3000,Real Estate Investment and Services,ft_icb_native,2026-01-31,Real Estate,Real Estate Investment and Services,ft_native_v2,ft_index_membership_filtered,0.95,high,2026-01-31,https://markets.ft.com/data/equities/tearsheet/summary?s=ZG:NSQ,2026-01-31T00:00:00+00:00,ft-us-2026-01-31,2026-01-31,,True
2026-01-31,US:ZION:NSQ,US:ZION,ZION:NSQ,ZION,Zions Bancorporation NA,NASDAQ,us,russell3000,Banks,ft_icb_native,2026-01-31,Financials,Banks,ft_native_v2,ft_index_membership_filtered,0.95,high,2026-01-31,https://markets.ft.com/data/equities/tearsheet/summary?s=ZION:NSQ,2026-01-31T00:00:00+00:00,ft-us-2026-01-31,2026-01-31,,True
2026-01-31,US:ZIP:NYQ,US:ZIP,ZIP:NYQ,ZIP,Ziprecruiter Inc,NYQ,us,russell3000,Industrial Support Services,ft_icb_native,2026-01-31,Telecommunications,Industrial Support Services,ft_native_v2,ft_index_membership_filtered,0.95,high,2026-01-31,https://markets.ft.com/data/equities/tearsheet/summary?s=ZIP:NYQ,2026-01-31T00:00:00+00:00,ft-us-2026-01-31,2026-01-31,,True
2026-01-31,US:ZM:NSQ,US:ZM,ZM:NSQ,ZM,Zoom Communications Inc,NASDAQ,us,russell3000,Technology,ft_icb_native,2026-01-31,Technology,Technology,ft_native_v2,ft_index_membership_filtered,0.95,high,2026-01-31,https://markets.ft.com/data/equities/tearsheet/summary?s=ZM:NSQ,2026-01-31T00:00:00+00:00,ft-us-2026-01-31,2026-01-31,,True
2026-01-31,US:ZS:NSQ,US:ZS,ZS:NSQ,ZS,Zscaler Inc,NASDAQ,us,russell3000,Technology,ft_icb_native,2026-01-31,Technology,Technology,ft_native_v2,ft_index_membership_filtered,0.95,high,2026-01-31,https://markets.ft.com/data/equities/tearsheet/summary?s=ZS:NSQ,2026-01-31T00:00:00+00:00,ft-us-2026-01-31,2026-01-31,,True
2026-01-31,US:ZTS:NYQ,US:ZTS,ZTS:NYQ,ZTS,Zoetis Inc,NYQ,us,russell3000,Pharmaceuticals and Biotechnology,ft_icb_native,2026-01-31,Health Care,Pharmaceuticals and Biotechnology,ft_native_v2,ft_index_membership_filtered,0.95,high,2026-01-31,https://markets.ft.com/data/equities/tearsheet/summary?s=ZTS:NYQ,2026-01-31T00:00:00+00:00,ft-us-2026-01-31,2026-01-31,,True
2026-01-31,US:ZUMZ:NSQ,US:ZUMZ,ZUMZ:NSQ,ZUMZ,Zumiez Inc,NASDAQ,us,russell3000,Consumer Discretionary,ft_icb_native,2026-01-31,Consumer Discretionary,Consumer Discretionary,ft_native_v2,ft_index_membership_filtered,0.95,high,2026-01-31,https://markets.ft.com/data/equities/tearsheet/summary?s=ZUMZ:NSQ,2026-01-31T00:00:00+00:00,ft-us-2026-01-31,2026-01-31,,True
2026-01-31,US:ZVRA:NSQ,US:ZVRA,ZVRA:NSQ,ZVRA,Zevra Therapeutics Inc,NASDAQ,us,russell3000,Pharmaceuticals and Biotechnology,ft_icb_native,2026-01-31,Health Care,Pharmaceuticals and Biotechnology,ft_native_v2,ft_index_membership_filtered,0.95,high,2026-01-31,https://markets.ft.com/data/equities/tearsheet/summary?s=ZVRA:NSQ,2026-01-31T00:00:00+00:00,ft-us-2026-01-31,2026-01-31,,True
2026-01-31,US:ZWS:NYQ,US:ZWS,ZWS:NYQ,ZWS,Zurn Elkay Water Solutions Corp,NYQ,us,russell3000,Industrial Engineering,ft_icb_native,2026-01-31,Industrials,Industrial Engineering,ft_native_v2,ft_index_membership_filtered,0.95,high,2026-01-31,https://markets.ft.com/data/equities/tearsheet/summary?s=ZWS:NYQ,2026-01-31T00:00:00+00:00,ft-us-2026-01-31,2026-01-31,,True
2026-01-31,US:ZYME:NSQ,US:ZYME,ZYME:NSQ,ZYME,Zymeworks Inc,NASDAQ,us,russell3000,Pharmaceuticals and Biotechnology,ft_icb_native,2026-01-31,Health Care,Pharmaceuticals and Biotechnology,ft_native_v2,ft_index_membership_filtered,0.95,high,2026-01-31,https://markets.ft.com/data/equities/tearsheet/summary?s=ZYME:NSQ,2026-01-31T00:00:00+00:00,ft-us-2026-01-31,2026-01-31,,True
